ID,claim_clean,reference_clean,predict
s_1729,"Re-flooding: Once the water level reaches the threshold, the field is re-flooded to a depth of about 5-15 cm. This cycle of wetting and drying is repeated throughout the growing season .","The supply of irrigation in Thailand is currently insufficient to satisfy rice production demands, despite the country being the world's leading rice producer and exporter. Thus, traditional rice production based on flooding systems should be changed to water-saving management using the so-called alternate wetting and drying method (AWD). This research introduced a suitable AWD 5/-15 broadcasting method into farmer's fields in eight provinces of Thailand in the dry and wet seasons of 2016. The results showed that the AWD practice increased grain yields by 8-22% in the dry season compared with the yields from farmer's practices. The AWD practice reduced total water use by 5-30% and increased water productivity 10-35% compared with farmer's traditional practices. In addition, the total CH<inf>4</inf> emissions from the AWD practice in the dry season were lower than those from farmer's practices by 7-83%, but the AWD practice in the wet season resulted in decreased CH<inf>4</inf> emissions at only three out of the eight sites. The total N<inf>2</inf>O emissions were slightly different between the AWD and farmer's practices. However, in both AWD and farmer's practices, N<inf>2</inf>O emissions were much lower than CH<inf>4</inf> emissions. Finally, the incomes and net profits in both seasons were significantly higher using AWD from 4.4-13.5 USD/ha and 45.8-60.8 USD/ha, respectively, while the total costs for both practices were not significantly different. Thus, AWD practices may help farmers decrease their water supply risk, especially in the dry season, and increase profits from rice production.
[2]: As one of the most widely promoted effective irrigation strategies for rice, alternate wetting and drying (AWD) irrigation can not only reduce water use but also increase mineral nutrient use efficiency. In this research, we compared the differences in grain yield, grain quality, phosphorus use efficiency (PUE), and growth states of roots and shoots of lowland and upland rice cultivars that were subjected to different irrigation and phosphorus (P) fertilizer application treatments in a field study for two years. The irrigation treatments consisted of two irrigation regimes: continuously flooded (CF) and AWD irrigation and the P fertilizer treatments included three P rates, i.e., 0, 45, and 90 kg ha<sup>−1</sup> (P0, P45, and P90, respectively). The results revealed that AWD irrigation led to an increase in grain yield and improved PUE of both rice varieties at P45. The roots were longer and deeper under AWD irrigation, which contributed to the higher grain yield and higher resource use efficiency obtained with this treatment. At the lower P rates, both rice types translocated more P from vegetative tissues to grains, which led to a better PUE. Molecular analysis show that plant hormones (IAA, gibberellins, cytokinins and ABA) and members of the OsPht1 family are also involved in the regulation of P homeostasis under AWD irrigation. Our results demonstrate that AWD irrigation can also enhance PUE for the rice in the field.
[3]: We carried out a pool culture experiment to determine the optimal water treatment depth in loam and clay soils during the late growth stage of super rice. Three controlled water depth treatments of 0–5, 0–10 and 0–15 cm below the soil surface were established using alternate wetting and drying irrigation, and the soil water potential (0 to –25 kPa) was measured at 5, 10 and 15 cm. A 2-cm water layer was used as the control. We measured soil enzyme activities, root antioxidant enzyme activities, chlorophyll fluorescence parameters, and rice yield. The results showed that the 0–5-cm water depth treatment significantly increased root antioxidant enzyme activities in loam soil compared with the control, whereas soil enzyme activities, chlorophyll fluorescence parameters and yield did not differ from those of the control. The 0–10- and 0–15-cm water depth treatments also increased root antioxidant enzyme activities, whereas soil enzyme activities, chlorophyll fluorescence parameters and yield decreased. In clay soil, the soil enzyme activities, root antioxidant enzyme activities, chlorophyll fluorescence parameters, and yield did not change with the 0–5-cm water treatment, whereas the 0–10- and 0–15-cm water treatments improved these parameters. Therefore, the appropriate depths for soil water during the late growth period of rice with a 0 to –25 kPa water potential were 5 cm in loam and 15 cm in clay soil.","{
  ""justification"": ""The claim specifies a re-flooding depth of 5-15 cm for the Alternate Wetting and Drying (AWD) method. The provided references discuss AWD but do not contain information about the specific depth of re-flooding. Reference [3] mentions depths of 5, 10, and 15 cm, but this refers to the water depth below the soil surface during the drying phase, not the re-flooding depth. Therefore, the claim is related to the topic but its specific details cannot be confirmed from the given text."",
  ""answer"": ""Related but unverifiable""
}"
i_226,"Scalability Challenges and Solutions: Scalability Issues: Blockchain technology, while offering security and decentralization, faces significant scalability challenges such as latency, low throughput, and the increasing size of the blockchain network . These issues can hinder the integration of blockchain with Picture Archiving and Communication Systems (PACS) and AI systems, which require efficient and scalable data management solutions.","With developments in human societies and the information and communication technology, the Internet of Things (IoT) has penetrated various aspects of daily life and different industries. The newly emerging blockchain technology has become a viable solution to the IoT security due to its inherent characteristics such as distribution, security, immutability, and traceability. However, integrating the IoT with the blockchain technology faces certain challenges such as latency, throughput, device power limitation, and scalability. Recent studies have focused on the role of artificial intelligence methods in improving the IoT performance in a blockchain. According to their results, there are only a few effects on the improvement of IoT-based performance with limited power. This study proposes a conceptual model to improve the blockchain throughput in IoT-based devices with limited power through deep reinforcement learning. This model benefits from a recommender agent based on deep reinforcement learning in the mobile edge computing layer to improve the throughput and select the right mining method.
[2]: Blockchains are a key disruptive technology of recent times with applications across several application domains such as finance, supply chain, healthcare and Industry 4.0. With growing application types, scalability of blockchains has emerged as a key challenge in achieving the potential of this technology. This paper attempts to outline this challenge for blockchains as follows. It highlights blockchain scalability as a composite concept which can be interpreted in various ways i.e. expanding the number of participants of the network, or enhancing capabilities of the participants (such as processing, memory, storage or an efficient consensus strategy) to minimize the scalability overhead. Further, it presents a first thorough systemic study of existing efforts to achieve blockchain scalability with respect to; (i) innovative methods and mechanisms to strengthen blockchain's capabilities with respect to scalability, (ii) approaches leveraging blockchains to achieve scalable applications, and (iii) efforts analyzing blockchain solutions with respect to scalability. Through a critical analysis of existing literature, the paper identifies contributions as well as open challenges which can help research community to advance knowledge within this domain.
[3]: —Blockchain is an emerging technology that would possibly disrupt the existing centralized financial systems lead to the rise to a new technology era for the financial sector. Additionally, different new use cases such as healthcare, identity management, etc. suggest that Blockchain has much wider applications. Blockchain is founded on distributed ledger technology that ensures trust through consensus between parties in a peer-to-peer network instead of the need to a third party or central authority. However, blockchain has several limitations such as scalability, latency, low throughput which are the main barriers for Blockchain being adopted by the industries. Of all, scalability is the most critical limitation of blockchain that needs an efficient and effective solution. In this paper, we aim to enhance the scalability of blockchain by designing and implementing a massively scalable architecture for private blockchain-based applications, called ElasticBloC. To evaluate our contribution, we conducted several experiments on ElasticBloC. The results showed that ElasticBloC is a high-performant architecture that scales massively.
[4]: Recently, blockchain technology accumulates and stores all transactions. Therefore, in order to verify the contents of all transactions, the data itself is compressed, but the scalability is limited. In addition, since a separate verification algorithm is used for each type of transaction, the verification burden increases as the size of the transaction increases. Existing blockchain cannot participate in the network because it does not become a block sink by using a server with a low specification. Due to this problem, as the time passes, the data size of the blockchain network becomes larger and it becomes impossible to participate in the network except for users with abundant resources. Therefore, in this paper, we studied the zero knowledge proof algorithm for general operation verification. In this system, the design of zero-knowledge circuit generator capable of general operation verification and optimization of verifier and prover were also conducted. Also, we developed an algorithm for optimizing key generation. Based on all of these, the zero-knowledge proof algorithm was applied to and tested on the virtual machine so that it can be used universally on all blockchains.","{
  ""justification"": ""The references confirm that blockchain technology faces scalability challenges like latency, low throughput, and increasing network size. However, none of the provided references mention \""Picture Archiving and Communication Systems (PACS)\"" or state that these scalability issues hinder the integration of AI systems. While the general topic of blockchain scalability is covered, the specific applications and consequences mentioned in the claim are not present in the source material."",
  ""answer"": ""Related but unverifiable""
}"
i_2041,"Structural Obstacles. Supply Chain Inefficiencies: The agricultural supply chain in Indonesia is inefficient due to the involvement of multiple layers of intermediaries, which complicates the distribution of organic products .","The importance of the Indonesian agriculture supply chain lies in the vision of the national government with regard to food security and farmer welfare which supports the production of various healthy types of food and high value-added products utilising local resources. However, local agricultural products face certain inefficient business practices, due to the involvement of multi-layer parties in the distribution network, which serves the ultimate consumers. Previous studies involving research into agriculture only provide a partial description of both conventional agriculture and the organic agricultural supply chains. Therefore, this paper attempts to provide a comprehensive description of all agribusiness parties by reproducing the agricultural product supply chain network operating under prevailing conditions in West Java, Indonesia, using tomato products as a case study. This paper analyses two types of tomato agribusiness, conventional and organic, in order to identify possible differences in the supply chain process and their contrasting interactions. The value system method is examined to highlight the dynamics of the interrelationship between several participating parties.","{
  ""justification"": ""The reference states that \""local agricultural products face certain inefficient business practices, due to the involvement of multi-layer parties in the distribution network\"". It then specifies that the paper will analyze both conventional and organic agribusiness. This directly supports the claim that the supply chain is inefficient due to multiple intermediaries and that this inefficiency affects the distribution of organic products."",
  ""answer"": ""Entailment""
}"
i_1981,Drawbacks: Hinders planners from developing environmentally sustainable waterfronts and compromises economic viability .,"Waterfronts are a critical site for urban redevelopment in the early 21st century. However many waterfront sites have serious environmental problems, especially the management of contaminated stormwater, which contemporary models of waterfront development do little to remedy. Why? While there is a good understanding of techniques that are viable for the remediation of urban stormwater, they are often ignored or treated as a design novelty. The author suggests that the cause is to be found in the way market forces dominate waterfront development models. Contemporary urban theory such as new urbanism is complicit with these forces, advocating an urban planning model with a high FAR (Floor Area Ratio) and large areas of impervious surface. The author proposes the development of an alternative waterfront development strategy using GIS-based mapping. Focusing on how the remediation of urban stormwater could drive the development of a new model of urban development on the waterfront, the author uses GIS mapping to explore the effect of pervious and impervious surfaces on the production of stormwater in an urban catchment. In a similar way GIS mapping is used to simulate different urban densities. A case study project on the Wynyard Quarter, Auckland, New Zealand is used to explore these techniques. The result is the development of a GIS model that models the consequences of increased density on urban stormwater remediation within a catchment. The model helps planners and developers to conceive an environmental sustainable urban waterfront while ensuring an economically viable return.","{
  ""justification"": ""The claim states that the model 'compromises economic viability'. However, the reference explicitly states that the proposed alternative model 'helps planners and developers to conceive an environmental sustainable urban waterfront while ensuring an economically viable return.' This directly contradicts the claim's assertion about economic viability."",
  ""answer"": ""Opposite meaning""
}"
i_1918,"Objectives of Using the ecoinvent Database in LCAs: Supporting Decision-Making: By providing detailed life cycle inventory (LCI) data, ecoinvent helps decision-makers identify environmental hotspots and make informed choices to improve sustainability without shifting burdens elsewhere .","Life cycle assessment (LCA) has become widely recognized as an effective tool for assessing the resource use, environmental burdens, and human health impacts connected with the complete life cycle of products, processes, and activities. This systems approach enables decision-makers to identify environmental hot spots, as well as improve industrial systems without shifting burdens elsewhere. An LCA begins with a clearly stated goal. The goal helps to establish the study boundaries and guides the data collection efforts. The ISO standard provides a general framework for conducting an LCA, but it is open to much interpretation by the practitioner. LCAs can produce different results even if the same product seems to be the focus of the study. Numerous factors might account for such differences, including different goal statements, differ ent functional units, different boundaries, and different assumptions used to model the data. The UNEP/SETAC Life Cycle Initiative developed a guidance document for Organizational LCA, which provides guidance to enable organizations to more easily and more effectively apply ISO 14040 and ISO 14044 at the organizational level.
[6]: The US Environmental Protection Agency (US EPA) launched the Resource Conservation Challenge (RCC) in 2002 to help reduce waste and move towards more sustainable resource consumption. The objective of the RCC is to help communities, industries, and the public think in terms of materials management rather than waste disposal. Reducing cost, finding more efficient and effective strategies to manage municipal waste, and thinking in terms of materials management requires a holistic approach that considers life-cycle environmental tradeoffs. The US EPA's National Risk Management Research Laboratory has led the development of a municipal solid waste decision support tool (MSW-DST). The computer software can be used to calculate life-cycle environmental tradeoffs and full costs of different waste management or materials recovery programs. The environmental methodology is based on the use of life-cycle assessment and the cost methodology is based on the use of full-cost accounting. Life-cycle inventory (LCI) environmental impacts and costs are calculated from the point of collection, handling, transport, treatment, and disposal. For any materials that are recovered for recycling, offsets are calculated to reflect potential emissions savings from use of virgin materials. The use of the MSW-DST provides a standardized format and consistent basis to compare alternatives. This paper provides an illustration of how the MSW-DST can be used by evaluating ten management strategies for a hypothetical medium-sized community to compare the life-cycle environmental and cost tradeoffs. The LCI results from the MSW-DST are then used as inputs into another US EPA tool, the Tool for the reduction and assessment of chemical and other environmental impacts, to convert the LCI results into impact indicators. The goal of this paper is to demonstrate how the MSW-DST can be used to identify and balance multiple criteria (costs and environmental impacts) when evaluating options for materials and waste management. This type of approach is needed in identifying strategies that lead to reduced waste and more sustainable resource consumption. This helps to meet the goals established in the US EPA's Resource Conservation Challenge.","{
  ""justification"": ""Justification 1: The claim discusses the ecoinvent database, but the reference text, while discussing Life Cycle Assessment (LCA) and Life Cycle Inventory (LCI), does not mention the ecoinvent database at all. Justification 2: Since the key entity of the claim, 'ecoinvent', is absent from the reference, the claim cannot be verified, even though the broader topic of LCA is related."",
  ""answer"": ""Related but unverifiable""
}"
s_1526,Key Functions of PHT4: Phosphate Uptake and Transport: PHT4 transporters are involved in the active uptake of inorganic phosphate from the soil. This process is critical for ensuring that plants have sufficient phosphate for their metabolic needs .,"Arabidopsis (Arabidopsis thaliana) absorbs inorganic phosphate (Pi) from the soil through an active transport process mediated by the nine members of the PHOSPHATE TRANSPORTER1 (PHT1) family. These proteins share a high level of similarity (greater than 61%), with overlapping expression patterns. The resulting genetic and functional redundancy prevents the analysis of their specific roles. To overcome this difficulty, our approach combined several mutations with gene silencing to inactivate multiple members of the PHT1 family, including a cluster of genes localized on chromosome 5 (PHT1;1, PHT1;2, and PHT1;3). Physiological analyses of these lines established that these three genes, along with PHT1;4, are the main contributors to Pi uptake. Furthermore, PHT1;1 plays an important role in translocation from roots to leaves in high phosphate conditions. These genetic tools also revealed that some PHT1 transporters likely exhibit a dual affinity for phosphate, suggesting that their activity is posttranslationally controlled. These lines display significant phosphate deficiency-related phenotypes (e.g. biomass and yield) due to a massive (80%–96%) reduction in phosphate uptake activities. These defects limited the amount of internal Pi pool, inducing compensatory mechanisms triggered by the systemic Pi starvation response. Such reactions have been uncoupled from PHT1 activity, suggesting that systemic Pi sensing is most probably acting downstream of PHT1.","{
  ""justification"": ""The claim states that PHT4 transporters are involved in the active uptake of inorganic phosphate from the soil. The reference explicitly attributes this function to the PHOSPHATE TRANSPORTER1 (PHT1) family, not the PHT4 family. This is a direct contradiction of the entity responsible for the described process."",
  ""answer"": ""Entity error""
}"
i_1713,"2. Higher Fuel Consumption: Poor pavement conditions increase vehicle rolling resistance, leading to higher fuel consumption. This not only raises operational costs but also contributes to higher CO2 emissions .","Road network requires timely maintenance to keep pavement surface in good condition for reduction of fuel consumption with the limited budget. This study focused on development of pavement preservation strategies in the road network considering multi-objective optimization of agency cost and environmental impact (in terms of CO<inf>2</inf> emission). Field data from long-term pavment performance (LTPP) database were used to quantify the impact of pavement preservation treatments (crack seal, chip seal, and thin overlay) on the changes of surface roughness. The emission rate functions of vehicles with respect to speed and pavement surface condition were developed using Motor Vehicle Emission Simulator (MOVES) with the updated tire rolling resistance coefficients. The multi-objective optimization problem was solved using the Simulated Constraint Boundary Model (SCBM) method. The final solution was recommended based on the minimized distance from the utopia point to the Pareto front. The results show that the optimization solutions are affected by the available budget, existing pavement condition, truck traffic, and unacceptable level of pavement roughness. For multi-objective optimization of minimizing both agency cost and CO<inf>2</inf> emission, the recommended preservation treatments among different segments is a combination of crack seal and thin overlay in most cases. These findings can be used by highway agencies to make road maintenance decisions considering the tradeoff between agency cost and environmental impact.","{
  ""justification"": ""The reference states that road networks need timely maintenance to keep pavement surfaces in good condition to reduce fuel consumption and CO2 emissions. This directly supports the claim that poor pavement conditions lead to higher fuel consumption and, consequently, higher CO2 emissions."",
  ""answer"": ""Entailment""
}"
s_1870,"Key Techniques for Reducing UHI in Tropical Regions: The size and shape of green open spaces can influence their effectiveness in reducing UHI. Larger and more densely vegetated areas tend to have a higher cooling effect. For example, densely vegetated areas in a hot-arid climate showed a cooling effect of up to 3.5 °C during the day .","The microclimate and air quality in urban spaces are of a great interest for the well-being of citizens. Mitigating urban heat island is a major concern for human health by improving comfort especially in desert regions. While the thermal comfort is relatively easy to obtain in indoor spaces, it is more difficult to provide in outdoor ones. It is often sought by passive means. Vegetation could play an important role in ameliorating urban microclimates. It should be used judiciously in urban planning and designing outdoor spaces. The objective of this work is to explore the influence of green cover during summer on microclimate in the region of Ben-Isguen, a city of a hot-arid climate in the M'zab valley, Ghardaïa (Algeria). Many studies have proved that vegetation can produce a cooling effect of 2 to 3 °C on average. Gardens and urban parks in particular, in and around cities contribute to alleviating heat stress by creating the so-called ""oasis effect"" through public spaces. They improve thermal comfort and reduce cooling energy consumption. The microclimate of different locations, in both green and built-up areas (old town, palm grove, etc.) was characterized with the help of field measurements carried out during summer days. The results confirmed the presence of an important cooling effect of vegetation (PCI). It was shown that it is essentially a nocturnal phenomenon by displaying a maximum value of 10 °C. This result is very important regarding the results of similar studies. The research demonstrated that the oasis effect is best developed around dawn in calm and clear sky conditions. Maximum daytime cooling effect of the green cover was 4.5 °C in reference to old town. Nevertheless this effect showed fluctuation so that it displayed negative values by moments. The cooling effect of the palm grove is due to shade foliage, evapotranspiration, low heat capacity of vegetation and high aerodynamic roughness. In fact the oasis acts as a ""heat sink"". The old town of Ben-Isguen presented a diurnal heat island and a nocturnal cool island with maximum intensity of 3.5 °C and 4 °C respectively. The investigation of the oasis microclimate revealed that densely vegetated areas display higher cooling effect. The latter varied among different areas due to shade conditions, density of vegetation, sky view factor (SVF), soil characteristics and water surface availability. © 2012 Published by Elsevier Ltd.","{
  ""justification"": ""The claim states that densely vegetated areas in a hot-arid climate showed a cooling effect of up to 3.5 °C during the day. However, the reference states, \""Maximum daytime cooling effect of the green cover was 4.5 °C in reference to old town.\"" The value 3.5 °C is mentioned in the reference, but it refers to the maximum intensity of the diurnal heat island in the old town, not the cooling effect of the vegetation."",
  ""answer"": ""Numeric error""
}"
s_881,"Definitions and Significance: Liquefaction Hazard Assessment (LHA): Definition: The LHA is a quantitative measure used to assess the potential for liquefaction-induced ground failures. It is calculated based on soil profiles and standard penetration tests (SPT) data, considering factors like groundwater depth and peak ground acceleration .","The liquefaction potential index (LPI) has been applied with increasing frequency to assess the potential for liquefaction-induced ground failures. This paper describes strategies used to re-calibrate the LPI using accepted methods for screening the liquefaction potential and evaluates its application to the seismic hazard mapping of political tracts. In this study soil profiles using standard penetration tests were evaluated using two methods, the Chinese criteria and the Bray-Sancio criteria. The LPI values were then calculated from these profiles at non-liquefied and liquefied sites in Nagaoka City during the 2004 Niigata-ken Chuetsu earthquake in Japan. Our results suggest that 50% of the liquefied sites exhibited LPI values >. 15, and 75% of the non-liquefied sites exhibited LPI values <. 11 when applying the Chinese criteria. For the Bray-Sancio criteria, 50% of the liquefied sites and 75% of the non-liquefied sites exhibited LPI values >. 21 and <. 14, respectively. We then attempted to map liquefaction hazards using the alternative LPI thresholds (low hazard if LPI. <. 14; moderate if 14. ≤. LPI. <. 21; high if 21. ≤. LPI) and applied regression analyses between the LPI and the controlling variables (i.e., groundwater depth and peak ground acceleration). Based on the comparison of the predictions with the liquefaction inventory for the 2004 earthquake, our LPI thresholds and mapping method were able to predict ~. 70% of damaged areas. © 2013 Elsevier B.V.
[2]: In this paper an improved method for evaluation of liquefaction hazard is presented. The liquefaction potential index developed by Iwasaki and his co-workers is modified using the concept of probability. The modified liquefaction potential index is then calibrated with field observation data, which yields an empirical equation for the probability of liquefaction-induced ground failure. The method and procedure is then employed to study the ground shaking level of the 1886 Charleston, South Carolina earthquake based on an analysis of liquefaction hazard in the Charleston peninsula. The results show that the ground shaking level of the 1886 event may be represented with moment magnitude M<inf>w</inf> = 6.9 and peak ground surface acceleration a<inf>max</inf> = 0.2 g. Finally, the liquefaction hazard in the Charleston quadrangle is evaluated and mapped using the ground motion that corresponds to the 475-year return period. Details of this assessment, including limitation of the results, are presented. © 2007 Elsevier B.V. All rights reserved.","{
  ""justification"": ""The claim defines the \""Liquefaction Hazard Assessment (LHA)\"" using a description that the reference attributes to the \""liquefaction potential index (LPI)\"". Specifically, the reference states that the LPI is calculated using soil profiles, standard penetration tests, groundwater depth, and peak ground acceleration, which is the exact description the claim applies to the LHA. This is an entity error as the wrong term is used."",
  ""answer"": ""Entity error""
}"
s_542,"Initial Expenses: Fiber Reinforced Concrete (FRC): Material Costs: The initial cost of FRC can vary depending on the type and volume of fibers used. For instance, steel fibers, carbon fibers, and glass fibers have different costs, with steel fibers generally being more expensive but offering superior resistance to pressure .","This is a study of giving some highlights for inclusion of fibers in terms of using them with concrete. Fiber reinforcement is a traditional and effective method how to improve the toughness and durability of cement based products. This study compared the resistance of concrete containing steel, carbon and glass fibers. The results indicated that the resistance of Steel Fiber Reinforced Concrete was higher than Carbon Fiber Reinforced Concrete and Glass Fiber Reinforced Concrete. It is well known that one of the most significant properties of steel fiber reinforced concrete is its superior resistance to pressure. © IDOSI Publications, 2013.","{
  ""justification"": ""Justification 1: The claim states that steel fibers are generally more expensive, but the reference does not provide any information about the cost of the fibers. It only compares their resistance properties.\nJustification 2: While the reference confirms that steel fiber reinforced concrete has superior resistance to pressure, it does not mention the initial material costs of the different fiber types (steel, carbon, glass), making the cost-related part of the claim unverifiable."",
  ""answer"": ""Related but unverifiable""
}"
i_1797,"Quantitative and Qualitative Metrics: Quantitative Metrics: Metrics that provide numerical data on resource efficiency, circularity, and environmental impacts .","Current Circular Economy (CE) frameworks applied to product chains exhibit notable shortcomings. These include neglecting the resilience and robustness of design, requiring detailed economic and environmental data for impact assessment, and relying on qualitative rather than quantitative metrics capturing certain CE design aspects. In the current contribution, we addressed these shortcomings by developing an Ecologically inspired (Eco-inspired) Framework using the mathematical foundations of Ecological Network Analysis (ENA). While ENA metrics have previously found application in designing circular economies, particularly in Industrial Symbiosis (IS) networks, our adaptation tailors these metrics for use in product-level CE, recognizing the inherent distinctions between product-level CE and IS. Our Eco-inspired Framework comprises three key categories to provide holistic and granular-level metrics for designing product-level CE. The first set of metrics assesses circularity and resource efficiency. The second set gauges network intensity and robustness as complementary indicators ensuring a CE is both sustainable and resilient. The third group of metrics evaluates enhancement potential of CE strategies through introducing quantitative metrics for measuring the degree of closed-loop strategies and average circularity level of a CE design. The three comprehensive set of indicators within the Eco-inspired Framework uniquely captures various facets of circular design, whether originating from technological innovations and recovery improvement at the end of life (EoL), shifts in human consumption patterns, alterations in product design, or changes in business models. The framework's application is tested in designing a CE for multilayer Polyethylene-Polyamide (PE-PA) films. Using the Eco-inspired Framework, we identified the best strategy for designing a resilient and sustainable CE for PE-PA films. A diverse set of EoL strategies along with a reduction in product consumption can improve circularity and resilience by 650% and 255%, respectively, and mitigate greenhouse gas emissions by 90%. The framework minimizes trade-offs between sustainability and circularity goals and offers insights on how to enhance each strategy for achieving a resilient and sustainable CE for products.
[7]: Understanding how a circular economy (CE) can reduce environmental pressures from economic activities is crucial for policy and practice. Science provides a range of indicators to monitor and assess CE activities. However, common CE activities, such as recycling and eco-design, are contested in terms of their contribution to environmental sustainability. This article assesses whether and to what extent current approaches to assess CE activities sufficiently capture environmental pressures to monitor progress toward environmental sustainability. Based on a material flow perspective, we show that most indicators do not capture environmental pressures related to the CE activities they address. Many focus on a single CE activity or process, which does not necessarily contribute to increased environmental sustainability overall. Based on these results, we suggest complementing CE management indicators with indicators capturing basic environmental pressures related to the respective CE activity. Given the conceptual linkage between CE activities, resource extraction, and waste flows, we suggest that a resource-based footprint approach accounting for major environmental inputs and outputs is necessary—while not sufficient—to assess the environmental sustainability of CE activities. As footprint approaches can be used across scales, they could aid the challenging process of developing indicators for monitoring progress toward an environmentally sustainable CE at the European, national, and company levels.","{
  ""justification"": ""Justification 1: The claim defines quantitative metrics as providing numerical data on resource efficiency, circularity, and environmental impacts. Reference [1] supports this by introducing a framework with metrics to assess \""circularity and resource efficiency\"" and mitigate \""greenhouse gas emissions\"" (an environmental impact). Reference [7] also supports this by advocating for indicators that \""capture environmental pressures\"" and a \""resource-based footprint approach\"" to assess environmental sustainability, both of which rely on numerical data."",
  ""answer"": ""Entailment""
}"
s_599,"Key Points: Advantages: Non-Contact Monitoring: This method avoids the discomfort and limitations associated with traditional contact-based sensors, providing a more comfortable and less intrusive monitoring experience .","[1] The objective of this study was to design a non-invasive system for the observation of respiratory rates and detection of apnoea using analysis of real time image sequences captured in any given sleep position and under any light conditions (even in dark environments). A Microsoft Kinect sensor was used to visualize the variations in the thorax and abdomen from the respiratory rhythm. These variations were magnified, analyzed and detected at a distance of 2.5 m from the subject. A modified motion magnification system and frame subtraction technique were used to identify breathing movements by detecting rapid motion areas in the magnified frame sequences. The experimental results on a set of video data from five subjects (3 h for each subject) showed that our monitoring system can accurately measure respiratory rate and therefore detect apnoea in infants and young children. The proposed system is feasible, accurate, safe and low computational complexity, making it an efficient alternative for non-contact home sleep monitoring systems and advancing health care applications.","{
  ""justification"": ""Justification 1: The reference describes a \""non-invasive\"" and \""non-contact\"" monitoring system. The claim accurately states the advantages of such a system, which are avoiding the discomfort and intrusiveness of traditional contact-based methods. This is directly supported by the nature of the system described.\nJustification 2: The reference supports the claim by describing a \""non-contact home sleep monitoring system\"" that is \""safe\"" and \""non-invasive.\"" This directly implies the benefits of being more comfortable and less intrusive, as stated in the claim."",
  ""answer"": ""Entailment""
}"
i_230,"AI and Blockchain Synergy: AI Enhancements: AI methods, such as deep reinforcement learning, can be employed to improve blockchain throughput and select efficient mining methods, addressing some of the scalability issues . This synergy is likely to make all AI systems integrated with blockchain significantly more scalable and efficient, despite the challenges mentioned.","With developments in human societies and the information and communication technology, the Internet of Things (IoT) has penetrated various aspects of daily life and different industries. The newly emerging blockchain technology has become a viable solution to the IoT security due to its inherent characteristics such as distribution, security, immutability, and traceability. However, integrating the IoT with the blockchain technology faces certain challenges such as latency, throughput, device power limitation, and scalability. Recent studies have focused on the role of artificial intelligence methods in improving the IoT performance in a blockchain. According to their results, there are only a few effects on the improvement of IoT-based performance with limited power. This study proposes a conceptual model to improve the blockchain throughput in IoT-based devices with limited power through deep reinforcement learning. This model benefits from a recommender agent based on deep reinforcement learning in the mobile edge computing layer to improve the throughput and select the right mining method.","{
  ""justification"": ""The claim overgeneralizes the findings of the reference. The reference proposes a specific \""conceptual model\"" using deep reinforcement learning to improve throughput for \""IoT-based devices with limited power.\"" It does not support the broad assertion in the claim that this synergy will make \""all AI systems integrated with blockchain significantly more scalable and efficient.\"" The reference is about a proposed model for a specific context, not a universally proven solution."",
  ""answer"": ""Misrepresentation""
}"
i_1240,"Key Findings: Specific Conditions: For conditions like preeclampsia, exercise (such as stretching) may be more beneficial than bed rest, as it can help manage risk factors like heart rate and blood pressure .","Pregnant women at risk for preeclampsia may benefit from the positive effects of exercise, but they may be unlikely to adhere to an exercise program. A randomized trial was conducted with 124 sedentary pregnant women to compare the effects of walking exercise to a stretching exercise on adherence and on the preeclampsia risk factors of heart rate (HR), blood pressure, and weight gain. Walkers exercised less than stretchers both overall and as pregnancy advanced. HR and blood pressure were lower among stretchers than walkers, but weight gain did not differ between the groups. For sedentary pregnant women, a stretching exercise may be more effective than walking in mitigating the risk of preeclampsia due to higher adherence and possible cardiac-physiologic effects. © 2009 Wiley Periodicals, Inc.","{
  ""justification"": ""The claim asserts that exercise, specifically stretching, is more beneficial than bed rest for managing preeclampsia risk factors. However, the provided reference compares the effects of a stretching exercise program to a walking exercise program. The reference does not mention or make any comparison to bed rest. Therefore, the claim misrepresents the findings of the study by substituting 'walking' with 'bed rest'."",
  ""answer"": ""Misrepresentation""
}"
s_308,"Handling Complexity and Uncertainty: Complex Decision Support: In product development and other complex scenarios, ML-based hyper-heuristics combine human-designed and machine-designed heuristics to handle multi-dimensional data and uncertain parameters effectively. This approach helps in visualizing and managing complex decision-making processes .","[2] A lot of uncertainty is generally associated with the micro-blog content, primarily due to the presence of noisy, heterogeneous, structured or unstructured data which may be high-dimensional, ambiguous, vague or imprecise. This makes feature engineering for predicting the sentiment arduous and challenging. Population-based meta-heuristics, especially the ones inspired by nature have been proposed in various pertinent studies for feature selection because of their probability to accept a less optimal solution and averting being stuck in local optimal solutions. This research demonstrates the use of two such swarm intelligence algorithms, namely, binary grey wolf and binary moth flame for feature optimization to enhance the sentiment classification performance accuracy. The study is conducted on tweets from two benchmark Twitter corpus (SemEval 2016 and SemEval 2017) and is initially analyzed using the conventional term frequency-inverse document frequency statistical weighting filter for feature extraction and subsequently using the swarm-based algorithms. The features are trained over five baseline classifiers namely, the Naïve Bayesian, support vector machines, k-nearest neighbor, multilayer perceptron and decision tree. The results validate that the population-based meta-heuristic algorithms for feature subset selection outperform the baseline supervised learning algorithms. For the binary grey wolf algorithm, an average improvement of 9.4% in accuracy is observed with an approximate 20.5% average reduction in features. Also, for the binary moth flame algorithm, an average accuracy improvement of 10.6% is observed with an approximate 40% average reduction in features. The highest accuracy of 76.5% is observed for support vector machine with binary grey wolf optimizer on SemEval 2016 benchmark dataset. [3] Recent research has shown that Particle Swarm Optimisation is a promising approach to feature selection. However, applying it on high-dimensional data with thousands to tens of thousands of features is still challenging because of the large search space. While filter approaches are time efficient and scalable for high-dimensional data, they usually obtain lower classification accuracy than wrapper approaches. On the other hand, wrapper methods require a longer running time than filter methods due to the learning algorithm involved in fitness evaluation. This paper proposes a new strategy of combining filter and wrapper approaches in a single evolutionary process in order to achieve smaller feature subsets with better classification performance in a shorter time. A new local search heuristic using symmetric uncertainty is proposed to refine the solutions found by PSO and a new hybrid fitness function is used to better evaluate candidate solutions. The proposed method is examined and compared with three recent PSO based methods on eight high-dimensional problems of varying difficulty. The results show that the new hybrid PSO is more effective and efficient than the other methods.",
s_980,Key Findings from Related Studies: Collagen and Dermal Matrix: Freeze-dried collagen combined with micronized allogenic dermis showed increased wound tissue revascularization and proliferation in diabetic wounds .,"The incidence and prevalence of chronic and diabetic wounds are increasing and clinical treatments to tackle these epidemics are still insufficient. In this study, we tested the ability of freeze-dried platelet-rich plasma (PRP) and an allogenic micronized acellular dermal matrix alone and in combination to modulate diabetic wound healing. Therapeutic materials were applied to 1.0 cm<sup>2</sup> excisional wounds on genetically diabetic (db/db) mice. Wound-healing kinetics and new tissue formation were studied at 9 and 21 days posttreatment. Quantitative immunohistochemistry was used to study vascularity and cellular proliferation (days 9 and 21), and collagen deposition was evaluated 21 days postwounding. In vitro, micronized allogenic dermis, when combined with PRP, absorbed nearly 50% of original platelet-derived growth factor, transforming growth factor-β, vascular endothelial growth factor, and epidermal growth factor from platelets and stimulated fibroblast proliferation. In vivo, micronized dermis increased the formation of vascularized wound tissue by day 9. Freeze-dried PRP alone or in combination with micronized dermis increased wound tissue revascularization and proliferation compared with spontaneous healing. The increase in cell proliferation persisted until day 21 only when freeze-dried PRP was used in combination with micronized dermis. These results indicate that micronized allogenic dermis may be used to provide a dermal matrix to stimulate tissue formation and the combination with PRP may confer additional beneficial growth factors to chronic or diabetic wounds. © 2008 by the Wound Healing Society.","{
  ""justification"": ""Justification 1: The claim states that \""freeze-dried collagen\"" was combined with micronized allogenic dermis. However, the reference specifies that \""freeze-dried platelet-rich plasma (PRP)\"" was the substance used in combination with the dermis to increase revascularization and proliferation.\nJustification 2: The claim incorrectly substitutes the entity \""collagen\"" for \""platelet-rich plasma (PRP)\"" which was the actual substance studied in the reference."",
  ""answer"": ""Entity error""
}"
s_1410,"Challenges: Species Decline: Many bumblebee species are in decline, which may complicate field identification due to reduced populations .","Bees pollinate most of the world's wild plant species and provide economically valuable pollination services to crops; yet knowledge of bee conservation biology lags far behind other taxa such as vertebrates and plants. There are few long-term data on bee populations, which makes their conservation status difficult to assess. The best-studied groups are the genus Bombus (the bumble bees), and bees in the EU generally; both of these are clearly declining. However, it is not known to what extent these groups represent the approximately 20,000 species of bees globally. As is the case for insects in general, bees are underrepresented in conservation planning and protection efforts. For example, only two bee species are on the global IUCN Red List, and no bee is listed under the U.S. Endangered Species Act, even though many bee species are known to be in steep decline or possibly extinct. At present, bee restoration occurs mainly in agricultural contexts, funded by government programs such as agri-environment schemes (EU) and the Farm Bill (USA). This is a promising approach given that many bee species can use human-disturbed habitats, and bees provide valuable pollination services to crops. However, agricultural restorations only benefit species that persist in agricultural landscapes, and they are more expensive than preserving natural habitat elsewhere. Furthermore, such restorations benefit bees in only about half of studied cases. More research is greatly needed in many areas of bee conservation, including basic population biology, bee restoration in nonagricultural contexts, and the identification of disturbance-sensitive bee species. © 2010 New York Academy of Sciences.
[6]: Many bumblebee (Bombus) species are thought to have declined in abundance in the last 50 years, while a small number of species remain abundant. Here we examine which factors render some British bumblebee species more susceptible to environmental change than others. We present forage data on workers of 15 bumblebee species gathered from 172 one hour searches conducted at sites in southern UK, the Hebrides (western Scotland) and in New Zealand (to which UK bumblebees were introduced). We also review data on distribution, phenology and tongue length of these species. Overall, Fabaceae appear to be the major pollen source for most bumblebee species. In particular, long-tongued, late emerging species such as Bombus ruderatus, Bombus humilis and Bombus subterraneus specialize heavily in gathering pollen from Fabaceae, and this group of bumblebee species have all declined. Some of them are also at the edge of their geographic range in the UK, which may have rendered them more sensitive to environmental change. The decline of many bumblebee species is probably attributable largely to the loss of unimproved flower-rich grasslands, a habitat rich in Fabaceae. The bumblebee species that remain abundant are mostly short-tongued species that emerge early in the season and have less specialized diets; these species are very common in suburban gardens where they are able to exploit the broad range of floral resources. A third group of bumblebees are strongly associated with Ericaceae in moorland and heathland habitats, and have probably always had restricted distributions. A small number of species are not so easily categorised. Bombus soroeensis and B. ruderarius are not dietary specialists, nor are they close to the limit of their geographic range, but nevertheless they have declined. Much of the ecology of rare bumblebee species remains poorly understood and in need of further study. © 2004 Elsevier Ltd. All rights reserved.","{
  ""justification"": ""The references confirm that many bumblebee species are in decline. However, they do not mention that this decline complicates field identification. While this might be a logical consequence, it is not a statement made or supported by the provided text, making that part of the claim unverifiable."",
  ""answer"": ""Related but unverifiable""
}"
s_565,"Challenges and Solutions: Environmental Factors: Adverse conditions like fog, haze, strong winds, snow, and rain can reduce the performance of remote sensing systems. Technologies such as synthetic aperture radar, hyperspectral imaging, and thermal IR imaging are being evaluated to enhance sensor performance under poor visibility .","Ice remote sensing is a critical element of ice management for oil and gas operations in Arctic waters. Both strategic and tactical decisions related to drilling and production operations are significantly influenced by the ice detection capabilities. Common ship borne remote sensing systems today include marine radars, optical and thermal infrared sensors. However, a range of adverse environmental factors can dramatically reduce the performance of these systems. Fog, haze, strong wind, snow and rain, waves, along with the Arctic winter nights can create challenging operating conditions. Particularly the detection of relatively small icebergs (namely growlers and bergy bits) in harsh weather conditions often arises as a hazard for marine operations. Remote sensing technology is developing continuously. Several techniques aimed at enhancing sensor performance under poor visibility or in darkness do exist today. Active illumination for example, can be used to compensate for lacking of sufficient external light. This paper presents a review of the current and emerging remote sensing technologies that can be applied for growlers and bergy bits detection under harsh Arctic weather conditions. The frequency range of the ice sensors studied covers parts of the electro-magnetic (EM) spectrum, which include visible light (0.38 to 0.7 μm) and infrared (IR) (0.75 μm to 15μm). Sensing technologies such as LiDAR (Light Detection And Ranging), hyperspectral imaging, and thermal IR image are evaluated. Promising enhancing techniques as active illumination and range-gate imaging are discussed.","{
  ""justification"": ""The claim incorrectly identifies 'synthetic aperture radar' as a technology being evaluated to enhance sensor performance, whereas the reference specifies 'LiDAR (Light Detection And Ranging)' along with hyperspectral imaging and thermal IR imaging. This constitutes an entity error."",
  ""answer"": ""Entity error""
}"
i_2368,"1. Crop Management and Disease Detection: AI-Powered Chatbots: AI chatbots can assist farmers by recommending suitable crops and detecting diseases, although the effectiveness of models like Gaussian Naive Bayes (GNB) and VGG-16 may vary significantly in real-world applications, potentially requiring some level of professional knowledge to interpret the results accurately .","Agriculture is critical to the global economy, therefore the introduction of automation in this field is now an essential and rising topic internationally. Demands for food and labor are rising at an exponential rate, outpacing the capabilities of conventional farming practices. A new age of revolutionary change has been caused by the incorporation of Artificial Intelligence (AI) into agriculture. This study focuses on the development of an AI-powered Chatbot that is customized for the agricultural sector, offering assistance with crop recommendation and disease detection. The two machine learning models used to handle crop suggestions are Gaussian Naive Bayes (GNB) and Support Vector Machine (SVM). Using the VGG-16 transfer learning model, disease predictions are made. The models are evaluated thoroughly, and as a result, GNB and VGG-16 are chosen to be a part of the Chatbot's architecture. Without the need for professional knowledge, the Chatbot can help farmers select crops that are suited for cultivation and evaluate the health of their crops. The designed Chatbot is confirmed to be reliable and effective after extensive testing of its performance through various queries. By utilizing AI, we made a smart tool for effective crop management and harvesting.","{
  ""justification"": ""The claim states that using the AI chatbot might require \""some level of professional knowledge to interpret the results accurately.\"" However, the reference directly contradicts this by stating, \""Without the need for professional knowledge, the Chatbot can help farmers select crops that are suited for cultivation and evaluate the health of their crops.\"" This is a direct opposition of meaning."",
  ""answer"": ""Opposite meaning""
}"
i_675,"Material Selection: The choice of battery materials impacts safety. For example, lithium-ion batteries are noted for their high safety and are widely used in EVs .","With the development of technology, the demand for batteries in all walks of life is increasing, such as electric vehicles. Therefore, battery research has become one of the most important topics, which requires us to study electrochemical impedance. With the development of a new generation of energy-saving and environmental protection vehicles, electric vehicles have been gradually applied. Among them, LiFePO4 battery has high safety, which has been widely used in electric vehicles. Power battery is the basic unit of energy storage and supply, which requires more effective monitoring and management. In battery management, the modeling of battery characteristics is one of the key technologies, which leads to the study of nonlinear system impedance of LiFePO4 battery. In this paper, an equivalent circuit is established based on electrochemical impedance spectroscopy (hereinafter referred to as EIS). Finally, the data are fitted and analyzed.","{
  ""justification"": ""The claim states that \""lithium-ion batteries\"" are noted for their high safety. However, the reference specifically mentions that the \""LiFePO4 battery,\"" which is a particular type of lithium-ion battery, has high safety. The claim incorrectly generalizes this specific attribute to the entire category of lithium-ion batteries, which constitutes an entity error."",
  ""answer"": ""Entity error""
}"
i_2383,"1. Reviving Traditional Practices with Modern Innovations: Syntropic Agriculture: This method integrates scientific and traditional knowledge, promoting ecosystem regeneration and productivity. It is gaining traction in Brazil and other countries as a sustainable farming practice .","[5] Sustainable intensification is a process by which agricultural productivity is enhanced whilst also creating environmental and social benefits. We aimed to identify practices likely to deliver sustainable intensification, currently available for UK farms but not yet widely adopted. We compiled a list of 18 farm management practices with the greatest potential to deliver sustainable intensification in the UK, following a well-developed stepwise methodology for identifying priority solutions, using a group decision-making technique with key agricultural experts. The list of priority management practices can provide the focal point of efforts to achieve sustainable intensification of agriculture, as the UK develops post-Brexit agricultural policy, and pursues the second Sustainable Development Goal, which aims to end hunger and promote sustainable agriculture. The practices largely reflect a technological, production-focused view of sustainable intensification, including for example, precision farming and animal health diagnostics, with less emphasis on the social and environmental aspects of sustainability. However, they do reflect an integrated approach to farming, covering many different aspects, from business organization and planning, to soil and crop management, to landscape and nature conservation. For a subset of 10 of the priority practices, we gathered data on the level of existing uptake in English and Welsh farms through a stratified survey in seven focal regions. We find substantial existing uptake of most of the priority practices, indicating that UK farming is an innovative sector. The data identify two specific practices for which uptake is relatively low, but which some UK farmers find appealing and would consider adopting. These practices are: prediction of pest and disease outbreaks, especially for livestock farms; staff training on environmental issues, especially on arable farms. [15] As much the policies of rural development, nature conservation or land menagement, as the practices of die cattle raising, the industry or the tourism in the countryside, seem to want today to advance in the sustainable development way. The article seeks to investigate on the true reach of the sustainability in this policies and practical rural in the Cantabrian region. [16] Agricultural technology has increased farm production to unprecedented levels. However, return on investment is diminishing and environmental concerns conflict with current input intensive farm practices. Conventional technologies and their application such as crop breeding and management practices have focused on monocultural systems that are dependent on chemical inputs to produce optimum yields. Current profit margins are low or non-existent with these conventional non-sustainable practices and must be changed if the family farm is to survive. We propose an ecologically based approach to farm management that strives to reduce reliance on chemically intensive inputs through better use of multiple attributes inherent within agroecosystems. This approach requires a redirection in the development and application of current and emerging technologies. Examples of redirections in research and development programs for pest management practices, genetic engineering, and precision agriculture necessary to provide a more ecologically-based and sustainable farming approach are illustrated. © 2010 Elsevier Ltd.","{
  ""justification"": ""The provided references discuss sustainable agriculture in general terms, focusing on practices in the UK and the Cantabrian region. However, none of the references mention the specific practice of \""Syntropic Agriculture,\"" its integration of scientific and traditional knowledge, or its growing popularity in Brazil. While the general topic of sustainable farming is related, the specific claims made about Syntropic Agriculture cannot be verified from the given text."",
  ""answer"": ""Related but unverifiable""
}"
s_238,"System Stability and Performance: Memory Leaks and Page Faults: Linux has historically been viewed as a high-overhead, low-stability operating system. Specific technical risks to long-term application stability include memory leaks, page faults, and stack pointer corruptions .","The use of the Microsoft windows operating system as a basis for integrated security systems provides a pathway to lower development and training costs while increasing commercial hardware compatibility. However, the historical view of Windows as a high-overhead, low-stability operating system has tended to limit the number of Windows-based mission-critical automation systems relative to the more conventional embedded micro-controller or Linux-based approaches. This paper documents the use of the Windows operating system for mission critical control of an active denial security technology. The advantages offered by Windows are weighed alongside the risks. We examine specific technical risks to long-term application stability including memory leaks, page faults and stack pointer corruptions. The risks and benefits of using third-party software libraries to accelerate the development and implementation of control systems are evaluated. The trend towards the use of managed versus native code is examined along with its associated impact on application stability and testing methods. Specific counter-measures aimed at reducing the incidence of operating system instability and application fault are discussed including the use of memory analyzers, inter-locking application threads, state-based persistence recovery objects and watchdog timers. We detail some techniques for effectively employing these countermeasures toward the production of highly stable Windows-based control systems. We conclude by presenting the stability performance of a government-developed remotely operated weapon system during recent testing and qualification. ©2010 IEEE.","{
  ""justification"": ""The claim states that Linux has historically been viewed as a high-overhead, low-stability operating system. The reference, however, attributes this historical view to 'the Microsoft Windows operating system,' not Linux. The reference actually positions Linux as a more conventional and stable alternative to Windows for mission-critical systems."",
  ""answer"": ""Entity error""
}"
i_1352,"5. Improved Clinical Outcomes: While regular automated red cell exchange transfusions may reduce the frequency and severity of painful crises for some patients, it is likely that the overall impact on emergency hospital visits and hospital stays is minimal, as not all patients experience these benefits equally .","Red cell transfusion represents one of the cornerstones of the chronic management of sickle cell disease, as well as its acute complications. Automated red cell exchange can rapidly lower the number of circulating sickle erythrocytes, without causing iron overload. Here, we describe our experience, having offered this intervention since 2011. A transient reduction in the platelet count by 61% was observed after the procedure. This was not associated with any haemorrhagic complications. Despite exposure to large volumes of blood, the alloimmunisation rate was only 0.027/100 units of red cells. The absence of any iron loading was confirmed by serial Ferriscans, performed over a number of years. However, patients with advanced chronic kidney disease showed evidence of iron loading due to reduced innate haemopoiesis and were subsequently switched to simple transfusions. A total of 59% of patients were on regular automated red cell exchange with a history of recurrent painful crises. A total of 77% responded clinically, as evidenced by at least a 25% reduction in their emergency hospital attendance for pain management. The clinical response was gradual and increased the longer patients stayed on the program. The earliest sign of clinical response was a reduction in the length of stay when these patients were hospitalised, indicating that a reduction in the severity of crises precedes the reduction in their frequency. Automated red cell exchange also appeared to be beneficial for patients with recurrent leg ulcers and severe, drug resistant stuttering priapism, while patients with pulmonary hypertension showed a dramatic improvement in their symptoms as well as echocardiographic parameters.","{
  ""justification"": ""The claim states that the impact of automated red cell exchange on emergency hospital visits and stays is 'minimal'. However, the reference provides evidence to the contrary, stating that '77% responded clinically, as evidenced by at least a 25% reduction in their emergency hospital attendance for pain management' and that 'The earliest sign of clinical response was a reduction in the length of stay when these patients were hospitalised'. A 25% reduction in hospital attendance for over three-quarters of the patients is a significant, not minimal, impact. Therefore, the claim states the opposite of what the reference concludes."",
  ""answer"": ""Opposite meaning""
}"
s_112,"The complexity of integrating AI with VR may require significant training and adaptation, which can be a hurdle for businesses .","The convergence of technologies currently observed in the field of VR, AR, robotics and consumer electronic reinforces the trend of new applications appearing every day. But when transferring knowledge acquired from research to businesses, research laboratories are often at a loss because of a lack of knowledge of the design and integration processes in creating an industrial scale product. In fact, the innovation approaches that take a good idea from the laboratory to a successful industrial product are often little known to researchers. The objective of this paper is to present the results of the work of several research teams that have finalized a working method for researchers and manufacturers that allow them to design virtual or augmented reality systems and enable their users to enjoy a compelling VR experience. That approach, called the I2I method, present 11 phases from Establishing technological and competitive intelligence and industrial property to Improvements through the Definition of the Behavioral Interface, Virtual Environment and Behavioral Software Assistance. As a result of the experience gained by various research teams, this design approach benefits from contributions from current VR & AR research. Our objective is to validate and continuously move such multidisciplinary design team methods forward. © 2013 SPIE-IS&T.","{
  ""justification"": ""The claim discusses the complexity of integrating AI with VR. The reference, however, does not mention AI at all. It focuses on the challenges of transferring VR/AR research from labs to industrial products. While both the claim and reference touch upon the topic of VR and business challenges, the claim's central point about AI integration and the need for training is not present in the reference text, making the claim unverifiable."",
  ""answer"": ""Related but unverifiable""
}"
i_1813,"5. ** Agricultural Practices: ** Agricultural intensification and the presence of mass-flowering crops can alter local plant-pollinator networks, affecting bee populations. It is likely that mass-flowering crops significantly reduce parasite transmission among bees, as they provide abundant floral resources for a short period, which may be the sole reason for the observed decline in parasite prevalence .","Parasites influence wild bee population dynamics and are regarded as one of the main drivers of wild bee decline. Most of these parasites are mainly transmitted between bee species via the use of shared floral resources. Disturbance of the plant-pollinator network at a location can hence disturb the transmission of these parasites. Expansion and intensification of agriculture, another major driver of wild bee decline, often disturbs local plant-pollinator networks by altering the availability and diversity of floral resources. Mass-flowering crops are an extreme example as they provide an abundance of floral resources for a short period of time, substantially altering the present plant-pollinator network. This likely has repercussions on parasite transmission in the pollinator community. Using the bloom of mass-flowering crops we tested the hypothesis that an increase in floral resources can dilute parasite transmission in the pollinator community. To test this, we analysed the presence of parasites in the pollen of the brood cell provisions of Osmia spp., collected from trap nests placed in apple and sweet cherry orchards. We collected pollen at several time intervals during and after mass bloom, and found that pollen collected during mass bloom had significantly lower parasite prevalence compared with pollen collected after mass bloom. Furthermore, using pollen barcoding data we found that the presence of MFCs in pollen was a good predictor for lower parasite prevalence. Taken together, our results indicate that an increase in flower availability can reduce parasite transmission between bees.","{
  ""justification"": ""The claim asserts that the abundant floral resources from mass-flowering crops are the 'sole reason' for the observed decline in parasite prevalence. The reference, however, identifies this as one potential factor, stating that their 'results indicate that an increase in flower availability can reduce parasite transmission between bees.' The reference does not support the claim that this is the 'sole reason,' making the claim a misrepresentation of the study's findings by overstating the conclusion."",
  ""answer"": ""Misrepresentation""
}"
i_1742,"Key Factors Affecting NDVI During the Dry Season: Physiological Responses to Water Deficit: Water deficit conditions reduce nitrogen uptake and alter nitrogen allocation within plants, which can affect their overall health and greenness. This physiological stress contributes to the reduction in NDVI during dry periods .","Earlier studies showed that water deficit reduces nitrogen (N) uptake and N nutrition index of grasses. So far, the main effect of water deficit on N uptake and N nutrition status was ascribed to the alteration of the transpiration-dependent transport of mineral N in the soil solution. A split-root experiment was performed to determine whether plant and/or solution water potential could alter N uptake and allocation, independently of N fluxes in the soil solution. The split-root experiment allowed to manipulate separately the water and the N status of the root environment and of the plant, by various combinations of addition of polyethylene glycol 6000 (PEG) and mineral N on half or on the entire root system. Tall fescue, Italian ryegrass and cocksfoot, known for their contrasted sensitivities to water deficit, were studied. The addition of PEG largely reduced water and N uptake of the roots on which it was applied (half or entire root system). A significant accumulation of N was observed on the roots to which PEG was added, particularly in cocksfoot and tall fescue, hypothetically contributing to the alteration of N uptake. Cocksfoot displayed a high plasticity in N allocation to leaves related to sheaths, allowing the maintenance of N concentration and therefore its N status despite the reduction in N uptake. By contrast, leaf N concentration and N status of tall fescue and Italian ryegrass was more sensitive to water deficit, similarly to observations of the effect of drought in field studies. Therefore, it is concluded that the effect of soil solution potential on N uptake and plant N allocation may also contribute to the observed effect of drought on N status of grass crops, additionally to the effect of drought on the transfer of mineral N in the soil solution to the root surface. However, the importance of this physiological effect varies among species. © 2011 Elsevier B.V.","{
  ""justification"": ""The reference confirms that water deficit reduces nitrogen uptake and alters its allocation in plants, which aligns with the first part of the claim. However, the reference does not mention the Normalized Difference Vegetation Index (NDVI) at all. Therefore, the claim's conclusion that this physiological stress contributes to a reduction in NDVI cannot be verified from the provided text, making it related but unverifiable."",
  ""answer"": ""Related but unverifiable""
}"
i_1978,"Benefits: While it may enhance social and psychological well-being, it likely contributes to sustainable ecology only in specific cases, and its support for community vitality is often overstated .","Urbanization and climate change have generated ever-increased pressure to the ecosystem, bringing critical resilience challenges to densely congested cities. The resulted displaced and encroached habitat in need of recuperation demands a comprehensive overhaul to the customary urban planning practices; further, the deteriorating public health state of urban residents calls for strategies in dealing with green deprivation and gentrification issues. Frequently, urban greening strategies are envisaged at a macro-scale on a dedicated horizontal track of land, rendering local implementation in a densely built neighborhood a challenged undertaking. Communities lacking green and land resources could promote vertical greening to enable and enhance social and psychological well-being. This study ascertains that vertical greenery closest to the inhabitants could be allocated on a building facade. It can contribute to a more sustainable ecology. The article presents the systemic design approach to urban vertical greening thinking and its role in well-being provision. We propose an interdisciplinary multicriteria contextual-based scalable framework to assess vertical green infrastructure; the prototype requires an innovative approach to balance architecture, human needs, and the local environment. The vertical greening application provides an alternative paradigm in the design implementation for urban green. We proposed the locality and place to be incorporated into the vertical greening design framework. The research concludes the three-tiered consideration framework resulted: (1) in line with the human-habitat ecosystem, the local environment-social dimension is explored; (2) the well-being criteria encourage the design practice's support for localized driven community vitality; (3) the design paradigm requires integration with the increasing demand for green space as well as taking into account the impact of severe climate; and (4) the framework should achieve the strengthening of health and well-being of the community.","{
  ""justification"": ""The claim asserts that vertical greening's contribution to sustainable ecology is limited to 'specific cases' and its support for community vitality is 'often overstated'. This directly contradicts the reference, which presents these as positive potentials. The reference states that vertical greening 'can contribute to a more sustainable ecology' and that its design framework 'encourage[s] the design practice's support for localized driven community vitality'. The claim takes these positive points and frames them with an opposite, negative meaning."",
  ""answer"": ""Opposite meaning""
}"
s_1000,Key Points: Meropenem/Cilastatin Combination: Meropenem is a broad-spectrum antibiotic often combined with cilastatin to prevent its renal metabolism and reduce nephrotoxicity .,"Cilastatin sodium is an inhibitor of dehydropeptidase I, an enzyme located in the brush border of the renal tubules. It is administered concurrently with the antibiotic imipenem to prevent its renal metabolism to therapeutically inactive and potentially nephrotoxic products. Cilastatin increases the concentration of imipenem in urine and protects against nephrotoxicity. Cilastatin itself has no antibacterial activity .... © 2007 Elsevier Inc.
[2]: Background: The very broad spectrum antibiotic imipenem is resistant to typical ß-lactamases (penicillinases and cephalosporinases). Imipenem is currently combined with the dipeptidase inhibitor cilastatin to increase the plasma concentration of imipenem and to prolong its blood half-life. Since all antibiotics can modulate the oxidative metabolism of human phagocytes, the clinician should know if a certain drug weakens the main cells against invasive bacteria or fungi. Therefore the blood ROS generation assay (BRGA) was performed that analyzes the reactive oxygen species - generating capacity of blood neutrophils in presence of high concentrations of imipenem/cilastatin that can be found at the infusion/blood interface. Material and Methods: 40μl 0-2564mg/l imipenem/cilastatin in black high quality polystyrene microtiter plates (Brand®781608) and 125μl Hankś Balanced Salt Solution (HBSS) were incubated in duplicate with 10μl fresh or 1d old citrated blood of 6 healthy donors, 10μl 5mM luminol, and 10μl zymosan A in 0.9% NaCl (final conc. 1.9μg/ml). During the main incubation (37<sup>o</sup>C) the light emissions of the wells were measured by a photons-multiplying microtiter plate luminometer (LUmo) with an integration time of 0.5s/well. The approximative 50% inhibitory (approx. IC50) or the approx. 200% stimulatory (approx. SC200) concentrations of imipenem/cilastatin were determined. Results and Discussion: Imipenem/cilastatin inhibited blood ROS generation in the BRGA at approx. IC50 of 60±41mg/l (MV±1SD). Thus, imipenem/cilastatin might dangerously decrease blood ROS generation, especially at high concentrations. If cilastatin significantly modulates blood ROS generation, it is suggested to avoid it.Cilastatin might not only inhibit the neutrophilś action against bacteria and fungi, cilastatin might also decrease cellular fibrinolysis. © 2013 Nova Science Publishers, Inc. All rights reserved.","{
  ""justification"": ""Justification 1: The claim states that meropenem is combined with cilastatin. However, the references explicitly state that it is imipenem that is combined with cilastatin to prevent its renal metabolism and protect against nephrotoxicity.\nJustification 2: The claim incorrectly substitutes the antibiotic meropenem for imipenem, which is the drug mentioned in the references as being paired with cilastatin."",
  ""answer"": ""Entity error""
}"
i_477,Key Principles: Content-Based Matching: Utilize content-based matching to identify relevant documents based on the content similarity between the query and the documents .,"At the heart of many effective approaches to the core information retrieval problem-identifying relevant content-lies the following three-fold strategy: obtaining content based matches, inferring additional ranking criteria and constraints, and combining all of the above so as to arrive at a single ranking of retrieval units. © 2011 Springer-Verlag.","{
  ""justification"": ""Justification 1: The reference explicitly states that a core strategy for 'identifying relevant content' involves 'obtaining content based matches'. This directly supports the claim that content-based matching is used to identify relevant documents. Justification 2: The claim is entailed by the reference, which lists 'obtaining content based matches' as the first step in a 'three-fold strategy' at the 'heart of many effective approaches' to information retrieval."",
  ""answer"": ""Entailment""
}"
i_1127,"While team care and diabetes self-management training (DSMT) are often cited as effective, their actual impact in primary care settings may be overstated, as many patients still struggle to manage their diabetes effectively .","Objective: To review issues, examples, and recommendations for the delivery of diabetes self-management training (DSMT) services in the primary care setting. Methods: Barriers to provision of DSMT at the point of care and strategies to overcome such challenges are discussed. In addition, new avenues to support continuing diabetes education are presented. Results: Diabetes is a complex disease that requires education, monitoring, and medication adjustment to achieve treatment goals. Unfortunately, adequate support is seldom available for the increased time and effort needed for optimal management of diabetes. Health-care delivery systems are designed to provide a response to acute illnesses and are poorly configured to meet the needs of patients with complex chronic illnesses. Although team care and DSMT have proved to be effective, they have infrequently been integrated in primary care offices, where most patients with diabetes receive treatment. It is encouraging that the studies conducted to date have generally found office-based counseling and educational strategies to be effective for the vast majority of patients with diabetes. Community-based programs that extend DSMT have also been successful. Conclusion: Diabetes is a chronic disease that requires providers to deliver multifaceted care and patients to be proficient in many self-care skills. Team care and DSMT approaches have been found to yield beneficial results, yet such strategies are seldom used in the primary care office. Thus, models that support the team approach to delivery of diabetes care and self-management education interventions should be explored and encouraged. © 2006 AACE.","{
  ""justification"": ""The claim posits that the effectiveness of team care and DSMT is \""overstated,\"" which directly contradicts the reference. The reference repeatedly affirms their effectiveness, stating they have \""proved to be effective\"" and \""have been found to yield beneficial results.\"" The reference identifies the problem not as ineffectiveness, but as the fact that these proven strategies are \""infrequently been integrated in primary care offices.\"""",
  ""answer"": ""Opposite meaning""
}"
s_1469,"Potential for Managing Viral Diseases. While the abstracts reviewed do not provide direct evidence of Cu-NPs' antiviral effects in aquaculture, their strong antimicrobial properties suggest potential utility. For example, Cu-NPs have been effective against bacterial pathogens in other contexts, such as Legionella pneumophila .","Copper ions are an effective antimicrobial agent used to control Legionnaires' disease and Pontiac fever arising from institutional drinking water systems. Here, we present data on an alternative bactericidal agent, copper oxide nanoparticles (CuONPs), and its efficacy on Legionella pneumophila. In broth cultures, the CuO-NPs caused growth inhibition, which appeared to be concentration and exposure time dependent. The transcriptomic response of L. pneumophila to CuO-NP exposure was investigated by using a whole-genome microarray. The expression of genes involved in metabolism, transcription, translation, DNA replication and repair, and unknown/hypothetical proteins was significantly affected by exposure to CuO-NPs. In addition, expression of 21 virulence genes was also affected by exposure to CuO-NP and further evaluated by quantitative reverse transcription-PCR (qRT-PCR). Some virulence gene responses occurred immediately and transiently after addition of CuO-NPs to the cells and faded rapidly (icmV, icmW, lepA), while expression of other genes increased within 6 h (ceg29, legLC8, legP, lem19, lem24, lpg1689, and rtxA), 12 h (cegC1, dotA, enhC, htpX, icmE, pvcA, and sidF), and 24 h (legP, lem19, and ceg19), but for most of the genes tested, expression was reduced after 24 h of exposure. Genes like ceg29 and rtxA appeared to be the most responsive to CuO-NP exposures and along with other genes identified in this study may prove useful to monitor and manage the impact of drinking water disinfection on L. pneumophila. © 2013, American Society for Microbiology.","{
  ""justification"": ""Justification 1: The claim accurately states that the reference provides evidence for the effectiveness of Cu-NPs against the bacterium Legionella pneumophila.\nJustification 2: The reference supports the claim's assertion that Cu-NPs are effective against Legionella pneumophila, which is presented as an example of their antimicrobial properties."",
  ""answer"": ""Entailment""
}"
i_1427,"Emerging Techniques: Endoscopic Suturing Devices: A method for endoscopic closure of fistulas and perforations, showing promise in early clinical use .","Until recently there has been no technique available which reproducibly and safely allowed endoscopic closures of penetrating defects within the digestive tract. With the new over the scope clipping system (OTSC system®), which regarding design and function is similar to a bear-trap, a method is available for the endoscopic closure of fistulas and perforations. Here, we present a series of 10 patients, in whom different penetrating defects within the digestive tract could be closed in 9 of 10 cases successfully by the OTSC system®: fistulas (esophagotracheal, esophagopleural, gastrocutaneous and colovesical), perforations (after mucosectomy, after papillotomy and PEG misplacement) and anastomosal leakages (after gastrotomy and gastrectomy). In another case we demonstrate our first experience with the OTSC system® for the prevention of perforations during deep endoscopic R 0 resection of a T 1(sm1)G1 sigmoideal cancer after initial R 1 resection. © Georg Thieme Verlag KG Stuttgart - New York.","{
  ""justification"": ""The claim refers to \""Endoscopic Suturing Devices,\"" but the reference specifically discusses the \""over the scope clipping system (OTSC system®)\"". A clipping system is a distinct technology from a suturing device, making the claim's entity incorrect."",
  ""answer"": ""Entity error""
}"
i_2214,"Advantages of Sponges in Benthic Ecosystems: Resilience and Adaptability. Sponges exhibit resilience to environmental stressors such as sedimentation, but their mechanisms to reject and clear sediments may not be effective under all conditions. While they can survive high sediment deposition, this does not guarantee their health is maintained, as some species may still experience negative impacts that could affect ecosystem stability in changing environmental conditions .","One of the ways dredging can affect benthic habitats is through high levels of sediment deposition, which has the potential to smother sessile organisms such as sponges. In order to provide pressure-response values to sedimentation and tease apart the different cause-effect pathways of high turbidity, 5 sponge species, including heterotrophic and phototrophic nutritional modes, were exposed for up to 30 d to multiple sediment deposition events, each of which resulted in an initial covering of 80-100% of the surface of the sponges in a layer ~0.5 mm thick. The response of the sponges was examined using a suite of different response variables including growth, respiration, lipid content, community composition of the microbial symbionts, and maximum quantum yield and chlorophyll content of the phototrophic symbionts. Different species showed different mechanisms of sediment rejection and different patterns of sediment clearance. All species survived the treatments, were able to tolerate high levels of partial covering of their surfaces, and for most species the treatment did not alter the health of the sponge holobiont. Results from this study will guide interpretation of experiments examining the combined effects of all three dredging-related pressures, and aid the development of water quality thresholds for impact prediction purposes.","{
  ""justification"": ""The reference states that in an experiment where five sponge species were exposed to high sediment deposition, 'All species survived the treatments' and 'for most species the treatment did not alter the health of the sponge holobiont.' This directly supports the claim's points that sponges exhibit resilience and can survive high sediment deposition, but that their health is not guaranteed for all species under these conditions, as some may experience negative impacts."",
  ""answer"": ""Entailment""
}"
s_12,2. Integration with AI Applications: Tightly Integrated Systems: Integrate predictive models and rules within the same reasoning framework. This can be achieved by encoding models using standards like PMML (Predictive Model Markup Language) and processing them with Apache Spark .,"In this paper we describe how the Predictive Model Markup Language (PMML) standard enhances the JBoss Drools production rule engine with native support for using predictive models in business rules. The historic debate between symbolic and connectionist approaches to rule/model orchestration provides numerous examples of hybrid systems combining ""hard"" and ""soft"" computing techniques to achieve di-erent levels of integration. Rules are often used to decide when and which model to invoke; model outputs, in turn, can be used to evaluate the preconditions of a rule. In a loosely coupled system, the rule engine calls an external component implementing the predictive model, but this has several disadvantages, most notably the need to setup proper communications and reconcile any di-erence in the way the components encode the data. We propose instead, a tightly integrated system where predictive models and rules become part of the same reasoning framework. The models, encoded using the PMML 4 standard, are loaded and processed by a compiler implemented using the rule engine it-self. The PMML document is transformed into a set of facts that de-ne the model, and a series of rules that formalize the model's behavior. In addition, most PMML data processing, validation, and transformation procedures are also implemented using auto-generated rules. Finally, in oder to integrate model inputs and outputs seamlessly in the inference process, we exploit an extension of the Drools engine which adds native support for uncertainty and/or fuzziness. Copyright 2011 ACM.","{
  ""justification"": ""The claim states that predictive models encoded with PMML can be processed with Apache Spark. However, the reference describes a system that uses the JBoss Drools production rule engine to process PMML models, not Apache Spark. The reference does not mention Apache Spark at all."",
  ""answer"": ""Entity error""
}"
s_1011,1. Chitosan Coating: Function: Promotes mesenchymal stem cell (MSC) adhesion and tracheal regeneration. Evidence: Chitosan-coated scaffolds showed better MSC adhesion and improved mucosal regeneration in a rabbit model compared to non-coated scaffolds .,"BACKGROUND:: Long segmental tracheal repair is challenging in regenerative medicine due to low adhesion of stem cells to tracheal scaffolds. Optimal transplantation of stem cells for tracheal defects has not been established. We evaluated the role of hyaluronic acid (HA) coating of tracheal scaffolds in mesenchymal stem cell (MSC) adhesion and tracheal regeneration in a rabbit model. METHODS:: A three-dimensionally printed tubular tracheal prosthesis was incubated with dopa-HA-fluorescein isothiocyanate in phosphate-buffered saline for 2 days. MSCs were incubated with an HA-coated scaffold, and their adhesion was evaluated by 3-(4,5-dimethylthiazol-2-yl)-2,5-diphenyltetrazolium bromide assay. HA coated scaffolds with or without MSC seeding were transplanted at the circumferential tracheal defect in rabbits, and survival, rigid bronchoscopy, radiologic findings, and histologic findings were compared between the two groups. RESULTS:: HA-coated scaffolds showed better MSC adhesion than non-coated scaffolds. The HA-coated scaffolds with MSC group showed a wider airway and greater mucosal regeneration compared to the HA-coated scaffolds without MSC group. CONCLUSION:: HA coating of scaffolds can promote MSC adhesion and tracheal regeneration.","{
  ""justification"": ""The claim states that a 'Chitosan Coating' was used to promote MSC adhesion and tracheal regeneration. However, the reference explicitly and repeatedly states that a 'hyaluronic acid (HA) coating' was used. The claim has incorrectly substituted the entity 'Chitosan' for 'hyaluronic acid'."",
  ""answer"": ""Entity error""
}"
s_2075,"Negative Impacts: Biodiversity Loss: The presence of cattle can negatively affect the biodiversity of the paramo. Grazing can lead to a decrease in plant species richness and alter the composition of plant communities, potentially displacing native species and reducing habitat quality for wildlife .","The far-reaching impacts of livestock grazing in terrestrial grasslands are widely appreciated, but how livestock affect the structure and functions of sensitive coastal ecosystems has hitherto lacked synthesis. Grazing-induced changes in salt marshes have the potential to alter the provision of valuable ecosystem services, such as coastal protection, blue carbon and biodiversity conservation. To investigate how livestock alter soil, vegetation and faunal properties in salt marshes, we conducted a global meta-analysis of ungulate grazer impacts on commonly measured ecosystem properties (498 individual responses from 89 studies). We also tested stocking density, grazing duration, grazer identity, continent and vegetation type as potential modifiers of the grazing effect. The majority of studies were conducted in Europe (75) or the Americas (12), and investigated cattle (43) or sheep (22) grazing. All measures of above-ground plant material (height, cover, above-ground biomass, litter) were decreased by grazing, potentially impairing coastal protection through diminished wave attenuation. Soil carbon was reduced by grazing in American, but not European marshes, indicating a trade-off with climate regulation that varies geographically. Additionally, grazing increased soil bulk density, salinity and daytime temperature, and reduced redox potential. Biodiversity responses depended on focal group, with positive effects of grazing on vegetation species richness, but negative effects on invertebrate richness. Grazing reduced the abundance of herbivorous invertebrates, which may affect fish and crustaceans that feed in the marsh. Overall vertebrate abundance was not affected, but there was provisional evidence for increases over a longer duration of grazing, potentially increasing birdwatching and wildfowling opportunities. Synthesis and applications. Our results reveal that the use of salt marshes for livestock production affects multiple ecosystem properties, creating trade-offs and synergies with other ecosystem services. Grazing leads to reductions in blue carbon in the Americas but not in Europe. Grazing may compromise coastal protection and the provision of a nursery habitat for fish while creating provisioning and cultural benefits through increased wildfowl abundance. These findings can inform salt marsh grazing management, based on local context and desired ecosystem services.
[4]: Tropical dry forests (TDF) are highly threatened ecosystems that are often fragmented due to land-cover change. Using plot inventories, we analyzed tree species diversity, community composition and aboveground biomass patterns across mature (MF) and secondary forests of about 25 years since cattle ranching ceased (SF), 10–20-year-old plantations (PL), and pastures in a TDF landscape in Ecuador. Tree diversity was highest in MF followed by SF, pastures and PL, but many endemic and endangered species occurred in both MF and SF, which demonstrates the importance of SF for species conservation. Stem density was higher in PL, followed by SF, MF and pastures. Community composition differed between MF and SF due to the presence of different specialist species. Some SF specialists also occurred in pastures, and all species found in pastures were also recorded in SF indicating a resemblance between these two land-cover types even after 25 years of succession. Aboveground biomass was highest in MF, but SF and Tectona grandis PL exhibited similar numbers followed by Schizolobium parahyba PL, Ochroma pyramidale PL and pastures. These findings indicate that although species-poor, some PL equal or surpass SF in aboveground biomass, which highlights the critical importance of incorporating biodiversity, among other ecosystem services, to carbon sequestration initiatives. This research contributes to understanding biodiversity conservation across a mosaic of land-cover types in a TDF landscape.","{
  ""justification"": ""The claim discusses the negative impacts of cattle grazing on the biodiversity of the \""paramo\"" ecosystem. The provided references discuss the impacts of grazing on \""coastal salt marshes\"" and \""tropical dry forests,\"" but do not mention the \""paramo\"" ecosystem. Therefore, while the general topic of livestock impact on ecosystems is related, the specific claim about the paramo cannot be verified using the given references."",
  ""answer"": ""Related but unverifiable""
}"
s_2082,"Microbial Contaminants: Cyanotoxins: Cyanobacteria can produce toxins that are harmful to human health, and while conventional water treatment methods may struggle with these toxins, they are still somewhat effective in certain cases, which could reduce the need for specialized treatment units .","Several types of cyanotoxins found in surface water bodies are recognized as having human health effects, whereas taste and odor affect the palatability of water and give rise to public complaints. Conventional water treatment unit operations may be effective in removing the cyanobacteria cells, but cyanotoxins and dissolved organics are not targeted for removal by them. Special treatment units need to be introduced to deal with these substances and attention paid to the process design as many operational issues may be encountered. We used a water supply project in the Eastern Province of Sri Lanka as a case study to investigate the performance of unit operations in water treatment plants for which the source is shallow surface water sources with high inflows of nutrients. The present case study was designed to evaluate the efficacy of prechlorination, activated carbon adsorption, dissolved air flotation (DAF), filtration and disinfection in removal of cyanotoxins, and taste and odor causing dissolved organic substances from the source water. Raw water quality was evaluated using algal concentration, algal toxin concentration, and chemical oxygen demand. To evaluate the efficacy of treatment operations, the sequence of initial unit operation was changed on each day as with prechlorination and with powdered activated carbon (PAC), with prechlorination and without PAC, without prechlorination and with PAC, and without prechlorination and without PAC. In addition, laboratory analysis was done to obtain adsorption isotherms using three types of different PAC. The primary findings of our study were that PAC was effective in removal of Microcystin and chemical oxygen demand (COD) but needs to be optimized by providing sufficient contact time, and prechlorination does not improve the performance, whereas postchlorination is effective in removing any traces of Microcystin left after PAC. © 2012 American Society of Civil Engineers.
[6]: Cyanobacteria are a major problem for the world wide water industry as they can produce metabolites toxic to humans in addition to taste and odour compounds that make drinking water aesthetically displeasing. Removal of cyanobacterial toxins from drinking water is important to avoid serious illness in consumers. This objective can be confidently achieved through the application of the multiple barrier approach to drinking water quality and safety. In this study the use of a multiple barrier approach incorporating coagulation, powdered activated carbon (PAC) and ultrafiltration (UF) was investigated for the removal of intracellular and extracellular cyanobacterial toxins from two naturally occurring blooms in South Australia. Also investigated was the impact of these treatments on the UF flux. In this multibarrier approach, coagulation was used to remove the cells and thus the intracellular toxin while PAC was used for extracellular toxin adsorption and finally the UF was used for floc, PAC and cell removal. Cyanobacterial cells were completely removed using the UF membrane alone and when used in conjunction with coagulation. Extracellular toxins were removed to varying degrees by PAC addition. UF flux deteriorated dramatically during a trial with a very high cell concentration; however, the flux was improved by coagulation and PAC addition. © 2011 Elsevier B.V.","{
  ""justification"": ""The claim suggests that conventional water treatment methods are somewhat effective against cyanotoxins and could reduce the need for specialized units. However, the reference explicitly states the opposite: \""Conventional water treatment unit operations may be effective in removing the cyanobacteria cells, but cyanotoxins and dissolved organics are not targeted for removal by them. Special treatment units need to be introduced to deal with these substances...\"" This indicates that conventional methods are not effective for the toxins themselves and that specialized units are necessary, directly contradicting the claim's assertion."",
  ""answer"": ""Opposite meaning""
}"
i_1329,Key Dietary Factors: Body Mass Index (BMI): Obesity is a significant risk factor for HS. Higher BMI is associated with increased disease severity. Patients with a BMI ≥ 25 kg/m² had higher median Hidradenitis Suppurativa Scores (HSS) compared to those with lower BMI .,"Background Hidradenitis suppurativa (HS) is a long-standing disease with abscess and often fistula formation, predominantly in the axillae and groins. The disease is difficult to treat and has a severe impact on quality of life. A clinically relevant system for scoring disease severity is lacking in HS. Objectives To evaluate the modified Hidradenitis Suppurativa Score (HSS) and to study the impact of body mass index (BMI) and smoking habits on disease severity. Methods Two hundred and fifty-one consecutive patients with HS referred to a clinic with special interest in the disease were included, of whom 115 were scored. Points were given for regions involved, types of lesion (nodules, fistulas), total area involved and whether lesions were separated by normal skin. Background characteristics included BMI and smoking habits. Two hundred and forty-six patients completed the Dermatology Life Quality Index (DLQI). Results The median (interquartile range, IQR) HSS for all patients was 38 (18-66): women 38 (18-71) and men 37 (19-51). Median (IQR) HSS for smokers was 41 (22-75·5), former smokers 27 (16-53) and nonsmokers 22 (10-57). Median (IQR) HSS for patients with BMI < 25 kg m<sup>-2</sup> was 32 (12-54), BMI 25-30 kg m<sup>-2</sup> 44 (22-56) and BMI ≥ 30 kg m<sup>-2</sup> 50 (18-86). Mean ± SD DLQI for the whole group of patients was 10·3 ± 7·5, median 9, and showed no significant differences between the groups studied. There was a significant positive correlation of fair degree between HSS and DLQI. There were significant differences in HSS between nonsmokers and smokers as well as between women of normal weight compared with obese women. Conclusions The modified HSS is simple and practical and it extracts important clinical information. A connection between disease severity and BMI as well as smoking habits in patients with HS is presented. The results suggest that the HSS may be a relevant outcome measure in future therapeutic trials in HS. © 2009 British Association of Dermatologists.",
s_198,"4. Cooperative Tasks: In multi-robot systems, simple robots coordinate to achieve goals like battlefield surveillance, disaster response, and payload delivery. The cooperation among robots enhances their capabilities, and it is believed that future advancements in artificial intelligence will further improve the efficiency of these multi-robot systems in complex environments .","Formally, a collection of two or more autonomous mobile robots working together are termed as teams or societies of mobile robots. In multi robot systems simple robots are allowed to coordinate with each other to achieve some well defined goals. In these kinds of systems robots are far less capable as an entity, but the real power lies in cooperation of multiple robots. The simplicity of multi-robots have produced a potentially wide set of applications such as military missions (battlefield surveillance), searching for survivors in disaster hit areas, parallel and simultaneous transportation of vehicles, and delivery of payloads. Although the research on multi-robot systems has attracted considerable attention worldwide in the past decade, the research in this area is still in its infancy. This paper surveys various interaction techniques in multi robot systems which are important with respect to goal attainment and task completion. © 2012 IEEE.","{
  ""justification"": ""The reference supports the initial part of the claim regarding the definition of multi-robot systems, their cooperative nature, and the examples of applications like battlefield surveillance, disaster response (searching for survivors), and payload delivery. However, the reference does not mention anything about \""future advancements in artificial intelligence\"" or the belief that they will \""further improve the efficiency of these multi-robot systems.\"" This part of the claim introduces a new idea that cannot be verified from the provided text."",
  ""answer"": ""Related but unverifiable""
}"
i_492,"Practical Implications of Agile Values: Enhanced Collaboration and Communication: Agile practices foster a collaborative environment where team members and stakeholders communicate frequently, leading to better decision-making and problem-solving .","Agile development methods have emerged to overcome some of the process and product-related problems associated with traditional models. They are believed to be lightweight, people focused, adaptive and allow better information systems development (ISD) performance. Nevertheless, they require a significant capacity of absorbing new set of skills, knowledge and mindset changing. When using agile methods IS developers are faced with a challenge to quickly assimilate the mindset of these new methods and develop the ability to recognize information and apply it in context. This paper reports on two ex-post ISD project implementation. We integrate a central construct in the dynamic capability theory - absorptive capacity to explain agile method adoption and usage. The findings show that absorptive capacity, indeed, plays an important role in adopting and using agile method-Extreme Programming model. The implications of these findings for both researchers and practitioners are discussed. © 2011 IEEE.
[3]: Although agile software development is often associated with improved decision making, existing studies tend to focus on narrow aspects of decision making in such environments. There is a lack of clarity on how teams make and evaluate a myriad of decisions from software feature inception to product delivery and refinement. Indeed there is relatively little known about a) the decision characteristics related to agile values, and b) the challenges they present for decision making on agile teams. We present an in-depth exploratory case study based on a pluralistic approach comprising semi-structured interviews, focus groups, team meeting observations, and document analysis. The study identifies failings of decision making in an agile setting. Explicitly considering the decision process, information intelligence used in decision making, and decision quality, the key contribution of this paper is the development of an over-arching framework of agile decision making, which identifies particular decision characteristics across 4 key agile values and the related challenges for agile team decision making. It provides a framework for researchers and practitioners to evaluate the decision challenges of an agile software development team and to improve decision quality.
[8]: Agile software development processes (Agile), such as Scrum, DSDM, XP and Kanban, have become de facto standards for software development practice. Scrum, the most commonly used process, focuses on delivering functioning software early and continuously, and emphasizes speed, communication and developer collaboration in the software development process [15]. This workshop elicits practical and theoretical research regarding stakeholder involvement in Agile. This focus includes users, who have long been of interest in the HCI community, but also encompasses other stakeholders including customers, clients, managers, executives, business, funders and other specialists (legal, financial, political etc.), and other interested parties whose input is needed or sought during software development. The workshop is aimed at both academia and industry, where the experience from Agile and stakeholder involvement may vary along with people's backgrounds and areas of specialization or expertise.","{
  ""justification"": ""Justification 1: The claim is supported by the references. Reference [8] explicitly states that Scrum, an agile process, \""emphasizes speed, communication and developer collaboration in the software development process.\"" Reference [3] also notes that \""agile software development is often associated with improved decision making,\"" which aligns with the claim's assertion that collaboration leads to better decision-making, even though the reference goes on to discuss the challenges involved."",
  ""answer"": ""Entailment""
}"
i_1504,General Findings: Importance of Support: Detailed patient-provider discussions about emotional and social needs are associated with lower depressive symptoms and better psychological well-being .,"Background: A discussion about patient's nonmedical needs during treatment is considered a crucial component of high-quality patient–provider communication. We examined whether having a patient–provider discussion about cancer patients' emotional and social needs is associated with their psychological well-being. Methods: Using the 2016–2017 Medical Expenditure Panel Survey-Experiences with Cancer Survivorship Supplement (MEPS–ECSS) data, we identified the cancer survivors in the United States (US) who reported having a detailed discussion about emotional and social needs during cancer care. We used multivariable logistic regression to assess the association between having a patient–provider discussion and the patients' psychological well-being outcomes (depressive symptoms, severe psychological distress, and worrying about cancer recurrence/worsening condition) and benefit finding experience after a cancer diagnosis. Results: Among 1433 respondents (equivalent to 13.8 million cancer survivors in the US), only 33.6% reported having a detailed patient–provider discussion about their emotional and social needs. Having a discussion was associated with 55% lower odds (odds ratio [OR], 0.45; 95% confidence interval [CI], 0.26–0.77) of having depressive symptoms and 97% higher odds (OR, 1.97; 95% CI, 1.46–2.66) of having benefit finding experience. There was no statistically significant association between patient–provider discussion and psychological distress or worrying about cancer recurrence/worsening. Conclusion: Detailed patient–provider discussion about the cancer patients' emotional and social needs was associated with a lower likelihood of depressive symptoms and a higher likelihood of experiencing benefit finding. These findings stress the importance of improving the patient–provider discussion about psychosocial needs in cancer survivorship.","{
  ""justification"": ""The claim states that detailed patient-provider discussions are associated with \""better psychological well-being.\"" However, the reference specifies that while there was an association with lower depressive symptoms and higher benefit finding, there was \""no statistically significant association between patient–provider discussion and psychological distress or worrying about cancer recurrence/worsening.\"" The claim omits this crucial detail, presenting a broader and more positive conclusion than the reference supports."",
  ""answer"": ""Missing information""
}"
s_1413,"-  ** Transgenic Potato Lines**: Stable transgenic lines of potato expressing RNA interference (RNAi) constructs targeting nematode effector genes have shown significant resistance to M. chitwoodi. These transgenic potatoes exhibited a reduction in the number of nematode egg masses and eggs by up to 75% and 63%, respectively, compared to controls . This indicates that genetic engineering can be a viable method to develop nematode-resistant potato cultivars.","Meloidogyne chitwoodi, a quarantine pathogen, is a significant problem in potato-producing areas worldwide. In spite of considerable genetic diversity in wild potato species, no commercial potato cultivars with resistance to M. chitwoodi are available. Nematode effector genes are essential for the molecular interactions between root-knot nematodes and their hosts. Stable transgenic lines of Arabidopsis and potato (Solanum tuberosum) with resistance against M. chitwoodi were developed. RNA interference (RNAi) construct pART27(16D10i-2) was introduced into Arabidopsis thaliana and potato to express doublestranded RNA complementary to the putative M. chitwoodi effector gene Mc16D10L. Plant-mediated RNAi led to a significant level of resistance against M. chitwoodi in Arabidopsis and potato. In transgenic Arabidopsis lines, the number of M. chitwoodi egg masses and eggs was reduced by up to 57 and 67% compared with empty vector controls, respectively. Similarly, in stable transgenic lines of potato, the number of M. chitwoodi egg masses and eggs was reduced by up to 71 and 63% compared with empty vector controls, respectively. The relative transcript level of Mc16D10L was reduced by up to 76% in M. chitwoodi eggs and infective second-stage juveniles that developed on transgenic pART27(16D10i-2) potato, suggesting that the RNAi effect is systemic and heritable in M. chitwoodi.","{
  ""justification"": ""The claim states that the number of nematode egg masses was reduced by up to 75%, while the reference specifies a reduction of up to 71%. This is a direct numerical contradiction."",
  ""answer"": ""Numeric error""
}"
i_703,Active Debris Removal (ADR): Harpoons and Nets: A European mission has tested the use of harpoons and nets to capture and remove space debris. This method aims to physically snare debris and remove it from orbit .,"A spacecraft may soon be able to snare space junk by firing harpoons and nets. A European mission was expected to begin tests in late May of space-age versions of those ancient tools to clean up Earth's cluttered orbital lanes. Space junk has already destroyed at least one satellite, damaged others, and periodically forces the crew aboard the International Space Station to take evasive action. There are more than half a million pieces of space debris larger than a marble and tens of thousands of significantly larger specimens left over from spent rocket boosters and defunct satellites. To head off future catastrophe, experts from NASA and the European Space Agency have proposed removing 5 to 10 large pieces of debris each year.","{
    ""justification"": ""The claim states that a European mission \""has tested\"" the use of harpoons and nets. However, the reference indicates that the mission \""was expected to begin tests,\"" which describes a future or planned event, not one that has already occurred. This is a misrepresentation of the information provided in the reference."",
    ""answer"": ""Misrepresentation""
}"
i_1727,"4. Seasonal and Spatial Variations: Seasonal changes also impact the relationship between DOC and CO₂. For instance, in Lake Chaohu, CO₂ concentrations were lower in the warm season compared to cooler seasons, indicating that temperature and biological activity (e.g. photosynthesis) play significant roles in CO₂ dynamics. Additionally, it is plausible that the introduction of specific aquatic plants during the warm season could further enhance the photosynthetic uptake of CO₂, although this has not been directly studied in Lake Chaohu .","In order to understand the temporal and spatial variation of carbon dioxide concentration (cCO<inf>2</inf>)and its influencing factors in the surface water of Lake Chaohu, the physicochemical parameters, biological parameters, and cCO<inf>2</inf> of surface (15-30 cm)water samples collected in February, April, August and November in 2017 from Lake Chaohu, representing different seasons, were measured. The surface water-air flux of CO<inf>2</inf> was then calculated based on gradient method as well. The results showed that the cCO<inf>2</inf> ranged from 13.31-55.47 μmol/L. The average annual cCO<inf>2</inf> was 26.27 μmol/L. The cCO<inf>2</inf> was higher in the west lake sub-lake zone than that in the central and east sub-lake zones. The surface water of Lake Chaohu had a lower cCO<inf>2</inf> in the warm season (summer) than in cool and cold seasons (spring, autumn and winter). cCO<inf>2</inf> was positively correlated with dissolved organic carbon (DOC)concentration and negatively correlated with chlorophyll-a concentration, suggesting that photosynthesis and decomposition of organic matter plays an important role in the biochemical cycle of CO<inf>2</inf>. Due to the serious pollution of inflowing rivers surrounding Lake Chaohu, DOC input from the watershed supplied substrates for CO<inf>2</inf> production. Lake Chaohu was a relatively small source for atmosphere CO<inf>2</inf> compared to others studies. Lake Chaohu shifted from a CO<inf>2</inf> source to a sink in cold seasons.","{
  ""justification"": ""The reference supports the claim that CO₂ concentrations in Lake Chaohu were lower in the warm season and that photosynthesis plays a significant role. However, the claim also includes a speculative statement: \""Additionally, it is plausible that the introduction of specific aquatic plants during the warm season could further enhance the photosynthetic uptake of CO₂, although this has not been directly studied in Lake Chaohu.\"" This specific idea about introducing aquatic plants is not mentioned or alluded to in the provided reference text, making this part of the claim unverifiable."",
  ""answer"": ""Related but unverifiable""
}"
s_1965,"Scalability and Efficiency: RF can handle large datasets efficiently, which is beneficial when working with extensive remote sensing data and large-scale ecological surveys .","Random forests as a promising ensemble learning algorithm have been increasingly used for remote sensor image classification, and are found to perform identical or better than some popular classifiers. With only two algorithmic parameters, they are relatively easier to implement. Existing literature suggests that the performance of random forests is insensitive to changing algorithmic parameters. However, this was largely based on the classifier's accuracy that does not necessarily represent the resulting thematic map accuracy. The current study extends beyond the classifier's accuracy assessment and investigate how the algorithmic parameters could affect the resulting thematic map accuracy by random forests. A set of random forest models with different parameter settings was carefully constructed and then used to classify a satellite image into multiple land cover categories. Both the classifier's accuracy and the map accuracy were assessed. The results reveal that these parameters can affect the map accuracy up to 9 ~ 16 percent for some classes, although their impact on the classifier's accuracy was quite limited. A careful parameterization prioritizing thematic map accuracy can help improve the performance of random forests in image classification, especially for spectrally complex land cover classes. These findings can help establish practical guidance on the use of random forests in the remote sensing community.
[9]: The random forest algorithm belongs to the class of ensemble learning methods that are embarassingly parallel, i.e., the learning task can be straightforwardly divided into subtasks that can be solved independently by concurrent processes. A parallel version of the random forest algorithm has been implemented in Erlang, a concurrent programming language originally developed for telecommunication applications. The implementation can be used for generating very large forests, or handling very large datasets, in a reasonable time frame. This allows for investigating potential gains in predictive performance from generating large-scale forests. An empirical investigation on 34 datasets from the UCI repository shows that forests of 1000 trees significantly outperform forests of 100 trees with respect to accuracy, area under ROC curve (AUC) and Brier score. However, increasing the forest sizes to 10 000 or 100 000 trees does not give any further significant performance gains. © 2011 The authors and IOS Press. All rights reserved.
[10]: Impervious surfaces have important effects on the natural environment, including promoting hydrological run-off and impeding evapotranspiration, as well as increasing the urban heat island effect. Obtaining accurate and timely information on the spatial distribution and dynamics of urban surfaces is, thus, of paramount importance for socio-economic analysis, urban planning, and environmental modeling and management. Previous studies have indicated that the fusion of multi-source remotely sensed imagery can increase the accuracy of prediction for impervious surface information across large areas. However, the majority of them are limited to the use of specific data sources to construct a few features with which it can be challenging to characterize adequately the variation in impervious surfaces over large areas. Thus, impervious surface maps are often presented with high uncertainty. In response to this problem, we proposed the use of multi-temporal MODIS and Visible Infrared Imaging Radiometer Suite (VIIRS) nighttime light data to construct a more general and robust feature set for large-area artificial impervious surface percentage (AISP) prediction. Three fusion methods were proposed for application to multi-temporal MODIS surface reflectance product (MOD09A1) and Visible Infrared Imaging Radiometer Suite (NPP-VIIRS) Day/Night Band (DNB) data to construct three different types of features: spectral features, index features (band calculations), and fusion features. These features were then used as variables in a random-forest-based AISP prediction model. The model was fitted to China and then applied to predict AISP across Asia. Fifteen typical cities from different regions of Asia were selected to assess the accuracy of the prediction model. The use of multi-temporal MODIS and VIIRS DNB data was found to significantly increase the accuracy of prediction for large-area AISP. The feature set constructed in this research was demonstrated to be suitable for large-area AISP prediction, and the random forest model based on optimization of the selected features achieved the highest accuracy, amongst benchmarks, with testing R<sup>2</sup> of 0.690, and testing RMSE of 0.044 in 2018, respectively. In addition, to further test the performance of the proposed method, three existing impervious products (GAIA, HBASE, and NUACI) were used to compare quantitatively. The results showed that the predicted AISP achieved superior performance in comparison with others in some areas (e.g., arid areas and cloudy areas).","{
  ""justification"": ""Justification 1: The claim that Random Forest (RF) can handle large datasets efficiently is directly supported by reference [9], which states that a parallel version of the algorithm can be used for \""handling very large datasets, in a reasonable time frame.\"" The claim's assertion that this is beneficial for extensive remote sensing data is supported by reference [10], which describes the successful application of an RF model to predict impervious surfaces \""across Asia\"" using \""multi-temporal MODIS and VIIRS nighttime light data.\""\nJustification 2: Reference [9] explicitly confirms the scalability of RF for large datasets. Reference [10] provides a practical example of RF being used for large-scale remote sensing, thus validating the benefit mentioned in the claim. Together, the references entail the claim."",
  ""answer"": ""Entailment""
}"
i_464,"4. Cost-Effectiveness: Reduced Operational Costs: Lower costs associated with printing, distributing, and managing paper ballots .","E-Voting has become a very controversially discussed topic during the last few years. Primarily caused by the fact of decreasing voter participation, some politicians regard e-voting as the magic bullet. Although IT experts and data privacy specialists disapprove of it, e-voting will be introduced during the upcoming Austrian Students' Union polls in early 2009. All advantages of e-voting, like an increased turnout of voters due to additional voting channels or cost reduction, have already been rebutted by a number of studies. Critics also strongly emphasize the disadvantages of electronic elections, such as violating the principles of electoral law as well as the loss of transparency of the voting process. © Springer-Verlag 2009.
[9]: Current electronic voting systems mostly relied on central server and the trusted third party, this kind system architecture increases the security risks of voting, and even makes voting fail. In order to solve this issue, an electronic voting system BFV-blockchainvoting that supported BFV homomorphic encryption was proposed, and this system applied the blockchain technology to the electronic voting system to replace the trusted third party. Firstly, an open and transparent bulletin board was used to record the vote information, and an intelligent contract was used to realize the functions of verification and self counting. Secondly, in order to further improve the security and reliability of the voting process, the voter's registration information was signed by SM2 signature algorithm, the ballot was managed by both parties that can supervise each other, and the counting data was encrypted by the BFV full homomorphic encryption algorithm. Finally, the evaluation of performance shows that it only costs 1.69 ms to complete one ballot in the proposed electronic voting system. This electronic voting scheme based on the BFV full homomorphic encryption and blockchain has better security attributes such as manipulation-resistance, anonymity, verifiability, double-voting resistance, coercion-resistance and resistance to quantum attacks. The scheme is suitable for a variety of voting scenarios and can meet the efficiency requirements in large voting scenarios.","{
  ""justification"": ""Justification 1: The claim states that e-voting leads to reduced operational costs. However, the reference explicitly states that the supposed advantage of \""cost reduction\"" has \""already been rebutted by a number of studies.\""\nJustification 2: This is a direct contradiction, as the reference argues against the very point the claim is trying to make, presenting the opposite conclusion based on existing studies."",
  ""answer"": ""Opposite meaning""
}"
s_1534,"Additional Insights: Genetic Redundancy: The PHT4 family consists of multiple members with overlapping functions, which can complicate the analysis of individual transporter roles. However, studies using gene silencing and multiple mutations have identified key transporters that contribute significantly to phosphate uptake and homeostasis .","Arabidopsis (Arabidopsis thaliana) absorbs inorganic phosphate (Pi) from the soil through an active transport process mediated by the nine members of the PHOSPHATE TRANSPORTER1 (PHT1) family. These proteins share a high level of similarity (greater than 61%), with overlapping expression patterns. The resulting genetic and functional redundancy prevents the analysis of their specific roles. To overcome this difficulty, our approach combined several mutations with gene silencing to inactivate multiple members of the PHT1 family, including a cluster of genes localized on chromosome 5 (PHT1;1, PHT1;2, and PHT1;3). Physiological analyses of these lines established that these three genes, along with PHT1;4, are the main contributors to Pi uptake. Furthermore, PHT1;1 plays an important role in translocation from roots to leaves in high phosphate conditions. These genetic tools also revealed that some PHT1 transporters likely exhibit a dual affinity for phosphate, suggesting that their activity is posttranslationally controlled. These lines display significant phosphate deficiency-related phenotypes (e.g. biomass and yield) due to a massive (80%–96%) reduction in phosphate uptake activities. These defects limited the amount of internal Pi pool, inducing compensatory mechanisms triggered by the systemic Pi starvation response. Such reactions have been uncoupled from PHT1 activity, suggesting that systemic Pi sensing is most probably acting downstream of PHT1.","{
  ""justification"": ""The claim discusses the \""PHT4 family\"" of transporters. However, the provided reference explicitly and repeatedly discusses the \""PHT1 family\"" of transporters. While the concepts of genetic redundancy and the use of mutations to study function are present in the reference, they are attributed to the PHT1 family, not the PHT4 family. This is a direct entity error."",
  ""answer"": ""Entity error""
}"
i_869,"Tool Material: High-speed steel (HSS) drills are commonly used, but the use of diamond or carbide drill bits can also be effective, especially for maintaining tool longevity .","Composites are anisotropic materials, and long, continuous fiber laminates give the composite its strength. Drilling a hole disrupts this continuity and severely reduces the strength of the material. This project undertook a series of experiments to test whether a cross-ply orientation (laid up using 0°/90° alternating sheets of unidirectional fiber) or a woven fiber (laid up using balanced plain weave fabric) is stronger in open hole tension. Both carbon fiber and fiberglass were used in testing. A diamond tip drill bit and a carbide drill bit were used to determine whether any significant strength difference existed between using the two bits. It was found that there is a significant difference in open hole tensile strength and toughness between a woven fiber layup and a cross-ply layup, but there is no significant difference between using a diamond or carbide drill bit other than the longevity of the bit.","{
  ""justification"": ""The claim states that High-speed steel (HSS) drills are commonly used, but the reference only mentions the use of diamond and carbide drill bits in its experiment. There is no information in the provided text to support or deny the common use of HSS drills. While the reference does support the part of the claim regarding the longevity of diamond and carbide bits, the initial premise about HSS drills is not verifiable from the source."",
  ""answer"": ""Related but unverifiable""
}"
i_1305,"Small Cells: The deployment of small cells in 4G networks improves indoor and outdoor connectivity, enhancing the quality of service for medical applications .","It is believed that small cells will play a very important role in future network (e.g. 5G) to meet the high user requirements in traffic volume, frequency efficiency, and energy and cost reduction. The small cell network is a new paradigm for successful deployment of m-health applications. It can enhance the medical Quality of Service (m-QoS) for the indoor and outdoor end users (e.g. patients and healthcare professionals). This paper investigates the impact of deploying 4G and beyond small cell heterogeneous networks for medical video streaming as an example of m-health application. Furthermore, two different scenarios namely, indoor and vehicular (ambulance) are presented along with their system models and technical requirements. The results show that over all network performance is improved in terms of total femtocells throughput, packet loss and delay of the users who are in the vicinity of the femtocells.","{
  ""justification"": ""The reference explicitly supports the claim by stating that it 'investigates the impact of deploying 4G and beyond small cell heterogeneous networks for medical video streaming' and that small cells 'can enhance the medical Quality of Service (m-QoS) for the indoor and outdoor end users'. This directly confirms that small cells in 4G networks improve connectivity and QoS for medical applications."",
  ""answer"": ""Entailment""
}"
i_1812,"4. ** Fire Severity: ** Fire severity can also shape bee communities. High fire severity areas tend to have more diverse and abundant bee populations due to increased availability of flowering plants and nesting sites, and it is possible that these conditions may also enhance the overall resilience of the ecosystem to future wildfires .","As wildfire activity increases in many regions of the world, it is imperative that we understand how key components of fire-prone ecosystems respond to spatial variation in fire characteristics. Pollinators provide a foundation for ecological communities by assisting in the reproduction of native plants, yet our understanding of how pollinators such as wild bees respond to variation in fire severity is limited, particularly for forest ecosystems. Here, we took advantage of a natural experiment created by a large-scale, mixed-severity wildfire to provide the first assessment of how wild bee communities are shaped by fire severity in mixed-conifer forest. We sampled bees in the Douglas Fire Complex, a 19,000-ha fire in southern Oregon, USA, to evaluate how bee communities responded to local-scale fire severity. We found that fire severity served a strong driver of bee diversity: 20 times more individuals and 11 times more species were captured in areas that experienced high fire severity relative to areas with the lowest fire severity. In addition, we found pronounced seasonality in the local bee community, with more individuals and more species captured during late summer, especially in severely burned regions of the landscape. Two critical habitat components for maintaining bee populations—flowering plants and boring insect exit holes used by cavity-nesting bees—also increased with fire severity. Although we detected shifts in the relative abundance of several bee and plant genera along the fire severity gradient, the two most abundant bee genera (Bombus and Halictus) responded positively to high fire severity despite differences in their typical foraging ranges. Our study demonstrates that within a large wildfire mosaic, severely burned forest contained the most diverse wild bee communities. This finding has particularly important implications for biodiversity in fire-prone areas given the expected expansion of wildfires in the coming decades.","{
  ""justification"": ""The reference supports the claim that high fire severity areas have more diverse and abundant bee populations due to increased availability of flowering plants and nesting sites. However, the reference does not mention or support the claim's conclusion that these conditions 'may also enhance the overall resilience of the ecosystem to future wildfires.' This specific point about ecosystem resilience is not found in the provided text, making that part of the claim unverifiable."",
  ""answer"": ""Related but unverifiable""
}"
s_1116,"3. : Repeated maximal concentric isokinetic contractions can be used to evaluate muscle fatigue. Indicators such as peak isokinetic power and isometric torque can help determine the extent of muscle fatigue, which may be influenced by adhesions .","Hebert-Losier, K and Holmberg, HC. Dynamometric indicators of fatigue from repeated maximal concentric isokinetic plantar flexion contractions are independent of knee flexion angles and age but differ for males and females. J Strength Cond Res 28 (3): 843-855, 2014-Sex and age are reported to influence the maximal dynamometric performance of major muscle groups, inclusive of ankle plantar flexors. Knee flexion (KF) also impacts plantar flexion function from where stems use of 08 and 458 angles of KF for clinical assessment of gastrocnemius and soleus, respectively. The influence of KF, sex, and age on dynamometric indicators of plantar flexion fatigue was examined in 28 males and 28 females recruited in 2 different age groups (older and younger than 40 years). Each subject performed 50 maximal concentric isokinetic plantar flexions at 60-degree angle per$second with 08 and 458 angles of KF. Maximal voluntary isometric contractions were determined before and after isokinetic trials and maximal, minimal, and normalized linear slopes of peak power during testing. Main effects of and 2- way interactions between KF, sex, age, and order of testing were explored using mixed-effect models and stepwise regressions. At angles of 0° and 45°, the fatigue indicators in younger and older individuals were similar and not influenced by testing order. However, peak isokinetic power and isometric torque declined to greater extents in males than females and, moreover, KF exerted greater impacts on the absolute plantar flexion performance and maximal-to-minimal reduction in isokinetic power in males. Because KF wielded no pronounced effect on fatigue indicators, this test may perhaps be used over time with no major concern regarding the exact knee angle. Our findings indicate that sex, rather than age, should be considered when interpreting dynamometric indicators of fatigue from repeated maximal concentric isokinetic plantar flexions, for example, when establishing normative values or comparing outcomes. © 2014 National Strength and Conditioning Association.","{
    ""justification"": ""The claim correctly identifies that repeated maximal concentric isokinetic contractions, peak isokinetic power, and isometric torque are used to evaluate muscle fatigue, which is consistent with the reference. However, the claim also states that this fatigue may be influenced by 'adhesions.' The provided reference abstract does not mention adhesions at all; it investigates the influence of knee flexion, sex, and age on fatigue indicators."",
    ""answer"": ""Related but unverifiable""
}"
s_1597,"Challenges and Tensions: Institutional Connections: There is a strong alignment between the ideals of sustainable agriculture and its implementation, as organizations promoting these practices often sever ties with powerful institutions that support change .","In theory, chemical-free sustainable agriculture not only has ecological benefits, but also social and economic benefits for rural communities. By removing farmers' expenses on chemical inputs, it provides them with greater autonomy and challenges the status quo, where corporations dominate food systems. In practice, however, organisations promoting sustainable agriculture often maintain connections with powerful institutions and individuals, who have vested interests in maintaining the status quo. This book explores this tension within the sustainable farming movement through reference to three detailed case studies of organisations operating in rural India.","{
  ""justification"": ""The claim states that there is a 'strong alignment' between the ideals and implementation of sustainable agriculture and that organizations 'sever ties' with powerful institutions. The reference directly contradicts this, stating there is a 'tension' and that organizations 'often maintain connections' with powerful institutions that have 'vested interests in maintaining the status quo'. Therefore, the claim presents the opposite meaning of the reference."",
  ""answer"": ""Opposite meaning""
}"
s_914,Energy Efficiency: Superior Energy Efficiency: NoCs are designed to be more energy-efficient compared to traditional communication methods. They achieve this by optimizing communication latencies and throughput while minimizing power dissipation and energy consumption .,"[10] Motivation. As more on-chip computation resources are available, the Networks-on-Chip (NoC) power consumption is expected to increase in the future many-core era. Many of these would have to be switched off while inactive to keep power consumption and chip temperature low. However, the NoC infrastructure must be kept alive to serve shared caches and memory accesses. A recent study shows that the proportion of NoC power consumption becomes appreciable in comparison to computation counterpart. A 32 core chip at $45nm$ substantially raises NoC power $(\sim 42\%)$ among the remaining on-chip active resources (cores, shared caches, memory controllers, PCIe controllers) [1]. Therefore, low power becomes the primary objective for modern NoC designs.","{
  ""justification"": ""The claim asserts that Networks-on-Chip (NoCs) are designed to be more energy-efficient. In contrast, the reference highlights that NoC power consumption is a significant and increasing problem, stating that it \""is expected to increase in the future many-core era\"" and \""substantially raises NoC power\"". The reference frames low power as a \""primary objective\"" for future designs precisely because of this high consumption, which is the opposite of the claim's assertion that they are already efficient."",
  ""answer"": ""Opposite meaning""
}"
s_861,"Composite Dams: These use a combination of materials, such as earth and rock, to optimize both impermeability and structural stability .","Earth-rock dam is the most common type of dam in water conservancy and hydropower engineering. Earth-rock dams have many advantages in material selection, but the management of earth-rock dams during construction is a difficult problem at present. In the process of filling construction of earth-rock dam, due to the characteristics of the wide construction area, long construction period and harsh operating environment of construction machinery, the traditional dam filling construction process management model is difficult to fully control the construction quality. The Altash Hydro-junction dam is the largest water conservancy project under construction in Xinjiang. The type of dam is sand and gravel rockfill dam with a concrete face, with a total length of 795.00m, a crest elevation of 1825.80m, a crest width of 12m and a maximum height of 164.8m, the filling capacity is about 25 million m3. In addition, due to dam construction on the deep layer, and its seismic fortification intensity 9 °, dam embankment and settlement request is higher and the quality control in the process of the dam filling put forward the major challenge. In this case, the project uses China's Beidou high-precision positioning equipment, combined with RTK differential system, to achieve real-time intelligent monitoring of the dam rolling construction process dynamically and high-precision. Combined with this technology, the project has realized the strict control of dam filling construction quality and improved the construction management level of water conservancy projects.","{
  ""justification"": ""The claim explains that composite dams use a combination of materials like earth and rock to enhance impermeability and structural stability. The reference, however, focuses on the construction management challenges of earth-rock dams and introduces a technological solution (Beidou positioning system) for monitoring the filling process. The reference does not mention the terms 'impermeability' or 'structural stability' as the reasons for the material combination, making the claim's core assertion unverifiable from the given text."",
  ""answer"": ""Related but unverifiable""
}"
i_1524,"Challenges and Future Directions: Technological Advancements: Continuous improvements in remote sensing technology, such as the launch of high-resolution satellites like Sentinel-2, offer new opportunities for detailed sediment monitoring and environmental assessment .","Ocean color remote sensing is one of the important means to monitor the spatial distribution of water quality parameters and to assess the estuarine environment. The successful launch of Gaofen-5 (GF-5) satellite provides researchers a high-resolution alternative for monitoring water quality. As the GF-5 satellite is put into use officially, to explore the practical capability of GF-5 satellite for water color remote sensing, this study takes the Yangtze river estuary as an example. Two GF-5 hyperspectral images acquired on March 27, 2019 are processed to estimate the chlorophyll-a concentration (C<inf>chla</inf>) and suspended sediment concentration (SSC) in the Yangtze river estuary. Compared with water samples and other studies in Yangtze Estuary, the retrieved remote sensing reflectance (R<inf>rs</inf>) is the same as the spectrum of high turbidity water body. Additionally, the obtained parameter value range and spatial distribution of Yangtze river estuary water quality parameters in dry season are consistent with previous studies and natural laws. The application effect of GF-5 hyperspectral image is ideal, and our future study will further exploit the potential of GF-5.","{
  ""justification"": ""The claim mentions the \""Sentinel-2\"" satellite as an example of a technological advancement. The provided reference, however, discusses the \""Gaofen-5 (GF-5)\"" satellite for monitoring water quality and suspended sediment concentration. The reference does not mention Sentinel-2, so the claim has substituted the correct entity (Gaofen-5) with an incorrect one (Sentinel-2)."",
  ""answer"": ""Entity error""
}"
i_1626,"Underlying Mechanisms: Innovation: Gender diversity on boards is positively correlated with green innovation, including both green product and process innovations. This innovation is crucial for improving environmental performance .","This study empirically investigated the relationship between board gender diversity and firm's green innovation, using panel data of public companies of China's manufacturing. Green product innovation was assessed by ""green"" patents and green process innovation assessed by environmental management certification. The endogeneity problem that resulted from self-selection of gender diversity was addressed by means of extended probit regressions with an instrumental variable, and the instrumental variable was elaborately constructed based on changes in directorships. The findings show that occurrence of green innovation at the firm-level is systematically related to female board representation. Specifically, women can exert a sizable and positive effect on green innovation, once they enjoy at least two seats on the boards; a further increase in representation of women on the boards can increase the likelihood of green product innovation rather than the likelihood of green process innovation. These results were robust to various regression specifications and alternative samples. The study provides empirical evidence that women at the top management can play a positive role in developing firm's active environmental strategies, and the conclusions are of practical implications for improving corporate governance along the environmental dimension.","{
  ""justification"": ""Justification 1: The reference explicitly states that \""occurrence of green innovation at the firm-level is systematically related to female board representation\"" and that women in top management \""play a positive role in developing firm's active environmental strategies.\"" This directly supports the claim's assertion that gender diversity is positively correlated with green innovation and that this innovation is crucial for environmental performance.\nJustification 2: The claim accurately summarizes the findings of the reference. The reference confirms a positive relationship between female board representation and green innovation, which encompasses both product and process innovations as mentioned in the claim. The conclusion of the reference about developing \""active environmental strategies\"" aligns with the claim's statement on improving environmental performance."",
  ""answer"": ""Entailment""
}"
s_269,"1. Natural Language Toolkit (NLTK): Purpose: General NLP tasks, including tokenization, parsing, and semantic reasoning. Use Case: Suitable for building translation systems that require preprocessing and linguistic analysis .","Natural Language Processing (NLP) is a key area of Artificial Intelligence (AI) that plays a critical role in many intelligent applications. To work on NLP, users can choose different Libraries, depending on their familiarity with a particular programming language. In this paper, we are focusing on Python and Java programming languages because of their libraries'richness in the Arabic Natural Language Processing (ANLP) and deep learning (DL) specifically.This paper presents a comparative study of some well-known ANLP and DL libraries considered to be the most valuable Arabic-supporting Python and Java libraries that can suitably deal with the specificities of the Arabic language. We will first focus on some libraries that are most commonly used in NLP tasks, namely NLTK, Gensim, OpenNLP, CoreNLP and GATE. Then, we will present some open-source DL libraries that are considered to be the most powerful DL libraries for ANLP, including TensorFlow, Theano, Keras and DeepLearning4j. These libraries simplify complex jobs and make data integration much easier with fewer codes and in less time.","{
  ""justification"": ""Justification 1: The claim makes specific statements about NLTK's purpose (tokenization, parsing, semantic reasoning) and a specific use case (translation systems). The reference mentions NLTK as a common NLP library but does not provide these specific details, making the claim's assertions unverifiable. Justification 2: While both the claim and reference discuss the NLTK library, the reference only lists it as a commonly used tool for NLP, particularly in the context of Arabic. It does not contain the specific information about its functions or its suitability for translation systems as stated in the claim. Therefore, the claim is related to the reference but cannot be verified by it."",
  ""answer"": ""Related but unverifiable""
}"
i_803,"Strategies to Enhance Reliability: 5. Utilize Field Data for Reliability Improvement - Collecting and analyzing field data can provide valuable insights into product performance in real environments. However, relying solely on non-parametric methods may lead to oversimplified conclusions about product reliability, as these methods might not fully account for the complexities of real-world data .","Product reliability is ultimately reflected and validated in the field with use of products in real environment. With intensified competition in the market place, the product development and validation cycle becomes shorter. This means the products released to the market might not have been fully validated ideally in the development phase. Meanwhile, new technology makes collecting the data from the field more convenient. The best use of field data is crucial in improving product reliability and satisfying customers. On the other hand, field reliability data can be masked, non-homogeneous, seasonal, mixed with non-reliability factors, and incomplete. They may not necessarily accurately reflect inherent product reliability. There have been many data analysis methods developed over the years. Most of them are parametric methods involving time-to- failure distribution or stochastic process. Good summaries of the challenges and methods in the field data analysis can be seen in [1]-[3]. While the parametric data analysis methods are very useful and remains fundamental, they have some limitations summarized below. (2)The mathematical assumptions for applying these methods often time do not hold in real world. (2)The selection of the analysis method depends on specific application. This makes it hard to provide a unified analysis approach in todays' fast pace office environment which requires more standard and unified analysis and reporting tool leading to quick reaction and timely decision making. (3)Parametric methods are typically mathematically complex. It may not be very intuitive to people who are not familiar with the statistics. Industry practices need the methods easy to understand and explain, more objective with less assumptions and data manipulation, and even easy to visualize. (4)Parametric methods typically have high requirement for data accuracy, which is difficult to meet in reality. The methods that relax this requirement but still provides good value can be very much welcome. (5)Parametric methods typically require more detailed analysis, such as distribution type choice, single or mixed distribution, etc. which makes data analysis automation with big data difficult. There have been efforts in analyzing the field data with non-parametric approach, which can avoid or mitigate many difficulties in the parametric analysis methods though it may not reach the detail of the analysis as the parametric methods do. [3]-[6] are good examples. The field data in many applications exhibit a common format [4], [7], [8] in which for each time period such as a month, certain number of products are released to the market; while certain number of failures occurs. This format of data can be called Nevada format data (table or chart). It applies to both non-repairable systems and repairable systems. Some reliability software package like Weibull ++ from Reliasoft has the function of the warranty data analysis in Nevada format [7]. In this paper, the effort is made to generalize the Nevada format data analysis methodology and make it a unified and relatively simple tool for industry applications. The analysis methods for some typical uses of Nevada format data are presented. Examples are provided throughout the paper..","{
  ""justification"": ""The claim states that relying on non-parametric methods can lead to oversimplified conclusions because they don't account for real-world data complexities. However, the reference argues the opposite: it extensively details the limitations of *parametric* methods in handling real-world data and presents *non-parametric* methods as a favorable alternative that can \""avoid or mitigate many difficulties.\"" The claim incorrectly attributes the weaknesses of parametric methods to non-parametric ones, thus reversing the core argument of the reference."",
  ""answer"": ""Opposite meaning""
}"
i_2358,"Impact of Heavy Metal Exposure on Wheat Plant Growth and Development: Heavy metal exposure significantly impacts the growth and development of wheat plants, leading to inevitable crop failure. The primary heavy metals of concern include cadmium (Cd), copper (Cu), lead (Pb), and zinc (Zn), which can enter the soil through various anthropogenic activities such as industrial emissions, wastewater irrigation, and the use of contaminated fertilizers and sludges, suggesting that all wheat crops are at risk of complete loss due to these metals .","With the rapid development of economy and modern industrial and agriculture, more and more heavy metals such as cadmium, copper and zinc come into environment. Heavy metals are not only polluting soil, water and air, but also affecting crops growth and the yield, and affecting food security and human health by food chain. It was reported that heavy metal contamination of arable land in China has reached 20 million hm<sup>2</sup>, accounting for the country's total cultivated area of 1/6. Therefore, many researchers pay more attention to the heavy metal pollution problems increasingly. At present, researchers usually use chemical and biological methods to test the pollution extent of different heavy metals. Those methods are time consuming and even cause the second environmental pollution. Using spectral analysis to monitor the heavy metals stress on crops is an innovative approach. However, the effect of heavy metal pollution on crops spectrum is still in the exploration stage. Because of the effect of different factors such as plants and environment, the diagnosis of heavy metal stress mechanism on plant is still unclear. The crop tolerance at different growth stages are different from heavy metals, therefor, to explore the critical concentration of different heavy metals stress on crops at the different growth stages has certain practical significance. In order to monitor the crop stress of heavy metal pollution rapidly, under open field plot conditions and using canopy spectral analysis, the canopy spectral features of wheat at different stages of tillering, jointing and heading were studied at the different treatments of Cu (0, 100, 300, 600 and 900 mg/kg) and Zn (0, 250, 500, 750 and 1 000 mg/kg), according to the national soil quality standard (GB15618-1995) of China. The experiment was conducted in the experimental field of Qingdao Academy of Agricultural Sciences in Chengyang District of Qingdao City, in October 2014 to June 2015. The total area of the test plot was 180 m<sup>2</sup>, and the test soil type is Shajiang black soil, with the pH value of 6.85, the organic matter content of 22.6 g/kg, nitrogen content of 94.6 mg/kg, available phosphorus content of 77.5 mg/kg, the available potassium content of 113 mg/kg, copper content of 28.1 mg/kg and zinc content of 73 mg/kg. The experiment was conducted by traditional management. The results indicated that at different concentration treatments of copper (Cu) and zinc (Zn), the canopy spectral reflectance in the visible band (350-760 nm) increased obviously with the concentration treatments increasing of Cu and Zn at the tillering and jointing stages of wheat, however, the canopy spectral reflectance of near infrared band (760-900nm) reduced with the increasing concentration of Cu and Zn treatment levels. Wheat canopy spectral reflectance appeared red edge position and red valley position shifting toward short wavelength called ""blue shift"" at tillering stage of wheat under the different concentration treatments of Cu and Zn. At the tillering stage of wheat, copper treatments of 600 and 900 mg/kg and at the jointing stage copper treatment of 900 mg/kg, the red edge normalized index value (NDVI705) were less than 0.2. At the tillering stage, zinc treatments of 750 and 1 000 mg/kg, the red edge normalized index value (NDVI705) was less than 0.2. This research also indicated that the wheat canopy spectral features response obviously to the threshold values concentration treatment level of Cu were between 300 and 600 mg/kg, and Zn were between 500 g and 750 mg/kg.
[2]: The recent expansion of industrialization has significantly increased heavy metal accumulation in the topsoil of most districts in China, particularly in the farm fields. Heavy metal concentration in the soil determines its chemical properties – especially the pH and nitrogen (N) content. Since plants are dependent on soil N-fixing bacterial communities (SNB) for the availability of this nutrient, it is essential to assess the impact of heavy metals on SNB composition. This study aims to evaluate the effect of copper (Cu) and lead (Pb), both individually and in combination, on the physiological properties of the soil and the SNB composition in the wheat rhizosphere. The number of SNB species and species richness decreased significantly following heavy metal exposure, likely due to considerable soil acidification, which further increased heavy metal accumulation and dissolution. Pb exerted greater toxic effects on SNB composition compared to Cu due to higher acidification. However, alpha diversity of SNB was not significantly affected by either heavy metal, even when combined, indicating that heavy metals do not always synergistically act on soil bacterial communities. Some SNB taxa, mainly c__Alphaproteobacteria, o__Sphingomonadales, f__Desulfarculaceae, o__Micrococcales and f__Clostridiales Family XVII Incertae Sedis, showed significant alterations under high concentrations of Cu and/or Pb. This is likely due to the selective pressure exerted by the heavy metals on different SNB which increases the abundance of some and decreases that of others. Taken together, soil pH is an important indicator of heavy metal-induced shift in SNB composition due to the altered uptake and utilization of nutrients. The findings offer new insights into the synergistic effects of Cu and Pb in the soil, which can have long-term effects on crop yield.
[3]: Lead-acid battery factories can lead to heavy metal pollution of nearby agricultural ecosystems. To assess the ecological risk and to understand the transport processes of heavy metals in an agricultural ecosystem, the concentrations of heavy metals in agricultural soils (As, Cd, Cr, Cu, Mn, Ni, Pb, and Zn) and in wheat plants at different stages of growth (Cd, Pb, and Zn) were investigated near the Fengfan lead-acid battery factory in Baoding, China. Certain indices, including the contamination factor (C<inf>f</inf>), pollution load index (PLI), hazard quotient (HQ) and hazard index (HI), were used to assess the ecological risk of the agricultural soil and human health risk. The results show that the mean concentrations of the heavy metals studied in the surface soils were all lower than the guideline values of China. However, the C<inf>f</inf> values of Pb ranged from 2.8 to 5.3, indicating that the most examined soils were strongly impacted by Pb. The PLI range was 0.6-4.2, indicating moderate contamination levels for those most examined soil samples. The As, Cr, Cu, Mn and Ni in the studied area were geogenic elements and Cd, Pb and Zn were mainly derived from the lead-acid battery factory based on the results of a principal component analysis (PCA) and heavy metal spatial distribution. The elements Cd, Pb and Zn entered the soil though atmospheric deposition and accumulated mainly as a bioavailable fraction at the surface. With respect to wheat berries, only the mean Pb content exceeds the tolerance for Pb at 0.84 mg/kg, indicating a potential risk. In relation to health risk, the HQs of individual heavy metals for different exposure populations were all lower than 1, showing a much lower potential health risk. Nevertheless, the potential health risk due to the cumulative risk of all heavy metals through the consumption of wheat berries exceeded unity for rural populations.
[4]: Background, Scope and Goal. Humic acids (HAs) are the most important humified component of dissolved organic carbon (DOC) present in sewage water used for irrigation. It is well known that HAs affect the toxicity and availability of heavy metals (HMs) in soil-plant systems, and may increase the human exposure to HMs in contaminated soil through plant uptake. This study was conducted to assess the effects of HAs on HM availability, plant growth and HM uptake. Methods: With wheat (Triticum aestivum) as a test plant, a greenhouse pot experiment was conducted to investigate the effects of HAs in irrigation water on the phytoavailability of cadmium (Cd) and lead (Pb) in soil. Cd and Pb were added to the soil at concentrations of 1.5 and 150 mg/kg, respectively. Wheat seedlings grown in Cd and Pb-contaminated soil were watered with 4 levels of HA solution (0, 140, 280 and 560 mg/ kg of HAs, respectively). Results. In control and Pb treatments, both plant biomass and plant HM concentrations increased with increasing concentrations of HAs in the solution. Plant biomass was markedly decreased when metal concentrations in plants increased, particularly in Cd and Cd/Pb treatments. In the soil, extractable metals, and water soluble organic carbon (WSOC) and its fractions significantly increased with increasing HA concentrations. Discussion: The results suggested that the application of HAs in barren soils may improve plant nutrition by mobilizing soil nutrients and providing plants with carbon sources. On the other hand, HAs present in sewage water may increase both the availability and transfer of HMs in the soil-plant continuum and subsequently increase human exposure to HMs in polluted soil. Conclusions: HA solution as irrigation water significantly increased HM availability to plants cultivated in the HM-amended soil and may increase the environmental risk of sewage irrigation. Recommendations and Perspectives. These results suggested that, when assessing the effect of sewage irrigation on soil quality, HAs contained in sewage water should be taken into consideration. © 2006 ecomed publishers (Verlagsgruppe Hüthig Jehle Rehm GmbH).
[5]: Anthropogenic activities increased heavy metals in agricultural systems, increasing nickel (Ni) and vanadium (V) concentrations. Wheat, being an assurance of food security worldwide, can be severely affected by the presence of Ni and V in the soil system. Wheat cultivars possess varied responses to Ni and V. Hence, it seems logical to explore the innate potential of different cultivars to fight against these heavy metals. In the present study, five wheat cultivars were exposed to different Ni and V concentrations. To evaluate the innate tolerance of wheat cultivars to Ni and V toxicity, germination profile, starch metabolism, antioxidant enzyme activities, metabolites, membrane stability index, and ions uptake by wheat seedlings were recorded. Results depicted that wheat cultivars showed differential responses to Ni and V toxicity. The cultivar AARI-2011 performed better than other cultivars in terms of studied parameters. Hence, it can be concluded that the above-mentioned parameters can be employed to explore wheat cultivars' tolerance to Ni and V.
[6]: Background: Cadmium (Cd) is one of contaminants found in agricultural soils caused by anthropogenic activities including wastewater irrigation and application of phosphate fertilizers rich in Cd impurities, sludges and composts. In China, Cd contamination comes to the top in soils contaminated by all heavy metals and their metalloids. Since Cd is toxic to all organisms and highly mobile in soil for plants to take up, excessive Cd accumulation in crop tissues could impede its growth and even lead to mortality. Numerous studies showed that adding exogenous substances to soil could alleviate toxic effects of Cd on crops, but if and how their efficacy varies with crop variety remains poorly understood.Objective: Taking winter wheat as an example, this paper aimed to investigate the effects of exogenous Si, Ca, Mg and humic acid on uptake of Cd by different cultivars and its subsequent translocation at seedling stage.Method: Wheat varieties Bainong 419 (419) with high Cd accumulation in grain and Bainong 418 (418) with low Cd accumulation in grain were taken as the model plants. They were grown in hydroponic culture with the Cd content in it spiked to 10 mg/L or 30 mg/L respectively. We added Si, Ca, Mg and humic acid at different rates to the medium and harvested the crops 30 days later. We then measured Cd accumulation and transportation in roots and shoots, as well as root morphology traits.Result:Crop absorption of Cd varied with the wheat varieties, and the total length, surface area, volume and tip number of the roots in both varieties decreased with the increase in Cd concentration. Compared to variety 418, variety 419 took more Ca for its root developments. At low Cd concentration and compared to CK, adding Si at low dose improved root growth of the variety 419 and reduced Cd accumulation in its roots and shoots, while adding other elements inhibited root growth; applying humic acid at high dose enhanced Cd accumulation in the roots. It was found that compared to CK, adding any exogenous element reduced Ca content in the roots of the variety 419 when Cd concentration was low. For the variety 418 grown in medium with low Cd concentration, adding Si and Ca was more effective to promote root growth than adding Si alone, while adding Mg and humic acid did not show noticeable effects. Adding Si reduced Cd accumulation in roots and shoots at significant level, while adding Ca and Mg only impeded Cd accumulation in the root. Humic acid did not appear to have a noticeable impact on plant Cd. For the crops growing in medium with high Cd concentration, adding Si boosted root growth of both varieties regardless of its application rate, while in contrast, adding other elements were unable to alleviate Cd toxicity to plants at significant level. Compared with other treatments, adding Si at high does significantly increased the translocation factor (TF) for both varieties growing in medium with low Cd concentration, and it was also effective at boosting the TF for the variety 419 growing in medium with high Cd concentration.Conclusion: The most effective conditioner to alleviate Cd toxicity to winter wheat was Si, although its efficacy varies with wheat cultivar, Si application rate and Cd concentration in the medium where the crop grows.","{
  ""justification"": ""The claim asserts that heavy metal exposure leads to \""inevitable crop failure\"" and that \""all wheat crops are at risk of complete loss.\"" The provided references support the idea that heavy metals (like Cd, Cu, Pb, Zn) negatively impact wheat growth, yield, and biomass. However, they do not support the claim's extreme and absolute conclusions. For instance, reference [1] states heavy metals are \""affecting crops growth and the yield,\"" reference [4] notes that \""Plant biomass was markedly decreased,\"" and reference [6] says excessive Cd \""could impede its growth and even lead to mortality.\"" The term \""could\"" implies a possibility, not an inevitability. Furthermore, references [5] and [6] explicitly state that different wheat cultivars have varied responses and tolerance levels to heavy metals, which directly contradicts the idea that \""all\"" wheat crops face the same risk of \""complete loss.\"" Therefore, the claim misrepresents the findings by exaggerating the severity and certainty of the impact."",
  ""answer"": ""Misrepresentation""
}"
s_1429,Probiotics and CRM: Improved milk quality by increasing fat and total solid content .,"[3] Dairy cows are responsible for significant emissions of enteric methane (CH<inf>4</inf>) and produce nitrous oxide (N<inf>2</inf>O) and ammonia (NH<inf>3</inf>) gas from manure. As an abatement strategy, we explored the effects of long-term condensed tannin (Quebracho and chestnut extracts) addition to dairy cow diets. Previous studies have demonstrated that tannins in cow diets reduce methane and ammonia efflux, but none have done so over a >1-month time period. A modified stanchion barn equipped with gas analysis instrumentation measured CH<inf>4</inf>, N<inf>2</inf>O, and NH<inf>3</inf> fluxes into and from the barn, at the onset of the experiment, and 45 and 90 days after feeding groups of lactating dairy cows a control diet or two levels of tannin extract at 0.45 and 1.8 % of dietary dry matter. Few statistical differences among treatments were observed, likely a consequence of high variability and low sample size necessary for conducting a study of this duration. However, on a per-cow basis, low and high tannin diets lowered CH<inf>4</inf> emissions by 56 g cow<sup>−1</sup> day<sup>−1</sup> and by 48 g cow day<sup>−1</sup>, respectively. Diet tannin additions lowered CH<inf>4</inf> (33 %), NH<inf>3</inf> (23 %), and N<inf>2</inf>O (70 %) per unit milk corrected emissions in the high tannin treatment compared to the control at the end of the experiment, without significant loss in milk production. These results suggest that relatively low concentrations of diet tannin additions can reduce ruminant CH<inf>4</inf> and gaseous N emissions from manure. The tannin effect observed after 90 days is a starting point for considering tannin additions as a potential long-term strategy for improving the environmental footprint of milk production. [15] The potential of a mesophilic-thermophilic-mesophilic anaerobic digestion system was investigated with respect to improvement of both digestion and sanitation efficiencies during treatment of liquid cattle manure. The pilot plant produced a high methane yield from liquid dairy cattle manure of 0.24 m<sup>3</sup> (kg VS<inf>fed</inf>)<sup>-1</sup>. Considering the low system loading rate of 1.4-1.5 kg VS (m<sup>3</sup> d)<sup>-1</sup>, digestion efficiency compared to conventional processes did not appear improved. The minimum guaranteed retention time in the tubular thermophilic reactor was increased compared to a continuously stirred tank reactor. Levels of intestinal enterococci in raw liquid manure as determined with cultivation methods were reduced by 2.5-3 log units to a level of around 10<sup>2</sup> cfu/mL. This sanitizing effect was achieved both during mesophilic-thermophilic-mesophilic and thermophilic-mesophilic treatment, provided the thermophilic digester was operated at 53-55°C. A change in feeding interval from 1 h to 4 h did not significantly alter methane yield and sanitation efficiency. It was proposed that a two-stage, thermophilic-mesophilic anaerobic digestion system would be able to achieve the same sanitizing effect and equal or better digestion efficiency at lower costs. © IWA Publishing 2006.","{
  ""justification"": ""Justification 1: The claim discusses the impact of probiotics on milk quality, specifically fat and total solid content. However, the provided references do not mention probiotics. Reference [3] investigates the use of tannins in cow diets to reduce greenhouse gas emissions, while reference [15] examines the anaerobic digestion of cattle manure for methane production and sanitation.\nJustification 2: There is a complete mismatch between the topic of the claim (probiotics, milk composition) and the topics of the references (tannins, emissions, manure digestion). Therefore, the claim is entirely unrelated to the provided sources and its veracity cannot be determined from them."",
  ""answer"": ""Unrelated and unverifiable""
}"
i_1546,"While sustainable e-waste management strategies are suggested, they may not be effective enough to significantly reduce the increasing e-waste problem in Indonesia .","The fourth industrial revolution has triggered an increase in the demand for information and communication technology equipment. Computers are useful in modern days and it is reflected in the ownership of these appliances which experienced steady growth in recent years. In 2017, about 20% of Indonesian households possess these devices. Undoubtedly, it will correspond to the escalating volume of computer waste. Furthermore, it raises concerns since valuable as well as toxic materials are embedded in e-waste. On the other hand, proper e-waste management is absent in the country. The current study aims to quantify the amount of computer waste generated in Indonesia by applying a stock-based model. The flow model is developed based on the secondary data of household ownership of computers, and the usage period is estimated using the lifetime distribution. The result indicates that computer lifespan in the country is 4.51 years. Besides, the 15 years prediction shows that in 2012 and 2026 the quantity of computer waste is about 1.16 million and 7.47 million respectively. It implies that the amount of e-waste will continue to increase. Therefore, it is imperative to design and implement sustainable e-waste management.","{
  ""justification"": ""The reference states that it is 'imperative to design and implement sustainable e-waste management' in Indonesia due to the increasing volume of e-waste. However, it does not provide any information or analysis on the potential effectiveness of these strategies. The claim's assertion that these strategies 'may not be effective enough' is a speculation that cannot be verified from the given text."",
  ""answer"": ""Related but unverifiable""
}"
s_1601,Mechanical Control: Mechanical methods such as plowing and using stubble cultivators can effectively reduce weed populations by uprooting or burying weeds. Plowing has been shown to significantly reduce wild chamomile densities and improve crop yields .,"[7] Soybean is important food crops in Indonesia. It utilized as food cook and processed into various foods. The soybean demanding continues to increase but the production capacity still low. One of limiting factors to increase soybean production is weed competition. The effective method to weed control usually is using chemical herbicide but had adversely effect on the environment and food health. The development new method in control weed was very interesting. The research was conducted in Agronomy Laboratory, Faculty of Agriculture Halu Oleo University, using randomized block design (RBD), consisting of 4 treatments. The treatments were P0 = control, P1 = Isolate Pseudomonas aeruginosa A08 + water, P2 = Isolate Pseudomonas aeruginosa A08 + talc powder and P3 = Isolate Pseudomonas aeruginosa A08 + chaff charcoal husk powder. Each treatment was repeated three times, and each experimental unit consisted of three plants so that there were 36 plants. The result showed that the P. aeruginosa could suppress weed growth but does not had adversely affect on the soybean growth. The best carrier material for bioherbicide formulation suitable for P. aeruginosa is the talc powder that can improve the ability of P. aeruginosa A08 as bioherbicide.","{
  ""justification"": ""Justification 1: The claim discusses mechanical weed control methods such as plowing and using stubble cultivators. The reference, however, focuses on a completely different topic: the use of the bacterium Pseudomonas aeruginosa as a bioherbicide to control weeds in soybean crops. The reference does not mention any mechanical control methods. Justification 2: The claim is about mechanical weed control. The reference is about biological weed control. The two topics are distinct and the information in the claim cannot be found anywhere in the provided reference."",
  ""answer"": ""Unrelated and unverifiable""
}"
i_81,Techniques to Address Imbalanced Data: Algorithmic Adjustments: Cost-sensitive Learning: Adjusts the cost of misclassification to penalize errors on the minority class more heavily .,"In recent years, imbalanced learning has attracted the attention of many researchers. In general, minority classes are more noteworthy, and the cost of misclassification is much higher than that of majority classes. Because of the imbalanced distribution of imbalanced data, the standard classification algorithms will be difficult to apply. In order to solve the problem of imbalanced data classification, a zeroth-order optimization algorithm based on under-sampling is presented. Firstly, in order to reduce the influence of imbalanced data distribution, two different sampling strategies are adopted for data sets with different imbalanced ratios. Then, an SVM(Support vector machine) model with margin mean term is used for classification, and a zeroth-order stochastic gradient descent algorithm with reduced variance is used to solve the problem. At the same time, the accuracy of the algorithm is improved. A comparative experiment is carried out on imbalanced data, and the experimental results show that the proposed method effectively improves the classification effect of imbalanced data.
[13]: With the availability of high-speed Internet and the advent of Internet of Things devices, modern software systems are growing in both size and complexity. Software defect prediction (SDP) guarantees the high quality of such complex systems. However, the characteristics of imbalanced distribution of defect data sets have led to the deviation and loss of accuracy of most software defect prediction methods. This paper presents two novel approaches for learning from imbalanced data sets to produce a higher predictive accuracy over the minority class. These two methods differ in whether the oversampling and the misclassification cost information are utilized during training stage, and they are good at different aspects of imbalanced classification, one for dealing with highly imbalanced data sets and the other for moderately imbalanced data sets. Comparing with other state-of-the-art imbalance learning algorithms on imbalanced datasets, the experimental results show that these two methods have achieved excellent results in terms of G-mean and AUC measures, and more accurately identified the defective modules to reduce the cost of detection system. © 2021 IEEE.","{
  ""justification"": ""Justification 1: The claim is supported by the references. The first reference states that for imbalanced data, \""the cost of misclassification is much higher than that of majority classes.\"" Reference [13] mentions using \""misclassification cost information\"" during the training stage to handle imbalanced datasets. This aligns with the claim's description of cost-sensitive learning.\nJustification 2: The claim accurately describes cost-sensitive learning. The references confirm that the cost of misclassifying the minority class is higher and that using this cost information is a technique for imbalanced learning, thus entailing the claim."",
  ""answer"": ""Entailment""
}"
s_158,"Potential Applications for Gold-Related Data: PPO can be utilized to manage portfolios that include gold, optimizing the allocation to maximize returns and minimize risks. This is inferred from its successful application in asset allocation tasks .","Asset allocation is an important task in wealth management. In this paper, reinforcement learning(RL) is applied in asset allocation task. Firstly, we propose an Advanced Proximal Policy Optimization(Ad-PPO) algorithm and compare its performance with other algorithms. The empirical results show that Ad-PPO algorithm has a better performance in asset allocation than PG algorithm, PPO algorithm, and equal-weight policy. Secondly, we find the RL algorithms may overfit easily in asset allocation task. To solve this problem, we control the training episodes, simplify the policy network structure and take random initialization on the environment. By these treatments, RL algorithms can be applied in asset allocation tasks effectively.","{
  ""justification"": ""The reference discusses the application of the PPO algorithm for asset allocation in general. However, it makes no mention of 'gold' or any other specific asset. The claim's assertion that PPO can be used for portfolios that include gold is an inference that is not explicitly supported or mentioned in the provided text, making it unverifiable."",
  ""answer"": ""Related but unverifiable""
}"
i_189,###  ** Applications** -  ** Machine Translation** :  SBERT and cosine similarity can enhance the performance of neural machine translation systems by accurately expanding training corpora with semantically similar sentence pairs .,"In recent years, the research of neural networks has brought new solutions to machine translation. The application of sequence-tosequence model has made a qualitative leap in the performance of machine translation. The training of neural machine translation model depends on large-scale bilingual parallel corpus, the size of corpus directly affects the performance of neural machine translation. Under the guidance of BERT (Bidirectional Encoder) model to calculate the semantic similarity degree for the extension of training corpus in this paper. The scores of two sentences were calculated by using dot product and cosine similarity, and then the sentences with high scores were expanded to the training corpus with a scale of 540,000 sentence pairs. Finally, Transformer was used to train the Mongolian and Chinese neural machine translation system, which was 0.91 percentage points higher than the BLEU value in the baseline experiment.","{
    ""justification"": ""The claim states that SBERT is used to enhance machine translation performance. However, the reference specifies that the BERT (Bidirectional Encoder) model was used, not SBERT. This is an entity error as the specific model mentioned in the claim is different from the one in the source text."",
    ""answer"": ""Entity error""
}"
s_1638,7. Education and Training: Farmer Education: Initiatives like Coastal Field Schools (CFS) that provide participatory learning and problem-solving skills to farmers do not significantly improve their knowledge and productivity .,"Central Java Province is among the largest aquaculture producers in Indonesia. This hefty contribution also comes with a challenge of degraded coastal areas primarily due to mangrove conversion into ponds, land subsidence, and raising sea surface. In Demak Regency, abrasion and robs flood have adversely affected the farmers' aquaculture ponds since the past decades. The changing coastal environment and lack of knowledge to adapt in aquaculture management led to declining production that hampered the community's resilience in the future. To help the farmers to thrive, an initiative called Coastal Field School (CFS) was implemented in 10 villages in Demak. Principally, CFS is a participatory learning method that emphasizes problem solving and discovery based on learning toward their production systems. The entire CFS program took place in 2015 - 2020, however this study only focused on the CFS conducted in Bedono village during May 2019 - September 2019. This paper discusses the CFS impact on the farmers' knowledge change using the indicators of farmers' program participation level, pre-test and post-test result to determine the knowledge improvement, aquaculture management technique, and productivity rate. The test was analyzed using a paired t-test where the knowledge level of farmers increased significantly (p < 0.001). The farming productivity rate also improved by nearly 30%. It is concluded that CFS can strengthen the farmers' resilience in the degraded coastal area in Demak.","{
  ""justification"": ""The claim asserts that Coastal Field Schools (CFS) \""do not significantly improve\"" farmers' knowledge and productivity. This is in direct contradiction to the reference, which states that \""the knowledge level of farmers increased significantly (p < 0.001)\"" and \""The farming productivity rate also improved by nearly 30%\"". The claim presents the opposite conclusion of the study described in the reference."",
  ""answer"": ""Opposite meaning""
}"
i_2000,"Dynamic Ecosystem Modelling: The Wild species Integration for Shellfish Ecoaquaculture (WISE) approach uses field data and ecosystem models to understand the food requirements for maintaining natural benthic biodiversity, informing managers on sustainable aquaculture thresholds .","This paper presents an ecosystem modelling approach aimed at improving shellfish aquaculture management by explicitly considering natural benthic biodiversity. This methodology uses a combination of benthic field survey data, sediment and bathymetric mapping, physiological models and dynamic ecosystem modelling. The Wild species Integration for Shellfish Ecoaquaculture (WISE) approach helps to understand the baseline food requirements for maintaining natural benthic biodiversity of suspension-feeding organisms, thus informing managers on potential upper thresholds for shellfish aquaculture. WISE was tested in four coastal systems in Europe and China, including bays, estuaries and sea loughs with widely differing aquaculture activities. In the European systems, where the aquaculture industry is developing, species diversity and abundance are much higher and suspension-feeding wild species play an important role in the consumption of food resources. Densities of wild individuals were estimated to be 13 ind m<sup>- 2</sup> in Sanggou Bay (total: 2 × 10<sup>9</sup>), 33 ind m<sup>- 2</sup> in Xiangshan Gang (total: 122 × 10<sup>9</sup>), 95 ind m<sup>- 2</sup> in Carlingford Lough (total: 4.62 × 10<sup>9</sup>) and 175 ind m<sup>- 2</sup> in Loch Creran (total: 2.62 × 10<sup>9</sup>). Total clearance rates by wild populations were calculated as 5% of the total volume d<sup>- 1</sup> in Sanggou Bay (75 × 10<sup>6</sup> m<sup>3</sup> d<sup>- 1</sup>), 11% d<sup>- 1</sup> in Xiangshan Gang (434 × 10<sup>6</sup> m<sup>3</sup> d<sup>- 1</sup>), 40% d<sup>- 1</sup> in Loch Creran (93 - 99 × 10<sup>6</sup> m<sup>3</sup> d<sup>- 1</sup>) and 45% d<sup>- 1</sup> in Carlingford Lough (170-250 × 10<sup>6</sup> m<sup>3</sup> d<sup>- 1</sup>). In relative terms, wild populations play a more important role than cultivated shellfish in clearing suspended particles from the European systems due to the much lower aquaculture activity. 56% and 76% of total primary production in Loch Creran and Carlingford Lough, respectively, are consumed annually by wild organisms, while less than 50% is consumed in Chinese systems (45% in Sanggou Bay and 2.9% in Xiangshan Gang). Integration of the WISE approach within broader ecological modelling illustrates some of the trade-offs between commercial aquaculture and the conservation of biodiversity, showing that rates of and capacities for shellfish culture are reduced when both wild and cultured suspension-feeding species are considered in relation to the available seston. When food resources are partitioned between wild and cultivated species, there is a decrease in individual length and weight (9 to 22% reduction in shell length and 24 to 52% reduction in total fresh weight for the Pacific oyster; reductions of 6% in length and 20% in weight for blue mussel; reductions of 4% in length and 13% in individual weight for bivalves in Xiangshan Gang), resulting in a lower aquaculture production (e.g. for Pacific oyster, a reduction of 12.5% in Carlingford Lough, 34% in Loch Creran and of 9% for bivalves in Xiangshan Gang). © 2007 Elsevier B.V. All rights reserved.","{
  ""justification"": ""Justification 1: The reference explicitly states that the WISE approach \""uses a combination of benthic field survey data... and dynamic ecosystem modelling\"" to \""understand the baseline food requirements for maintaining natural benthic biodiversity... thus informing managers on potential upper thresholds for shellfish aquaculture.\"" This directly supports all elements of the claim.\nJustification 2: The claim accurately summarizes the purpose and methodology of the WISE approach as described in the reference. The reference confirms that WISE uses field data and models to determine food requirements for biodiversity, which in turn informs managers about sustainable aquaculture limits."",
  ""answer"": ""Entailment""
}"
s_419,"Text Mining: Processes: Key processes in text mining include text refining (transforming free text into an intermediate, machine-processable form) and knowledge distillation (deducing patterns or knowledge from the intermediate form), which are sufficient to fully capture the meanings intended by the authors of the texts .","Text data, which are represented as free text in World Wide Web (WWW), are inherently unstructured and hence it becomes difficult to directly process the text data by computer programs. There has been great interest in text mining techniques recently for helping users to quickly gain knowledge from the Web. Text mining technologies usually involve tasks such as text refining which transforms free text into an intermediate representation form which is machine-processable and knowledge distillation which deduces patterns or knowledge from the intermediate form. These text representation methodologies consider documents as bags of words and ignore the meanings and ideas their authors want to convey. As terms are treated as individual items in such simplistic representations, terms lose their semantic relations and texts lose their original meanings. In this paper, we propose a system that overcomes the limitations of the existing technologies to retrieve the information from the knowledge discovered through data mining based on the detailed meanings of the text. For this, we propose a Knowledge representation technique, which uses Resources Description Framework (RDF) metadata to represent the semantic relations, which are extracted from textual web document using natural language processing techniques. The main objective of the creation of RDF metadata in this system is to have flexibility for easy retrieval of the semantic information effectively. We also propose an effective SEMantic INformation RETrieval algorithm called SEMINRET algorithm. The experimental results obtained from this system show that the computations of Precision and Recall in RDF databases are highly accurate when compared to XML databases. Moreover, it is observed from our experiments that the document retrieval from the RDF database is more efficient than the document retrieval using XML databases. © 2008 Springer-Verlag Berlin Heidelberg.","{
  ""justification"": ""The claim asserts that text refining and knowledge distillation are 'sufficient to fully capture the meanings intended by the authors'. However, the reference directly contradicts this by stating that these methodologies 'ignore the meanings and ideas their authors want to convey' and cause texts to 'lose their original meanings'."",
  ""answer"": ""Opposite meaning""
}"
i_120,"Sustainable AI development methods such as model compression, quantization, and the use of renewable energy are essential to mitigate these impacts .","[3] Although artificial intelligence (AI), especially robotics technology, has gained rapid growth and been applied in many areas, bringing numerous positive outcomes, it has also resulted in many ethical concerns, most notably in the development of AI and robot interaction technology. To better realize the "" benign interaction between man and machine"" and open a new era of intelligence in which man and machine coexist harmoniously, it is necessary to coordinate efforts in strengthening legislative research, formulating ethical standards, improving safety standards, establishing a regulatory system, and promoting global governance in order to effectively prevent and respond to the multiple ethical issues caused by robots in the process of design, R&D, production, and use. [8] Artificial intelligence embedded developers, see to provide an innovative solution as possible. Artificial Intelligence (AI) has seen the development of the Internet's new things, an essential technology for cyber-physical systems, such as robots and autonomous vehicles. Embedded AI is a broad term for using deep learning and software platforms to improve the employee's day-to-day aspects. Sustainable development of society and the economy are promoting science and technology. Artificial intelligence is a topic of hot critical advances in human science and technology. Continuous advancements in artificial intelligence are not only human beings; many of the new for a variety of new future services have opened an unprecedented experience. This initiative can be defined on information known as (recorded), which are generated internally. Information embedded in the processed records obtained the knowledge to help the organization make timely and sufficient information. The student information management system of the new type based on fingerprint recognition is designed to achieve the recognition and management of student information. To ensure the security of data transmission, and suggests an improved data encryption method. [19] Pneumococcal colonization and disease is often associated with biofilm formation, in which the bacteria exhibit elevated resistance both to antibiotics and to host defense systems, often resulting in infections that are persistent and difficult to treat. We evaluated the effect of sinefungin, a nucleoside analogue of S-adenosylmethionine, on pneumococcal in vitro biofilm formation and in vivo colonization. Sinefungin is bacteriostatic to pneumococci and significantly decreased biofilm growth and inhibited proliferation and structure of actively growing biofilms but did not alter growth or the matrix structure of established biofilms. Sinefungin significantly reduced pneumococcal colonization in rat middle ear. The quorum sensing molecule (autoinducer-2) production was significantly reduced by 92% in sinefungin treated samples. The luxS, pfs, and speE genes were downregulated in biofilms grown in the presence of sinefungin. This study shows that sinefungin inhibits pneumococcal biofilm growth in vitro and colonization in vivo, decreases AI-2 production, and downregulates luxS, pfs, and speE gene expressions. Therefore, the S-adenosylmethionine (SAM) inhibitors could be used as lead compounds for the development of novel antibiofilm agents against pneumococci. © 2014 Mukesh Kumar Yadav et al.","{
  ""justification"": ""The user wants me to evaluate the claim against the provided references. The claim discusses specific technical methods for achieving sustainable AI, namely model compression, quantization, and the use of renewable energy. I will examine each reference to see if it supports this claim.\n\n1.  **Reference [3]:** This abstract discusses the *ethical concerns* of AI and robotics, focusing on legislation, ethical standards, and safety regulations. It does not mention any technical methods for sustainability like model compression or renewable energy.\n2.  **Reference [8]:** This abstract provides a high-level overview of embedded AI and its role in cyber-physical systems. It mentions \""Sustainable development\"" in a very general context of societal progress but does not detail any specific methods. The focus shifts to a student information system and data encryption, which is irrelevant to the claim's topic.\n3.  **Reference [19]:** This abstract is about pneumococcal colonization, biofilm formation, and the effect of a compound called sinefungin. It is entirely unrelated to Artificial Intelligence. The term \""AI-2\"" in the text refers to \""autoinducer-2,\"" a molecule in microbiology, not Artificial Intelligence.\n\n**Conclusion:** None of the provided references contain any information about the methods mentioned in the claim (model compression, quantization, renewable energy) for making AI sustainable. The topics of the references (AI ethics, general AI applications, and bacteriology) are completely different from the specific topic of the claim. Therefore, the claim is unrelated to the references and cannot be verified."",
  ""answer"": ""Unrelated and unverifiable""
}"
s_526,"Practical Applications and Experimental Insights: Hydroelastic Analysis: Time-domain hydroelastic analysis of marine structures, using state-space representations, can accurately simulate dynamic responses to incident waves and transient conditions. This approach helps in designing structures that can better withstand fluid-induced instabilities .","This article deals with time-domain hydroelastic analysis of a marine structure. The convolution terms associated with fluid memory effects are replaced by an alternative state-space representation, the parameters of which are obtained by using realization theory. The mathematical model established is validated by comparison to experimental results of a very flexible barge. Two types of time-domain simulations are performed: dynamic response of the initially inert structure to incident regular waves and transient response of the structure after it is released from a displaced condition in still water. The accuracy and the efficiency of the simulations based on the state-space model representations are compared to those that integrate the convolutions. © 2009 by ASME.",
s_361,"Predictive Analytics: AI uses predictive analytics to forecast demand, manage inventory, and optimize pricing strategies, which helps in maximizing revenue and minimizing waste .","Purpose: In the most abstract way, artificial intelligence (AI) allows human work to be shifted toward technological systems that are currently not fully capable. Following this, the domain of retail can be sketched as a natural fit for the application of AI tools, which are known for their high proportion of human work and concurrent low profit margins. This paper aims to explore the current dissemination of the application of AI within the industry. The value-added core tasks of retail companies are examined to determine the possible utilization and the market adoption within the globally largest retail companies is given. Design/methodology/approach: The paper uses two different approaches to identify the scientific state-of-the-art: a search on the major scientific databases and an empirical study of the ten largest international retail companies and their adoption of AI technologies in the domains of wholesale and retail. Findings: The application within the different value-added core tasks varies greatly depending on the area. In summary, there are numerous possible applications in all areas. Especially, in areas where future forecasts are needed within the task areas (such as marketing or replenishment), the use of AI, today, is both scientifically and practically highly developed. In contrast, the market adoption of AI is highly variable. The pioneers have integrated extensive applications into everyday business, while the challengers are investing heavily in new initiatives. Some others, however, show neither active use nor any effort to adopt such technology. Originality/value: To the best of the author's knowledge, this is one of the first research contributions to analyze the areas of application and the impact of AI structured along the value-added core processes of retail companies.","{
  ""justification"": ""The reference states that AI is highly developed for \""future forecasts\"" in areas like \""marketing or replenishment.\"" The claim expands this to a specific list of applications (\""forecast demand, manage inventory, and optimize pricing strategies\"") and outcomes (\""maximizing revenue and minimizing waste\"") that are not explicitly mentioned in the reference, thus overstating the information provided."",
  ""answer"": ""Misrepresentation""
}"
s_2051,"2. Habitat Connectivity: Spatio-Temporal Connectivity: Landscape connectivity is often evaluated using static models, but dynamic models that account for temporal changes in habitat patches can provide a more accurate estimate of connectivity. This approach showed that connectivity could be up to 130% higher than static models suggest, particularly benefiting species with shorter dispersal distances .","Landscape heterogeneity and habitat connectivity affect species movements, playing an important role in determining the likelihood of species persistence. However, landscape connectivity is usually evaluated using static snap-shots, which do not account for the sequential interactions among habitat patches through time. We developed a network-based model of landscape dynamics, and corresponding connectivity metrics, to account for the reachable habitat across space and time. We illustrate the behaviour of these metrics, using fragmented forested landscapes in the Atlantic Forest of Brazil. We parametrized the models using the dispersal capacities of selected bird and small mammal species. We found that when considering spatio-temporal links, connectivity is estimated to be on average 30% higher (with a maximum of 150% higher) than what is estimated from purely spatial models. This higher degree of spatio-temporal connectivity arises due to connections through temporal stepping-stone patches that appear (habitat gain) and disappear (habitat loss) over time. Species with short dispersal distances (<1000 m) particularly benefited from the spatio-temporal connections. The contribution of spatio-temporal connectivity to habitat reachability increased with higher habitat loss rates. Moreover, it depended on the amount of habitat in the landscape, being higher at intermediate habitat amounts (∼30%). We showed that accounting for spatio-temporal connectivity is critical for understanding ecological patterns and processes in dynamic landscapes, and that a series of purely spatial connectivity metrics underestimates the actual connectivity patterns across time. The proposed spatio-temporal connectivity approach and metrics can be applied to evaluate the effective connectivity patterns and trends in a variety of dynamic landscapes, avoiding the potential overestimates of population isolation and extinction probabilities that may result from widely used purely spatial connectivity models.","{
  ""justification"": ""The claim states that connectivity could be up to 130% higher than static models suggest. The reference, however, states that connectivity can be 'a maximum of 150% higher'. This is a numeric error."",
  ""answer"": ""Numeric error""
}"
s_838,"Prismatic Cells: Generally have a more flexible design, allowing for better integration into various vehicle architectures. They can also incorporate advanced safety features more easily .","Safety is a stumbling block to the applications of the lithium-ion batteries in electric vehicles, especially under the abuse condition of overcharge. Much research on preventing overcharge is being done to ensure the safety of the lithium-ion batteries. However, almost no strategy can balance the safety and the performance of the lithium-ion batteries well for overcharge protection. No data to support the longer term effectiveness of the used strategy were presented in the previous reports. Herein, a new electrolysis reaction, synergistic electrolysis of the organic/inorganic compounds (p-fluorotoluene and Li <inf>2</inf> CO <inf>3</inf> ) is built for the first time as a controllable gas source to solve the overcharge problem of the prismatic lithium-ion battery cell with a current interrupt device inside. Overall, the balance point between the long-time performance and overcharge protection can be well achieved using the synergistic electrolysis.
[7]: With the increasing popularity of electric vehicles (EVs), the demands for rechargeable and high-performance batteries like lithium-ion (Li-ion) batteries have soared. Li-ion battery systems require the use of a battery management system (BMS) to perform safely and efficiently. Accurate and reliable battery modeling is important for the BMS to function properly. Currently, many BMS applications use the equivalent circuit model due to its simplicity. However, with the development of a cloud BMS, machine learning battery models can be utilized, which can potentially improve the accuracy and reliability of the BMS. This work investigates the performance of four different machine learning models used to predict the thermal (temperature) and electrical (voltage) behaviors of Li-ion battery cells. A prismatic Li-ion battery cell with a capacity of 25 Ah was cycled under a constant current profile at three different ambient temperatures, and the surface temperature and voltage of the battery were measured. The four machine learning regression models—linear regression, k-nearest neighbors, random forest, and decision tree—were developed using the scikit-learn library in Python and validated with experimental data. The results of their performance were reported and compared using the R<sup>2</sup> metric. The decision tree-based model, with an R<sup>2</sup> score of 0.99, was determined to be the best model in this case study.","{
  ""justification"": ""The claim discusses the flexible design and integration advantages of prismatic cells. The references, while mentioning prismatic cells and safety in the context of electric vehicles, do not provide any information about their design flexibility, integration into vehicle architectures, or the ease of incorporating safety features."",
  ""answer"": ""Related but unverifiable""
}"
i_1200,"Preventive and Therapeutic Effects: Bone Mineral Density (BMD): Supplementation with calcium and vitamin D does not improve BMD, and may not significantly affect fracture risk. Studies have shown no significant changes in BMD with combined supplementation .","BACKGROUND: Decreased bone mineral density (BMD) is prevalent in HIV-infected patients. Bisphosphonates are currently the mainstay of treatment for postmenopausal and male osteoporosis in HIV-uninfected individuals; however, their efficacy and safety in HIV-infected patients remains unclear. METHODS: In this prospective, randomized, placebo-controlled multicenter trial, we studied the effectiveness of calcium and vitamin D supplementation with or without alendronate in improving BMD in HIV-infected subjects receiving stable antiretroviral therapy. Subjects with secondary causes of osteoporosis were excluded. The study was powered to detect differences of 3.5% between arms and to detect a moderate sex effect in percentage change in lumbar spine BMD. All dual-energy X-ray absorptiometry scans were analysed centrally, blinded by arm. RESULTS: The 82 subjects enrolled were 71% men, 77% white, with a baseline median age of 48 years, CD4 cell count of 469 cells/μl, and lumbar spine t-score of less than 2.1; 91% had HIV-RNA levels less than 400 copies/ml, and 99% were taking antiretroviral drugs. Compared with calcium/vitamin D alone, alendronate plus calcium/vitamin D resulted in significant improvements in BMD at the lumbar spine, total hip, and trochanter, but not at the femoral neck, compared with baseline. There were trends towards significant increases in BMD values in the calcium/vitamin D group at the lumbar spine, total hip, and femoral neck. There were no apparent sex differences in the responses to therapy. Alendronate was well tolerated, without significant adverse events. CONCLUSION: Once-weekly alendronate is safe and effective in the treatment of decreased BMD in HIV-infected patients. © 2007 Lippincott Williams & Wilkins, Inc.
[7]: Osteoporosis results from an imbalance in bone homeostasis and leads to bone fragility with an increased risk of fractures. It is, however, a preventable disease, with calcium and vitamin D supplementation both playing a part. The development of vitamin D analogues has led to improved treatment and prevention of osteoporosis, with benefits in terms of skeletal muscle function and balance, increased bone volume and inhibition of bone resorption. ED-71 is a second-generation vitamin D analogue with improved binding to vitamin D-binding protein (DBP) compared with calcitriol, the most potent metabolite of natural vitamin D. The preventive and therapeutic effects of ED-71 on bone mineral loss have been demonstrated in rat models of osteoporosis, where it significantly increased bone mineral density without inducing hypercalcemia. Bone histomorphometric studies showed that this effect resulted from stimulation of bone formation together with a reduction in bone resorption. Open, randomized, controlled studies conducted in subjects with osteoporosis have demonstrated a significant positive effect for ED-71 on bone mineral density following 6 and 12 months of treatment. Phase III trials are ongoing in Japan. Copyright © 2005 Prous Science.","{
  ""justification"": ""The claim asserts that supplementation with calcium and vitamin D does not improve Bone Mineral Density (BMD). However, Reference [7] explicitly states that osteoporosis, a condition characterized by low BMD, is a \""preventable disease, with calcium and vitamin D supplementation both playing a part.\"" Furthermore, Reference [1] notes that in the group receiving only calcium and vitamin D, there were \""trends towards significant increases in BMD values.\"" Therefore, the claim directly contradicts the information provided in the references, which suggest a positive or potentially positive effect of the supplementation on BMD."",
  ""answer"": ""Opposite meaning""
}"
i_1703,"Salinity is a key predictor of benthic macrofauna biomass, abundance, and diversity. Changes in salinity can affect the availability of benthic prey and trophic interactions, as seen in Baffin Bay .","[1] The Baltic Sea is a large brackish semienclosed sea whose species-poor fish community supports important commercial and recreational fisheries. Both the fish species and the fisheries are strongly affected by climate variations. These climatic effects and the underlying mechanisms are briefly reviewed. We then use recent regional -scale climate -ocean modelling results to consider how climate change during this century will affect the fish community of the Baltic and fisheries management. Expected climate changes in northern Europe will likely affect both the temperature and salinity of the Baltic, causing it to become warmer and fresher. As an estuarine ecosystem with large horizontal and vertical salinity gradients, biodiversity will be particularly sensitive to changes in salinity which can be expected as a consequence of altered precipitation patterns. Marine-tolerant species will be disadvantaged and their distributions will partially contract from the Baltic Sea; habitats of freshwater species will likely expand. Although some new species can be expected to immigrate because of an expected increase in sea temperature, only a few of these species will be able to successfully colonize the Baltic because of its low salinity. Fishing fleets which presently target marine species (e.g. cod, herring, sprat, plaice, sole) in the Baltic will likely have to relocate to more marine areas or switch to other species which tolerate decreasing salinities. Fishery management thresholds that trigger reductions in fishing quotas or fishery closures to conserve local populations (e.g. cod, salmon) will have to be reassessed as the ecological basis on which existing thresholds have been established changes, and new thresholds will have to be developed for immigrant species. The Baltic situation illustrates some of the uncertainties and complexities associated with forecasting how fish populations, communities and industries dependent on an estuarine ecosystem might respond to future climate change. © 2007 Blackwell Publishing Ltd. [10] Coastal and estuarine ecosystems exhibit extreme fluctuations in abiotic factors that influence the success and distribution of many introduced marine invertebrates. The frequency of these fluctuations may worsen under the scenario of climate change due to more intense storm events or greater precipitation. While many studies have focused on the response of adult ascidians to salinity, few have examined the response of larvae to low salinity events or post-metamorphic asexual reproduction after larval exposure to low salinity. Here we tested the effect of low salinity on larval metamorphosis and post-metamorphic growth of the introduced ascidian Botrylloides violaceus. We exposed tadpole larvae to salinities ranging 0–30 ppt. Tadpoles metamorphosed in salinities as low as 16 ppt and percent metamorphosis of larvae was not significantly different at salinities >20 ppt. A few tadpoles metamorphosed within 2–4 hr after release, and larval metamorphosis continued for 3–4 days, suggesting that larvae could disperse considerable distances. We then tested post-metamorphic survival, growth, and asexual reproduction of larvae exposed (5–7 days) to varying salinities (18, 20, 25, and 30 ppt), and placed the resulting colonies in full-salinity natural seawater; colony growth was monitored for 9 weeks post-metamorphosis. Results indicated that colonies whose larvae were exposed to low salinity (<25 ppt) had fewer zooids than colonies from larvae exposed to seawater at 30 ppt, but total area occupied by each colony was similar among salinity treatments. Because each individual zooid within a colony filter-feeds and reproduces through asexual budding, fewer feeding individuals within a colony will likely reduce future growth and reproduction. Due to the likelihood of more frequent heavy rain events and low-salinity conditions for the northwest Atlantic Ocean, there is need for continued research to assess the response of ascidians to factors like salinity and to evaluate the spread of ascidians and their adaptation to estuarine and coastal habitats. [13] Abundance of estuarine biota can vary with freshwater inflow through several mechanisms. One proposed mechanism is that the extent of physical habitat for an estuarine species increases with flow. We estimated the contribution of variation in habitat volume to the responses of eight species of estuarine nekton to changes in freshwater flow in the San Francisco Estuary. Resource selection functions for salinity and depth were developed for each species (and for five additional species) using five monitoring data sets. The TRIM3D hydrodynamic model was run for five steady flow scenarios to determine volume by salinity and depth, and resource selection functions were used as a weighting factor to calculate an index of total habitat for each species at each flow. The slopes of these habitat indices vs. flow were consistent with slopes of abundance vs. flow for only two of the species examined. Therefore, other mechanisms must underlie responses of abundance to flow for most species. © 2008 Coastal and Estuarine Research Federation.","{
  ""justification"": ""The claim discusses the impact of salinity on benthic macrofauna, benthic prey, and trophic interactions, specifically citing Baffin Bay as an example. However, the provided references do not mention \""benthic macrofauna,\"" \""benthic prey,\"" \""trophic interactions,\"" or \""Baffin Bay.\"" The references discuss the effects of salinity on different organisms (fish, ascidians, nekton) in different locations (Baltic Sea, northwest Atlantic, San Francisco Estuary). While the general topic of salinity's effect on aquatic ecosystems is related, the specific assertions made in the claim cannot be verified from the given text."",
  ""answer"": ""Related but unverifiable""
}"
s_2134,"Ecosystem Alteration: Invasive plants can change the structure and function of ecosystems, affecting everything from soil composition to water availability .","An alien species, which becomes established in natural or semi-natural ecosystems or habitats, is an agent of change and threatens native biological diversity. The Convention on Biological Diversity (CBD) declared in 1992, in which the issue on invasive alien species was raised, was ratified by the Indonesian Government in 1994. Protecting our biodiversity will be out moral obligation to comply with CBD. Inventory on the invasive alien plant species in Indonesia should also be done by field surveys aside from the data collected from the references and herbarium specimens. Field studies should be carried out to get complete Figures, to identify the new ones, to determine their distributions, to plan their management including prevention to spread, containment and movement or mitigate their impact to environment. Sometimes it is difficult in determining whether the plants are aliens or not. Cooperation with botanists and taxonomists in other parts of the world is necessary. There are some species of invasive alien plant in Indonesia, which have to be watched fortheir aggressiveness i.e. Acasia nilotica (L.) Willd. ex Del., Eupatorium sordidum Less., Jatropa gossipifolia L., Mikania micrantha Kunth, Mimosa pigra L., Opuntia sp., and Piper aduncum L. have to be watch for their aggressiveness. Notes on some important invasive alien plant species in Indonesia are discussed.
[2]: An assessment of alien plant invasive and is very important to control the them at protected areas of tropical forest. Sixty-four alien invasive plant species belong to twenty-three families were recorded at six conservation areas of West Sumatra. The species composition of invasive plant were different among those six conservation areas. Kebun Raya Solok had the highest number of species and genera (41 and 39, respectively) and G. Talamau had the lowest one, with ten species and ten genera. Increasing the number of species and genus of invasive plant concordance to disturbance of the studied areas. More than 50% of invasive plant species in School forest for biological research and education, Limau Manis, were similar to those invasive plant species in Kebun Raya Solok, West Sumatra. In contrast, only 13% of invasive plant species from Kebun Raya Solok were similar to G. Talamau. It is very important to note that three invasive tree species (Acacia auriculiformis, Acacia mangium & Arenga obtusifolia) were detected in three conservation areas and the latest one was dominantly distributed in Lembah Anai and Rimbo Panti Natural Reserve. The existance of these invasive species: Imperata cylindrica, Clydemia hirta, Lantana camara, Leucaena leucocephala, Mikania micrantha and Mimosa pigra into conservation areas in West Sumatra have to be warned cause of the severe effect to the biodiversity. The invasive species from family Asteraceae (except Ageratum conyzoides), Leguminosae and Graminae tend to had the xenogamy breeding system that implied the high level of genetic diversity and well adapted various habitats.","{
  ""justification"": ""Justification 1: The claim states that invasive plants can alter soil composition and water availability. The references discuss the general threat of invasive species to biodiversity and their environmental impact but do not mention these specific effects.\nJustification 2: While the references confirm that invasive species are an \""agent of change\"" and have a \""severe effect to the biodiversity,\"" they do not provide any information to verify the claim's specific points about altering \""soil composition\"" or \""water availability.\"""",
  ""answer"": ""Related but unverifiable""
}"
i_2195,Key Components of Ecosystem-Based Aquaculture: Social and Economic Considerations: Stakeholder Engagement: Involving local communities and stakeholders in decision-making processes ensures that aquaculture practices align with social and economic needs. Participatory GIS models and public hearings have been used to incorporate both environmental and social carrying capacities in site selection for aquaculture parks .,"[14] All major coastal ecosystems in the tropics are being degraded. The problems include losses of biodiversity, reduced ecosystem functions, and costs to coastal human societies. Declines in species' abundances, and habitat loss and modification are the result of the demands for aquaculture, port construction, trawling, excessive nutrient loads, overfishing and collecting, sedimentation from catchment activities, invasive species, and climate change. A global response to these changes has been conservation and management approaches that aim to reduce, reverse, and prevent unnatural changes and address their underlying causes. Successes in conservation and management are likely when actions are designed to achieve the fundamental ecological goals of ensuring resilience, maintaining ecosystem connectivity, protecting water quality, conserving species-at-risk, conserving representative samples of species and assemblages, and managing at the appropriate spatial scale. Achieving societal aspirations for coastal ecosystems requires that management approaches address the socio-economic aspects of issues and include stakeholder consultation, participation, and education. Achieving long-term success in conservation and management requires coastal nations to address fundamental issues such as lack of information for management decision-making, population growth and poverty, limited technical and management capacity, poor governance, lack of stakeholder participation, the mismatches between the issue and the geographic scale of management, lack of an ecosystem perspective, ineffective governance and management, and a lack of awareness of the effects of human activities. © 2009 Springer Science+Business Media B.V. [15] The coastal waters of Nigeria are lined with mangroves which provide invaluable ecological services. Much of these mangroves are not adequately classified or protected by specific laws, policies or agencies. There are different perceptions on the sustainability of aquaculture in mangroves. This paper upholds the principle of precautionary approach where doubts arise and suggests global best practices including elaborate technical assessments in site selection for pond construction, policy frameworks that ensure mangroves maintain their functions while being exploited, requiring investors to maintain environmental management systems, product certification, allocation of aquaculture sites outside pristine mangrove areas, empowerment of relevant agencies for continual satellite-based environmental change monitoring and making reforestation obligatory to investors. It also outlines mangrove management strategies and policies in selected Asian countries compared to Nigeria, harmonizing priorities of externally-funded mangrove projects with local priorities and needs and other supportive policy instruments for strengthening independent regulatory agencies for biodiversity conservation of mangroves in Nigeria. The paper particularly advocates mangrove-friendly aquaculture models such as silvofishery vis-a-vis community concessions and adoption of integrated coastal zone management.","{
  ""justification"": ""Justification 1: The references support the general idea that stakeholder engagement and community involvement are crucial for successful coastal management and aquaculture. However, the specific methods mentioned in the claim, \""Participatory GIS models\"" and \""public hearings,\"" are not mentioned in the provided text.\nJustification 2: While references [14] and [15] emphasize the importance of \""stakeholder consultation, participation, and education\"" and considering \""local priorities and needs,\"" they do not contain any information about the use of \""Participatory GIS models\"" or \""public hearings\"" for site selection. Therefore, these specific details in the claim cannot be verified from the given sources."",
  ""answer"": ""Related but unverifiable""
}"
i_1784,"Sustainable development has been criticized for focusing too much on economic growth and not enough on dynamic human-environment interactions, and it is likely that many policymakers are unaware of the potential benefits of integrating deep ecology principles into their strategies .","Since the late 1980s, the idea of sustainable development has been gaining widespread recognition as a guiding framework for policies on development and the environment. However, the concept of sustainable development has received a number of criticisms, including its over-emphasis on meeting human needs through economic growth, as well as its failure to recognize dynamic human–environment interactions. In response to these shortfalls, the concepts of resilience and adaptive governance have emerged as alternative perspectives for pursuing sustainable development. Resilience in social-ecological systems emphasizes the capacity of coupled human–environment systems to deal with change, while continuing to develop. Adaptive governance relies on diverse and nested institutional mechanisms for connecting actors across multiple scales to manage conflicts and uncertainties in ecosystem management processes. However, the ethical dimensions of resilience and adaptive governance have not received enough attention. A promising ethical perspective for guiding policies on human–environment interactions is the philosophy of deep ecology, which highlights the need for recognition of the intrinsic values of all living things, as well as the nurturing of ecological and cultural diversity. In this paper, I argue that an integration of the principles of deep ecology and adaptive governance provides a complementary set of ethical principles and institutional attributes that offers better prospects for pursuing sustainable development in the era of the Anthropocene. The implications of this integrative agenda include: the adoption of a holistic conception of dynamic human–environment interactions; the recognition of diverse knowledge systems through an anti-reductionist approach to knowledge; the promotion of long term sustainability through respect for ecological and cultural diversity; and embracing decentralization and local autonomy. I further illustrate this integrative agenda using the management of protected areas as a case study.","{
  ""justification"": ""The reference supports the claim that sustainable development has been criticized for its over-emphasis on economic growth and failure to recognize dynamic human-environment interactions. However, the reference does not state that \""many policymakers are unaware of the potential benefits of integrating deep ecology principles.\"" While the paper argues for this integration, it does not provide any information about the awareness level of policymakers, making this part of the claim unverifiable."",
  ""answer"": ""Related but unverifiable""
}"
i_138,"3.   ** Attention Mechanisms** : ** Self-Attention Learning** : Incorporating self-attention mechanisms in CNNs is the only effective way to capture multi-level information from different layers, maintaining spatial resolution and significantly enhancing Re-ID performance  .","Person re-identification is a critical yet challenging task in video surveillance. It aims to match the same person across cameras. Practically, people's appearances vary greatly across cameras. Most deep learning methods rely on single-level features of deep layer while ignoring low-level detailed features of shallow layers, since different layers have different sizes of feature maps and different layers' features cannot be concatenated without extra downsampling or upsampling. To remedy this problem, we propose a novel yet simple self-attention learning method for person re-identification. We design a convolutional neural network(CNN) to capture multi-level information from different layers while keeping spatial resolution of feature maps unchanged by using dilated convolution. Multi-level information consists of two parts: multi-level attention maps and multi-level feature maps. Multi-level attention maps are constrained and multi-level feature maps are concatenated easily. And we combine softmax loss with quadruplet loss, taking full advantages of labels and metric learning at the same time. Experimental results demonstrate the proposed method achieves excellent performance for person re-identification and self-attention constraint can also be used in many other tasks.","{
  ""justification"": ""The claim asserts that self-attention is the \""only effective way\"" to capture multi-level information. The reference, however, proposes it as \""a novel yet simple self-attention learning method\"" that achieves \""excellent performance.\"" The reference presents this method as one effective approach, but it does not state or imply that it is the sole effective method. The claim's use of \""only\"" is an unsupported overstatement and thus misrepresents the findings described in the reference."",
  ""answer"": ""Misrepresentation""
}"
i_123,Ethical and Social Considerations: Human-Machine Interaction: Ensuring harmonious coexistence between humans and AI systems requires coordinated efforts to improve safety standards and promote global governance .,"[11] Artificial Intelligence (Ai intelligence) abbreviated for AI. It is a science and technology to study and develop theories, methods, techniques and application systems for simulating, extending and expanding human intelligence. With the progress of science and technology, artificial intelligence has become the development strategy of many countries, countries gradually integrate artificial intelligence into all areas of society. As a new place for technological innovation activities in recent years, the open, shared, innovative and democratic nature of the creative space has given it a very wide range of development prospects. The application of artificial intelligence in the creative space can realize the intelligent management process, intelligent business operation, intelligent online communication, intelligent material management, intelligent personalized information push service, environment and order maintenance intelligence, aiming to create a new type of creative space, further attract creative talents from all walks of life and develop into high-quality creative and entrepreneurial distribution center. The information age environment has provided unprecedented new opportunities and challenges for the creative space. To realize the intelligence of the creative space, we need to do a good job in the following four aspects of the response. First of all, the development of creative space should focus on and break through the key technologies of AI, combine with the needs of users, combine the technological achievements of external artificial intelligence, give full play to artificial intelligence talents and technological advantages, and tap the greatest value of the creative space. Secondly, the foundation and core of the creative space service is all kinds of raw materials, tools and resources of innovative products, and the use of artificial intelligence technology should also serve the resource construction and management of space. By integrating the tool materials required by the founders with modern intelligent analysis, we continue to enrich the variety of materials and lay the resource base for enhancing the creative services of the genesis space. Third, artificial intelligence technology is a new technology, in order to ensure that artificial intelligence technology in the creative space services play a real role, we must strengthen the construction of human resources, the introduction and training of high-end talent has become a new need for intelligent applications. In addition, we can use advanced artificial intelligence equipment to optimize the space planning and management of the Creative Space. Space design should be reasonable science, intelligent space and intelligent products combined, hardware equipment to meet the needs of big data, can support big data storage and computing services and operating systems, etc. In order to adapt to the development and application of artificial intelligence, we should do a good job in artificial intelligence technology, resource intelligent management technology, related personnel integration, intelligent space re-engineering four aspects of the response measures. Increase investment in construction, as soon as possible to apply artificial intelligence in the creative space, in order to provide the founders with a better quality of modern creation.","{
  ""justification"": ""The claim discusses broad ethical and social considerations of AI, including safety standards and global governance. The reference, however, focuses on a very specific application of AI: its use in 'creative spaces' for management, resource handling, and attracting talent. The reference does not mention ethics, global governance, or safety standards in the context of human-machine coexistence, making the claim's topic entirely different from the reference's content."",
  ""answer"": ""Unrelated and unverifiable""
}"
i_1897,"Environmental and Health Impacts: Bioaccumulation: Heavy metals are likely to accumulate in soils and vegetables, which may pose significant health risks to humans through the food chain, although the extent of these risks is often overstated .","In Erbil city the farmers used both wastewater and well water for irrigation pupose. An inductively coupled plasma ICP was used to analyze heavy metals., including silver (Ag), aluminum (Al), iron (Fe), manganese (Mn), nickel (Ni), lead (Pb), zinc (Zn), chrome (Cr), cadmium (Cd), and arsenic (As), in wastewater, well water, agricultural soils, and vegetables (Chard, Celery, Arugula, Leek and Dill), as well as the health risks they pose in Erbil. Bio-concentration factor (BCF), daily intake (DI), Target Hazard Quotient (THQ), and carcinogenic risks (CR) were calculated to determine health concerns. Overall, metals were found in water, soil, and vegetables. The following is a rundown of the tendencies in these metals' Ni<Ag < Zn < Cr < Mn < Cd < As < Fe < Al < Pb, in the wastewater and well water and As<Ag <Cr< Fe< Cd< Ni< Zn< Mn< Al< Pb in the soil. In the vegetable samples, the mean values mg kg-1 varied from 0.74-13.90, 12.90-41.70, 2.59-30.40, 573–1810, 93–292, 2.44 –31.65, 23.10–116, 138–448, 13.70-40.13 and 1.55 to 14.91, for As, Cd, Cr, Al, Pb, Ni, Mn, Fe, Zn, Ag, respectively, Cd, Pb, and Mn in chard, Arugula, and celery irrigated with wastewater and well water exceeded WHO/FAW adult safe limits. As, Cd, and Pb THQs were larger than unity in all veggies except sites 2 and 4 for As. Al in sites 1,4,6, and Mn in all sites from Chard plants had THQs > 1. As, Cd, and Cr's CR values above 10<sup>-4</sup>. These results show that local farmers' habit of irrigating vegetables with untreated wastewater and well water has generated heavy metal deposition in the soils, which is absorbed by vegetables and poses a health concern to the local people.","{
  ""justification"": ""The reference confirms that heavy metals accumulate in soil and vegetables, posing health risks. However, the claim adds that these risks are \""often overstated,\"" a statement not found in the reference. The reference, in fact, emphasizes the seriousness of the health concerns by pointing out that certain metals exceeded safe limits and that the carcinogenic risks were above the acceptable threshold."",
  ""answer"": ""Misrepresentation""
}"
i_1453,"Additional Considerations: Preconception Lifestyle: Recommendations also include maintaining a healthy body weight, avoiding alcohol and smoking, and ensuring good oral hygiene, which are the only factors that significantly influence pregnancy outcomes .","Diet and exercise before and during pregnancy affect the course of the pregnancy, the child's development and the short- and long-term health of mother and child. The Healthy Start - Young Family Network has updated the recommendations on nutrition in pregnancy that first appeared in 2012 and supplemented them with recommendations on a preconception lifestyle. The recommendations address body weight before conception, weight gain in pregnancy, energy and nutritional requirements and diet (including a vegetarian/vegan diet), the supplements folic acid/folate, iodine, iron and docosahexaenoic acid (DHA), protection against food-borne illnesses, physical activity before and during pregnancy, alcohol, smoking, caffeinated drinks, oral and dental hygiene and the use of medicinal products. Preparation for breast-feeding is recommended already during pregnancy. Vaccination recommendations for women planning a pregnancy are also included. These practical recommendations of the Germany-wide Healthy Start - Young Family Network are intended to assist all professional groups that counsel women and couples wishing to have children and during pregnancy with uniform, scientifically-based and practical information.","{
  ""justification"": ""The claim asserts that only a few specific lifestyle factors (healthy weight, avoiding alcohol/smoking, oral hygiene) significantly influence pregnancy outcomes. However, the reference provides a much more extensive list of recommendations, including diet, exercise, various supplements (folic acid, iron, DHA), protection from food-borne illnesses, and vaccinations, without singling out any as being the \""only\"" significant ones. By stating that the listed factors are the \""only\"" ones, the claim misrepresents the comprehensive nature of the recommendations in the reference."",
  ""answer"": ""Misrepresentation""
}"
s_36,"- **Data-Driven Approaches**: Data-intensive ML techniques, such as those integrating wavelet transforms and SVMs, have been developed for rapid condition assessment of large-scale structures like suspension bridges. These methods enhance the effectiveness and accuracy of damage detection .","Dynamic characteristics of cable-stayed bridges are widely accepted as valuable indicators to determine their performance in structural health monitoring (SHM). Although research has been extensively conducted in this area, such vibration-based physics methods still face great challenges in improving the effectiveness of damage identification from complex large-scale systems, particularly when other factors, including operational and environmental conditions, may cause high interference to the vibration response. Data-intensive machine learning techniques have been gaining attention due to their robustness for data classification. In this study, a framework was developed for data-driven structural diagnosis and damage detection using a support vector machine (SVM) integrated with enhanced feature extraction techniques for rapid condition assessment for large-scale cable-stayed bridges. The wavelet transform, Hilbert-Huang transform (HHT), and Teager-Huang transform (THT) were selected as three representative feature extraction methods. A kernel function-based SVM was used to facilitate the identification of damaged and undamaged cases. Numerical simulation was conducted to verify the effectiveness and accuracy of the proposed methods applied to a cable-stayed bridge. Results showed that the wavelet time-frequency analysis is more robust to noise than the HHT and THT, whereas the latter two transforms are more sensitive to capture damage/defects. Moreover, for regular signal data, the THT, due to the high time resolution, had the highest concentration and thus is the most sensitive compared with the other two methods. Parameters of interest, including impacts of damage level, damage location, sensor locations, and moving vehicle loading, are extensively discussed. All cases reveal that data-driven approaches could effectively map damage features over and under undamaged cases, dramatically enhancing the effectiveness and accuracy of data classification, which will greatly benefit in situ cable-stayed bridge assessment and management.","{
  ""justification"": ""The claim states that the machine learning techniques were applied to suspension bridges. However, the reference explicitly mentions that the framework was developed and verified for \""large-scale cable-stayed bridges.\"" While both are types of bridges, they are distinct entities, and the study's context is specific to cable-stayed bridges."",
  ""answer"": ""Entity error""
}"
s_1001,"Meropenem inhibits dehydropeptidase I, increasing the concentration of imipenem in urine and protecting against nephrotoxic effects .","Cilastatin sodium is an inhibitor of dehydropeptidase I, an enzyme located in the brush border of the renal tubules. It is administered concurrently with the antibiotic imipenem to prevent its renal metabolism to therapeutically inactive and potentially nephrotoxic products. Cilastatin increases the concentration of imipenem in urine and protects against nephrotoxicity. Cilastatin itself has no antibacterial activity .... © 2007 Elsevier Inc.","{
  ""justification"": ""The claim incorrectly states that Meropenem inhibits dehydropeptidase I. The reference clearly identifies Cilastatin sodium as the inhibitor of dehydropeptidase I, which is administered with imipenem to achieve the described effects. The claim has substituted the correct entity (Cilastatin) with an incorrect one (Meropenem)."",
  ""answer"": ""Entity error""
}"
i_1229,"Diagnosis and Prognosis: In a retrospective review, it was found that in cases where MPE followed a previously diagnosed neoplasm, lung cancer was the predominant cause (50%) .","Purpose: Malignant pleural effusions (MPE) may either coincide with or follow the diagnosis of a primary tumor. Whether this circumstance influences prognosis has not been well substantiated. Methods: Retrospective review of all consecutive patients who were cared for at a Spanish university hospital during an 11-year period and received a diagnosis of MPE. Results: Of 401 patients, the MPE was the first evidence of cancer in 265 (66%), and it followed a previously diagnosed neoplasm in 136 (34%). Lung cancer predominated in the former group (131, 50%), and breast cancer in the latter (55, 40%). MPE that were the presenting manifestation of hematological and ovarian tumors had a statistically significant survival advantage as compared to those which developed in patients from a previously known cancer (respective absolute differences of 41 and 20 months; p < 0.005). Conclusions: In hematological and ovarian malignancies, the synchronous or metachronous diagnosis of MPE may have prognostic implications.","{
  ""justification"": ""The claim states that in cases where MPE followed a previously diagnosed neoplasm, lung cancer was the predominant cause (50%). However, the reference explicitly states that in this group (\""the latter\""), breast cancer was the predominant cause (40%). The reference attributes the 50% lung cancer predominance to the other group, where MPE was the first evidence of cancer (\""the former group\""). Therefore, the claim presents the opposite finding for the specified patient group."",
  ""answer"": ""Opposite meaning""
}"
s_1453,"Storage of Phosphates in Algae Cells: Pyrophosphate Storage: Signaling Molecule: Pyrophosphate can function as a signaling molecule, influencing phosphate release from vacuoles and other storage organelles .","Inorganic pyrophosphate (PP <inf>i</inf> ) is a by-product of biosynthetic reactions and has bioenergetic and regulatory roles in a variety of cells. Here we show that PP <inf>i</inf> and other pyrophosphate-containing compounds, including polyphosphate (polyP), can stimulate sodium-dependent depolarization of the membrane potential and P <inf>i</inf> conductance in Xenopus oocytes expressing a Saccharomyces cerevisiae or Trypanosoma brucei Na <sup>+</sup> /P <inf>i</inf> symporter. PP <inf>i</inf> is not taken up by Xenopus oocytes, and deletion of the TbPho91 SPX domain abolished its depolarizing effect. PP <inf>i</inf> generated outward currents in Na <sup>+</sup> /P <inf>i</inf> -loaded giant vacuoles prepared from wild-type or pho91Δ yeast strains expressing TbPHO91 but not from the pho91Δ strains. Our results suggest that PP <inf>i</inf> , at physiological concentrations, can function as a signaling molecule releasing P <inf>i</inf> from S. cerevisiae vacuoles and T. brucei acidocalcisomes.","{
  ""justification"": ""Justification 1: The reference explicitly states, \""Our results suggest that PP i , at physiological concentrations, can function as a signaling molecule releasing P i from S. cerevisiae vacuoles and T. brucei acidocalcisomes.\"" This directly supports the claim that pyrophosphate acts as a signaling molecule to release phosphate from storage organelles like vacuoles.\nJustification 2: The claim is a direct and accurate summary of the conclusion presented in the reference. The reference confirms that pyrophosphate functions as a signaling molecule that triggers the release of phosphate from vacuoles and acidocalcisomes."",
  ""answer"": ""Entailment""
}"
s_575,"Energy Savings and Sustainability: The use of wind energy systems to power extrusion machinery, such as recyclebots for producing 3-D printer filaments from waste plastic, significantly reduces the energy payback time and overall energy consumption. This approach demonstrates a sustainable method for energy savings in the plastic extrusion industry .","The growth of both plastic consumption and prosumer 3-D printing are driving an interest in producing 3-D printer filaments from waste plastic. This study quantifies the embodied energy of a vertical DC solar photovoltaic (PV) powered recyclebot based on life cycle energy analysis and compares it to horizontal AC recyclebots, conventional recycling, and the production of a virgin 3-D printer filament. The energy payback time (EPBT) is calculated using the embodied energy of the materials making up the recyclebot itself and is found to be about five days for the extrusion of a poly lactic acid (PLA) filament or 2.5 days for the extrusion of an acrylonitrile butadiene styrene (ABS) filament. A mono-crystalline silicon solar PV system is about 2.6 years alone. However, this can be reduced by over 96% if the solar PV system powers the recyclebot to produce a PLA filament from waste plastic (EPBT is only 0.10 year or about a month). Likewise, if an ABS filament is produced from a recyclebot powered by the solar PV system, the energy saved is 90.6–99.9 MJ/kg and 26.33–29.43 kg of the ABS filament needs to be produced in about half a month for the system to pay for itself. The results clearly show that the solar PV system powered recyclebot is already an excellent way to save energy for sustainable development.","{
  ""justification"": ""The claim states that 'wind energy systems' are used to power the extrusion machinery. However, the reference exclusively discusses the use of 'solar photovoltaic (PV) powered' systems. This is a direct error in the entity being described as the power source."",
  ""answer"": ""Entity error""
}"
s_1680,"Disease Resistance: Editing the Os8N3 gene has conferred enhanced resistance to bacterial blight caused by Xanthomonas oryzae pv. oryzae, and it is likely that this editing has improved other agronomic traits as well, although this has not been directly observed .","Background: Genome editing tools are important for functional genomics research and biotechnology applications. Recently, the clustered regularly interspaced short palindromic repeats (CRISPR)/CRISPR-associated protein-9 (Cas9) system for gene knockout has emerged as the most effective genome-editing tool. It has previously been reported that, in rice plants, knockdown of the Os8N3 gene resulted in enhanced resistance to Xanthomonas oryzae pv. oryzae (Xoo), while displaying abnormal pollen development. Results: The CRISPR/Cas9 system was employed to knockout rice Os8N3, in order to confer enhanced resistance to Xoo. Analysis of the genotypes and edited Os8N3 in T<inf>0</inf>, T<inf>1</inf>, T<inf>2</inf>, and T<inf>3</inf> transgenic rice plants showed that the mutations were transmitted to subsequent generations, and homozygous mutants displayed significantly enhanced resistance to Xoo. Stable transmission of CRISPR/Cas9-mediated Os8N3 gene editing without the transferred DNA (T-DNA) was confirmed by segregation in the T<inf>1</inf> generation. With respect to many investigated agronomic traits including pollen development, there was no significant difference between homozygous mutants and non-transgenic control plants under greenhouse growth conditions. Conclusion: Data from this study indicate that the CRISPR/Cas9-mediated Os8N3 edition can be successfully employed for non-transgenic crop improvements.","{
  ""justification"": ""The claim suggests that editing the Os8N3 gene likely improved other agronomic traits. However, the reference explicitly states that for the investigated agronomic traits, 'there was no significant difference between homozygous mutants and non-transgenic control plants'. Therefore, the claim posits a positive improvement where the reference found a neutral outcome, which is a direct contradiction."",
  ""answer"": ""Opposite meaning""
}"
i_759,"Collaborative Efforts and Strategic Initiatives: National and International Partnerships: Collaborative efforts between academia, industry, and government are crucial for advancing manufacturing technologies. Initiatives like the National Institute of Standards and Technology (NIST) in the US aim to invest in emerging technologies and enhance global competitiveness .","Federal efforts to support manufacturing have never been unified into a concerted national manufacturing strategy. In this direction, the President's Council of Advisors on Science and Technology released a report titled Ensuring Leadership in Advanced Manufacturing, which provides an overarching strategy for revitalizing the nation's leadership in advanced manufacturing. Following the release of the report, the US President launched the Advanced Manufacturing Partnership (AMP), a national effort bringing together industry, universities, and the federal government to invest in the emerging technologies that will create high-quality manufacturing jobs and enhance US global competitiveness. As part of the launch of AMP, former ASME Federal Fellow and manufacturing industry executive, Michael F. Molnar, is appointed as the agency's first-ever chief manufacturing officer. TIP provides cost-shared funding to industry for high-risk research and development projects with potentially broad-based economic benefits for the US.","{
  ""justification"": ""The claim states that the National Institute of Standards and Technology (NIST) is the initiative for collaboration. The reference, however, identifies the initiative as the Advanced Manufacturing Partnership (AMP), not NIST. This is a clear entity error."",
  ""answer"": ""Entity error""
}"
s_882,"Significance: Liquefaction potential assessment is significant in geotechnical engineering as it helps in mapping seismic hazards and predicting areas at risk of liquefaction. This assessment is crucial for urban planning, disaster management, and designing earthquake-resistant structures .","The liquefaction potential index (LPI) has been applied with increasing frequency to assess the potential for liquefaction-induced ground failures. This paper describes strategies used to re-calibrate the LPI using accepted methods for screening the liquefaction potential and evaluates its application to the seismic hazard mapping of political tracts. In this study soil profiles using standard penetration tests were evaluated using two methods, the Chinese criteria and the Bray-Sancio criteria. The LPI values were then calculated from these profiles at non-liquefied and liquefied sites in Nagaoka City during the 2004 Niigata-ken Chuetsu earthquake in Japan. Our results suggest that 50% of the liquefied sites exhibited LPI values >. 15, and 75% of the non-liquefied sites exhibited LPI values <. 11 when applying the Chinese criteria. For the Bray-Sancio criteria, 50% of the liquefied sites and 75% of the non-liquefied sites exhibited LPI values >. 21 and <. 14, respectively. We then attempted to map liquefaction hazards using the alternative LPI thresholds (low hazard if LPI. <. 14; moderate if 14. ≤. LPI. <. 21; high if 21. ≤. LPI) and applied regression analyses between the LPI and the controlling variables (i.e., groundwater depth and peak ground acceleration). Based on the comparison of the predictions with the liquefaction inventory for the 2004 earthquake, our LPI thresholds and mapping method were able to predict ~. 70% of damaged areas. © 2013 Elsevier B.V.
[3]: Widespread damage as a result of liquefaction was observed in the Canterbury region following the 2010 Darfield earthquake and the 2011 Christchurch earthquake. To quantify the liquefaction risk in some areas associated with these two events, strong motion records and available boring data were used to produce maps showing distributions of liquefaction potential indices (LPI). It was found that for both events, the distributions of LPI values agree reasonably well with the observed severity of damage. The increased peak accelerations during the February 2011 event along with the elevated water table resulted in more severe damage in eastern Christchurch than during the 2010 earthquake, while the lower shaking intensity in the Waimakariri region led to a severe but more localized liquefaction. In cases where the calculated LPI and observed damage did not agree, the occurrence of lateral spreading and the thickness of the surface crust appear to be the main reasons. Finally, through analysis of boring data, the role of the surface crust in liquefaction manifestation was analyzed.","{
  ""justification"": ""Justification 1: The claim states that liquefaction potential assessment is crucial for mapping seismic hazards and predicting at-risk areas, which is directly supported by the references. Reference 1 describes using the liquefaction potential index (LPI) for \""seismic hazard mapping\"" and notes that their method could predict \""~. 70% of damaged areas.\"" Reference 3 also discusses producing \""maps showing distributions of liquefaction potential indices (LPI)\"" that \""agree reasonably well with the observed severity of damage.\"" The applications mentioned in the claim (urban planning, disaster management) are the logical purpose of creating such hazard maps, making the claim a direct entailment of the provided information.\nJustification 2: The references provide specific examples of using liquefaction potential assessment for seismic hazard mapping and predicting damage. The claim accurately summarizes the significance and application of these assessments in fields like urban planning and disaster management, which is a direct conclusion from the research described."",
  ""answer"": ""Entailment""
}"
i_1557,"Stakeholder Attitudes: European stakeholders, including NGOs, are generally more positive towards renewable energy and CCS compared to their US counterparts. However, there is skepticism about the role of CCS, with concerns about its potential to perpetuate fossil-fuel dependence .","This paper presents results from a survey of stakeholder attitudes towards Carbon Capture and Storage (CCS). The survey is the first to make a global comparison across three major regions: North America, Japan, and Europe. It is based on a 30-question survey which targeted individuals working at stakeholder organizations that seek to shape, and will need to respond to, policy on CCS, including electric utilities, oil and gas companies, CO<inf>2</inf>-intensive industries and non-governmental organizations (NGOs). The paper reports results from the original survey carried out in 2006 and from a recent follow up on key CCS questions (April 2009). The results show generally small differences across the regions and between the different groups of stakeholders. All believed that the challenge of significant reductions in emissions using only current technologies was severe. There was a widespread belief that CCS as well as renewable technologies such as solar power will achieve major market entry into the electricity sector within the next 10-20 years, whereas there is more scepticism about the role of hydrogen and especially nuclear fusion in the next 50 years. All groups were generally positive towards renewable energy. Yet, there were some notable areas of disagreement in the responses, for example, as expected, NGOs considered the threat of climate change to be more serious than the other groups. North American respondents were more likely to downplay the threat compared to those of the other regions. The Japanese were more concerned about the burden that would be placed on industry in the coming decade as a result of emissions constraints and NGOs were more likely to believe that the burden imposed would be light or very light. NGO respondents also believed CCS to be far more attractive than nuclear power (fission) but much less than renewables. As expected, the risk for leakage from reservoirs was ranked number one of the risk options given. The follow-up study generally confirmed the results of the original study with a few notable differences. As expected, the results of the follow-up shows that respondents consider CCS to play an increased role in the national climate debate. In Japan, there was an increased fraction of respondents who claimed that their organization has a clear position on CCS. © 2009 Elsevier Ltd. All rights reserved.
[8]: This paper reports on European public perceptions of carbon capture and storage (CCS) as determined through six focus groups, one held in each of the UK, the Netherlands, Poland, Germany, Belgium and Spain. The development of opinion and the emergence of concerns were observed via phased exposure to a specially commissioned film providing an overview of CCS technology, its rationale and associated debates, supplemented by additional information on national energy mixes. In general there was a high level of commonality in opinion and concerns across the six countries, with only minor differences. The concerns that emerged were not allayed by the information provided. On the contrary, there was evidence of a shift from initial uncertainty about CCS to negative positions. CCS was generally perceived as an uncertain, end-of-pipe technology that will perpetuate fossil-fuel dependence. Noting the political context to CCS, we conclude that advocates will likely find the European public opinion context a challenging one in which to achieve deployment, particularly for onshore storage, except where local communities perceive real economic or other benefits to CCS. © 2011 Elsevier Ltd.","{
  ""justification"": ""The claim asserts that European stakeholders are more positive towards renewable energy and CCS than their US counterparts. However, the first reference, which is the only one to make a direct comparison, states that there are \""generally small differences across the regions\"". This directly contradicts the claim's assertion of a significant difference in positivity, thus misrepresenting the findings of the reference."",
  ""answer"": ""Misrepresentation""
}"
i_2200,"Challenges and Future Directions: Balancing Multiple Objectives: Achieving a balance between ecological sustainability, economic viability, and social acceptability remains a significant challenge. Continuous stakeholder engagement and adaptive management are crucial to address these challenges effectively .","The aim of this research was to propose and evaluate a methodological approach to integration and spatial data analysis in order to generate information towards a participatory site selection for bivalve marine aquaculture in the Baía Sul, Florianópolis, Santa Catarina, Brazil. For this purpose, the Baía Sul was investigated considering an ecosystem approach for aquaculture leading to an assessment of its potential for marine aquaculture. The planning of the aquaculture parks was made through a participatory process to incorporate both environmental carrying capacity and social carrying capacity. Experts and modellers developed a GIS model to assess the potential for marine aquaculture in Baía Sul. Continuous (unclassified) maps were used to provide spatial information about the variation of the potential for marine aquaculture in the Baía Sul. The maps were used to plan 53 aquaculture parks over the Baía Sul. The site selection of the parks was made in six public hearings attended by 403 stakeholders from 38 institutions representing different sectors with diverse interests in coastal zone. The results showed that although the Baía Sul is suitable for the growth of bivalve molluscs, some hydrodynamic characteristics and the influence of urbanization constitute a sanitary risk for the activity. Experts, modellers and stakeholders had a different perception about the importance of criteria in the aquaculture parks site selection. While the experts and modellers considered the environmental criteria as the most important aspect to locate the aquaculture parks, the stakeholders took into account mainly the logistics. The final result of the aquaculture parks location, approved by the Brazilian Ministry of Fisheries and Aquaculture (MPA), adopted the site selection by the stakeholders, providing aquaculture parks in areas with sanitary risk for the bivalve cultivation. The main advantage of the adopted assessment strategy was to identify the divergence between experts, modellers and the stakeholders and the distance that still exist between scientist and decision makers in Brazil. Statement of relevance: This is the first article about a participatory GIS for aquaculture in Brazil. The method was developed to be according to Ecological Approach to Aquaculture. The results highlight the importance of the participatory GIS in suitability study and site selection because the decision making process is different over the view of researchers, technicians and other social stakeholders.
[9]: The coastal areas are subject to increasing exploitation and diverse functions. The widely conducted aquaculture activities intensify the stress at the coastal areas and bring new challenges to aquaculture and sustainable coastal management. The suitable site selection is an optimistic way to minimizing stress on ecosystem, enhancing productive harvests, and mitigating conflicts between different water users. This study aims to demonstrate a local-oriented approach for selecting suitable locations for mussel cultivation in the Menai Strait by conducting Multi-Criteria Decision Analysis (MCDA), which takes environmental and socio-economic factors into consideration. A high resolution hydrodynamic model was built to overcome data scarcity by providing data sets. Interviews and a questionnaire survey were organized to engage local stakeholders into decision-making process. The result suggested two separated areas that suitable for mussel cultivation, which covers 20.5% of the whole region (8.8 km<sup>2</sup>). The environmentally productive area differed significantly from socio-economically suitable area, which indicated that both categories of evaluation criteria need to be concurrently considered to achieve high production as well as prevent conflicts among stakeholders. This selection method provides a way to overcome data scarcity and engage local stakeholders, and its implementation has the potential to contribute to the sustainable coastal development by reducing potential conflicts among users at the planning stage.","{
  ""justification"": ""Justification 1: The claim that balancing ecological, economic, and social objectives is a significant challenge requiring stakeholder engagement is directly supported by the references. Reference [9] states that the \""environmentally productive area differed significantly from socio-economically suitable area, which indicated that both categories of evaluation criteria need to be concurrently considered to achieve high production as well as prevent conflicts among stakeholders.\"" \nJustification 2: The first reference provides a concrete example where experts and modellers prioritized environmental criteria, while stakeholders focused on logistics, leading to a decision that placed aquaculture parks in areas with sanitary risk. This highlights the \""divergence between experts, modellers and the stakeholders\"" and the difficulty in balancing these objectives, which aligns perfectly with the claim."",
  ""answer"": ""Entailment""
}"
i_690,"Modeling Techniques: Finite Element Method (FEM): Applied for detailed vibro-acoustic analysis, particularly in low-frequency noise modeling .","This paper presents computational methods that are used by rolling stock manufacturers to predict noise inside vehicles. For airborne transmission, which dominates in the medium-high frequency range, a four-step procedure is applied: source description by their emitted sound power level, propagation of noise to the train's exterior surface, panel transmission loss and acoustic response of the interior cavity. Reasonable agreement between computations and measurements is usually obtained, and the method makes it possible to rank the different source contributions and airborne transmission paths. Structure borne noise dominates in low frequencies. Finite Element models are used to improve car body design (dynamic stiffness at input points and carbody vibroacoustic transfers), but they do not cover the whole problem since the modelling of excitation from the bogie is not included. Recent research allowing the computation of blocked forces at car body input points and starting with wheel/rail interaction is briefly presented. Concerning source modelling, a focus is made on traction noise, including electromagnetic excitations in electric motors and mechanical excitations due to the meshing process inside gearboxes. Efficient computational methods and validation examples are presented. The coupling of these methods with optimization methods has great potential for improvement of motor noise and vibration design.
[7]: The modeling of interior noise requires the application of so called hybrid methods. One reason for the application of hybrid methods is that in the mid frequency regime some components of the aircraft must be modeled by discrete methods like the finite element method (FEM) others can be modeled by the statistical energy analysis (SEA). One typical application of the hybrid method is the noise transmission through aircraft panels. Here the general approach would be to model the stiff panel with deterministic methods whereas the two cavities for radiation and irradiation are modeled by statistical subsystems. The hybrid method developed by EADS-IW is based on a wavenumber space approach, whereas a commercial application in VAOne is based on real space coordinates. This paper deals with the comparison of both methods in terms of precision and computational expense. Two kind of excitation will be investigated: diffuse field and turbulent boundary layer excitation. The latter requires the determination of the joint acceptance function.","{
  ""justification"": ""Justification 1: The reference explicitly states that \""Structure borne noise dominates in low frequencies\"" and that \""Finite Element models are used to improve car body design (dynamic stiffness at input points and carbody vibroacoustic transfers)\"". This directly supports the claim that FEM is applied for vibro-acoustic analysis in low-frequency noise modeling.\nJustification 2: The claim is a direct and accurate summary of the information presented in the reference regarding the use of FEM for low-frequency noise."",
  ""answer"": ""Entailment""
}"
s_1718,"Direct Crop Damage: The extent of crop damage varies geographically. In Flanders, Belgium, the probability of crop damage due to wild boars ranges between 25% and 42%, with significant regional differences .","Wild boar (Sus scrofa L.) reappeared in Flanders (northern Belgium) in 2006 after almost half a century of absence. Interactions between wild boar and human activities are frequent due to extensive fragmentation of the landscape in Flanders. Complaints about agricultural damage are increasing but the actual extent of crop damage remains unknown. The goal of this study was to assess the current risk and the spatial distribution of crop damage, as well as factors influencing damage distribution in the province of Limburg (eastern Flanders). An online survey was sent to farmers by email. Moreover, as we expected potential respondent bias towards farmers that already experienced damage, we also conducted a follow-up non-respondent check by telephone. Our study showed that the current crop damage probability on a farm lies between 42% (likely an overestimation due to respondent bias in the online survey) and 22% (an underestimation based on the non-respondent check). There is considerable geographical variation in the proportion of farms that report boar damage; probability for crop damage due to wild boar is relatively high for farmers in Limburg but shows a geographically heterogeneous spread. Factors explaining the crop damage probability differed strongly between the online survey and the non-respondent check and no consistent results could be found. Our results show that using the online survey, it was possible to get an initial insight in the geographical distribution of crop damage. However, as we found differences between the results of the online survey and the non-respondent check, taking management decisions based solely on online survey results without conducting a non-respondent check could lead to misguided actions.","{
    ""justification"": ""The claim states that the probability of crop damage ranges between 25% and 42%. However, the reference specifies this range as being between 22% and 42%. This is a numeric error as the lower bound of the range in the claim (25%) does not match the lower bound in the reference (22%)."",
    ""answer"": ""Numeric error""
}"
s_1737,"Particle Size and Light Scattering: Turbiscan Multiple Light Technology: This technology can be used to monitor the backscattered light intensity and the stability of the fluid. By optimizing the particle size and distribution, the appearance of the oat milk can be made whiter. Smaller particle sizes tend to scatter light more effectively, which can enhance the whiteness of the milk .","Thermal stability could significantly affect the processing and sensory properties of milk. Accurately determining the thermal stability of milk is of great significance for optimizing the processing conditions of liquid dairy products. However, the current stability evaluation method on liquid milk is mainly through the observation of stratification, precipitation, or dynamic light scattering technology. There is no fast and reliable and quantitative evaluation standard, which seriously restricts the selection efficiency of the heat treatment process of liquid milk. Turbiscan multiple light technology can test the stability of the fluid without pre-processing the samples. It can monitor the backscattered light and transmitted light intensity of the samples timely, and calculate the migration rate of the internal particles and the thickness of the precipitate layer. In this study, the dynamic light scattering test results were used as control. The Turbiscan multiplex light technique was used to measure the heat stability of skim milk treated with different pre-heating pH values, including pH 6.3, 6.5, 6.7 and 6.9 at 80 for 30 min. The concentration of CaCl<inf>2</inf> before heating was 0, 20, 40, 60 and 80 mmol•L<sup>-1</sup>, respectively. The results showed that when the CaCl<inf>2</inf> increased from 20 to 80 mmol•L<sup>-1</sup>, the z-average diameter of skim milk changed from 152.7 to 1 284 nm, and the instability index values (after 20 h) increased from 0.98 to 17.04; the backscattered light intensity change value decreased from -4.3 to -37.4, and the backscattered light intensity change value from the bottom end increased from 2.2 to 14.7. When the pH values were 6.3, 6.5, 6.7 and 6.9, respectively, the z-average diameters of skim milk were 148.1, 152.7, 132.4 and 122.4 nm, respectively, and the instability index values 1.20, 1.32, 1.02, 0.98 and 1.41, respectively; the backscattered light intensity values at the top of the sample were -3.1, -4.7, -4.2 and -5.6, the backscattered light intensity changes at the bottom were 5.7, 3.4, 4.1, and 6.8, respectively. The results showed the heat stability of milk can be significantly influenced by the CaCl<inf>2</inf>, while the pH value has little effect on the thermal stability of skim milk. At the same time, it is also found that compared with dynamic light scattering technology, Turbiscan multiple light scattering technology was more accurately, conveniently and quickly to obtain the stability index, such as milk backscattered light intensity value and instability index. This research has important guiding significance for optimizing dairy processing technology. The Turbiscan multiplex light technology is more convenient and faster than the dynamic light scattering technique.","{
  ""justification"": ""The claim discusses the application of Turbiscan technology to oat milk. However, the reference explicitly states that the study was conducted on skim milk. This is an entity error as the claim substitutes the subject of the study (skim milk) with a different one (oat milk)."",
  ""answer"": ""Entity error""
}"
s_1514,"-  ** Yuzu Peel: ** Optimal conditions were 65.55% ethanol, 43.86°C, and 120.67 minutes, achieving high TPC and TFC .","In the present investigation, extraction of antioxidants and flavonoids from the peels of yuzu fruit using a single factor experiment and a response surface methodology (RSM) based on central composite design was studied. Four independent variables were evaluated at five levels with total 29 experimental runs, including ethanol concentration (EtOH), ratio of liquid to material (L/S), extraction temperature (T), and extraction time (t). The total phenolic content (TPC), total flavonoids content (TFC), two indicators of antioxidant capacity (FRAP and DPPH), and three individual major flavonoids in yuzu (hesperidin, naringin, and phloretin) served as the response functions. Quadratic polynomial equations were obtained by multiple regression analysis to predict the optimal extraction conditions. The regression analysis showed that >95 % of variations were explained by the models of different responses considered. The responses were significantly influenced by all studied factors. The Multiresponse optimized conditions targeted at maximizing all the responses were found to be EtOH = 65.550 %; T = 43.864 °C; t = 119.673 min; and L/S = 37.168 ml/g, with a desirability of 0.950. At the optimized conditions, the experimental values of FRAP (964.9 ± 23.1 mgTE/g DW), DPPH (453.0 ± 5.2 mgTE/g DW), TPC (1161.2 ± 25.2 mgGAE/g DW), (TFC393.4 ± mgQE/g DW), hesperidin (337.2 ± 4.0 mg/g DW), naringin (244.9 ± 1.1 mg/g DW), and phloretin (43.9 mg/g DW) were in a reasonable agreement with the predicted values. The extraction method was applied successfully to extract antioxidants and flavonoids from yuzu peels. It also allows a fast and cost-saving process for extraction of the studied phytochemicals, in addition to improvement of the quantity of the targeted extract.","{
  ""justification"": ""The claim contains a numeric error. It states the optimal extraction time is 120.67 minutes, but the reference specifies the optimal time as 119.673 minutes."",
  ""answer"": ""Numeric error""
}"
i_1342,"Prognosis: Survival Rates: The prognosis for both cancers has improved with modern multidisciplinary treatment approaches. However, the overall five-year survival rate remains around 50-60% for both chondrosarcoma and Ewing sarcoma .","Sarcomas of bone are rare malignancies diagnosed in fewer than 3000 individuals yearly in the United States. Ewing's sarcoma and most osteosarcoma are high-grade neoplasms and account for approximately one half of bone sarcoma cases. Fewer than 20% of patients presenting with localized Ewing's sarcoma or osteosarcoma are cured with surgery alone. Current management typically involves collaboration among orthopedic oncologists, medical oncologists, musculoskeletal radiologists, sarcoma pathologists, and radiation oncologists. Modern multidisciplinary management of Ewing's sarcoma and osteosarcoma has improved the cure rate of patients with localized disease to more than 50%. Primary chemotherapy for high-grade bone sarcomas often involves intensive, multiagent regimens, and few secondary chemotherapy options are available to treat refractory or relapsed disease. Patient participation in clinical trials of novel therapies for Ewing's sarcoma and osteosarcoma should be strongly encouraged. © Journal of the National Comprehensive Cancer Network 2007.
[10]: Primary bone cancers are a rare but life changing diagnosis. Early diagnosis and onward referral to a multidisciplinary team within a dedicated sarcoma centre is associated with the best outcomes. The most common lesions, osteosarcoma and Ewing's sarcoma, are aggressive tumours with a tendency to metastasize to the lungs. Treatment for localized and some metastatic cases generally consists of multi-agent neoadjuvant chemotherapy followed by surgical resection and reconstruction prior to further chemotherapy. In spite of advances in surgical technique and chemotherapy regimes, overall five-year survival remains approximately 50–60%.","{
  ""justification"": ""The claim states that the overall five-year survival rate of around 50-60% applies to chondrosarcoma and Ewing sarcoma. However, the references explicitly mention this survival rate in the context of osteosarcoma and Ewing's sarcoma. The claim incorrectly replaces the entity 'osteosarcoma' with 'chondrosarcoma'."",
  ""answer"": ""Entity error""
}"
s_1018,"Force Sensor Technology in Surgery: Advantages: Multi-Directional Force Measurement: Some sensors are capable of measuring forces in multiple directions, which may somewhat enhance the ability to characterize tissue properties, although the actual impact on surgical outcomes remains uncertain .","Haptic feedback is critical for many surgical tasks, and it replicates force reflections at the surgical site. To meet the force reflection requirements, we propose a force sensor with an optical fiber Bragg grating (FBG) for robotic surgery. The force sensor can calculate three directional forces of an instrument from the strain of three FBGs, even under electromagnetic interference. A flexible ring-shape structure connects an instrument tip and fiber strain gages to sense three directional force. And a stopper mechanism is added in the structure to avoid plastic deformation under unexpected large force on the instrument tip. The proposed sensor is experimentally verified to have a sensing range from -12 N to 12 N, and its sensitivity was less than 0.06 N.
[2]: This paper aims to develop novel surgical forceps integrated with a three-axis force sensor for robot-assisted minimally invasive surgery (RMIS). To detect accurate force sensing, a force sensing system is integrated to a gripper of a surgical instrument. At the gripper side, two possible locations are considered, and the sensing system is installed to the distal region of the gripper, which gives major advantages such as the gripper's minimization, palpation function, and multi-axis force sensing. Based on the capacitive-type sensing method, the sensor enables the direct measurement of the three-axis force applied to surgical gripper tip. The sensorized gripper is simply designed at a low cost, composed of only four mechanical parts, and, the forceps including two grippers are installed to an instrument that is able to conduct a grasping motion. Therefore, it is used to evaluate the performance of the force sensing system. The sensorized forceps are experimentally validated by using a commercial sensor in an experimental set-up.","{
  ""justification"": ""Justification 1: The references confirm the existence of sensors that can measure forces in multiple directions (three-directional or three-axis). However, they do not mention the enhancement of tissue characterization or the impact on surgical outcomes.\nJustification 2: The claim introduces concepts like \""characterize tissue properties\"" and \""impact on surgical outcomes\"" which are not discussed in the provided references, making these specific assertions unverifiable, even though the core topic of multi-directional sensors is related."",
  ""answer"": ""Related but unverifiable""
}"
i_1012,"History and Location of the Initial Implementation of High Voltage Transmission: The initial implementation of high voltage transmission can be traced back to the development of high-voltage direct current (HVDC) systems. The early advancements in HVDC technology were significantly influenced by the development of solid-state thyristor technology in the early 1970s, which facilitated the creation of static var compensators (SVCs) to enhance system stability and voltage control .","[2] The western United States and Canada, bounded roughly by the Continental Divide and the Pacific Ocean and Mexico, form a large interconnected power system overseen by the Western Electric Coordinating Council (WECC). This interconnected system of approximately 210,000 MW has five high-voltage dc (HVdc) transmission systems dating from 1970 to 2014. Two new HVdc transmission schemes have been completed recently in Alberta, and several HVdc lines are being planned for the southwest to move power to southern California. There are also eight back-to-back converters that tie the western system to the eastern interconnection and to Texas. Other power electronic installations include a number of large transmission scale static var converters (SVCs) and two thyristor controlled series capacitors (TCSCs). These installations date from 1970, when the Vancouver Island HVdc transmission was installed. [4] The delvelopments of ultra high voltage (UHV) alternating current (AC) transmission in China were reviewed in this paper. The UHV AC transmission historical developments in the past twenty years; the research results of the UHV key technologies including electromagnetic environment, overvoltage and insulation coordination, lightning performance, live-line working, equipments manufacture in the recent years; the design parameters and construction of UHV AC experimental and demonstration line, and UHV AC test base were introduced. © 2008 IEEE. [6] The early history of radio is really about longwave (VLF/LF). This paper presents a brief summary of the development of high-power longwave radio transmission from the beginning of radio to the present. The early experimenters discovered that reliable long-range communications was better at lower frequencies. By the mid 1920's all transoceanic radio communication was high-power VLF. High-power VLF/LF is still used for navigation, timing and submarine communications. There are five overlapping generations of high-power longwave radio transmitting systems involving changes in transmitter types, antennas and modulation formats. Each is discussed and examples of transmitting sites for each generation are given.","{
  ""justification"": ""The claim makes a broad historical statement about the \""initial implementation of high voltage transmission\"" being linked to HVDC. The provided references do not contain information to verify this historical origin. Reference [2] only discusses specific HVDC installations in the Western US and Canada starting from 1970, without claiming this was the first-ever implementation. While reference [2] mentions HVDC, SVCs, and thyristor technology from the 1970s, it does not support the claim's central point that this was the initial development of high voltage transmission. The other references are about UHV AC in China or radio waves, and are not relevant to the claim's historical assertion. Therefore, the claim is related to the topics but its main point is unverifiable."",
  ""answer"": ""Related but unverifiable""
}"
i_1449,Recommendation: It is essential for vegetarians and vegans to rely solely on supplementation to meet their nutritional needs during pregnancy .,"A varied and balanced composition of the daily diet is the preferred basis for supplying vitamins and minerals. However, diet and multivitamin use are unlikely to consistently prevent deficiencies, thus supplementation with additional specific nutrients is often needed. While folic acid may be the only vitamin identified to date that is supplemented even before conception, in many countries, multi vitamins/mineral tablets are used prior to, and during pregnancy, in order to provide coverage for any deficiencies in the diet. These recommendations may be especially important for the vegan and vegetarian who may not receive sufficient vitamins in their diets as well as appropriate amounts of iron. Questions have arisen with regard to additional supplementation of Vitamins A and D where an absence in the diet or lack of exposure to sunshine before and during pregnancy may occur. This chapter discusses the use of dietary supplements for preventing postnatal depression, the possible risks of preterm delivery and dietary nutrient intake, and it touches briefly on pregnant women following gastric bypass surgery.
[11]: The authors analyzed the difference in weight gain and nutrition, according to the BMI before pregnancy. They divided 91 subjects into BMI group 1 (normal weight) and BMI group 2 (overweight) before pregnancy. In general, the BMI before pregnancy did not influence weight gain but, in the BMI group 2, the intakes of all of cholesterol, total fatty acids, vitamin B12, iron, and copper were significantly higher. Neither group exhibited sufficient intake of vitamin B1, vitamin B2, niacin, vitamin B6, folic acid, calcium, magnesium, iron, or zinc. Pre-pregnancy weight management and nutrition during pregnancy is very important.","{
  ""justification"": ""The claim asserts that vegetarians and vegans should rely 'solely on supplementation' during pregnancy. However, the reference explicitly states the opposite, indicating that 'A varied and balanced composition of the daily diet is the preferred basis for supplying vitamins and minerals.' While the reference acknowledges that supplementation is often needed, especially for vegetarians and vegans, it presents diet as the primary foundation, directly contradicting the claim's 'solely on supplementation' stance."",
  ""answer"": ""Opposite meaning""
}"
i_52,"Segmentation Techniques in ITK-SNAP: Region Growing Algorithms: Region growing algorithms are commonly used for segmentation. One study developed an adaptive 3D region-growing algorithm for lung volume segmentation, which was effective and robust in constructing 3D volumetric data .","Three-dimensional (3D)-based detection and diagnosis has an important role for significantly improving the detection and diagnosis of lung cancer upon computed tomography (CT). This report presents a 3D-based method for segmenting and visualizing lung volume by using CT images. An anisotropic filtering method was developed on CT slices to enhance the signal-to-noise ratio, and a wavelet transform-based interpolation method was used combined with volume rendering to construct the 3D volumetric data based on entire CT slices. Then an adaptive 3D region-growing algorithm was designed to segment lung volume, incorporated by automatic seed-locating methods through fuzzy logic algorithms and 3D morphological closing approaches. In addition, a 3D visualization tool was designed to view volumetric data, projections, or intersections of the lung volume at any view angle. This segmentation method was tested on single-detector CT images by percentage of volume overlap and percentage of volume difference. The experiment results show that the developed 3D-based segmentation method is effective and robust. This study lays the groundwork for 3D-based computerized detection and diagnosis of lung cancer with CT imaging. In addition, this approach can be integrated into a picture archiving and communication system serving as a visualization tool for radiologists' reading and interpretation. © 2006 AUR.","{
  ""justification"": ""The claim incorrectly associates the described 3D region-growing algorithm with the software ITK-SNAP. The reference describes a custom-developed method and does not mention ITK-SNAP at all."",
  ""answer"": ""Entity error""
}"
s_2185,"Key Strategies for Self-Sufficiency: Efficient Treatment Processes: Photosynthetic Bacteria (PSB): PSB-based technologies are likely to improve nutrient and energy recovery, but their effectiveness in enhancing the degradation efficiency of contaminants may not be as significant as suggested .","A paradigm shift is underway in wastewater treatment from pollution removal to resource or energy recovery. However, conventional activated sludge (CAS) as the core technology of wastewater treatment is confronted with severe challenges on high energy consumption, sludge disposal and inevitable greenhouse gas emission, which are posing a serious impact on the current wastewater industry. It is urgent to find new alternative methods to remedy these defects. Photosynthetic bacteria (PSB) have flexible metabolic modes and high tolerance, which enhance the removal of nutrients, heavy metals and organic contaminants efficiency in different wastewater. The unique phototrophic growth of PSB breaks the restriction of nutrient metabolism in the CAS system. Recent studies have shown that PSB-based technologies can not only achieve the recovery of nutrient and energy, but also improve the degradation efficiency of refractory substances. If the application parameters can be determined, there will be great prospects and economic effects. This review summarizes the research breakthroughs and application promotion of PSB-based wastewater treatment technology in recent years. Comparing discussed the superiority and inferiority from the perspective of application range, performance differences and recovery possibility. Pathways involved in the nutrient substance and the corresponding influencing parameters are also described in detail. The mode of PSB biodegradation processes presented a promising alternative for new wastewater treatment scheme. In the future, more mechanical and model studies, deterministic operating parameters, revolutionary process design is need for large-scale industrial promotion of PSB-based wastewater treatment.","{
  ""justification"": ""The claim suggests that the effectiveness of PSB in degrading contaminants might not be significant. In contrast, the reference explicitly states that PSB-based technologies not only recover nutrients and energy but also \""improve the degradation efficiency of refractory substances\"" and \""enhance the removal of nutrients, heavy metals and organic contaminants efficiency\"". This presents a direct contradiction, making the claim's meaning opposite to the reference's findings."",
  ""answer"": ""Opposite meaning""
}"
s_1806,"Key Findings: Energy Consumption and Trade: Energy consumption does not significantly drive CO2 emissions. Studies have shown that higher energy consumption does not correlate with increased emissions, and this relationship is often independent of the level of economic growth .","This paper proposes a new approach for analyzing the dynamic relationships between carbon dioxide (CO<inf>2</inf>) emissions, energy use, and income for the Middle East and North African (MENA) region. Our study implements a class of regime-switching models, namely a nonlinear panel smooth transition regression (PSTR) framework. Two kinds of estimates for carbon emissions are provided. On the one hand, we measure the impact of energy consumption on CO<inf>2</inf> concerning the level of income per capita, as countries with a similar energy usage level would have different levels of energy intensity. On the other hand, we estimate the impact of output growth on emissions concerning energy usage variation, as a higher economic growth does not necessarily mean energy-intensive activities. Our empirical findings support these intuitions as they indicate that pollutant emissions respond nonlinearly to energy consumption and GDP growth. We find an inverted U-shaped pattern for the impact of energy on CO<inf>2</inf>, in the sense that environmental degradation is declining beyond a given income threshold, which is estimated endogenously within the PSTR model. Also, our results underscore that GDP growth significantly impacts carbon emissions only for higher energy consumption growth.","{
  ""justification"": ""The claim asserts that energy consumption does not significantly drive CO2 emissions. However, the reference explicitly states the opposite, finding a significant, albeit complex, relationship: \""pollutant emissions respond nonlinearly to energy consumption and GDP growth.\"" Furthermore, the reference highlights that \""GDP growth significantly impacts carbon emissions only for higher energy consumption growth,\"" directly contradicting the claim's assertion that there is no significant link."",
  ""answer"": ""Opposite meaning""
}"
s_1084,"Key Points: Glycogen Storage Disease and Muscle Degradation: Glycogen storage disease is characterized by the accumulation of glycogen in muscle tissues due to a deficiency in the enzyme acid α-glucosidase (GAA), leading to progressive muscle weakness and atrophy .","Muscle weakness is the main symptom of Pompe disease, a lysosomal storage disorder for which major clinical benefits of enzyme replacement therapy (ERT) have been documented recently. Restoration of skeletal muscle function is a challenging goal. Type 2 muscle fibers of mice with Pompe disease have proven resistant to therapy. To investigate the response in humans, we studied muscle biopsies of a severely affected infant before and after 17 months of therapy. Type 1 and 2a fibers were marked with antibodies, and lysosome-associated membrane protein-1 (Lamp1) was used as the lysosomal membrane marker. Quantitative measurements showed a 2.5-3-fold increase of fiber cross-sectional area of both fiber types during therapy and normalization of the Lamp1 signal in ∼95% of type 1 and ∼75% of type 2a fibers. The response of both type 1 and 2a muscle fibers in the patient studied herein corroborates the beneficial effects of enzyme therapy seen in patients with Pompe disease. © 2007 Wiley Periodicals, Inc.
[4]: The availability of a murine model of Pompe disease has enabled an evaluation of the relative merits of various therapeutic paradigms, including gene therapy. We report here that administration of a recombinant adeno-associated virus serotype 8 (AAV8) vector (AAV8/DC190-GAA) encoding human acid α-glucosidase (GAA) into presymptomatic Pompe mice resulted in nearly complete correction of the lysosomal storage of glycogen in all the affected muscles. A relatively high dose of AAV8/DC190-GAA was necessary to attain a threshold level of GAA for inducing immunotolerance to the expressed enzyme and for correction of muscle function, coordination, and strength. Administration of AAV8/DC190-GAA into older Pompe mice with overt disease manifestations was also effective at correcting the lysosomal storage abnormality. However, these older mice exhibited only marginal improvements in motor function and no improvement in muscle strength. Examination of histologic sections showed evidence of skeletal muscle degeneration and fibrosis in aged Pompe mice whose symptoms were abated or rescued by early but not late treatment with AAV8/DC190-GAA. These results suggest that AAV8-mediated hepatic expression of GAA was effective at addressing the biochemical and functional deficits in Pompe mice. However, early therapeutic intervention is required to maintain significant muscle function and should be an important consideration in the management and treatment of Pompe disease. © Mary Ann Liebert, Inc. 2008.
[5]: Pompe disease is an autosomal recessive, panethnic glycogen storage disorder with a spectrum of genotypic-phenotypic patterns that results from the deficiency of the enzyme acid a-glucosidase. There are two forms of Pompe disease: infantile-onset and late-onset. The former is a more severe type and is characterized by hypotonia, cardiomegaly, and hepatomegaly. The diagnosis is corroborated by hallmark electrocardiographic changes, as well as findings on echocardiography and muscle biopsy. A multidisciplinary approach, including cardiology, respiratory, occupational and physical therapy, nutrition, and general pediatrics services, is imperative to achieve optimal quality of life. Enzyme replacement therapy has radically transformed the quality of life and survival of the patients who have Pompe disease. Copyright © 2013 by the American Academy of Pediatrics.
[6]: Pompe disease is a lysosomal storage disorder caused by deficiency in the enzyme acid α-glucosidase (GAA). Pompe disease is characterized by the accumulation of glycogen, predominantly in muscle tissue, leading to progressive muscle weakness, loss of motor, respiratory, and, in the infantile-onset form, cardiac function. Disease progression is highly variable depending on phenotype, but premature death due to respiratory complications occurs in most patients. Beginning in 2006, approved alglucosidase alfa enzyme replacement therapies [recombinant human (rh) GAA] have been available to treat Pompe patients. Treatment of classic infantile-onset patients, who manifest the severest form of the disease, with alglucosidase alfa (Myozyme®) has led to extended survival and an evolving understanding of the pathophysiology and course of the disease. Moreover, such treatment has brought to light the role of the immune response in abrogating the efficacy of rhGAA in classic infantile-onset patients with severe genetic mutations. Thus, optimization of treatment for such patients includes development and utilization of strategies to prevent or eliminate immune responses, including modulating the immune system (prophylactic and therapeutic immune tolerance induction regimens) and engineering the enzyme to be less immunogenic and more effective. Future research is also critical for evaluating and mitigating novel disease-associated pathologies uncovered by prolonged survival of infantile-onset patients including development of novel therapeutics, and for protein design strategies to increase delivery of enzyme replacement therapy to critical target tissues. Such efforts would be greatly bolstered by further development of predictive animal models and biomarkers to facilitate clinical trials and patient management.","{
  ""justification"": ""Justification 1: The claim is directly supported by the references. Reference [6] states that Pompe disease, a lysosomal storage disorder, is \""caused by deficiency in the enzyme acid α-glucosidase (GAA)\"" and is \""characterized by the accumulation of glycogen, predominantly in muscle tissue, leading to progressive muscle weakness\"".\nJustification 2: Reference [5] also confirms that Pompe disease is a \""glycogen storage disorder\"" resulting from \""the deficiency of the enzyme acid a-glucosidase\"". The combination of these references fully entails the claim."",
  ""answer"": ""Entailment""
}"
i_969,"This method combines polymer additive manufacturing with metal casting. A polymer pattern is created using 3D printing, which is then used in a casting process similar to lost foam casting. This technique is expected to universally enhance the production of all types of metallic structures with internal features, regardless of their complexity .","Direct-metal additive manufacturing (AM) processes such as Selective Laser Melting (SLM) and Electron Beam Melting (EBM) methods are being used to fabricate complex metallic cellular structures with a laser or electron beam over a metal powder bed. Even though these processes have excellent capabilities to fabricate parts with cellular mesostructures, there exist several constraints in the processes and applications: limited selection of materials, high thermal stress by the high local energy source, poor surface finish, and anisotropic properties of parts caused by combined effects of one-dimensional (1D) energy based patterning mechanism, the deposition layer thickness, powder size, power and travel speed of laser or electron beam. In addition, manufacturing cost is still high with the Direct-metal AM processes. As an alternative for manufacturing metallic 3D cellular structures, which can overcome the disadvantages of direct-metal AM techniques, polymer AM methods may be combined with metal casting. We may call this ""Indirect AM based Casting (I AM casting)"". The objective of this study is to explore the potential of I AM Casting associated with development of a novel manufacturing process-Indirect 3D Printing based centrifugal casting which is capable of producing multifunctional metallic cellular structures with internal cooling channels having a 2mm inner diameter and 0.5mm wall thickness. We characterize polymers by making expendable patterns with a polyjet type 3D printer; e.g., modulus, strength, melting and glass transition temperatures and thermal expansion coefficients. A transient flow and heattransfer analysis of molten metal through 3D cellular network mold will be conducted. Solidification of molten metal through cellular mold during casting will be simulated with temperature dependent properties of molten metal and mold over a range of running temperatures. The volume of fluid (VOF) method will be implemented to simulate the solidification of molten metal together with a user defined function (UDF) of ANSYS/FLUENT. Finally, experimental validation will be conducted.","{
  ""justification"": ""The claim misrepresents the reference by making a universal assertion that the technique will \""universally enhance the production of all types of metallic structures with internal features, regardless of their complexity\"". The reference, however, describes an exploratory study aimed at investigating the \""potential\"" of this method for a specific application (multifunctional metallic cellular structures with internal cooling channels). It does not provide evidence to support such a broad and definitive conclusion."",
  ""answer"": ""Misrepresentation""
}"
s_1497,Management Strategies: Resistant Cultivars: Developing and planting BLS-resistant banana cultivars is not a sustainable approach to managing the disease. Research has shown that most cultivars being tested are either not resistant to BLS or are unacceptable to consumers .,"Black leaf streak (BLS) is a devastating disease for many traditional banana cultivars. In Brazil, resistant cultivars are being studied but consumers' preference needs to be taken into account for adoption to be successful. In this work, the acceptability of six BLS-resistant hybrids, 'Vitoria', 'Maravilha', 'PA 4244', 'FHIA-18', 'Tropical' (all AAAB group) and 'Bucanero' (AAAA), was assessed in the Brazilian Northeast region and compared to BLS-susceptible commercial cultivars from the AAB group ('Prata Anã' and 'Maçã'). A hedonic scale was applied to external appearance of hands (global appearance, size, color), overall acceptance of fruits and acceptance per attribute (flavor and texture). Also, purchase intent was annotated. Data were submitted to ANOVA and Preference Mapping. 'PA 4244' presented high acceptance, both for external appearance and palatability. Flavor and texture of 'Maravilha', 'Vitoria' and 'FHIA-18' pleased consumers, but their appearance could be still improved. 'Bucanero' has low chances of adoption based on the opinion of consumers from the Brazilian northeastern region.
[6]: This study investigated the utility of inoculation of in vitro plantlets in tubes and detached leaves as reliable and rapid assays for screening Musa genotypes against Mycosphaerella fijiensis, the causal agent of black leaf streak. In the first part of the study, three types of inocula were evaluated to determine suitability for in vitro inoculation. Inoculation of in vitro plantlets with mycelial fragments resulted in significantly (P < 0.05) higher levels of disease severity and faster rates of disease progress compared with inoculations using conidial suspensions. In the detached leaf assay, amending agar medium with plant hormones significantly (P < 0.0001) aided retention of green leaf color. Leaf pieces on medium containing gibberellic acid at 5 mg/liter had about 5% chlorosis at 52 days after plating. When in vitro plantlets in tubes and detached leaves of 10 Musa genotypes with different levels of disease resistance were inoculated with M. fijiensis, there were significant (P < 0.05) differences among genotypes in leaf area infected, incubation time, and symptom evolution time. For incubation time and leaf area infected, cultivars responded depending on their level of disease resistance, with resistant genotypes Calcutta-4 and PITA-17 having significantly (P = 0.001) longer incubation times and lower infected leaf areas compared with the susceptible cultivar Agbagba and moderately resistant cultivar FHIA-23. A similar pattern in cultivar response was observed for symptom evolution time. Leaf area infected was not significantly (P = 0.2817 for two-tailed t test) different when assessed using the two assays, and infected leaf areas in both assays were strongly correlated (r = 0.88, n = 48, P < 0.0001). Although incubation times were significantly (P = 0.0062 for two-tailed t test) different between the two assays, values from the two assays were strongly correlated (r = 0.69, n = 48, P < 0.0001). These results show that these two assays are rapid and space-effective, and can reliably be used for screening Musa genotypes for resistance to black leaf streak. © 2007 The American Phytopathological Society.","{
  ""justification"": ""The claim asserts that developing resistant cultivars is not a sustainable approach, citing that most cultivars are either not resistant or are unacceptable to consumers. However, the references do not support this conclusion. Reference [6] describes successful methods for screening and identifying resistant genotypes, contradicting the idea that most are not resistant. Reference [1] shows mixed consumer acceptance, with some hybrids being highly accepted ('PA 4244') and others less so, which is a challenge to be addressed rather than a reason to deem the entire approach unsustainable. Therefore, the claim misrepresents the research findings by drawing a negative conclusion that the sources do not make."",
  ""answer"": ""Misrepresentation""
}"
s_122,"Challenges and Considerations: Cultural and Linguistic Differences: The use of epistemic modal verbs and other linguistic features can vary significantly across languages, affecting the interpretation of AI-generated texts .","This paper investigates the uses of epistemic must and its Dutch and German cognates moeten and müssen. Starting point is the observation that epistemic must occurs remarkably more often in English than its immediate counterparts in the two other languages. By means of a detailed comparison on the basis of a self-compiled English-Dutch-German translation corpus of fictional texts, this paper identifies the factors determining these frequency differences. First, it appears that English must covers a wider inferential ground than its Dutch and German counterparts, as it can also code highly subjective 'conjectural' inferences apart from the typical must-inferences based on observable evidence and general knowledge. Second, epistemic must is often used to appeal to the addressee, to invoke the addressee's sympathy among other things. Such intersubjective uses of epistemic must seem to be rare with the German and Dutch cognates. Third, general communicative preferences in English promote the use of hedging devices (like epistemic modal verbs), as they contribute to an indirect and addressee-oriented way of interaction that is more valued in English than in German. © 2012 Elsevier B.V.","{
  ""justification"": ""The reference supports the first part of the claim, which states that the use of epistemic modal verbs varies across languages (specifically English, Dutch, and German). However, the reference makes no mention of \""AI-generated texts\"" or how these linguistic differences might affect their interpretation. This part of the claim is an extrapolation not supported by the provided text."",
  ""answer"": ""Related but unverifiable""
}"
s_1663,"Plant Growth Inhibition: Trichoderma spp. inhibit plant growth by decreasing biomass and negatively affecting physiological processes such as photosynthesis. For example, Trichoderma treatments have been shown to significantly decrease the photosynthesis intensity in tomato plants .","Trichoderma spp. are effective biocontrol agents against plant pathogens and they also enhance systemic resistance to plant diseases and overall plant growth. Root colonization with Trichoderma spp. induces changes in physiological processes like photosyntesis or other metabolism processes. The objective of this study was to analyze the influence of Trichoderma spp. on the intensity of photosynthesis and on the assimilatory pigment content in tomato plants treated with 6 species of Trichoderma: T. harzianum, T. koningii, T. longibrachiatum, T. tomentosum, T. virens (c.n. T. deliquescens), T. viride and plants treated with the pathogen Botrytis cinerea alone and the pathogen followed by treatment with Trichoderma spp. The results showed that the tested strains of Trichoderma were able to significantly increase the photosynthesis intensity in the leaves of tomato plantlets. Also, the photosynthesis intensity of plantlets infected with B. cinerea followed by inoculation with T. harzianum was higher than for the non-treated plantlets (control). Differences between assimilatory pigments content of tomato plants treated with various Trichoderma species were insignificant but a large variation of the chlorophyll a content was observed between the tomato plants treated with the two tested strains of the T. harzianum (MUCL 15569 and MUCL 29416) was recorded. © 2013 University of Bucharest.
[7]: Aims: Many Trichoderma species are well-known by their ability to promote plant growth and health. However, few studies have been conducted to improve their ability. Laboratory and greenhouse experiments compared the promotion of cucumber growth by the putative mutant Trichoderma harzianum T-E5 versus the wild-type SQR-T037 and bio-organic fertilizers fortified with them. Methods: The putative mutant T-E5 was selected based on plant hormone production in liquid fermentation and then on the effects of T-E5 and SQR-T037 to promote plant growth and colonization of plant roots and rhizosphere soil of cucumber. Results: High-performance liquid chromatography analysis showed that indole acetic acid (IAA) production by T-E5 was enhanced by 30.2 % as compared with SQR-T037. T-E5 treatment statistically increased cucumber plant biomass in soil and hydroponic experiments. Based on TaqMan reverse transcriptase-polymerase chain reaction, the population of T-E5 was almost ten times higher than SQR-T037 in the soil samples at 30 days. The endophytic colonization of roots and stems by the two strains had the same dynamic tendency, but T-E5 was much greater than SQR-T037 at any sampling time. Conclusions: The putative mutant T-E5 enhanced the production of IAA and plant colonization ability, and this improvement had a great potential for further application of T-E5 in crop production. © 2012 Springer Science+Business Media Dordrecht.","{
  ""justification"": ""Justification 1: The claim states that Trichoderma spp. inhibit plant growth and decrease photosynthesis. The reference explicitly states the opposite: \""Trichoderma spp. ... enhance ... overall plant growth\"" and \""The results showed that the tested strains of Trichoderma were able to significantly increase the photosynthesis intensity\"".\nJustification 2: The claim directly contradicts the reference. The reference indicates that Trichoderma promotes plant growth and enhances photosynthesis, whereas the claim asserts the opposite, that it inhibits growth and decreases photosynthesis."",
  ""answer"": ""Opposite meaning""
}"
s_1489,"###  ** Recommendations** -  ** Balanced Diet** :  Ensure a balanced diet with adequate levels of essential vitamins and trace minerals to support optimal growth, reproductive performance, and overall health. -  ** Organic Minerals** :  Consider using organically complexed trace minerals to improve bioavailability and reduce environmental impact  . -  ** Monitor Levels** :  Regularly monitor and adjust dietary levels of vitamins and trace minerals to avoid deficiencies and toxicities.","Supplementation of trace minerals with a large safety margin in broiler chickens has resulted in a high level of mineral excretion that ends up in the environment. Organically complexed trace minerals (organic minerals) may be able to replace the inorganic trace minerals, because the former appear to have a greater bioavailability. Therefore, a 29-d cage study that included diets with supplemental trace minerals from organic and inorganic sources based on a trace mineral deficient control diet was conducted to examine the possible response of broiler chickens to organic mineral supplements. The results showed that supplementation with 4 mg of Cu and 40 mg each of Fe, Mn, and Zn from organic sources may be sufficient for normal broiler growth to 29 d of age. It is possible to use these lower levels of organic trace minerals in broiler diets to avoid high levels of trace mineral excretion. © 2007 Poultry Science Association, Inc.","{
  ""justification"": ""The claim presents a set of general dietary recommendations, including the need for vitamins, supporting reproductive performance, and regular monitoring. The reference, however, is a specific study focused only on the impact of four trace minerals (Cu, Fe, Mn, Zn) on the growth of broiler chickens and the environmental excretion of these minerals. The claim improperly generalizes the narrow findings of the study and adds information about vitamins and reproductive performance that is not present in the reference, thus misrepresenting the source's scope and conclusions."",
  ""answer"": ""Misrepresentation""
}"
s_1144,"Diagnosis: Serological Tests: Initial detection often relies on serological tests for specific antibodies, such as anti-DGP .","Celiac disease (CD) is an autoimmune disorder that affects genetically predisposed individuals who are sensitive to gluten and related proteins. It affects children and adults with increasing prevalence in the older age groups. Both adaptive and innate immune responses play role in CD pathogenesis which results in damage of lamina propria and deposition of intraepithelial lymphocytes. There are other proposed mechanisms of CD pathogenesis like gastrointestinal infections, intestinal microbiota, and early introduction of gluten. The diagnosis of CD is based on clinical symptoms and serological testing, though a majority of cases are asymptomatic, and small intestinal biopsies are required to confirm the diagnosis. Celiac disease is generally associated with other autoimmune diseases, and it is advisable to test these patients for diseases like type 1 diabetes mellitus, Addison's disease, thyroid diseases, inflammatory bowel disease, and autoimmune hepatitis. The patient with a new diagnosis of CD requires close follow-up after starting treatment to see symptom improvement and check dietary compliance. A newly diagnosed patient is advised to follow with a dietitian to better understand the dietary restrictions as about 20% of patients stay symptomatic even after starting treatment due to noncompliance or poor understanding of diet restrictions. The most effective treatment for CD is a gluten-free diet, but work on non-dietary therapy is in process and few medications are in the clinical trial phase.
[9]: Celiac disease is a malabsorptive disorder resulting from intolerance to gluten and leads to systemic problems due to nutritional deficiencies. Enhanced diagnostic ability through serology has led to the understanding that it is more common than previously thought and often presents in atypical and subclinical forms. Clinicians must recognize the subtle presentations that may represent celiac disease, as well as at-risk populations, so that appropriate measures can be taken to diagnose and treat the disorder.
[12]: Celiac disease is a common, chronic inflammatory disorder of the small intestine triggered by exposure to gluten in individuals with certain genetic types. This disorder affects people of any age or gender. Although often thought to be European in origin, it is now global in extent. Presentations are variable, from asymptomatic patients to severe malnutrition. Initial detection usually relies on celiac-specific serology, and confirmation often requires intestinal biopsy. There have been substantial increases in prevalence and incidence over the last 2 decades for reasons that are almost certainly environmental but for which there is no clarity as to cause.","{
  ""justification"": ""The references support the general idea that serological tests are used for the initial detection of celiac disease. However, none of the provided references mention the specific antibody test \""anti-DGP\"". Therefore, this specific detail in the claim cannot be verified from the given context, making the claim related but unverifiable."",
  ""answer"": ""Related but unverifiable""
}"
s_2230,"Health and Ecological Risks: Bioavailability and Mobility: Lead's bioavailability in soil is a critical factor for its uptake by plants and subsequent entry into the food chain. Factors like soil pH, organic matter, and the presence of other chemicals can influence this .","In this research, six topsoil samples (0-20 cm) were collected in the heavy-metal lead contaminated soil of one lead battery factory in South-west China as research object, which were later divided into seven particle size fractions, and analyzed for the lead concentration as well as the correlation between the lead concentration and the organic matter content. The result showed that five soil samples were contaminated with lead with different pollution levels, and there were two different trends in the changes of lead concentration as of the change of soil particle size. The lead concentration of the three samples from sewage treatment workshop, the workshop A and the workshop B, showed a first declining and then ascending trend with the decreasing particle size. The lead concentration of the soil samples of the packing workshop and the former production workshop A showed a decreasing trend when the particle size decreased. The lead concentration and the organic matter content showed a positive linear correlation (R<sup>2</sup>=0.823 2). Soil organic matter has the ability of lead enrichment, and the ability declines with the decreasing particle size. Soil texture may be an important factor for the interaction between soil organic matter and lead distribution.
[14]: In this study, coupled Pb concentration/Pb isotope data were used to evaluate the effect of a shooting range (operational for over 30 years) on Pb contamination of adjacent agricultural soils and the associated environmental risks. Lead was mainly concentrated in the arable layer of the contaminated agricultural soils at total concentrations ranging from 573 to 694 mg kg <sup>-1</sup>. Isotopic analyses (<sup>206</sup>Pb/<sup>207</sup>Pb) proved that Pb originated predominantly from the currently used pellets. Chemical fractionation analyses showed that Pb was mainly associated with the reducible fraction of the contaminated soil, which is in accordance with its predominant soil phases (PbO, PbCO<inf>3</inf>). The 0.05 M EDTA extraction showed that up to 62% of total Pb from the contaminated site is potentially mobilizable. Furthermore, Pb concentrations obtained from the synthetic precipitation leaching procedure extraction exceeded the regulatory limit set by the United States Environmental Protection Agency for drinking water. Ion exchange resin bags showed to be inefficient for determining the vertical distribution of free Pb<sup>2+</sup> throughout the soil profile. Increased Pb concentrations were found in the biomass of spring barley (Hordeum vulgare L.) sampled at the studied site and two possible pathways of Pb uptake have been identified: (1) through passive diffusion-driven uptake by roots and (2) especially through atmospheric deposition, which was also proved by analyses of a bioindicator species (bryophyte Hypnum cupressiforme Hedw.). This study showed that shooting ranges can present an important source of Pb contamination of agricultural soils located in their close vicinity. © 2009 Springer Science+Business Media B.V.","{
  ""justification"": ""The claim states that soil pH, organic matter, and other chemicals influence lead's bioavailability. While the references discuss lead in soil, its correlation with organic matter (first reference), and its uptake by plants (reference [14]), they do not mention soil pH or the influence of other chemicals on bioavailability. Therefore, key parts of the claim cannot be verified from the provided text, making it related but unverifiable."",
  ""answer"": ""Related but unverifiable""
}"
i_241,"Mitigation Contributions: Machine Learning Techniques: Various algorithms like CatBoost, XGBoost, and Random Forest have been employed to detect and mitigate DDoS attacks with high accuracy and low false-positive rates .","Software-defined networking (SDN) is an emerging new technology in the field of networks that facilitates comprehensive network programmability, which makes them prone to network attacks. One of the primitive yet highly effective network attacks is the Distributed Denial-of-Service (DDoS). DDoS attacks are launched from the compromised hosts called botnets acquired by the attacker host called the botmaster, all being connected to switches present in the same environment. Despite the large number of traditional mitigation solutions that exist today, DDoS attacks continue to grow severely. Numerous solutions have been proposed to counter these attacks and prevent service disruptions which have cost many companies a fortune. An extensive literature survey of existing solutions to these security challenges in an SDN environment, that employed machine learning techniques like XGBoost, Support Vector Machine (SVM), etc., has addressed the detection of DDoS attacks. But still showed the scope of improvement in detection speeds which could significantly reduce the service unavailability time from a server i.e., the victim of the DDoS attack. Thus, this paper addresses these requirements to build an optimal, reliable, and quick DDoS detection and mitigation application. This application leverages the controller's functionalities, continuously monitors the network traffic at a particular host interface (potential victim) to detect abnormal traffic. When the traffic is identified as a potential DDoS attack, its mitigation is initiated. The DDoS attack traffic is mitigated by deploying flow rules onto the switches such that it blocks the attack traffic from entering the network. The application uses CatBoost classifier, the boosting algorithm which has very less prediction time and is comparatively 8× faster than XGBoost, because of its symmetric tree structure. It is tested to be proven reliable and efficient in detecting botnet-based DDoS attacks on the SDN environment with an accuracy of 98% and far less training time. Thus, proving that the proposed solution employing the state-of-the-art machine learning model can be more effective in quickly detecting and mitigating a DDoS attack.
[3]: Distributed Denial of Service (DDoS) attacks became a true threat to network infrastructure. DDoS attacks are capable of inflicting major disruption to the information communication technology infrastructure. DDoS attacks aim to paralyze networks by overloading servers, network links, and network devices with illegitimate traffic. Therefore, it is important to detect and mitigate DDoS attacks to reduce the impact of DDoS attacks. In traditional networks, the hardware and software to detect and mitigate DDoS attacks are expensive and difficult to deploy. Software-Defined Network (SDN) is a new paradigm in network architecture by separating the control plane and data plane, thereby increasing scalability, flexibility, control, and network management. Therefore, SDN can dynamically change DDoS traffic forwarding rules and improve network security. In this study, a DDoS attack detection and mitigation system was built on the SDN architecture using the random forest machine-learning algorithm. The random forest algorithm will classify normal and attack packets based on flow entries. If packets are classified as a DDoS attack, it will be mitigated by adding flow rules to the switch. Based on tests that have been done, the detection system can detect DDoS attacks with an average accuracy of 98.38% and an average detection time of 36 ms. Then the mitigation system can mitigate DDoS attacks with an average mitigation time of 1179 ms and can reduce the average number of attack packets that enter the victim host by 15672 packets and can reduce the average number of CPU usage on the controller by 44,9%.","{
  ""justification"": ""Justification 1: The claim is supported by both references. Reference [1] discusses using CatBoost and XGBoost for DDoS detection and mitigation, reporting 98% accuracy for its CatBoost application. Reference [3] describes a system using Random Forest with 98.38% accuracy.\nJustification 2: The claim accurately synthesizes information from the provided texts. It correctly identifies the machine learning algorithms (CatBoost, XGBoost, Random Forest) and their purpose (DDoS detection and mitigation), and the \""high accuracy\"" is confirmed by the specific percentages (98% and 98.38%) mentioned in the references."",
  ""answer"": ""Entailment""
}"
s_1442,"Gene Activity and Immune Response: Gene Expression: Although specific gene activity related to synbiotic supplementation was not detailed in the abstracts, the observed improvements in immune parameters and intestinal health imply potential upregulation of genes associated with immune response and gut integrity .","The farming of Nile tilapia (Oreochromis niloticus) has faced the challenges of infections, especially by Streptococcus However, solving this problem by using antibiotics will cause other problems, such as drug residue that can directly affect consumers and an increase in antibiotic resistance to bacteria. Therefore, probiotics should be an alternative to control bacterial diseases. This study aimed to investigate the optimum level of mixed probiotic supplementation. The experiment was designed to include six treatments (the control diet and probiotic-supplemented diets at 0.5, 1.0, 2.0, 5.0 and 10.0%). The mixed probiotic was composed of 3.1 × 108 CFU of Lactobacillus sp. and 4.6 × 106 CFU of Saccharomyces cerevisiae. After feeding for 30 days, tilapias from each replication were injected with a vaccine containing Streptococcus agalactiae to study the immune gene expression. The results showed that this mixed probiotic can enhance the growth and immune system of tilapias, and the most effective level was at 0.5% with consideration for high ADG, low FCR, and high protective efficiency against S. agalactiae infection. Moreover, toll-like receptor 9 gene and immunoglobulin gene expressions after vaccination for 24 hours were significantly higher than the control. The relative percent survival was the highest at 78.13%. This mixed probiotic can be used for Streptococcosis control in tilapia farms because it can reduce the diet cost and induce both the growth and immune system of tilapias.","{
  ""justification"": ""The claim states that \""specific gene activity related to synbiotic supplementation was not detailed in the abstracts\"". This is the opposite of what the reference states. The reference explicitly details the gene activity, mentioning that \""toll-like receptor 9 gene and immunoglobulin gene expressions after vaccination for 24 hours were significantly higher than the control.\"""",
  ""answer"": ""Opposite meaning""
}"
i_1535,"Socio-demographic factors such as property type, occupation, and ethnicity significantly influence waste management practices, and it is likely that these factors also affect community engagement in environmental sustainability initiatives .","Numerous health issues can arise from improper domestic waste management. Uncollected wastes provide food and breeding sites for insect, bird and rodent which can expose the community to vector borne disease. Therefore, this study aims to investigate the community awareness towards domestic waste management. This study is a cross-sectional study conducted at Bandar Baru Sungai Buloh, Selangor, Malaysia. The questionnaire consists of five sections with a total of 57 questions. The questionnaire consists of four parts: Socio-demographic, knowledge, attitude and practice. The data were analysed using SPSS version 22.0. T-test, ANOVA test, Chi-squared test were used according to the type of variables and significance level will be taken at 95% or p-value of less than 0.05. A total of 355 respondents participated in this study. The mean age was 40.52 ±14.94. The majority of them were male (52.1%), Malay (71.0%), married (71.3%), with secondary educational (81%) and employed (41.1%). The majority of respondents mentioned that inappropriate waste management can cause dengue fever and leptospirosis (98.0%, 97.2%; respectively). Property type, education, occupation, ethnicity, religions and household income were significant influenced the knowledge of the participants towards domestic waste management. For attitude, gender, education, ethnicity, religion and income significantly influenced the attitude of the participants towards domestic waste management. For practice, ethnicity, religion and occupation were significantly influenced the practice of the participants towards domestic waste management. In conclusion, the community has moderate awareness of domestic waste management. Awareness of waste management should also be taught in school so that the next generation of people will have a better understanding and eventually have better practice in domestic waste management. It is also hoped that a carefully thought-out strategy can be developed to further improve the community awareness towards domestic waste management which will shed a new light on tackling this issue.","{
  ""justification"": ""The reference states that for practice, ethnicity, religion, and occupation were significant influencing factors. It mentions that property type influenced knowledge, not practice. The claim incorrectly includes property type as a factor influencing practice. Furthermore, the claim extends the findings to \""community engagement in environmental sustainability initiatives,\"" a broader concept not mentioned or supported by the reference, which is limited to domestic waste management. This represents a misinterpretation and overgeneralization of the source material."",
  ""answer"": ""Misrepresentation""
}"
i_1653,"ARGs such as sul1 and sul2 are not detected in groundwater recharged with treated water, suggesting that continuous monitoring is unnecessary .","The growing need for potable reuse of wastewater has led to significant development and implementation of advanced treatment processes. However, the emergence of new safety concerns (e.g., antibiotic resistance) necessitates an ongoing evaluation of current and future reuse schemes to demonstrate both water security and public safety. This study elucidates the microbial community and antibiotic resistance gene (ARG) profiles of a 100 million gallon per day (MGD) advanced water treatment facility (AWTF). A concurrent evaluation of the groundwater aquifer that is recharged with AWTF product water was also performed to determine the fate of specific microbial targets in the downstream environment. Results indicated that the AWTF reduced nearly all targeted ARGs to below detection limits (<50 copies/L). In groundwater samples, however, a ubiquitous presence of ARGs conferring resistance to sulfonamides (sul1 and sul2) and β-lactams (oxa-1) was observed (10<sup>4</sup>-10<sup>6</sup> copies/L) in both AWTF-recharged locations and control locations. Microbial community analysis via 16S rRNA gene sequencing further showed that the AWTF treatment train effectively excluded any upstream wastewater microbial community characteristics from the product water. Groundwater receiving AWTF recharge through percolation basins was greatly influenced by its proximity to a river that is known to receive conventional wastewater treatment plant effluents.","{
  ""justification"": ""The claim asserts that ARGs like sul1 and sul2 are not detected in groundwater recharged with treated water. The reference directly contradicts this, stating, \""In groundwater samples, however, a ubiquitous presence of ARGs conferring resistance to sulfonamides (sul1 and sul2) ... was observed ... in both AWTF-recharged locations and control locations.\"" Therefore, the claim states the opposite of the reference's findings."",
  ""answer"": ""Opposite meaning""
}"
i_1630,"Empirical Evidence: CSR and Sustainable Practices: Gender-diverse boards are more likely to engage in CSR activities, which include environmental sustainability efforts .","Corporate social responsibility (CSR) is increasingly becoming a strategic issue that has to be dealt with by top management. The aim of the present study is to analyse the role that women directors can play as driving forces behind the development of CSR in organisations, and contribute to sustainable development. Despite the fact that gender diversity is acquiring considerable importance, most research has focused on analysing how it affects financial performance. In this study, we analyse the implications that gender diversity has on CSR. To do so, we have carried out an empirical study of a sample of firms from a variety of countries and sectors to determine whether those firms with a higher percentage of women on the board of directors are more socially responsible. The results support the hypothesis that gender diversity has a positive influence on CSR. Female talent can play a strategic role in enabling firms to manage their social responsibility and sustainable practices appropriately.","{
  ""justification"": ""The reference directly supports the claim. It states that the results of an empirical study \""support the hypothesis that gender diversity has a positive influence on CSR.\"" It also links CSR to sustainability by concluding that \""Female talent can play a strategic role in enabling firms to manage their social responsibility and sustainable practices appropriately.\"""",
  ""answer"": ""Entailment""
}"
i_314,Primary Techniques: Segmentation and Feature Extraction: Segmentation: Dividing an image into meaningful regions to simplify analysis. This is often a precursor to feature extraction .,"The CCD image sensor is set in the different production position, whose output signal is converted into digital signals to a dedicated image processing system by A/D. Using the image enhancement, smoothing, sharpening, segmentation, feature extraction, image recognition and understanding of digital image processing techniques,the system can identify the image, compare with feature information preservation, decide whether to enter the next process according to the similarity degree of alignment. Visual inspection having high precision, fast speed, working in the industrial field is stable and reliable, and improves the level of automation of production, make the products more competitive. © (2014) Trans Tech Publications, Switzerland.","{
  ""justification"": ""Justification 1: The claim states that segmentation is a precursor to feature extraction. The reference supports this by listing the image processing techniques in a specific order: \""...segmentation, feature extraction...\"".\nJustification 2: The reference explicitly lists \""segmentation\"" followed by \""feature extraction\"" in the sequence of digital image processing techniques used by the system, which directly entails the claim that segmentation is a precursor to feature extraction."",
  ""answer"": ""Entailment""
}"
s_2140,"Common sources include roadside dust, domestic waste, and industrial emissions .","The presence of microplastics (MPs) in the atmosphere is becoming a global obstacle with infinite impacts on human health, agriculture, wildlife, and ecosystems. MPs are generated by the chemical, physical, and chemical degradation processes of plastic debris in roadside dumps and domestic waste. MPs that have contaminated the soil, sand, and water are reemitted into the atmosphere by the wind. Roadside dust is a major source of airborne microplastics. The aerodynamic shape of MPs favors long-distance transport, and pollution plumes also facilitate their transport and deposition. The abundance of airborne MPs depends on aerodynamics and environmental variables such as temperature, rainfall, humidity, human population density, local environment, and human activities. Wet and dry depositions of MPs contaminate water sources and food sources in the environment. Long-term ingestion of MPs into the human body via inhalation can adversely affect health. Additional field sampling and the implementation of standardized analytical protocols are required to identify the global distribution of atmospheric MPs and their potential effects on human health. This chapter discusses the sources, occurrence, pathways, and fate of airborne MPs in the environment, as well as their atmospheric chemistry. The potential health consequences of human MP exposure are discussed.
[3]: Plastics production is growing all over the world, but the total emission of microplastics is unfortunately not reducing. In the external environment, plastics degrade over time. This leads to the appearance of smaller particles or fibers which are microplastics at sizes of less than 5 mm. Atmospheric transfer is for microplastics one of the main ways of entering the environment. The purpose of this study is to identify microplastics in the snow cover of the south of Western Siberia, as well as preliminarily assess the possible sources of their supply. Snow samples are taken during a period of maximum snow accumulation (March, 2020) according to requirements developed by the Norwegian Institute for Air Research. The microparticles are visually evaluated using a digital microscope, Dino-Lite AM211, a fluorescent dye solution, and a Wood lamp. To assess the possible atmospheric distribution and deposition of the particles, an analysis of the synoptic conditions based on data of NCEP/NCAR, ERA5, and HYSPLIT is performed. The microscopic analysis has shown that microplastics (namely, films, fibers, and granules) have been detected in 16 of the 18 snow samples in the city of Barnaul and adjacent territories, as well as fibers and granules have been revealed in 3 snow samples from the Kasmala River basin.","{
  ""justification"": ""Justification 1: The reference mentions that microplastics are generated from the degradation of plastic debris in roadside dumps and domestic waste, and that roadside dust is a major source. However, the reference does not mention \""industrial emissions\"" as a source of microplastics.\nJustification 2: While the claim correctly identifies roadside dust and domestic waste as sources based on the reference, it also includes \""industrial emissions,\"" which is not mentioned in the provided text. This makes a portion of the claim unverifiable."",
  ""answer"": ""Related but unverifiable""
}"
s_1939,"Ecological Concerns Associated with Ocean Alkalinity Enhancement (OAE) Biodiversity: Changes in alkalinity may impact marine biodiversity, particularly in sensitive coastal and estuarine environments where species are already under stress from multiple factors .","Background: Human activities have increased atmospheric concentrations of carbon dioxide by 36% during the past 200 years. One third of all anthropogenic CO<inf>2</inf> has been absorbed by the oceans, reducing pH by about 0.1 of a unit and significantly altering their carbonate chemistry. There is widespread concern that these changes are altering marine habitats severely, but little or no attention has been given to the biota of estuarine and coastal settings, ecosystems that are less pH buffered because of naturally reduced alkalinity. Methodology/Principal Findings: To address CO<inf>2</inf>-induced changes to estuarine calcification, veliger larvae of two oyster species, the Eastern oyster (Crassostrea virginica), and the Suminoe oyster (Crassostrea ariakensis) were grown in estuarine water under four pCO<inf>2</inf> regimes, 280, 380, 560 and 800 μatm, to simulate atmospheric conditions in the pre-industrial era, present, and projected future concentrations in 50 and 100 years respectively. CO<inf>2</inf> manipulations were made using an automated negative feedback control system that allowed continuous and precise control over the pCO<inf>2</inf> in experimental aquaria. Larval growth was measured using image analysis, and calcification was measured by chemical analysis of calcium in their shells. C. virginica experienced a 16% decrease in shell area and a 42% reduction in calcium content when pre-industrial and end of 21st century pCO<inf>2</inf> treatments were compared. C. ariakensis showed no change to either growth or calcification. Both species demonstrated net calcification and growth, even when aragonite was undersaturated, a result that runs counter to previous expectations for invertebrate larvae that produce aragonite shells. Conclusions and Significance: Our results suggest that temperate estuarine and coastal ecosystems are vulnerable to the expected changes in water chemistry due to elevated atmospheric CO<inf>2</inf> and that biological responses to acidification, especially calcifying biota, will be species-specific and therefore much more variable and complex than reported previously. © 2009 Miller et al.
[6]: Ocean acidification, mainly attributed to the increasing anthropogenic CO<inf>2</inf>in the atmosphere, is characterised by a lowering pH together with a shift in the sea water carbonate chemistry toward lower concentration of carbonate ions. On the coasts, where the environmental variability is high due to natural and human impacts, ocean acidification mainly affects the frequency, magnitude, and duration of lower pH and lower calcium carbonate saturation events. Coastal ecosystems are adapted to environmental variability such as frequent changes in salinity, temperature, pH, oxygen levels and organic matter content. However, the effects of an increase of the range of this variability on coastal species, and especially on calcifiers, are still not clear. In this context, this thesis explores the impacts of coastal ocean acidification combined with other environmental stressors on benthic foraminifera. In the Skagerrak-Baltic Sea region, foraminifera faunas varied along a strong gradient in terms of salinity, pH, and dissolved oxygen concentration, and species were adapted to local environmental stressors. However, the specimens of Ammonia spp. and Elphidium spp. observed in the south Baltic Sea were partially to completely dissolved, probably due to a combination of different stressors affecting the required energy for biomineralisation. In a culture study, the coastal species Ammonia spp. and E. crispum were found to be resistant to dissolution under varying salinity and pH, which reflects the environmental variations in their natural habitats. However, their resistance to lower pH is decreased when cultured in brackish water conditions, and living decalcified specimens were also observed under a salinity of 5. This underlines the importance of a high salinity in the calcification process of foraminifera. At the entrance of the Baltic Sea, environmental changes during the last 200 years were reconstructed using foraminiferal faunas. Four periods were identified with varying oxygen levels, salinity, organic matter content, and pollution with lower pH. This highlights that foraminiferal faunas were able to adapt to multiple environmental stressors. This thesis concludes that, even if coastal species of foraminifera can tolerate extremely varying conditions in their environment on the short term, it is likely that tolerance thresholds will be passed for benthic ecosystems under the future increase in anthropogenic impacts such as coastal ocean acidification. Further studies of micro-organisms such as foraminifera will be necessary to improve our understanding of past environmental changes and to put present and future changes into a larger context.","{
  ""justification"": ""The claim discusses the ecological concerns of \""Ocean Alkalinity Enhancement (OAE)\"". However, the provided references do not mention OAE at all. Instead, they focus on the opposite problem: \""ocean acidification,\"" which is the decrease in pH and alkalinity due to increased atmospheric CO2. While the references do confirm that changes in water chemistry impact marine biodiversity in coastal and estuarine environments, they specifically discuss the effects of acidification. By attributing these concerns to OAE, the claim misrepresents the content of the references, applying findings about one phenomenon (acidification) to a different, unmentioned one (alkalinity enhancement)."",
  ""answer"": ""Misrepresentation""
}"
s_837,"5. Structural Differences: Cylindrical Cells: Typically have a robust structure that can withstand mechanical stresses to some extent, but they are more prone to thermal issues under high loads .","The safety of power batteries have always restricted the promotion and development of electric vehicles. The axial compression of batteries is an important issue leading to damage. The safety performance of 18650 lithium-ion battery under axial compression was studied by experiments. The characters of load, voltage and temperature of batteries with state of charge of 60%, 80%, and 100% were discussed, and the failure process of the battery under axial compression was analyzed. It was found that the voltage during the axial compression process showed a unique stepped drop, the maximum load and a sudden temperature increase occurred almost simultaneously; the local groove structure of the positive induced the battery to rupture near the positive. Comparing the batteries in axial compression with the batteries of the radial two-plate compression, it was found that the thermal runaway of power battery in axial compression is weaker than that in radial two-plate compression.","{
  ""justification"": ""Justification 1: The claim asserts that cylindrical cells are 'more prone to thermal issues under high loads.' However, the reference directly contradicts this by stating that 'the thermal runaway of power battery in axial compression is weaker than that in radial two-plate compression.' This indicates they are less prone to thermal issues in that specific scenario.\nJustification 2: The claim's statement about being 'more prone' to thermal issues is the opposite of the reference's finding, which describes the thermal runaway as 'weaker' under axial compression compared to radial compression."",
  ""answer"": ""Opposite meaning""
}"
s_1403,"Key Factors Contributing to Odor in Diabetic Foot Ulcers: Wound Management: Inadequate Debridement: Proper debridement (removal of dead tissue) is crucial for managing DFUs. Inadequate debridement can leave necrotic tissue in the wound, which can harbor bacteria and contribute to odor .","Diabetic foot ulcer is a rising health problem with rising prevalence of diabetes. It is the most important cause of non-traumatic foot amputations. Diabetic foot ulcers are primarily due to neuropathy and/ or ischaemia, and are frequently complicated by infection. Up to 85% of all diabetic foot related problems are preventable through a combination of good foot care and appropriate education for patients and healthcare providers. The holistic care of diabetic foot ulcer patients requires a multidisciplinary team approach. Apart from blood sugar control, treatment of ulcer involves debridement, offloading, appropriate dressings, vascular maintenance and infection control. Use of adjunctive treatments such as various growth factors, skin replacement dressings and vacuum assisted closure will accelerate healing in selected cases.
[4]: Appropriate choice of support dressing for the treatment and topical care of chronic wound is one of the crucial factors in the management of this type of wounds, especially if thus ensuring maximal action upon the etiological causative agent. Of course, an accurate diagnosis is a major prerequisite for the proper use of dressing. The major problems in patients with chronic wounds include pain, abundant exudate that may frequently be difficult to control, bad odor, occasionally bleeding, and wound infection, the latter predominantly in diabetic patients.","{
  ""justification"": ""The reference mentions that debridement is a part of treating diabetic foot ulcers and that bad odor is a common problem in chronic wounds, especially in diabetic patients. However, it does not explicitly state that inadequate debridement is the cause of the odor. The claim makes a specific causal link that is not present in the provided text, making it unverifiable."",
  ""answer"": ""Related but unverifiable""
}"
i_417,"Ambient Assisted Living: Cloud-based IoT solutions are expected to support health and behavior monitoring for elderly or disabled individuals, which may enhance their quality of life, although this is not guaranteed .","Cloud-Internet of Things based solutions exploit the benefits of complementarity between the two technologies. Due to its specificity, the Ambient Assisted Leaving is a priority domain to implements such solutions, with main focus on health and behaviour monitoring. The paper provides the business architecture and generic specifications for a management system with a two-fold objective: To support the configuration of the integrated offer of services specific to Cloud of Things based monitoring, in relation with various providers of these services, and to efficiently administrate the implementation and usage of this offer, in collaboration with its users and beneficiaries. The solution is dedicated to the service integrator, who plays the central role and has the main responsibility in capitalizing this offer on the market. To emphasize this particularity, the focus is put on the business architecture of this management solution specifying the participants, their roles and interactions. For the information management system supporting this architecture, the conceptual schema of the database is detailed. Finally the paper outlines an instantiation of this solution in case of health monitoring, with the focus on outpatient setting. A further development of the current solution envisages of this architecture to the institutionalized patients setting.","{
  ""justification"": ""The reference describes a business and system architecture for Cloud-IoT solutions in Ambient Assisted Living, with a focus on health and behavior monitoring. While the claim correctly identifies this core purpose, it introduces the idea that these solutions \""may enhance their quality of life, although this is not guaranteed.\"" The provided reference does not discuss the impact on quality of life or the certainty of such outcomes; its focus is on the business model and system specifications. Therefore, the claim's assertions about the end-user benefits are related to the topic but cannot be verified by the given text."",
  ""answer"": ""Related but unverifiable""
}"
i_1819,"Rural vs. Urban Residence: Rural Areas: Children in rural areas are more likely to be stunted compared to those in urban settings, likely due to poorer access to clean water, sanitation, and healthcare services .","Previous studies globally report that poverty was a determinant of stunting. However, studies also showed that stunting can be found in wealthy families. To analyze factors related to stunting among wealthy families, we examined the 2021 Indonesian National Nutritional Status Survey. This cross-sectional study included 23, 957 children under the age of two years old. In addition to stature, the study analyzed eight independent variables (e.g., residence, maternal age, marital, education, employment, children's age, gender, and early initiation breastfeeding). By employing a binary logistic regression test in the last analysis, this study found that children in rural areas were 1.160 times more likely to be stunted than those in urban areas (95% CI [1.152, 1.168], p <.001). The characteristics of mothers were also found to be related to stunting, including age, marital status, education, and employment. Additionally, 12–13-month-old children were 3.033 times more likely to be stunted than < 12 months (95% CI [3.011, 3.055], p <.001). Boys were 1.320 times more likely to be stunted than girls (95% CI [1.311, 1.328], p <.001). Children with early breastfeeding initiation were 1.025 times more likely to be stunted than those without (95% CI [1.018, 1.031], p <.001). Lastly, eight significant factors related to stunting among wealthy families in Indonesia were found: residence, maternal age, marital, education, employment, children's age, gender, and early breastfeeding initiation. The government must focus on the specific targets produced in this study to accelerate reducing the prevalence of stunting in wealthy Indonesian families.","{
  ""justification"": ""The reference confirms that children in rural areas are more likely to be stunted than those in urban areas. However, it does not provide the reason for this disparity, specifically mentioning 'poorer access to clean water, sanitation, and healthcare services.' This part of the claim is not supported by the text."",
  ""answer"": ""Related but unverifiable""
}"
s_801,"3. Environmental Impact: Noise Impact: Offshore wind farms generate considerable underwater noise, particularly during construction. Standard procedures for assessing and mitigating noise impact on marine life are being developed, and it is believed that these noise impacts could also influence the migratory patterns of certain fish species in the vicinity of the wind farms .","Offshore wind energy is a new technology created by the merging of classical wind energy technology and classical offshore technology. Wind speeds are considerably higher over the sea as compared to onshore sites, but also the cost per installed kW will increase when moving offshore. The rapid development of wind energy use in Germany is accompanied by an increase of the installed power per wind turbine. In the German areas of the North and Baltic Seas, several large offshore wind farms are planned; each with several hundreds turbines of up to 5 MW each. The Institute for Structural Analysis (ISD) of the University of Hannover, the German Wind Energy Institute (DEWI) in Wilhelmshaven, and the Institute for Technical and Applied Physics (itap) in Oldenburg are partners in a project on: Standard Procedures for the Determination and Assessment of Noise Impact on Sea Life by Offshore Wind Farms which is funded by the German Federal Ministry for Environment (BMU). The aim of this project (CRI, DEWI, itap 2004) is to study the generation, radiation and attenuation of underwater noise, to develop forecasting hydro sound models of offshore wind converters and future noise reduction methods during pile driving, to determine the impact area of offshore wind farms, to allow the formulation of recommendations for acoustic emission thresholds for offshore wind farms in cooperation with biologists, and to develop standard procedures for the determination and assessment of noise emissions. The operation and in particular the construction of offshore wind converters induce considerable underwater noise emissions. It is assumed that small whales and seals can be affected by noises from machines and vessels, piling and installation of the wind turbines. Piling, in particular using hydraulic hammers creates high frequency noise with considerable sound power levels. Currently, only little knowledge about the effects of different noises to marine life is available. With a view to determining the effects on the marine flora and fauna and structural design aspects, the research platform FINO 1 (Fig. 1) was erected in the North Sea. Measurements of the underwater noise during construction of offshore research platforms and numerical investigations are used to develop future forecasting hydro sound models of offshore wind converters. © Springer-Verlag Berlin Heidelberg 2006. All rights are reserved.","{
  ""justification"": ""The reference supports the claim that offshore wind farms produce significant underwater noise and that standard procedures are being developed to address this. However, the reference mentions potential impacts on \""small whales and seals\"" and explicitly states that \""little knowledge about the effects of different noises to marine life is available.\"" It does not mention \""fish species\"" or their \""migratory patterns,\"" making this specific part of the claim unverifiable."",
  ""answer"": ""Related but unverifiable""
}"
s_1827,"Factors Influencing Emission Factors: Engine Load and Type: Cold Starts: PM emissions are higher during cold starts compared to hot-stabilized operation, and it is likely that newer engine technologies will further reduce emissions during these conditions .","Although emissions of air pollutants from some military tactical equipment are not subject to the emissions standards, local communities near military bases must conform to the National Ambient Air Quality Standards. Military diesel generators are widely used in training. A portable in-plume system was used to measure fuel-based emission factors (EFs) for particulate matter (PM), carbon monoxide (CO), nitrogen oxides (NO<inf>x</inf>), and hydrocarbons (HCs) for 30-, 60-, and 100-kW generators at five load levels and for cold starts. It was found that EFs depend on multiple parameters including engine size, engine load, unit age, and total running hours. The average CO EF of generators tested was 5% lower, and the average NO<inf>x</inf> EF was 63% lower than AP-42 estimates; average PM EF was 80% less than the AP-42 estimates. A 2002 model-year 60-kW engine produced 25% less PM than a 1995 engine of the same family with similar running hours. CO EFs decrease with increasing engine load, NO<inf>x</inf> EFs increase up to mid-loads and decrease slightly at high loads, PM EFs increase with loads for 30- and 60-kW engines. CO and PM have higher EFs and NO<inf>x</inf> has a lower EF during cold starts than during hot-stabilized operation. PM chemical source profiles were also examined. Copyright 2009 Air & Waste Management Association.","{
  ""justification"": ""The reference supports the first part of the claim, stating that \""PM have higher EFs... during cold starts than during hot-stabilized operation.\"" However, the second part of the claim, which predicts that \""it is likely that newer engine technologies will further reduce emissions,\"" is not mentioned or supported by the reference. The reference only provides a historical comparison between a 1995 and a 2002 engine but does not make a forward-looking prediction."",
  ""answer"": ""Related but unverifiable""
}"
s_1550,"Environmental Conditions: Environmental factors such as temperature and light also influence bolting time. For example, romaine lettuce cultivar Sophia showed shorter bolting times in open fields compared to shaded environments . This suggests that exposure to direct sunlight accelerates bolting.","[3] Thermoinhibition of lettuce (Lactuca sativa L.) seed germination is a common problem associated with lettuce production. Depending on lettuce cultivars, seed germination may be inhibited when temperatures exceed 28 °C. The delay or inhibition of seed germination at high temperatures may reduce seedling emergence and stand establishment of lettuce in the field, leading to a reduction in economic yield. To identify heat-tolerant lettuce genotypes, lettuce varieties and germplasm accessions were screened for the ability to germinate under high-temperature stress. Twenty-four to 26 genotypes were selected from each lettuce types (crisphead, romaine, butterhead, loose leaf, and wild species) and their seeds were placed in petri dishes to test their ability to germinate at high temperatures (29 and 34 °C) as compared with controls at 24 °C. Some lettuce genotypes showed thermotolerance to 34 °C (less than 20% reduction in germination) such as Elizabeth, PI 342533, PI 358025, Florida Buttercrisp, Kordaat, Corsair, FL 50105, PRO 425, PI 278070, Noemie, Picarde, Gaillarde, L. serriola (PI 491112, UC96US23, PI 491147), L. virosa (PI 274378 D), L. saligna (PI 491159), and primitive (PI 187238 A, PI 289063 C). The germination rates were consistent with the germination percentage at the high temperatures. Seed germination in the field was very low and positively correlated with seed germination at 29 and 34 °C. The highest field germination percentages (greater than 40%) were observed in Belluro, Mantilia, Mid Queen, Headmaster, PRO 874, PRO 425, FL 50105, Corsair, Romaine SSC 1148, Romaine Romea, Green Forest, Grenadier, FL 43007, Squadron, Xena, Noemie, Green Wave, Picarde, and Red Giant. The results of this study indicated that lettuce genotypes differ greatly in their ability to germinate at high temperatures as determined by the percentages and the rates of germination. Our research indicates that thermoinsensitive varieties could be used to expand lettuce production seasons in warm and low land cost areas and reduce the need for seed priming, lowering the production costs. The information may also be useful for growers to better choose cultivars for warm environments and for lettuce breeders to improve the crop for adaptation to global warming and climate change.","{
  ""justification"": ""The user wants me to act as an annotator and evaluate a claim against a provided reference.\n\nHere's my plan:\n1.  **Analyze the Claim:**\n    *   Claim: Environmental factors like temperature and light affect bolting time in lettuce.\n    *   Specific Example: Romaine lettuce 'Sophia' bolts faster in open fields (direct sunlight) than in shaded environments.\n    *   Conclusion: Direct sunlight accelerates bolting.\n\n2.  **Analyze the Reference:**\n    *   The reference is about \""Thermoinhibition of lettuce (Lactuca sativa L.) seed germination\"".\n    *   It discusses how high temperatures (above 28°C) inhibit seed germination.\n    *   It screens different lettuce genotypes for their ability to germinate at high temperatures (29°C and 34°C).\n    *   It lists genotypes that show thermotolerance.\n    *   It correlates lab germination tests with field germination percentages.\n    *   The goal is to find varieties suitable for warm environments to expand production seasons.\n    *   Keywords: germination, thermoinhibition, high temperature, seed, genotypes, cultivars.\n\n3.  **Compare Claim and Reference:**\n    *   The claim talks about **bolting time**. Bolting is when a plant prematurely produces a flowering stem before the crop is ready for harvest, often triggered by stress like heat or long days.\n    *   The reference talks about **seed germination** at high temperatures. Germination is the process of a seed sprouting.\n    *   These are two completely different physiological processes in a plant's life cycle.\n    *   The claim mentions the cultivar 'Sophia'. The reference lists many cultivars, but 'Sophia' is not among them.\n    *   The claim discusses the effect of **light** (open fields vs. shaded). The reference focuses exclusively on **temperature**.\n    *   The claim's topic (bolting) is related to the general subject of lettuce cultivation and environmental stress, which is also the broad context of the reference. However, the specific phenomena discussed are entirely different.\n\n4.  **Step-by-step Evaluation:**\n    *   **Step 1: Paragraph Structure Assessment:** The claim is well-formed and makes a substantive assertion. It's not filler.\n    *   **Step 2: Verifiability Check:** Can the claim be verified by the reference? No. The reference does not mention \""bolting\"", the cultivar \""Sophia\"", or the effect of \""light\"" vs. \""shade\"". It only discusses seed germination and temperature.\n    *   **Step 3: Relationship Analysis:** Since it's unverifiable, I move to Step 5.\n    *   **Step 5: Unverifiable Subcategorization:**\n        *   Is the content related? Yes, both deal with lettuce and environmental stress in agriculture. The claim is about bolting, and the reference is about germination, both are aspects of lettuce production.\n        *   Is it verifiable? No.\n        *   Therefore, it is **Related but unverifiable**. The claim makes a specific assertion about a topic (bolting) that is related to the reference's topic (germination in lettuce) but cannot be confirmed or denied by the provided text.\n\n5.  **Final Justification Formulation:**\n    *   Justification 1: The claim discusses the effect of environmental factors (light, temperature) on the \""bolting time\"" of romaine lettuce cultivar 'Sophia'. The reference, however, focuses entirely on \""thermoinhibition of seed germination\"" in various lettuce genotypes. The reference does not mention bolting, the cultivar 'Sophia', or the impact of light/shade.\n    *   Justification 2: While both the claim and reference pertain to lettuce and environmental stress, the specific biological process discussed in the claim (bolting) is not mentioned or supported by the reference, which is about seed germination. Therefore, the claim is unverifiable from the given source.\n\n6.  **Select the Final Answer:** Based on the analysis, the correct classification is \""Related but unverifiable\""."",
  ""answer"": ""Related but unverifiable""
}"
s_1493,"Intensity and Impact: Yield Losses: Severe infestations can lead to substantial yield losses. For instance, bananas harvested from plants with high BLS severity have been found to have a shorter greenlife, affecting their marketability and shelf life .","Sigatoka disease (SD) of bananas is caused by the pathogenic fungus Mycosphaerella musicola Leach. This disease provokes necrotic lesions on leaves and serious infestations can lead to a substantial reduction in the leaf area of infected plants and thus to yield losses. In addition to these effects on yield, SD was found to have an impact on fruit quality, especially because exported bananas ripen prematurely. In the present work, a plantation survey and experiments have been conducted in Guadeloupe (FWI) to assess the effect of this disease on the greenlife of bananas harvested at a constant physiological age, as measured in degree-days (dd). Our results revealed that bananas harvested at 900 dd from plants with high Sigatoka disease severity had normal diameter growth, but a shorter greenlife (GL) than bananas harvested from uninfected plants. These results indicate that SD is directly responsible for the reduction of banana greenlife since the reduction of GL could not be attributed to the harvest of fruits at a more advanced physiological age (dd). Furthermore, a correlation was noted between SD severity and GL. The potential physiological mechanisms involved are also discussed. © 2008 Elsevier Ltd. All rights reserved.","{
  ""justification"": ""Justification 1: The claim attributes the findings to 'BLS' (Black Leaf Streak). However, the reference explicitly studies 'Sigatoka disease (SD)' caused by the fungus Mycosphaerella musicola. These are different diseases. Therefore, the claim contains an entity error by misidentifying the disease.\nJustification 2: The reference discusses the effects of 'Sigatoka disease (SD)' on bananas, such as yield loss and shorter greenlife. The claim correctly describes these effects but incorrectly attributes them to 'BLS' (Black Leaf Streak), which is not mentioned in the reference. This is a mismatch of the specific entity being discussed."",
  ""answer"": ""Entity error""
}"
i_269,Comparison with Other Architectures: ResUNet has shown superior performance compared to traditional U-Net and other segmentation models due to its enhanced feature extraction capabilities and efficient training facilitated by residual connections .,"Medical imaging has been a proactive tool for doctors to diagnose and treat diseases via the qualitative and quantitative analyses based on non-invasive lesions. Medical images have been interpreted via computer tomography (CT), X-ray, magnetic resonance imaging (MRI) and positron emission tomography (PET). The barriers of medical image segmentation need to be resolved due to low contrast amongst the lesion, the surrounding tissue and blurred edges of the lesion. Labeling manually for hundreds of slices of organs or lesions has been quite time-consuming due to anatomy of the human body and shape of lesions. Manual labeling has intended to high subjective and low reproducibility. Doctors have been beneficial from a automatically locating, segmenting and quantifying lesions. Deep learning has been used widely in medical image processing. Deep learning-based U-Net has played a key role in the lesions segmentation. The encoding and decoding ways has made U-Net structures simply and symmetrically. Features extraction of medical images has been realized via convolution and down-sampling operations. The image segmentation mask via the transposed convolution and concatenation has been interpreted. A small-sized dataset has achieved qualified medical image segmentation. U-Net has been summarized and analyzed on the four aspects: the definition of U-Net, the upgrading of U-Net model, the setup of U-Net structure and the mechanism of U-Net. Four research areas have been proposed as below: 1) the basic structure and working principle of U-Net via convolution operation, down sampling, up sampling and concatenation. 2) U-Net network model have been demonstrated in three aspects in the context of the number of encoders, multiple U-Net cascades and other models combined with U-Net. U-Net based network have been divided into two, three and four encoders further in terms of the amount of encoders: Y-Net, Ψ-Net and multi-path dense U-Net. Multiple U-Nets cascade has been categorized into multiple U-Nets in series and multiple U-Nets in parallel based on the cascades mode of multiple U-Nets. In addition U-Net has improved the segmentation performance on the aspects of dual tree complex wavelet transform, local difference method, level set, random walk, graph cutting, CNNs(convolutional neural networks) and deep reinforcement learning. The upgrading of U-Net network structure have been divided into six subcategories including image augmentation, convolution operation, down-sampling operation, up-sampling operation, model optimization strategies and concatenation. Image enhancement has be divided into elastic deformation, geometric transformation, generative adversarial networks (GAN), Wasserstein generative adversarial networks (WGAN) and real-time image enhancement further. The convolution operation has been improved via padding mode and convolution redesign. The padding mode mentioned has adapted constant padding, zero padding, replication padding and reflection padding and improvements to dilated convolution, inception module and asymmetric convolution. The down-sampling has been improved via max-pooling, average-pooling, stride convolution, dilated convolution, inception module and spatial pyramid pooling. Several up-sampling improvements have illustrated simultaneously via sub-pixel convolution, transposed convolution, nearest neighbor interpolation, bilinear interpolation and trilinear interpolation. Model optimization strategies have been divided into two aspects in detail of activation function and normalization, the improvements of activation function includes rectified linear unit(ReLU), parametric ReLU(PReLU), random ReLU(RReLU), leaky ReLU(LReLU), hard exponential linear sigmoid squahing(HardELiSH) and exponential linear sigmoid squashing(ELiSH), and normalization method. The improvements have been to shown based on batch normalization, group normalization, instance normalization and layer normalization. The concatenation based improvement has been one of the future research area. The current concatenation improvements have been mainly realized via attention mechanism, new concatenation, feature reuse and de-convolution with activation function, annotation information fusion from Siamese network. The improved mechanisms in the U-Net network have been emphasized based on residual mechanism, dense mechanism, attention mechanism and the multi-mechanisms integration. The segmentation performance of the network can be enhanced. The further four research areas in U-Net have been illustrated as below: 1) the generalization of deep learning methods cannot be customized to fit the segmentation network for specific scenarios in the future. 2) Supervised deep learning models have required a lot of annotated images labeled for treatment. Unsupervised and semi-supervised deep learning models have been a vital research work further. 3) The low interpretability of U-Net network has lead the low acceptance in the mechanism of its operation.4) More accurate segmentation mask with fewer parameters has been obtained via good quality network structure. The precise manual segmentation has been so time-consuming and labor intensive. The simplified and quick semi-automatic segmentation has relied on the parameters and user-specified image preprocessing. The deep learning-based U-Net network has been segmented the lesions quickly, accurately and consistently. The structure, improvements and further research areas of U-Net network have been analyzed to the development of U-Net network.
[2]: The glottis's morphology not only reflects vocal and respiratory information, but also plays an important role in the diagnosis of laryngeal diseases. The glottis segmentation is a primary step in computer-aided diagnostic system, however is challenging due to various shapes of glottis, low contrast with surrounding tissues, the existence of laryngeal diseases and so on. In this paper, a deep attention network based on U-Net with color normalization operation (CN-DA-Unet) is proposed to achieve an end-to-end segmentation of the glottal area for the first time. The original images are first processed by color normalization to reduce the adverse effects of low contrast and large differences in colors between different images. The normalized images are then sent to the proposed DA-Unet for feature extraction. In this network, residual structure is incorporated to extract rich features from deep neural networks. After extracting features, a feature pyramid attention (FPA) module is applied to enhance the semantic information of the glottal area. These features are up-sampled and added to the features from the corresponding encoding layer for several times to obtain the final segmented image. The proposed approach is tested on laryngeal images of an in–house dataset including images from healthy subjects and pathologic subjects. Its performance is evaluated by several reliable and popular evaluation metrics, achieving the dice coefficient of 92.9%, sensitivity of 93.5% and precision of 92.6%. These results demonstrate the effectiveness of our proposed approach and the better performance comparing with several popular networks.","{
  ""justification"": ""The claim asserts that ResUNet shows superior performance over traditional U-Net. While the references discuss U-Net and the benefits of incorporating a \""residual mechanism\"" or \""residual structure\"" to enhance performance and feature extraction, they do not explicitly mention the term \""ResUNet\"" or make a direct comparison stating its superiority over the traditional U-Net model. Therefore, the claim is related to the topics in the references but cannot be verified by the provided text."",
  ""answer"": ""Related but unverifiable""
}"
s_1945,"The focus is primarily on balancing innovation with precautionary measures, which often leads to the assumption that all potential negative impacts are already well understood and manageable .","The immense energy potential of the oceans is being increasingly recognized the world over, at the same time the integrity of marine ecosystems is challenged by pressure from multiple human activities. For good reasons environmental licensing procedures are precautionary and new industries must declare their detrimental impacts and provide mitigation measures. New ocean energy industries target renewable energy sources thus, on a grand scale, partly mitigating climate change. However, on-site environmental impacts are yet to be established. In this review we compare ocean energy industries with a wide range of conventional, better understood, human activities and outline environmental risks and research priorities. Results show that ocean energy systems are thought to incur many pressures, some familiar and others with yet unknown effects. Particular uncertainties regard ocean thermal energy conversion (OTEC) and large fast-moving turbines. Ocean energy industries should not be considered in isolation because the significance of environmental impacts depend on the full spectra of human activities in each area. Marine spatial planning provides a platform for holistic assessments and may facilitate the establishment of ocean energy industries, as long as risk-related uncertainties are reduced.","{
  ""justification"": ""The claim asserts that there is an assumption that potential negative impacts of ocean energy are 'well understood and manageable'. The reference directly contradicts this by stating that 'on-site environmental impacts are yet to be established', there are 'yet unknown effects', and 'risk-related uncertainties' need to be reduced. This indicates the impacts are not well understood."",
  ""answer"": ""Opposite meaning""
}"
s_1835,"Individual-Level Strategies: Psychological Empowerment: While enhancing individuals' perception of empowerment in waste recycling may boost participation, it is likely that this approach alone will not lead to significant changes in overall recycling rates without additional government intervention .","To effectively solve environmental pollution and resource waste problems caused by the rapid growth of express packaging waste, government intervention is needed in the separation and recycling of household waste at the source. Considering the correlation between behavior and individual psychological preference and concerns, this study administered a questionnaire survey (N = 847) and used factor analysis, hierarchical regression, and sensitivity analysis to evaluate the responses and determine the influence of individual focus tendency and empowerment perception on waste recycling behavior. The results showed that individuals with a high prevention focus or a high promotion focus were more likely to have good waste recycling behaviors. Furthermore, the higher the psychological perception of waste recycling empowerment (reflected in the meaning, competence, choice, and impact), the more inclined an individual to participate in recycling and waste reduction activities. In terms of interaction effect, psychological empowerment perception and its dimensions can positively moderate the effect of promotion focus on waste recycling behaviors. In other words, psychological empowerment perception acts as an ""amplifier,"" and its dimension of meaning was the most important moderating variable. The study results supported policy suggestions to promote individuals' active participation in waste source separation and recycling activities.","{
  ""justification"": ""The reference states that government intervention is needed to solve waste problems and that psychological empowerment can boost individual participation. However, the reference does not explicitly state that psychological empowerment *alone* is insufficient or would not lead to significant changes without government help. The claim makes a comparative conclusion that is not directly supported by the provided text, thus misrepresenting the findings of the study."",
  ""answer"": ""Misrepresentation""
}"
s_1031,"Fats: Provide energy and are crucial for neurodevelopment and immune function. Human milk contains various fatty acids, including long-chain polyunsaturated fatty acids like EPA and ARA, which are vital for infant development .","Background: Fatty acids are a vital component of human milk. They influence infant neurodevelopment and immune function, and they provide ∼50% of milk's energy content. Objectives: The objectives of this study were to characterize the composition of human milk fatty acids in a large Canadian birth cohort and identify factors influencing their variability. Methods: In a subset of the CHILD cohort (n = 1094), we analyzed milk fatty acids at 3-4 mo postpartum using GLC. Individual and total SFAs, MUFAs, and n-3 and n-6 PUFAs were analyzed using SD scores and principal component analysis (PCA). Maternal diet, sociodemographic, health, and environmental factors were self-reported. Single-nucleotide polymorphisms were assessed in the fatty acid desaturase 1 (FADS1-rs174556) and 2 (FADS2-rs174575) genes. Results: Fatty acid profiles were variable, with individual fatty acid proportions varying from 2- to >30-fold between women. Using PCA, we identified 4 milk fatty acid patterns: ""MUFA and low SFA,"" ""high n-6 PUFA,"" ""high n-3 PUFA,"" and ""high medium-chain fatty acids."" In multivariable-adjusted analyses, fish oil supplementation and fatty cold water fish intake were positively associated with DHA and the ""high n-3 PUFA"" pattern. Mothers carrying the minor allele of FADS1-rs174556 had lower proportions of arachidonic acid (ARA; 20:4n-6). Independent of selected dietary variables and genetic variants, Asian ethnicity was associated with higher linoleic acid (18:2n-6) and total n-3 PUFAs. Ethnic differences in ARA were explained by FADS1 genotype. Maternal obesity was independently associated with higher total SFAs, the ""high medium-chain fatty acid"" pattern, and lower total MUFAs. Lactation stage, season, study site, and maternal education were also independently associated with some milk fatty acids. No associations were observed for maternal age, parity, delivery mode, or infant sex. Conclusions: This study provides unique insights about the ""normal"" variation in the composition of human milk fatty acids and the contributing dietary, genetic, sociodemographic, health, and environmental factors. Further research is required to assess implications for infant health.
[5]: Purpose of review: This review highlights relevant studies published between 2015 and 2017 on human milk composition and the association with infant growth. Recent findings: High-quality studies investigating how human milk composition is related to infant growth are sparse. Recent observational studies show that human milk concentrations of protein, fat, and carbohydrate likely have important influence on infant growth and body composition. Furthermore, some observational studies examining human milk oligosaccharides and hormone concentrations suggest functional relevance to infant growth. For human milk micronutrient concentrations and microbiota content, and other bioactive components in human milk, the association with infant growth is still speculative and needs further investigation. The included studies in this review are all limited in their methodological design and methods but have interesting potential in understanding infant growth. Summary: Available evidence on human milk composition in relation to infant growth is sparse. This review summarizes recent publications investigating human milk composition; including micro- and macronutrients, human milk oligosaccharides, hormones and other bioactive components, and the association with infant weight, length, body mass index, and body composition.","{
  ""justification"": ""The reference directly supports the claim. Reference 1 states that fatty acids \""influence infant neurodevelopment and immune function, and they provide ∼50% of milk's energy content.\"" It also confirms the presence of various fatty acids, including PUFAs and specifically arachidonic acid (ARA). The general statement that these are vital for infant development is also supported by the text calling fatty acids a \""vital component of human milk.\"""",
  ""answer"": ""Entailment""
}"
s_1383,"Vulnerable groups such as people with hypertension, children, adolescents, the elderly, and pregnant women may experience adverse effects from caffeine, and it is possible that these groups could also have heightened sensitivity to other stimulants found in various food products .","Coffee is a complex mixture of chemicals that provides significant amounts of chlorogenic acid and caffeine. Unfiltered coffee is a significant source of cafestol and kahweol, which are diterpenes that have been implicated in the cholesterol-raising effects of coffee. The results of epidemiological research suggest that coffee consumption may help prevent several chronic diseases, including type 2 diabetes mellitus, Parkinson's disease and liver disease (cirrhosis and hepatocellular carcinoma). Most prospective cohort studies have not found coffee consumption to be associated with significantly increased cardiovascular disease risk. However, coffee consumption is associated with increases in several cardiovascular disease risk factors, including blood pressure and plasma homocysteine. At present, there is little evidence that coffee consumption increases the risk of cancer. For adults consuming moderate amounts of coffee (3-4 cups/d providing 300-400 mg/d of caffeine), there is little evidence of health risks and some evidence of health benefits. However, some groups, including people with hypertension, children, adolescents, and the elderly, may be more vulnerable to the adverse effects of caffeine. In addition, currently available evidence suggests that it may be prudent for pregnant women to limit coffee consumption to 3 cups/d providing no more than 300 mg/d of caffeine to exclude any increased probability of spontaneous abortion or impaired fetal growth. Copyright © Taylor and Francis Group, LLC.
[11]: Purpose: The purpose of this paper is to explore the sources of caffeine and its utilization in different food products, along with its impact on human health in terms of benefits and adverse effect. Design/methodology/approach: The papers reviewed were selected based on the following key descriptors such as caffeine, sources, trends of consumption, utilization, benefits and adverse effects, regulation and labelling. Findings: There are many physiological effects of caffeine on respiratory, cardiovascular, gastrointestinal, reproductive and central nervous system. It has a positive effect in reducing the risk of diabetes, Alzheimer's disease, Parkinson's disease and liver injury and, at the same time, in improving mood, psychomotor performance and immune response. On the other hand, the negative effects of caffeine include addiction, cancer, heart diseases, insomnia, gastrointestinal disturbances and intoxication. As caffeine, when taken in large amount, is harmful, therefore as per the regulatory bodies, its concentration should not exceed the set limit, and its presence needs to be listed on the label of that particular food product. In a nutshell, it can be said that caffeine acts as a boon as well as bane because it possesses both beneficial and adverse effects. Originality/value: This is a unique and comprehensive review that will provide a brief overview of sources, utilization, healthful as well as harmful effect of caffeine to the readers.","{
  ""justification"": ""Justification 1: The reference supports the first part of the claim, which identifies vulnerable groups (hypertension, children, adolescents, elderly, pregnant women) who may experience adverse effects from caffeine. However, the reference does not contain any information about these groups having heightened sensitivity to \""other stimulants,\"" making this part of the claim unverifiable.\nJustification 2: The claim is partially supported by the reference, which confirms that certain groups are more vulnerable to caffeine's adverse effects. But the claim goes further by suggesting these groups might also be sensitive to other stimulants, a point not mentioned or supported by the provided text."",
  ""answer"": ""Related but unverifiable""
}"
i_2098,"Key Points: Plant-Pollinator Interactions: The reproductive success of plants with specialized pollination systems is not influenced by individual specialization in phenology and pollinator interactions. For instance, the crepuscular-bee-pollinated plant Trembleya laniflora demonstrated that higher individual generalization in pollinator interactions was associated with lower reproductive success, suggesting that generalization at the individual level exacerbates the costs of specialization at the species level .","Background and Aims: Plant individuals within a population differ in their phenology and interactions with pollinators. However, it is still unknown how individual differences affect the reproductive success of plants that have functionally specialized pollination systems. Here, we evaluated whether plant individual specialization in phenology (temporal specialization) and in pollination (pollinator specialization) affect the reproductive success of the crepuscular-bee-pollinated plant Trembleya laniflora (Melastomataceae). Methods: We quantified flowering activity (amplitude, duration and overlap), plant-pollinator interactions (number of flowers visited by pollinators) and reproductive success (fruit set) of T. laniflora individuals from three distinct locations in rupestrian grasslands of southeastern Brazil. We estimated the degree of individual temporal specialization in flowering phenology and of individual specialization in plant-pollinator interactions, and tested their relationship with plant reproductive success. Key Results: Trembleya laniflora presented overlapping flowering, a temporal generalization and specialized pollinator interactions. Flowering overlap among individuals and populations was higher than expected by chance but did not affect the individual interactions with pollinators and nor their reproductive success. In contrast, higher individual generalization in the interactions with pollinators was related to higher individual reproductive success. Conclusions: Our findings suggest that individual generalization in plant-pollinator interaction reduces the potential costs of specialization at the species level, ensuring reproductive success. Altogether, our results highlight the complexity of specialization/generalization of plant-pollinator interactions at distinct levels of organization, from individuals to populations, to species.","{
  ""justification"": ""Justification 1: The claim states that higher individual generalization in pollinator interactions was associated with lower reproductive success. The reference directly contradicts this, stating, \""higher individual generalization in the interactions with pollinators was related to higher individual reproductive success.\""\nJustification 2: The claim also concludes that generalization at the individual level exacerbates the costs of specialization. The reference states the opposite: \""individual generalization in plant-pollinator interaction reduces the potential costs of specialization at the species level, ensuring reproductive success.\"""",
  ""answer"": ""Opposite meaning""
}"
i_1343,"Metastasis: Both cancers have a high tendency to metastasize, particularly to the lungs. The presence of metastasis at diagnosis significantly worsens the prognosis for both types .","Object. Malignant primary osseous spinal neoplasms are aggressive tumors that remain associated with poor outcomes despite aggressive multidisciplinary treatment measures. To date, prognosis for patients with these tumors is based on results from small single-center patient series and controlled trials. Large population-based observational studies are lacking. To assess national trends in histology-specific survival, the authors reviewed patient survival data spanning 30 years (1973-2003) from the Surveillance, Epidemiology, and End Results (SEER) registry, a US population-based cancer registry. Methods. The SEER registry was queried to identify cases of histologically confirmed primary spinal chordoma, chondrosarcoma, osteosarcoma, or Ewing sarcoma using coding from the International Classification of Disease for Oncology, Third Edition. Association of survival with histology, metastasis status, tumor site, and year of diagnosis was assessed using Cox proportional-hazards regression analysis. Results. A total of 1892 patients were identified with primary osseous spinal neoplasms (414 with chordomas, 579 with chondrosarcomas, 430 with osteosarcomas, and 469 with Ewing sarcomas). Chordomas presented in older patients (60 ± 17 years; p < 0.01) whereas Ewing sarcoma presented in younger patients (19 ± 11 years; p < 0.01) compared with patients with all other tumors. The relative incidence of each tumor type remained similar per decade from 1973 to 2003. African Americans comprised a significantly greater proportion of patients with osteosarcomas than other tumors (9.6% vs 3.5%, respectively; p < 0.01). Compared with the sacrum, the mobile spine was more likely to be the site of tumor location for chordomas than for all other tumors (47% vs 23%, respectively; p < 0.05). Osteosarcoma and Ewing sarcoma were 3 times more likely than chondrosarcoma and chordoma to present with metastasis (31% vs 8%, respectively). Resection was performed more frequently for chordoma (88%) and chondrosarcoma (89%) than for osteosarcoma (61%) and Ewing sarcoma (53%). Overall median survival was histology-specific (osteosarcoma, 11 months; Ewing sarcoma, 26 months; chondrosarcoma, 37 months; chordoma, 50 months) and significantly worse in patients with metastasis at presentation for all tumor types. Survival did not significantly differ as a function of site (mobile spine vs sacrum/pelvis) for any tumor type, but more recent year of diagnosis was associated with improved survival for isolated spinal Ewing sarcoma (hazard ration [HR] 0.95; p = 0.001), chondrosarcoma (HR 0.98; p = 0.009), and chordoma (HR 0.98; p = 0.10), but not osteosarcoma. Conclusions. In this analysis of a 30-year, US population-based cancer registry (SEER), the authors provide nationally representative prognosis and survival data for patients with malignant primary spinal osseous neoplasms. Overall patient survival has improved for isolated spine tumors with advancements in care over the past 4 decades. These results may be helpful in providing historical controls for understanding the efficacy of new treatment paradigms, patient education, and guiding level of aggressiveness in treatment strategies.
[6]: Background: Primary bone sarcomas of the hands or feet are rare lesions and poorly documented. Moreover, the prognostic determinants of bone sarcomas of the hands or feet have not been reported. Materials and methods: The Surveillance, Epidemiology, and End Results (SEER) program database was used to screen patients with bone sarcomas of the hands or feet from 1973 to 2013, with attention paid to chondrosarcoma, Ewing sarcoma, and osteosarcoma. The prognostic values of overall survival (OS) and cancer-specific survival (CSS) were assessed using Cox proportional hazards regression model with univariate and multivariate analyses. The Kaplan–Meier method was used to obtain OS and CSS curves. Results: A total of 457 cases were selected from the SEER database. Chondrosarcoma was the most common form of lesion in hands or feet or both, followed by Ewing sarcoma and osteosarcoma. The 5- and 10-year OS rates of the entire group were 75.7% and 66.1%, respectively. The 5- and 10-year CSS rates were 78.7% and 73.7%, respectively. Multivariate analysis revealed that age under 40 years, localized stage, low grade, surgical treatment, and first primary tumor were associated with improved OS, and decade of diagnosis, stage, grade, and surgery were independent predictors of CSS. However, no significant differences were observed in OS and CSS among patients with different primary tumor locations and tumor subtypes. Additionally, the most significant prognostic factor was whether metastasis had occurred at the time of initial diagnosis. Conclusion: Among patients with primary bone sarcomas of the hands or feet, younger age (<40 years), localized stage, low grade, surgical treatment, and first primary tumor are favorable factors for prolonging survival.","{
  ""justification"": ""The claim asserts that the cancers metastasize \""particularly to the lungs.\"" However, while the references discuss metastasis rates and their impact on prognosis for various bone cancers, neither reference mentions the lungs as a specific site of metastasis. Therefore, this key detail in the claim cannot be verified from the provided source material, making the claim related but unverifiable."",
  ""answer"": ""Related but unverifiable""
}"
i_2061,"Entrepreneurial Strategies and Outcomes: Diversification and Expansion: Entrepreneurial strategies in agriculture, such as diversification and expansion, are influenced by personal factors like creativity and risk affinity. Education and off-farm employment also play roles in determining these strategies, and it is likely that farmers who engage in community-based initiatives may experience enhanced support for their entrepreneurial activities .","Entrepreneurship in agriculture is a phenomenon that is growing in importance with the changing framework conditions for agricultural production and has led to heterogeneity in farm business development paths. To understand this phenomenon better, a classification scheme for strategic entrepreneurial choices in agriculture is developed for family farmers. The choices that are scrutinized are reduction, continuation, expansion, diversification, and the dual strategy of expansion and diversification. Each farmer is uniquely assigned to one of these choice classes according to their implemented entrepreneurial activities. Determinants influencing these choices are investigated with a multinomial logit model. The data are derived from a quantitative survey among German farmers (N = 745). Strong effects are observable within the area of personal factors; creativity and risk affinity benefit entrepreneurial strategies connected with diversification. Farmers with a third-level education qualification are less likely to follow expansion strategies, and those with off-farm employment and risk-averse farmers mainly choose a reduction strategy. Family involvement, especially the farmer's spouse, proves to have stabilizing and even enhancing effects on certain strategies. Implications for policymakers and actors within the agricultural sector can thus be derived.","{
  ""justification"": ""The reference supports the claim's statements regarding the influence of personal factors like creativity, risk affinity, education, and off-farm employment on entrepreneurial strategies in agriculture. However, the claim also introduces the idea that \""farmers who engage in community-based initiatives may experience enhanced support,\"" which is not mentioned or verifiable from the provided reference. The reference discusses family involvement, not community-based initiatives."",
  ""answer"": ""Related but unverifiable""
}"
i_364,"Popular Agile Methodologies: Scrum is the most widely adopted agile framework, emphasizing iterative progress through sprints, regular feedback, and team collaboration . It involves roles such as Scrum Master and Product Owner, and artifacts like the product backlog and sprint backlog.","Agile methods have transformed the way software is developed, emphasizing active end-user involvement, tolerance to change, and evolutionary delivery of products. The first special issue on agile development described the methods as focusing on feedback and change. These methods have led to major changes in how software is developed. Scrum is now the most common framework for development in most countries, and other methods such as extreme programming (XP), elements of lean software development, and Kanban are widely used. What started as a bottom-up movement among software practitioners and consultants has been taken up by major international consulting companies who prescribe agile development, particularly for contexts where learning and innovation are key. Agile development methods have attracted interest primarily in software engineering1, 2 but also in a number of other disciplines including information systems and project management.
[2]: The software industry has moved from the traditional software development to the agile software development model. Under this umbrella there are many methodologies which are Scrum, Extreme Programming, Crystal, FDD (Feature-driven development), DSDM (Dynamic Systems Development Method), etc. This paper investigates about the current state of Scrum, its popularity and its evolution in the recent five years. We have taken into consideration the published literature and industrial survey. Our result reveals that among various agile methodologies, Scrum is a popular software development methodology used by industries and it is also the area of interest for the research community.","{
  ""justification"": ""The references support the claim that Scrum is the most popular or common agile methodology. However, the references do not mention the specific roles (Scrum Master, Product Owner) or artifacts (product backlog, sprint backlog) that are detailed in the claim. Therefore, while the general topic is related, these specific details are not verifiable from the provided text."",
  ""answer"": ""Related but unverifiable""
}"
i_597,"Public-Private Partnerships (PPPs): Challenges and Opportunities: PPPs are often hindered by their inability to innovate or be effective, and they consistently benefit from ample funding for land registration and strong community participation .","Public-private partnerships (PPPs) may facilitate the implementation of fit-for-purpose land administration (FFPLA); however, the approach can be compromised when funding for land registration is insufficient or donor projects end. This paper aims to introduce a new form of PPP to the literature on FFPLA, further extending the discourse and options available on PPPs for FFPLA. A background review finds that whilst PPPs have had long standing application in land administra-tion, there is room to explore approaches that seek increased involvement of non-conventional land sector actors. A case study methodology is applied to analyse recent developments of FFPLA in Côte d'Ivoire that includes a partnership between the government and a consortium of private sector companies. Results describe the novelty, challenges, opportunities, and success factors for the approach, when compared to existing forms of PPPs. It is found that the innovative partnership approach may create novel avenues for financing FFPLA in developing countries and for more ac-tive forms of participation of the private sector in improved land tenure governance. The model potentially creates sustainable buy-in from private sector corporations, who whilst not convention-ally closely undertaking land administration efforts, rely intrinsically on it to achieve corporate social responsibility objectives.
[3]: In the past decade many social housing flat (apartment) complexes in Dublin have undergone some form of regeneration, from minor refurbishment to complete demolition and redevelopment. The context and impetus for such widespread regeneration has been the political articulation that social housing in Ireland, and especially in Dublin, is dysfunctional and unsustainable. It is contended, primarily on the basis of tenure mix arguments, that regeneration will lead to long-term social and environmental sustainability. Consequently, a number of inner city social housing complexes are currently subject to regeneration that involves their demolition and redevelopment as mixed-tenure estates through Public-Private Partnership (PPP) methods. This represents a new social and economic model of regeneration, albeit one which has generated considerable controversy. The process of regeneration has, for example, been criticised as lacking any meaningful community participation, with the mechanisms of the redevelopment process making it difficult for the community to influence the process. More generally, the creation of mixed tenure estates has been criticised as leading to a diminution of social housing in Dublin, as the social housing component in these estates has been significantly reduced. On the positive side, however, it has been argued that this model of social mixing will lead to sustainable regeneration. This paper, which is partly based on ongoing research of some case study estates in Dublin, examines and reflects on the issues of sustainable regeneration and the creation of sustainable communities.","{
  ""justification"": ""The claim states that PPPs benefit from 'ample funding' and 'strong community participation,' but the references indicate the opposite. Reference 1 mentions that PPPs can be compromised by 'insufficient' funding, and Reference 2 notes that they have been criticized for 'lacking any meaningful community participation.' The claim also asserts an 'inability to innovate,' while Reference 1 discusses an 'innovative partnership approach,' presenting a direct contradiction."",
  ""answer"": ""Opposite meaning""
}"
i_1513,"Meningocele: Definition: Meningocele is a type of spina bifida where the meninges protrude through a defect in the vertebral column, forming a sac filled with cerebrospinal fluid. Association with NTDs: Meningocele is a form of spina bifida, which is a neural tube defect . It is often assumed that all cases of meningocele lead to severe disabilities, although some may have milder outcomes due to variations in embryonic development.","Spina bifida is the most common of the neural tube defects, which include myelomeningocele, encephalocele, and anencephaly. Spina bifida is a complex and multisystem birth defect, in which one or more vertebral arches may be incomplete. This article discusses the sensory and motor impairments, neurologic disorders, orthopedic and cognitive impairments, and skin and other problems associated with spina bifida. This article also summarizes some of the key clinical issues in the care of children with this complex birth defect. © 2010 Elsevier Inc.
[2]: The prevalence of neural tube defects (NTD) in Europe is around 9 per 10,000 births making it one of the most frequent congential anomalies affecting the central nervous system. NTD encompass all anomalies that are secondary to failure of closure of the neural tube. In this review, we will first summarize the embryology and some epidemiologic aspects related to NTDs. The review focuses on myelomeningocele (MMC), which is the most common distal closure defect. We will describe the secondary pathologic changes in the central and peripheral nervous system that appear later on in pregnancy and contribute to the condition's morbidity. The postnatal impact of MMC mainly depends on the upper level of the lesion. In Europe, the vast majority of parents with a fetus with prenatally diagnosed NTDs, including MMC, opt for termination of pregnancy, as they are apparently perceived as very debilitating conditions. Animal experiments have shown that prenatal surgery can reverse this sequence. This paved the way for clinical fetal surgery resulting in an apparent improvement in outcome. The results of a recent randomized trial confirmed better outcomes after fetal repair compared to postnatal repair; with follow up for 30 months. This should prompt fetal medicine specialists to reconsider their position towards this condition as well as its prenatal repair. The fetal surgery centre in Leuven did not have a clinical programme for fetal NTD repair until the publication of the MOMS trial. In order to offer this procedure safely and effectively, we allied to a high volume centre willing to share its expertise and assist us in the first procedures. Given the maternal side effects of current open fetal surgical techniques, we have intensified our research programmes to explore minimally invasive alternatives. Below we will describe how we are implementing this. © Cambridge University Press 2012.
[3]: BACKGROUND: There has been some increase in the proportion of Neural Tube Defects (NTD) admitted in the University of Port Harcourt Teaching Hospital recently. Fora largely preventable birth defect, this increase is both unnecessary and unacceptable. This study was undertaken to describe the admission patterns and outcome of neural tube defects in University of Port Harcourt Teaching Hospital. METHODS: A retrospective study of babies with neural tube defects who were admitted into Special Care Baby Unit (SCBU) of the University of Port Harcourt Teaching Hospital from 1st May 2002 to 30th April 2005 was carried out. Their case notes were retrieved and information on the sex, maternal drugs during pregnancy, type of defect and associated malformations, prenatal diagnosis, management and outcome were obtained. The admission rate and the incidence were then calculated. RESULTS: There were 2891 total admissions (1691 males and 1200 females) during the study period of which 37 (1.3%) were neonates with NTD. Of those with NTD, 25 were males and 12 female giving a male to female ratio of 2:1 (statistically not significant p = 0.242.) The total hospital delivery at the study period was 7,388 of which 7 had NTD giving an incidence of 0.95/1000 deliveries. The commonest type of NTD was myelomeningocoele in 31 (83.8%), and the commonest site was the thoracolumbar region (93.5%). Frontal encephalocoele was seen in 6 (16.2%). All the babies with myelomeningocoele presented with flaccid paraparesis and were incontinent of both urine and faeces. Seventeen of the babies had only spina bifida while 14 had additional defects including talipes equinovarus (8), hydrocephalus (2), frontal encephalocoele (1), and multiple malformations (3). Ten babies (27%) died, three of them after surgery. All the mothers received folic acid from the second trimester of pregnancy, but none did before pregnancy. CONCLUSION: The Incidence of NTD is on the increase in our environment. There is need to formulate/implement the policy of preconceptional folic acid therapy for all woman of childbearing age as a preventive measure","{
  ""justification"": ""The claim provides a definition and details about meningocele, a specific type of spina bifida. However, the provided references discuss neural tube defects in general, spina bifida, and specifically mention myelomeningocele and encephalocele, but they never use the term \""meningocele\"". Therefore, while the subject matter is related, the specific information about meningocele in the claim cannot be verified from the given text."",
  ""answer"": ""Related but unverifiable""
}"
i_1817,Socioeconomic and Household Factors: Household Characteristics: Factors such as exposure to indoor smoke and overall household cleanliness significantly impact stunting rates .,"Poor linear growth in children <5 years old, or stunting, is a serious public health problem particularly in Sub-Saharan Africa. In 2013, the World Health Organization (WHO) released a conceptual framework on the Context, Causes and Consequences of Childhood Stunting (the 'WHO framework') that identifies specific and general factors associated with stunting. The framework is based upon a global review of data, and we have applied it to a country-level analysis where health and nutrition policies are made and public health and nutrition data are collected. We reviewed the literature related to sub-optimal linear growth, stunting and birth outcomes in Ethiopia as a case study. We found consistent associations between poor linear growth and indicators of birth size, recent illness (e.g. diarrhoea and fever), maternal height and education. Other factors listed as causes in the framework such as inflammation, exposure to mycotoxins and inadequate feeding during and after illness have not been examined in Ethiopia, and the existing literature suggests that these are clear data gaps. Some factors associated with poor linear growth in Ethiopia are missing in the framework, such as household characteristics (e.g. exposure to indoor smoke). Examination of the factors included in the WHO framework in a country setting helps identifying data gaps helping to target further data collection and research efforts. © 2016 John Wiley & Sons Ltd.","{
  ""justification"": ""The claim asserts that both exposure to indoor smoke and overall household cleanliness are factors impacting stunting. The reference supports the idea that household characteristics, specifically mentioning \""exposure to indoor smoke,\"" are associated with poor linear growth. However, the reference does not mention \""overall household cleanliness\"" as a factor. Therefore, this part of the claim cannot be verified by the provided text."",
  ""answer"": ""Related but unverifiable""
}"
i_629,"Key Strategies for Avoiding Landslide-Prone Locations: Use of Advanced Engineering Techniques: In cases where construction in landslide-prone areas is unavoidable, employ advanced engineering techniques such as soil nailing, drainage systems, and reinforced structures to enhance slope stability .","Landslides and severe erosion along coastlines can present a real challenge to engineers, planners and designers. Not only are the regulatory hurdles associated with construction in sensitive coastal zones significant, many of the common tools available present a large environmental impact or are not robust enough to handle the corrosion, scour, rapid drawdown, wave action or erosion. In the context of case studies from three coastal projects, this paper outlines new and innovative erosion control and landslide mitigation methods available to designers that are robust enough to survive coastal conditions and specific enough to prevent unnecessary environmental impact. Relevant technologies include traditional soil nailing, high capacity tensioned wire mesh with vegetative inclusions, reinforced architecturally sculpted shotcrete, scour micropiles, and fiberglass composite launched soil nails/horizontal drains. The case studies within this paper include a Pacific coastal bluff erosion project, a lakeshore erosion repair and a Pacific coast bluff slide repair.
[11]: On large landslides, deep drainage is beneficial where significant groundwater levels or piezometric pressures exist. Horizontal drains have been used for decades to protect facilities affected by landslides. The prediction of drawdown can be based on theoretical analyses; however, due to heterogeneity of mixed landslide materials, such predictions are often imprecise. The design of horizontal drains therefore relies on engineering judgment and empirical procedures. Recent installations in New York and Wyoming, in addition to prior uses throughout the world (including Equatorial Guinea), have provided new experiences to influence design and construction procedures. These two recent landslide mitigation projects in the USA are significant, with over 266,000 lineal feet (81,100 meters) installed. These examples illustrate the role of test drains and engineering judgment in the application of horizontal drains to mitigate large complex landslides. In addition, the actual degree of pressure head reduction is compared for these geologically diverse sites.
[12]: Xiangjiapo landslide alongside Chongqing-Guizhou Expressway is characterized with cutting slope. Because of the effect of cutting, raining and groundwater, the slope is distorted continuously and is lacked of stability after being controlled. At present, it has the possibility of losing stability and it will endanger roads and crossroads around the landslide. By analyzing the landslide engineering geological condition, configuration characters, developing mechanism and stability, the synthetic preventive treatment measures to the landslide are proposed. These measures provide important reference to the control of such kinds of landslides and further study of Xiangjiapo landslide.","{
  ""justification"": ""The claim is well-supported by the references. The first reference explicitly mentions 'soil nailing' and 'reinforced architecturally sculpted shotcrete' as landslide mitigation methods. The first and second references both discuss the use of 'horizontal drains' (a type of drainage system) for the same purpose. Therefore, the claim that these techniques are used to enhance slope stability is directly entailed by the provided text."",
  ""answer"": ""Entailment""
}"
i_229,"Blockchain and PACS Integration: Blockchain Benefits: Integrating blockchain with PACS can enhance data security, transparency, and efficiency. For instance, the Hyperledger model demonstrates that blockchain can significantly improve storage efficiency and data retrieval times while providing robust security against unauthorized access . This model can be particularly beneficial for PACS, which handles large volumes of sensitive medical data.","This paper introduces the BlockStream model, a novel integration of blockchain technology into cloud storage systems aimed at addressing the core challenges of security, efficiency, and transparency. The research methodology encompasses a comprehensive system design and implementation, utilizing synthetic datasets for performance evaluation against traditional cloud storage solutions. Key findings reveal that the BlockStream model significantly enhances storage efficiency, with data deduplication rates and storage space utilization surpassing existing models by up to 15%. Moreover, it achieves a notable reduction in data retrieval times, improving by 7.14% over the most efficient traditional systems, and demonstrates superior security capabilities, particularly in resistance to DDoS attacks and unauthorized access prevention, markedly outperforming the baseline models. The significance of this research lies in its potential to revolutionize cloud storage paradigms, offering a scalable, secure, and user-centric data management solution. Quantitatively, the BlockStream model not only reduces average data retrieval times from 400ms to 320ms compared to current leading solutions but also elevates the security and robustness of cloud storage systems to levels previously unattained, marking a significant advancement in the field. These enhancements, underpinned by the decentralized, immutable, and transparent nature of blockchain, present a compelling case for the integration of blockchain technology in improving the architecture and operation of cloud storage systems.","{
  ""justification"": ""The claim attributes the described benefits to the 'Hyperledger model' in the context of PACS integration. The reference, however, details the 'BlockStream model' for general cloud storage systems. The claim incorrectly names the model and the specific application context, which constitutes an entity error."",
  ""answer"": ""Entity error""
}"
i_111,"Key Concepts in Interpretable AI and HCI: Interactivity and User Engagement: Interactivity is a critical principle in designing explanation facilities, as explanations are seen as a social and iterative process between the AI system and the user .","The interdisciplinary field of explainable artificial intelligence (XAI) aims to foster human understanding of black-box machine learning models through explanation-generating methods. In practice, Shapley explanations are widely used. However, they are often presented as visualizations and thus leave their interpretation to the user. As such, even ML experts have difficulties interpreting them appropriately. On the other hand, combining visual cues with textual rationales has been shown to facilitate understanding and communicative effectiveness. Further, the social sciences suggest that explanations are a social and iterative process between the explainer and the explainee. Thus, interactivity should be a guiding principle in the design of explanation facilities. Therefore, we (i) briefly review prior research on interactivity and naturalness in XAI, (ii) designed and implemented the interactive explanation interface SHAPRap that provides local and global Shapley explanations in an accessible format, and (iii) evaluated our prototype in a formative user study with 16 participants in a loan application scenario. We believe that interactive explanation facilities that provide multiple levels of explanations offer a promising approach for empowering humans to better understand a model's behavior and its limitations on a local as well as global level. With our work, we inform designers of XAI systems about human-centric ways to tailor explanation interfaces to end users.","{
  ""justification"": ""Justification 1: The reference directly supports the claim by stating that \""the social sciences suggest that explanations are a social and iterative process between the explainer and the explainee. Thus, interactivity should be a guiding principle in the design of explanation facilities.\""\nJustification 2: The claim accurately summarizes this part of the reference, establishing a clear case of entailment."",
  ""answer"": ""Entailment""
}"
i_1781,Key Components of Sustainable Environmental Management: Systemic Management: Pattern-Based Decision Making: This approach completely eliminates the inconsistencies of conventional management by solely relying on empirical examples from nature .,"""Systemic management"" describes a holistic, objective, and universally applicable form of management, providing a framework for addressing environmental challenges such as global warming, emergent diseases, deforestation, overpopulation, the extinction crisis, pollution, overfishing, and habitat destruction. Its goals are the consistently sustainable relationships between humans and ecosystems, between humans and other species, and between humans and the biosphere. This book presents a convincing argument that these goals, and the means to achieve them, can be inferred from empirical information. It describes how comparisons between humans and other species reveal patterns that can serve to guide management toward true sustainability, that is, ways that are empirically observed to work in natural systems by virtue of their emergence. It shows how this objective approach has not been possible in conventional management because sustainability is undermined by other human values. This book presents systemic management as a specialized process of pattern-based decision making that avoids the inconsistency, subjectivity, and error in current management practice. It clearly demonstrates how mimicking nature's empirical examples of sustainability can circumvent anthropocentric tendencies to overuse/misuse human values in management, and illustrates the best science for management (the science best suited for achieving sustainability) through examples of research that address specific management questions. It presents systemic management as reality-based management to replace the misdirected reductionism of conventional management with reductionism useful for directing human self-control.","{
  ""justification"": ""The claim asserts that the systemic management approach \""completely eliminates\"" inconsistencies, which is an overstatement. The reference states that this approach \""avoids the inconsistency, subjectivity, and error in current management practice.\"" While \""avoids\"" suggests a significant reduction or prevention, \""completely eliminates\"" implies an absolute and total removal, which is a stronger and unsubstantiated claim not made by the source text. This exaggeration constitutes a misrepresentation of the reference's content."",
  ""answer"": ""Misrepresentation""
}"
i_411,"Cloud-Based IoT Solutions: Definition and Primary Use Cases. Definition: Cloud-based IoT solutions integrate the Internet of Things (IoT) with cloud computing to leverage the strengths of both technologies. IoT involves a network of interconnected devices that collect and transmit data, while cloud computing provides scalable storage and processing power. This integration, often referred to as the 'Cloud Computing Architecture,' allows for efficient data management, real-time processing, and enhanced application development .","Cloud computing and the Internet of things (IoT) are two diverse technologies having complimentary relationship. The IoT generates massive amounts of data, and cloud computing provides a pathway for that data to travel to its destination. In the modern era, by integrating cloud computing and the Internet of things, a new paradigm has been introduced, i.e., cloud of Things. Cloud-based Internet of Things or cloud of things arose as a platform for intelligent use of applications, information in a cost-effective manner. Both technologies help to raise efficiency in the future. But the integration of these two technologies is challenging and bears some key issues. Therefore, this paper provides a brief investigation of cloud of things concept. In this paper, we review the literature about integration, to analyze and discuss the need behind integration in various applications. In the end, we identify some of the issues and challenges for future work in this promising.
[2]: The Internet of Things presents the user with a novel means of communicating with the Web world through ubiquitous object-enabled networks. Cloud Computing enables a convenient, on demand and scalable network access to a shared pool of configurable computing resources. This paper mainly focuses on a common approach to integrate the Internet of Things (IoT) and Cloud Computing under the name of CloudThings architecture. We review the state of the art for integrating Cloud Computing and the Internet of Things. We examine an IoT-enabled smart home scenario to analyze the IoT application requirements. We also propose the CloudThings architecture, a Cloud-based Internet of Things platform which accommodates CloudThings IaaS, PaaS, and SaaS for accelerating IoT application, development, and management. Moreover, we present our progress in developing the CloudThings architecture, followed by a conclusion. © 2013 IEEE.
[3]: Internet of Things (IoT) aims to connect the real world made up of devices, sensors and actuators to the virtual world of Internet in order to interconnect devices with each other generating information from the gathered data. Devices, in general, have limited computational power and limited storage capacity. Cloud Computing (CC) has virtually unlimited capacity in terms of storage and computing power, and is based on sharing resources. Therefore, the integration between IoT and CC seems to be one of the most promising solutions. In fact, many of the biggest companies that offer Cloud Services are focusing on the IoT world to offer services also in this direction to their users. In this paper we compare the three main Cloud Platforms (Amazon Web Services, Google Cloud Platform and Microsoft Azure) regarding to the services made available for the IoT. After describing the typical architecture of an IoT application, we map the Cloud-IoT Platforms services with this architecture analyzing the key points for each platform. At the same time, in order to conduct a comparative analysis of performance, we focus on a service made available by all platforms (MQTT middleware) building the reference scenarios and the metrics to be taken into account. Finally, we provide an overview of platform costs based on different loads. The aim is not to declare a winner, but to provide a useful tool to developers to make an informed choice of a platform depending on the use case.","{
  ""justification"": ""The claim states that the integration of IoT and cloud computing is \""often referred to as the 'Cloud Computing Architecture.'\"" However, the provided references use different terms for this concept. Reference [1] calls it the 'Cloud of Things,' and Reference [2] refers to it as the 'CloudThings architecture.' None of the references use the specific term 'Cloud Computing Architecture' to describe this integration, making it an entity error."",
  ""answer"": ""Entity error""
}"
i_469,"Roles of Reference Models in IS Research: Support for IT Management: While reference models are often considered important for IT management, they may not significantly aid in decision-making processes such as deriving architectural principles, measuring the current state of enterprise architecture (EA), and evaluating alternative EA scenarios, as their effectiveness can vary widely depending on the context .","This reference model for IT management responsibilities covers the most important aspects when modeling, analyzing and evaluating enterprise architecture, EA. The reference model can be employed to support IT management in their quest to make well-informed decisions, e.g. to derive architectural principles in order to obtain a proper scope for EA activities, measure the status of the current EA, follow up changes committed, and evaluate alternative EA scenarios. The model is based on extensive literature studies and has been tested in a series of empirical studies. © 2006 IEEE.","{
  ""justification"": ""Justification 1: The claim states that reference models may not significantly aid in decision-making processes, but the reference explicitly says that its model 'can be employed to support IT management in their quest to make well-informed decisions' for the exact same processes mentioned in the claim.\nJustification 2: The claim presents a negative or skeptical view on the utility of reference models for specific tasks, which is the direct opposite of the positive and enabling statement made in the reference."",
  ""answer"": ""Opposite meaning""
}"
i_638,3. Impact on Project Management: Efficiency and Collaboration: Digitization hinders task efficiency and collaboration among different stakeholders in a construction project. This complicates the management of the increasingly complex and dynamic construction environments .,"Construction projects are becoming increasingly challenging, resulting in more complex and dynamic construction environments. Despite this, traditional management and monitoring methods are currently unable to keep up with the industry's rapid development, leading to several problems in task efficiency and transfer of information between project delivery stages. Consequently, the Architecture Engineering Construction and Operations sector is pursuing digitalization to improve project management, assist trade-crews and achieve a more efficient working environment. As a result, the adoption of Building Information Modelling (BIM) represents a paradigm shift from the traditional approaches towards a collaborative and integrated working process. Although BIM is improving the aforementioned problems, not all corporations are able to implement and use it effectively. As such, supportive tools to assist BIM in achieving its full potential are in high demand. To facilitate the deployment and application of BIM, easy-entry technologies such as Virtual Reality tools are establishing themselves as a promising addition to BIM methodology. The current research objective is to provide a review of previous works in the field of BIM-based VR, in order to establish a clear view of this research field. The methodology adopted for this systematic review is PRISMA Statement strategy. Based on the results of the review several questions regarding this topic were answered.","{
  ""justification"": ""The claim states that digitization hinders task efficiency and collaboration. In contrast, the reference explicitly states that the construction sector is 'pursuing digitalization to improve project management, assist trade-crews and achieve a more efficient working environment.' This shows a direct contradiction, as the reference presents digitization as a solution to inefficiency, not the cause."",
  ""answer"": ""Opposite meaning""
}"
i_1772,"Economic considerations can influence the application of GWP in policy-making, as the costs and benefits of mitigation strategies need to be balanced .","The literature on metrics to measure contributions to climate change from emissions of different greenhouse gases divides into studies that highlight physical aspects and studies that show the importance of economic factors. This paper distinguishes the physical aspects and implications of economic factors by asking what is demanded from physically based metrics if used for a specific policy objective. We study the aim of maximizing the welfare of emissions generated by consumption when there is a limit to the increase in global mean temperature. In that case, metrics ought to change over time, with increasing weight on short-living gases before the temperature limit is met. Metrics for short-living gases increase also with increasing uncertainty. Adjustments to new information spur higher metrics for short-living gases if it reduces the expected allowable emissions before the target is met, and lower metrics in the opposite case. Under a binding target, metrics refer to the instantaneous impact on radiative forcing multiplied by the lifetime of the respective gases, and adjusted by the attitude to risk.","{
  ""justification"": ""Justification 1: The reference explicitly states that literature on climate change metrics is divided into physical aspects and those highlighting \""the importance of economic factors.\"" It then discusses how policy objectives, such as \""maximizing the welfare,\"" influence these metrics. This directly supports the claim that economic considerations are influential.\nJustification 2: The claim is entailed by the reference, which discusses the division of literature into physical and economic factors for climate change metrics and explores how economic considerations like \""maximizing welfare\"" and \""attitude to risk\"" should adjust the metrics used for policy-making."",
  ""answer"": ""Entailment""
}"
i_97,"These methods can adapt to new threats and reduce false positives, enhancing the reliability of the detection system .","Recent times have seen a steady shift of technology from traditional software models to the cloud. The substantial growth in the number of applications using cloud based infrastructures calls for the need of security mechanisms for their protection. Intrusion detection systems are one of the most suitable security solutions for protecting cloud based environments. Although there are several approaches to intrusion detection, such as signature-based and anomaly-based, machine learning (ML) based approaches have emerged as a recent interest and research area. With their robust learning models, and data centric approach, ML based security solutions for cloud environments have been proven effective. Attack features are extracted from network and application logs. Attack presence is confirmed by performing Machine learning techniques such as logistic regression and belief propagation. Performance measures such as average detection time is used to evaluate the performance of the approach.
[5]: The Internet of Things (IoT) technology incorporates a large number of heterogeneous devices connected to untrusted networks. Nevertheless, securing IoT devices is a fundamental issue due to the relevant information handled in IoT networks. The intrusion detection system (IDS) is the most commonly used technique to detect intruders and acts as a second wall of defense when cryptography is broken. This is achieved by combining the advantages of anomaly and signature detection techniques, which are characterized by high detection rates and low false positives, respectively. To achieve a high detection rate, the anomaly detection technique relies on a learning algorithm to model the normal behavior of a node, and when a new attack pattern (often known as signature) is detected, it will be modeled with a set of rules. This latter is used by the signature detection technique for attack confirmation. Activating the anomaly detection technique simultaneously at each low-resource IoT device and all the time could generate a high-energy consumption. Thereby, we propose a game theoretic technique to activate anomaly detection technique only when a new attack's signature is expected to occur; hence, a balance between detection and false positive rates, and energy consumption is achieved. Even by combining between these two detection techniques, we observed that the number of false positives is still non null (almost equal to 5%). Thereby, to decrease further the false positive rate, a reputation model based on game theory is proposed. Simulation results show that this lightweight anomaly detection outperforms current anomaly detection techniques, since in scaling mode (i.e., when the number of IoT devices and attackers are high) it requires low energy consumption to detect the attacks with high detection and low false positive rates, almost 93% and 2%, respectively.","{
  ""justification"": ""Justification 1: The claim states that the methods can adapt to new threats and reduce false positives. Reference [5] supports this by describing a combined anomaly and signature detection technique. Anomaly detection adapts to new threats by modeling normal behavior and detecting new attack patterns. The reference explicitly mentions that the goal is to achieve \""low false positives\"" and that their proposed model reduces the false positive rate to approximately 2%.\nJustification 2: The claim is directly supported by reference [5], which details a method combining anomaly and signature detection to achieve high detection rates (adapting to new threats) and low false positives, thereby enhancing the system's reliability."",
  ""answer"": ""Entailment""
}"
i_913,"In summary, purchasers in the aerospace sector play a vital role in ensuring the quality, cost-effectiveness, and timely delivery of products and services. Their responsibilities span supplier evaluation, procurement management, and strategic planning, all of which are crucial for the success of aerospace projects .","The aerospace sector has a demand for high-precision and expensive machine tools that are characterized by a high entry threshold, high risks, and a long payback period. To ensure product quality and the reduction of operating costs, it is imperative that manufacturers in this sector develop an appropriate supplier evaluation and management mechanism for machine tools. Therefore, this study presents a new two-stage supplier evaluation model for the aerospace sector. In the first stage, a hierarchical structure that comprises three evaluation criteria and eleven subcriteria is constructed. In the second stage, suppliers are appraised and selected through the analytic hierarchy process. As exemplified by the purchase of high-precision and expensive machine tools by Taiwan's Aero Win Technology Corporation (listed in the Taiwan Stock Exchange), this study conducts a feasibility and sensitivity analysis with respect to the supplier evaluation model. The three criteria are ranked in the order of decreasing importance as follows: quality > cost > delivery. The results of this research have useful implications for the evaluation policy of machine tool suppliers in the aerospace sector.
[2]: Just as procurement staff rely on the project staff's expertise in rocket science, so too can the project management rely on procurement representatives to handle the details of procurement management. However, a basic understanding of procurement principles goes a long way in helping obtain required purchased supplies and services on time, within budget, and consistent with requirements. This chapter will provide a Project Manager (PjM) with a basic understanding of their role in the acquisition process by detailing the stages of procurement. While the term Project Manager is used throughout this chapter, many of their responsibilities may be delegated to a Technical Representative whom he/she has delegated authority for the technical oversight and direction of a procurement. This could be a PjM or other individual with adequate technical knowledge to provide appropriate technical oversight and provide technical direction to the contractor. The procurement life cycle consists of four primary phases, Pre-Award, Award, Post- Award, and Closeout (Figure 5.1).
[4]: This study conducted experiments to test how technology division structures are expressed and analyzed on a Technology Roadmap by identifying the relationships between system integration and components during the development of the T-50<sup>1</sup> aircraft in the Aerospace industry. The aerospace industry has the typical features of a complex structure, requiring the integration of several million components and requires a high technology concentration in each assembly phases. Further, the aerospace industry also has unique features that undergo a great value chain variation in accordance with the purchasing power between an aircraft system integrator (final manufacturer) and a few demand monopoly firms (military or airliners). Accordingly, a system integrator shall need an operational plan, which combines an appropriate development of demand firm's needs with existing technology resources, further requiring close cooperation among several component supplying firms. On the other side, an aerospace component has very complex and precise operational procedures that must meet strict safety regulations due to their effects of aircraft safety and reliability. Because of these reasons, system integrators and component suppliers have a strong value chain structure of technology dependence and operations. Thus, reciprocal information sharing and cooperative development strategies between firms form an indispensable operational foundation for aircraft development. That is, it is necessary to have an appropriate planning system to consider both commercialization and vast R&D costs when establishing common development strategies among technology organizations. A Technology Roadmap is designed around detailed strategic forecasts of technology in the developmental phase, and includes time planning between organizations that, in turn creates new technologies for future development strategies. After the initial development results, we noticed a great time discrepancy in the commercialization phase, due to information and technology asymmetries between system integrators and component suppliers. © 2006 IEEE.","{
  ""justification"": ""The claim is a comprehensive summary that is well-supported by the provided references. Reference [1] establishes the importance of supplier evaluation based on quality, cost, and delivery. Reference [2] highlights the role of procurement management in obtaining supplies on time and within budget. Reference [4] underscores the need for strategic planning and cooperation in the complex aerospace value chain. Collectively, these references entail the claim that purchasers are vital for ensuring quality, cost, and delivery through responsibilities like supplier evaluation, procurement management, and strategic planning."",
  ""answer"": ""Entailment""
}"
i_102,"Handling Noise and Intensity Variations: Ultrasound images often suffer from speckle noise and intensity inhomogeneities, which can degrade segmentation performance. ResUNet's architecture is designed to handle these challenges effectively, ensuring more accurate segmentation even in the presence of such artifacts .","Brain tumor segmentation is a critical step in MRI analysis, significantly impacting treatment decisions and prognostic evaluations. Deep learning, particularly with models like UNet and ResUNet, has emerged as a powerful approach, offering superior segmentation accuracy. The UNet model achieves a Dice score of 0.7 and a Jaccard index of 0.6, while the ResUNet model achieves a Dice score of 0.614444 and a Jaccard index of 0.815555. Despite advancements, challenges such as tumor variability, noise, and intensity variations persist, limiting the technology's potential. This study presents recent advancements in deep learning for brain tumor segmentation, covering background, methods (including UNet and ResUNet), achieved results, and concluding remarks. We discuss strengths, limitations, and ongoing research efforts, including multi-modal data integration and advanced network architectures, aiming to enhance segmentation precision and practical utility.
[2]: Ultrasound images are very noisy, with poor contrast and the attenuation of the acoustic wave in the depth of the observed medium leads to strong inhomogeneities in the image. Segmentation methods using global image statistics are known to give unsatisfactory results on such data. In the last decade, there has been a reinvestigation of the use of local statistics by the image segmentation community in a variational framework. These studies show improved performance of local models on images with strong intensity inhomogeneities.Thus local segmentation models have become very popular. Locality is generally defined by means of an isotropic spatial kernel. Very little work, however, has been carried out to address the problem of the choice of the local kernel's scale (or bandwidth). We investigate the problem of the estimation of a pixel-dependent and pixel-independent local scale in the context of local parametric region segmentation models. Two main strategies will be presented. The first one is statistical and is based on a bias-variance trade-off principle. The second one is a variational approach and we believe to be more generic. Therefore, it may also profit alternative image processing problems. All contributions are demonstrated on synthetic and realistic simulations of ultrasound images with intensity inhomogeneities of a variable strength.","{
  ""justification"": ""The claim incorrectly synthesizes information from two separate references. Reference [1] discusses the ResUNet model for MRI brain tumor segmentation and notes that noise and intensity variations are persistent challenges, contradicting the claim that the model handles them \""effectively\"". Reference [2] discusses noise and intensity inhomogeneities in ultrasound images but does not mention the ResUNet model at all. The claim wrongly applies the ResUNet model to ultrasound images and misrepresents its capabilities as described in the source material."",
  ""answer"": ""Misrepresentation""
}"
i_2252,"###  ** Comparison: ** -  ** Herbicide Resistance: **  Indonesia faces more severe issues with herbicide resistance, particularly with glyphosate-resistant weeds, compared to Malaysia where integrated weed management practices are more commonly adopted  .","Sustainable weed management in oil palm plantation has been a challenge now a day. Weed suppression by cover cropping is considered as a viable alternative to herbicidal control. This study0020was, therefore, conducted during 2010-2012 in a Malaysia oil palm plantation to characterize oil palm weed communities and evaluate oil palm yield under four different perennial cover-crop systems. Experimental treatments included four different cover crop combinations such as Axonopus compressus, Calopogonium caeruleum + Centrosema pubescens, Mucuna bracteata, Pueraria javanica + Centrosema pubescens, and herbicidal control by glufosinate-ammonium and weedy control. Weed composition in the un-weeded treatment was different from that of cover crop treatments. The un-weeded treatment favored Paspalum conjugatum and A. compressus as the dominant species. In the A. compressus and C. caeruleum + C. pubescens treatments the associated weed species with highest dominance was Asystasia gangetica, while the weeds A. compressus and A. gangetica were associated with M. bracteata and P. javanica + C. pubescens treatments. In the weeded treatment receiving 6 sprays of glufosinateammonium over the two years, B. latifolia was dominant. The A. compressus cover treatment had the lowest species richness and diversity. Weeded plots had lowest yield, bunch number tree<sup>-1</sup> and bunch weight during the 18-24 MAP. The study confirms variation in weed community in oil palm plantation under different cover-crop systems and thus, contributes to improving current understanding of weed community structures and may help formulate sustainable weed management strategy for oil palm plantation. © 2014 Friends Science Publishers.
[2]: The glyphosate-resistant Eleusine indica (GR-ESU) case has dominated at oil palm plantations in North Sumatra Province, Indonesia and will increase evolution into resistance. This research was aimed to determine the role of Monosodium Methyl Arsenate (MSMA)+diuron to control the agronomic characteristics of GR-ESU biotypes. This research was conducted in the Weed Research Center Land, Faculty of Agriculture, Universitas Sumatera Utara in November 2017 until August 2018. This research used Randomized Block Design non-factorial with factor GR-ESU biotypes that were sprayed with glyphosate at the dose of 3 l.ha<sup>-1</sup>, and MSMA+diuron at the dose of 5 l.ha<sup>-1</sup> within four replications. The parameters were analyzed using one-way ANOVA and were continued by DMRT at P < 0.05 with IBM SPSS Statistics v.20 software. The results showed that a decrease in the survival of GR-ESU at the changes from glyphosate to MSMA+diuron. The GR-ESU on MSMA+diuron showed leaf color changes (leaf green loss/chlorosis) at 3 until 21 days after sprayed. The ability of MSMA+diuron had com-pletely (100%) controlled within 18 of 29 GR-ESU biotypes and had effectively controlled the tillers, flowering, fresh-and dry weight in GR-ESU biotypes of 87.53%; 66.88%; 95.66%; and 95.92% respectively compared to glyphosate. The use of MSMA+diuron as a different mode of action herbicide is highly recommended to control GR-ESU biotypes at oil palm estate.","{
  ""justification"": ""The claim makes a direct comparison between Indonesia and Malaysia regarding the severity of herbicide resistance and the adoption of integrated weed management. Reference [2] confirms the existence of glyphosate-resistant weeds in Indonesia, and Reference [1] discusses a study on integrated weed management in Malaysia. However, neither reference provides any comparative data to support the claim that the problem is \""more severe\"" in Indonesia or that integrated practices are \""more commonly adopted\"" in Malaysia. The core comparative statement of the claim cannot be verified from the provided text."",
  ""answer"": ""Related but unverifiable""
}"
i_2044,"Environmental Cues and Habitat Selection. Temperature Influence: Temperature plays a significant role in spawning habitat selection. For instance, capelin (Mallotus villosus) choose spawning sites based on temperature conditions, preferring beach habitats in colder years and demersal sites in warmer years . This suggests that they may not spawn at all in warmer years, which could jeopardize their reproductive success.","In a patchy environment, animals must make habitat choices, presumably based on environmental cues that provide reliable fitness-related information. Capelin Mallotus villosus is a small (<200mm), short-lived (3-6 years) forage fish that spawns adhesive eggs in 2 habitats with divergent temperature regimes: beach (warm, variable) and deep water (demersal; cool, stable). In 2009 and 2010, I investigated the influence of temperature on spawning habitat selection in coastal Newfoundland by quantifying habitat-specific temperature, population-level habitat use, and individual-level movements of male capelin via acoustic telemetry. Drastically, different temperature in both years was associated with divergent habitat use. Capelin spawned only at beaches in 2009, when temperatures were significantly colder and frequently fell below suitable ranges at demersal sites (2-12°C), whereas demersal sites were predominantly used under opposing conditions in 2010. Most male capelin (76%, n = 22) were detected in one habitat only per year (beach: 10%, n = 3; demersal: 66%, n = 19). Males detected in both habitats (17%, n = 5) primarily dispersed from the initial habitat when temperatures routinely fell outside of suitable ranges. This movement often involved traveling long distances (11.0-32.7 km) against currents, suggesting energetic costs. Other males (7%, n = 2) were only detected at unused sites in 2009, implying these fish did not spawn despite having developed secondary sexual characteristics. Overall, temperature appeared to be an important environmental cue for habitat selection by capelin. The flexible use of spawning habitats under divergent temperature conditions suggests that capelin have a high capacity to respond to and possibly tolerate predicted ocean-climate change. © 2012 The Author.","{
  ""justification"": ""The claim correctly states that capelin select spawning habitats based on temperature. However, it incorrectly concludes that they might not spawn in warmer years, which would jeopardize their reproductive success. The reference actually indicates that some fish did not spawn in the colder year (2009), and more importantly, concludes that this flexibility in habitat use suggests a high capacity to respond to and tolerate climate change, which is the opposite of the claim's conclusion."",
  ""answer"": ""Misrepresentation""
}"
i_75,"Key Effects of Imbalanced Data: Increased Error Rates: Severe imbalance is likely to always lead to higher Mean Square Error (MSE) in parameter estimates, particularly in logistic regression models, regardless of sample size .","Classification problems involving imbalance data will affect the performance of classifiers. In predictive analytics, logistic regression is a statistical technique which is often used as a benchmark when other classifiers, such as Naïve Bayes, decision tree, artificial neural network and support vector machine, are applied to a classification problem. This study investigates the effect of imbalanced ratio in the response variable on the parameter estimate of the binary logistic regression via a simulation study. Datasets were simulated with controlled different percentages of imbalance ratio (IR), from 1 % to 50 %, and for various sample sizes. The simulated datasets were then modeled using binary logistic regression. The bias in the estimates was measured using MSE (Mean Square Error). The simulation results provided evidence that imbalance ratio affects the parameter estimates where severe imbalance (IR = 1 %, 2 %, 5 %) has higher MSE. Additionally, the effects of high imbalance (IR ≤ 5 %) will be more severe when sample size is small (n = 100 & n = 500). Further investigation using real dataset from the UCI repository (Bupa Liver (n = 345) and Diabetes Messidor, n = 1151)) confirmed the imbalanced ratio effect on the parameter estimates and the odds ratio, and thus will lead to misleading results.","{
  ""justification"": ""The claim asserts that severe imbalance leads to higher Mean Square Error (MSE) \""regardless of sample size.\"" However, the reference explicitly states that \""the effects of high imbalance (IR ≤ 5 %) will be more severe when sample size is small (n = 100 & n = 500).\"" This indicates that sample size is a significant factor influencing the severity of the error, directly contradicting the claim's assertion that the effect is independent of sample size."",
  ""answer"": ""Misrepresentation""
}"
s_1684,"4. Environmental and Economic Benefits: Reduced Pesticide Use: The development of pest-resistant rice varieties through genome editing reduces the reliance on chemical pesticides, leading to environmental benefits and cost savings .","Adopting genome editing with the trait of pest resistance contributes to sustainable development by reducing pesticide use. Developed by Clustered Regularly Interspaced Short Palindromic Repeats (CRISPR) technology, CRISPR rice is resistant to two of its most destructive insect pests. However, there exists a trade-off between pest resistance and lower potential yield. In the presence of uncertainty of pest severity, adopting CRISPR rice demonstrates positive environmental benefits at its optimal planting ratio, estimated based on a microeconomic model extended with environmental externalities of rice cultivation. We estimate the optimal planting ratio to be 37%, with the environmental benefit of co-planting CRISPR rice to be 560 million US dollars annually in China. The environmental benefit accounts for 4–22% of the total value of co-planting CRISPR rice in the Monte Carlo simulations. Regional heterogeneity regarding optimal planting ratio and environmental benefit is studied for 12 major rice-cultivating provinces in China. We conclude with policy implications that policymakers need to consider the vast environmental benefit of CRISPR rice adoption to have a more comprehensive view of its economic and environmental market potential, contributing to the heated debate on regulating CRISPR technology in China and worldwide.","{
  ""justification"": ""The reference explicitly states that \""Adopting genome editing with the trait of pest resistance contributes to sustainable development by reducing pesticide use.\"" It also quantifies the \""environmental benefit\"" in monetary terms (\""560 million US dollars annually in China\""), which supports the claim's mention of \""environmental benefits and cost savings.\"""",
  ""answer"": ""Entailment""
}"
s_193,They cannot effectively engage in social interactions to support elderly individuals with cognitive impairments through applications like task reminders and cognitive training .,"Purpose: Over the past several years, a variety of assistive technologies have been conceived and developed to support independent living and quality of life of older adults with mild cognitive impairment (MCI) or Alzheimer's disease (AD). Within this area socially-assistive robotics is a growing field. However, although robotics has the potential to support the elderly with cognitive impairment in daily tasks, the development of usable interfaces remains a challenge. For instance, changes in perceptual and cognitive abilities should be addressed in robotics design because they affect technology use. The aim of the QuoVADis project was to develop a socially-assistive robot for elderly people with cognitive impairment. The semi-autonomous remotely controlled robot consists of a mobile platform guided by a computer and electronic system. The robot input devices include speech control and a touch-screen. The system, capable of social interaction, was specifically conceived to provide cognitive and social support to the user through a suite of applications (task reminder, cognitive training, navigation support, and communication). The purpose of this work was to develop the graphical user interface (GUI) through which these services are provided. In a previous study we defined a set of requirements that were used to design the robot's GUI. In this paper we present results from usability testing of the functional prototype of the GUI with target end-users and the modifications made to produce the final version of the applications. Method: We used a user-centred design approach for the GUI design. Eleven elderly persons with MCI and 11 elderly with normal cognition were recruited for this study. First, the moderator described the purpose of the research, introduced the robot and explained the evaluation procedure. Then participants were asked to complete a series of tasks using the main menu of the GUI and navigate through its different applications. Performance and satisfaction measures were collected (e.g., time to complete each task, number of errors due to manipulation, number of help requests). Tests were conducted individually. Results & Discussion: Findings confirmed that most of the features of the GUI were adapted to the needs and capacities of older adults with cognitive impairment. However, individual factors (age, education level, and computer experience) were found to affect task performances. Moreover, some particular aspects of the interfaces (icons, navigation system) had to be modified to make the application usable by the largest number of patients suffering from cognitive deficits. These results were used to develop the final version of the GUI. We confirmed that designing and developing assistive technologies to support elderly with cognitive impairment requires end-user involvement throughout all the development and evaluation phases. This study is an example of a successful design process for assistive technologies to support MCI-patients and their caregivers, involving them throughout all the development phases and applying the concept of iterative evaluations.","{
  ""justification"": ""The claim states that socially-assistive robots \""cannot effectively engage in social interactions to support elderly individuals with cognitive impairments\"". However, the reference describes the QuoVADis project, which developed a robot specifically \""capable of social interaction\"" to \""provide cognitive and social support to the user through a suite of applications (task reminder, cognitive training...)\"". The study's findings confirmed that \""most of the features of the GUI were adapted to the needs and capacities of older adults with cognitive impairment\"" and it is presented as a \""successful design process\"". Therefore, the claim directly states the opposite of what is presented in the reference."",
  ""answer"": ""Opposite meaning""
}"
s_2190,"The regulation suggests that integrated testing strategies (ITS) and weight-of-evidence approaches will completely eliminate the need for animal testing, thereby making alternative methods the sole means of assessing toxicity .","Background, aim and scope: Due to a number of drawbacks associated with the previous regime for the assessment of new and existing chemicals, the European Union established a new regulation concerning the registration, evaluation, authorisation and restriction of chemicals (REACH). All relevant industrial chemicals must now be assessed. Instead of the authorities, industry itself is responsible for the risk assessment. To achieve better and more efficient assessments while reducing animal testing, all information-standard, non-standard and non-testing-has to be used in an integrated manner. To meet these challenges, the current technical guidance documents for risk assessment of new and existing chemicals had to be updated and extended considerably. This was done by experts in a number of REACH Implementation Projects. This paper presents the most relevant results of the expert Endpoint Working Group on Aquatic Toxicity in order to illustrate the change of paradigm in the future assessment of hazards to the aquatic environment by chemical substances. Main features and challenges: REACH sets certain minimum data requirements in order to achieve a high level of protection for human health and the environment. It encourages the assessor to use alternative information instead of or in addition to standard one. This information has to be equivalent to the standard information requirement and adequate to draw overall conclusions with respect to the regulatory endpoints classification and labelling, persistent, bioaccumulative and toxic (PBT) assessment and predicted no-effect concentrations (PNEC) derivation. The main task of the expert working group was to develop guidance on how to evaluate the toxicity of a substance based on integration of information from different sources and of various degrees of uncertainty in a weight of evidence approach. Integrated testing and intelligent assessment: In order to verify the equivalence and adequacy of different types of information, a flexible sequence of steps was proposed, covering characterisation of the substance, analysis of modes of action, identification of possible analogues, evaluation of existing in vivo and in vitro testing data as well as of QSAR results. Finally, all available data from the different steps have to be integrated to come to an overall conclusion on the toxicity of the substance. This weight of evidence approach is the basis for the development of integrated testing strategies (ITS), in that the available evidence can help to determine subsequent testing steps and is essential for an optimal assessment. Its flexibility helps to meet the different requirements for drawing conclusions on the endpoints classification and labelling, PNEC derivation as well as PBT assessment. The integration of all kinds of additional information in a multi-criteria assessment reduces the uncertainties involved with extrapolation to the ecosystem level. The weight of evidence approach is illustrated by practical examples. Conclusions and perspectives: REACH leads to higher challenges in order to make sound decisions with fewer resources, i.e. to move away from extensive standard testing to an intelligent substance-tailored approach. Expert judgement and integrated thinking are key elements of the weight of evidence concept and ITS, potentially leading to better risk assessments. Important sub-lethal effects such as endocrine disruption, which are not covered by the current procedure, can be considered. Conclusions have to be fully substantiated: Risk communication will be an important aspect of future assessments. © 2008 Springer-Verlag.
[4]: Liverpool John Moores University and FRAME recently conducted a research project sponsored by Defra, on the status of alternatives to animal testing with regard to the European Union REACH (Registration, Evaluation and Authorisation of Chemicals) system for the safety testing and risk assessment of chemicals. The project covered all the main toxicity endpoints associated with the REACH system. This paper focuses on the prospects for using alternative methods (both in vitro and in silico) for mutagenicity (genotoxicity) and carcinogenicity testing - two toxicity endpoints, which, together with reproductive toxicity, are of pivotal importance for the REACH system. The manuscript critically discusses well-established testing approaches, and in particular, the requirement for short-term in vivo tests for confirming positive mutagenicity, and the need for the rodent bioassay for detecting non-genotoxic carcinogens. Recently-proposed testing strategies focusing on non-animal approaches are also considered, and our own testing scheme is presented and supported with background information. This scheme makes maximum use of pre-existing data, computer (in silico) and in vitro methods, with weight-of-evidence assessments at each major stage. The need for the improvement of in vitro methods, to reduce the generation of false-positive results, is also discussed. Lastly, ways in which reduction and refinement measures can be used are also considered, and some recommendations are made for future research to facilitate the implementation of the proposed testing scheme.
[5]: This paper presents an inventory of in silico screening tools to identify substance properties of concern under the European chemicals' legislation REACH. The objective is to support the selection and implementation of appropriate tools as building blocks within integrated testing strategies (ITS). The relevant concerns addressed are persistence, bioaccumulation potential, acute and long-term aquatic toxicity, PBT/vPvB properties ((very) persistent, (very) bioaccumulative, toxic), CMR (carcinogenicity, mutagenicity, reproductive toxicity), endocrine disruption and skin sensitisation. The inventory offers a comparative evaluation of methods with respect to the underlying algorithms (how does the method work?) and the applicability domains (when does the method work?) as well as their limitations (when does the method not work?). The inventory explicitly addresses the reliability of predictions of different in silico models for diverse chemicals by applicability domain considerations. The confidence in predictions can be greatly improved by consensus modelling that allows for taking conflicting results into account. The inventory is complemented by a brief discussion of socio-economic tools for assessing the potential efficiency gains of using in silico methods compared to traditional in vivo testing of chemical hazards. © 2013 Elsevier Inc.","{
  ""justification"": ""The claim asserts that integrated testing strategies (ITS) and weight-of-evidence approaches will \""completely eliminate\"" the need for animal testing. However, the reference material states that the goal is to \""reduce animal testing\"" and to move \""away from extensive standard testing to an intelligent substance-tailored approach.\"" The reference encourages using alternative information \""instead of or in addition to standard one,\"" which implies that animal testing is not being completely eliminated but rather reduced and supplemented. Therefore, the claim misrepresents the information by overstating the impact of these new strategies."",
  ""answer"": ""Misrepresentation""
}"
s_1586,"The influence of global flavors and tastes is also shaping food choices, with trends indicating a rise in ready-to-eat and frozen main dishes .","[8] In the early twentieth century, US writers looked at modern food—its global geographies, its nutritional theories, and its technological innovations—and saw not merely the incursion of industry and the threat of adulteration but an imaginative possibility. Fiction of the 1920s and 1930s represented food systems and used alimentary metaphors to unsettle the bases of racial classification and white supremacy. Dietetics played a key role in so-called race science, which blamed industrial food for Nordic degeneration and looked to euthenics, the study of nutrition and environment, to fix broken modern bodies that were insufficiently white. Thus, the dreams of new bodies and new categories expressed in this literature constituted a radical response to the political and nutritional theories of this cultural moment. For Jean Toomer and George Schuyler, both frustrated by the stigma of blackness in a segregated society, food technologies represented an opportunity to invent a new race or to renovate an old one. For F. Scott and Zelda Fitzgerald, Gertrude Stein, and Ernest Hemingway, enmeshment in the food system revealed that whiteness could not embody the purity that was supposedly its hallmark. In the Great Depression and thereafter, Zora Neale Hurston and Dorothy West indicted racist social structures and used food to interrogate the boundaries of the human. In a time of segregation, nativism, and Fascism, food brought bodies together and spoke of shared pleasure and vulnerability.","{
""justification"": ""Justification 1: The claim discusses modern food trends, specifically the rise of ready-to-eat and frozen dishes influenced by global flavors. The reference is a literary analysis of how early 20th-century American writers used food and nutrition as metaphors to explore themes of race and social hierarchy. The reference does not contain any information about current food trends, ready-to-eat meals, or frozen dishes.\nJustification 2: The subject matter of the claim (contemporary consumer food trends) and the reference (historical literary criticism) are completely different. There is no basis in the reference to verify the claim's assertions."",
""answer"": ""Unrelated and unverifiable""
}"
i_1249,"Key Points: Gastrointestinal Symptoms: Gastrointestinal symptoms, including bloating, are common in women with menstrual dysfunctions. These symptoms can be exacerbated by treatments such as GnRH analogs used for endometriosis, which can lead to gastrointestinal dysmotility .","Background: Women with endometriosis often experience gastrointestinal symptoms. Gonadotropin-releasing hormone (GnRH) analogs are used to treat endometriosis; however, some patients develop gastrointestinal dysmotility following this treatment. The aims of the present study were to investigate gastrointestinal symptoms among patients with endometriosis and to examine whether symptoms were associated with menstruation, localization of endometriosis lesions, or treatment with either opioids or GnRH analogs, and if hormonal treatment affected the symptoms. Methods: All patients with diagnosed endometriosis at the Department of Gynecology were invited to participate in the study. Gastrointestinal symptoms were registered using the Visual Analogue Scale for Irritable Bowel Syndrome (VAS-IBS); socioeconomic and medical histories were compiled using a clinical data survey. Data were compared to a control group from the general population. Results: A total of 109 patients and 65 controls were investigated. Compared to controls, patients with endometriosis experienced significantly aggravated abdominal pain (P = 0.001), constipation (P = 0.009), bloating and flatulence (P = 0.000), defecation urgency (P = 0.010), and sensation of incomplete evacuation (P = 0.050), with impaired psychological well-being (P = 0.005) and greater intestinal symptom influence on their daily lives (P = 0.001). The symptoms were not associated with menstruation or localization of endometriosis lesions, except increased nausea and vomiting (P = 0.010) in patients with bowel-associated lesions. Half of the patients were able to differentiate between abdominal pain from endometriosis and from the gastrointestinal tract. Patients using opioids experienced more severe symptoms than patients not using opioids, and patients with current or previous use of GnRH analogs had more severe abdominal pain than the other patients (P = 0.024). Initiation of either combined oral contraceptives or progesterone for endometriosis had no effect on gastrointestinal symptoms when the patients were followed prospectively. Conclusions: The majority of endometriosis patients experience more severe gastrointestinal symptoms than controls. A poor association between symptoms and lesion localization was found, indicating existing comorbidity between endometriosis and irritable bowel syndrome (IBS). Treatment with opioids or GnRH analogs is associated with aggravated gastrointestinal symptoms.","{
  ""justification"": ""The claim states that gastrointestinal symptoms are common in women with \""menstrual dysfunctions.\"" However, the reference specifically studies and discusses these symptoms in the context of \""women with endometriosis.\"" While endometriosis is a condition that can cause menstrual dysfunction, the study's findings are specific to the entity of endometriosis patients, and the claim incorrectly generalizes this to a broader, different group."",
  ""answer"": ""Entity error""
}"
i_1496,"Prostate Cancer: Suicidal Ideation: Prostate cancer survivors have a higher prevalence of suicidal ideation (SI), with 15.4% reporting SI and 1.4% reporting serious SI. This is significantly higher compared to normative data. Factors such as poor physical and emotional functioning, greater symptom burden, significant pain, and clinically significant depression are associated with SI in prostate cancer survivors .","BACKGROUND Epidemiological studies have shown prostate cancer (PC) survivors are at an increased risk of suicide compared with the general population, but to the authors' knowledge very little is known regarding what factors are associated with this increased risk. The current study examined the prevalence of suicidal ideation (SI) and its association with cancer treatment and posttreatment physical and emotional health in a cohort of long-term PC survivors. METHODS A total of 693 PC survivors (3-8 years after diagnosis) completed a mailed survey on physical and psychological functioning, including cancer treatments, the Short Form-12 (SF-12), the Expanded Prostate Cancer Index Composite Instrument (EPIC-26), a depression rating scale, and 8 items regarding recent suicidal thoughts and behaviors. RESULTS A total of 86 PC survivors (12.4%) endorsed SI, with 10 individuals (1.4%) reporting serious SI. Serious SI was more common in this sample compared with age-adjusted and sex-adjusted normative data. SI was not associated with most demographic variables, or with PC stage or treatments. However, SI was found to be significantly associated with employment status, poor physical and emotional functioning, greater symptom burden on the EPIC-26, higher frequency of significant pain, and clinically significant depression (P<.01). In an adjusted logistic model, poor physical and emotional function, including disability status and pain, were found to be associated with SI (P<.05), even after adjusting for depression. CONCLUSIONS A significant percentage of PC survivors report recent SI, which is associated with both physical and psychological dysfunction, but not PC treatments. The results of the current study help to explain the increased risk of suicide previously reported in PC survivors and have important implications for identifying and treating those survivors at greatest risk of suicidality.","{
  ""justification"": ""Justification 1: The claim states that 15.4% of prostate cancer survivors reported suicidal ideation (SI), but the reference explicitly states that 86 out of 693 survivors, which is 12.4%, endorsed SI.\nJustification 2: There is a direct numerical contradiction between the claim and the reference regarding the prevalence of suicidal ideation. The claim cites 15.4%, while the reference provides a figure of 12.4%."",
  ""answer"": ""Numeric error""
}"
s_1408,"Disadvantages of Learning Bumblebee Identification: Phylogenetic Studies: Incomplete phylogenies of bumblebees, lacking many known species, obscure their evolutionary relationships and morphological adaptations, making it difficult to draw meaningful conclusions .","Bumble bees (Bombus Latreille) occupy a wide diversity of habitats, from alpine meadows to lowland tropical forest, yet they appear to be similar in morphology throughout their range, suggesting that behavioural adaptations play a more important role in colonizing diverse habitats. Notwithstanding their structural homogeneity, bumble bees exhibit striking inter- and intraspecific variation in colour pattern, purportedly the outcome of mimetic evolution. A robust phylogeny of Bombus would provide the framework for elucidating the history of their wide biogeographical distribution and the evolution of behavioural and morphological adaptations, including colour pattern. However, morphological studies of bumble bees have discovered too few phylogenetically informative characters to reconstruct a robust phylogeny. Using DNA sequence data, we report the first nearly complete species phylogeny of bumble bees, including most of the 250 known species from the 38 currently recognized subgenera. Bayesian analysis of nuclear (opsin, EF-1α, arginine kinase, PEPCK) and mitochondrial (16S) sequences results in a highly resolved and strongly supported phylogeny from base to tips, with clear-cut support for monophyly of most of the conventional morphology-based subgenera. Most subgenera fall into two distinct clades (short-faced and long-faced) associated broadly with differences in head morphology. Within the short-faced clade is a diverse New World clade, which includes nearly one-quarter of the currently recognized subgenera, many of which are restricted to higher elevations of Central and South America. The comprehensive phylogeny provides a firm foundation for reclassification and for evaluating character evolution in the bumble bees. © 2007 The Linnean Society of London.","{
  ""justification"": ""The claim states that bumblebee phylogenies are incomplete and lack many species, which obscures their evolutionary relationships. However, the reference explicitly states that it reports \""the first nearly complete species phylogeny of bumble bees, including most of the 250 known species\"" and that this new phylogeny \""provides a firm foundation for... evaluating character evolution.\"" Therefore, the reference directly contradicts the claim by presenting a solution to the problem the claim describes."",
  ""answer"": ""Opposite meaning""
}"
i_1823,"WASH Conditions: Improved water, sanitation, and hygiene practices are critical in reducing stunting. Safe drinking water and proper sanitation facilities are associated with better growth outcomes, and it is possible that cultural practices surrounding WASH may also play a significant role in influencing child growth outcomes in various communities .","The slow decrease in child stunting rates in East Africa warrants further research to identify the influence of contributing factors such as water, sanitation, and hygiene (WASH). This study investigated the association between child length and WASH conditions using the recently revised WHO and UNICEF (United Nations Children's Fund) Joint Monitoring Programme (JMP) indicators. Data from households with infants and young children aged 6–23 months from the Demographic and Health Surveys in Burundi, Ethiopia, Kenya, Malawi, Rwanda, Tanzania, Uganda, and Zambia were used. Associations for each country between WASH conditions and length-for-age z-scores (LAZ) were analyzed using linear regression. Stunting rates were high (>20%) reaching 45% in Burundi. At the time of the most recent Demographic and Health Survey (DHS), more than half of the households in most countries did not have basic or safely managed WASH indicators. Models predicted significantly higher LAZ for children living in households with safely managed drinking water compared to those living in households drinking from surface water in Kenya (β = 0.13, p < 0.01) and Tanzania (β = 0.08, p < 0.05) after adjustment with child, maternal, and household covariates. Children living in households with improved sanitation facilities not shared with other households were also taller than children living in households practicing open defecation in Ethiopia (β = 0.07, p < 0.01) and Tanzania (β = 0.08, p <0.01) in the adjusted models. All countries need improved WASH conditions to reduce pathogen and helminth contamination. Targeting adherence to the highest JMP indicators would support efforts to reduce child stunting in East Africa.
[3]: Studies have shown linkages between water, sanitation and hygiene (WASH) and stunting in children under 2 years in sub-Saharan Africa. WASH interventions have been shown to reduce stunting rates; however, the biological mechanisms and socio-economic influences responsible for this trend remain poorly understood. This paper reviews the literature regarding these links, and the efficacy of both general WASH interventions and those targeted at children in their first 1,000 days, known as babyWASH, for stunting reduction. Fifty-nine papers published between 2008 and 2019 were reviewed, retrieved from Science Direct, Scopus and Web of Science databases, comprising field trials and data analysis, and literature and systematic reviews. Key findings showed that stunting is directly attributed to diarrhoea, environmental enteric dysfunction and undernutrition although a more comprehensive understanding of these biological mechanisms is necessary. Interventions to interrupt the faecal transmission cycle proved to effectively reduce stunting rates, particularly improved sanitation facilities to reduce open defaecation, increased proximity to water and widespread behavioural change. Methodologies should move away from randomised controlled trials towards selected contexts, mixed data collection methods and inclusion of broader social, cultural and environmental conditions. Improved cross-sectoral collaboration is encouraged, particularly to ensure the complexity of social and contextual factors is fully considered.","{
  ""justification"": ""Justification 1: The claim is fully supported by the references. Reference 1 establishes a direct link between improved WASH conditions (safely managed drinking water, improved sanitation) and better growth outcomes (higher LAZ scores) in several East African countries. Reference 3 reinforces this by stating that WASH interventions reduce stunting and further supports the claim by recommending that future research include \""broader social, cultural and environmental conditions\"" to fully understand the issue.\nJustification 2: The references directly entail the claim. The first part of the claim about improved WASH practices reducing stunting is confirmed by both references. The second part about the role of cultural practices is supported by Reference 3, which states that methodologies should consider \""the complexity of social and contextual factors\"" and include \""broader social, cultural and environmental conditions.\"""",
  ""answer"": ""Entailment""
}"
i_2283,"Cats: Initial Domestication: Unlike dogs, cats domesticated themselves through a self-selective process. The first domestic cats appeared in the earliest agricultural Neolithic settlements in the Near East, primarily because they were drawn to human settlements for food. However, it is likely that all wildcats were equally attracted to these areas, and only a few less fearful individuals managed to thrive, suggesting that the majority of wildcats did not benefit from this process at all .","Artificial selection is the selection of advantageous natural variation for human ends and is the mechanism by which most domestic species evolved. Most domesticates have their origin in one of a few historic centers of domestication as farm animals. Two notable exceptions are cats and dogs. Wolf domestication was initiated late in the Mesolithic when humans were nomadic hunter-gatherers. Those wolves less afraid of humans scavenged nomadic hunting camps and over time developed utility, initially as guards warning of approaching animals or other nomadic bands and soon thereafter as hunters, an attribute tuned by artificial selection. The first domestic cats had limited utility and initiated their domestication among the earliest agricultural Neolithic settlements in the Near East. Wildcat domestication occurred through a self-selective process in which behavioral reproductive isolation evolved as a correlated character of assortative mating coupled to habitat choice for urban environments. Eurasian wildcats initiated domestication and their evolution to companion animals was initially a process of natural, rather than artificial, selection over time driven during their sympatry with forbear wildcats.","{
  ""justification"": ""The reference supports the claim that cats underwent a self-selective domestication process in Neolithic settlements. However, it does not provide the specific details mentioned in the claim, such as the attraction being primarily for food, that all wildcats were equally attracted, or that only the less fearful individuals thrived. These additional details are not verifiable from the provided text."",
  ""answer"": ""Related but unverifiable""
}"
s_145,"In summary, ResUNet addresses the difficulties of ultrasound segmentation by leveraging residual connections to enhance information flow, improving segmentation accuracy, and being robust to noise and intensity inhomogeneities. These advantages make it a superior choice compared to traditional models like UNet, active contour, and level-set techniques .","The identification and segmentation of the prostate on magnetic resonance images (MRI) can assist in the diagnosis of prostate diseases, and improve image-guided intervention. However, prostate segmentation is normally performed manually resulting in a time-consuming process that delays the treatment. Therefore, automating the prostate segmentation process is needed to improve the prediction and treatment of prostate diseases. Segmenting the prostate on MRI is challenging due to the lack of clear boundaries between the prostate and neighboring tissues, the variability among images acquired through different protocols, and the inherent variability of the shape and size of the prostate among patients. In this paper, we present a new deep convolutional neural network architecture called ResU-Net that can automatically identify and segment the prostate on MRI. The proposed ResU-Net architecture has a similar structure to the well-known U-net but uses the residual learning framework as the building block to increase the dissemination of information to deeper layers and to overcome the challenging vanishing gradient problem. The model is tested in a publically available dataset and produces a high segmentation accuracy. Additionally, the model's use of residual connections and data augmentation enables it to generalize well even with a restricted amount of annotated images.
[2]: Brain tumor segmentation is a critical step in MRI analysis, significantly impacting treatment decisions and prognostic evaluations. Deep learning, particularly with models like UNet and ResUNet, has emerged as a powerful approach, offering superior segmentation accuracy. The UNet model achieves a Dice score of 0.7 and a Jaccard index of 0.6, while the ResUNet model achieves a Dice score of 0.614444 and a Jaccard index of 0.815555. Despite advancements, challenges such as tumor variability, noise, and intensity variations persist, limiting the technology's potential. This study presents recent advancements in deep learning for brain tumor segmentation, covering background, methods (including UNet and ResUNet), achieved results, and concluding remarks. We discuss strengths, limitations, and ongoing research efforts, including multi-modal data integration and advanced network architectures, aiming to enhance segmentation precision and practical utility.","{
  ""justification"": ""Justification 1: The claim states that ResUNet is used for \""ultrasound segmentation\"". However, both references [1] and [2] discuss the application of ResUNet for \""magnetic resonance images (MRI)\"" segmentation (prostate and brain tumors, respectively). This is a direct entity error.\nJustification 2: The claim incorrectly identifies the imaging modality as \""ultrasound\"". The provided references clearly state that the ResUNet model was applied to \""MRI\"" for prostate and brain tumor segmentation."",
  ""answer"": ""Entity error""
}"
s_342,"Detection Techniques: Intrusion Detection Systems (IDS) and Intrusion Prevention Systems (IPS) are real-time software tools that monitor network and system activities for suspicious behavior, helping to detect and prevent sniffing attacks .","In computer and network security, standard approaches to intrusion detection and response attempt to detect and prevent individual attacks. Intrusion Detection System (IDS) and intrusion prevention systems (IPS) are real-time software for risk assessment by monitoring for suspicious activity at the network and system layer. Software scanner allows network administrator to audit the network for vulnerabilities and thus securing potential holes before attackers take advantage of them. In this paper we try to define the intruder, types of intruders, detection behaviors, detection approaches and detection techniques. This paper presents a structural approach to the IDS by introducing a classification of IDS. It presents important features, advantages and disadvantages of each detection approach and the corresponding detection techniques. Furthermore, this paper introduces the wireless intrusion protection systems. The goal of this paper is to place some characteristics of good IDS and examine the positioning of intrusion prevention as part of an overall layered security strategy and a review of evaluation criteria for identifying and selecting IDS and IPS. With this, we hope to introduce a good characteristic in order to improve the capabilities for early detection of distributed attacks in the preliminary phases against infrastructure and take a full spectrum of manual and automatic response actions against the source of attacks. © 2005 Elsevier B.V. All rights reserved.
[2]: Network security systems are now mainly employed to secure company networks. An Intrusion Detection System has the capacity to detect in real-time all intrusions and to execute work to stop the attack. With the growth of computer networking, electronic commerce and web services, security of networking systems has become very important. Many companies now rely on web services as a major source of revenue. Computer hacking poses significant problems to these companies as distributed attacks can render their cyber-store front inoperable for long periods of time. This happens so often that an entire area of research, called intrusion detection has been devoted to detecting this activity. We show that evidence of many of these attacks can be found in a careful analysis of network data. We also illustrate that the learning abilities of neural networks can serve to detect this activity. Intrusion detection is an essential mechanism to protect computer systems from many attacks. Besides the classical prevention security tools, Intrusion Detection Systems (IDS) are nowadays widely used by the security administrators. In this study, we present Intrusion Detection Systems using neural networks.","{
  ""justification"": ""Justification 1: The claim states that IDS and IPS help detect and prevent \""sniffing attacks\"". The references describe the general function of IDS and IPS in detecting and preventing various types of attacks but do not specifically mention \""sniffing attacks\"".\nJustification 2: The claim and the reference both discuss IDS and IPS. However, the claim's specific assertion about detecting \""sniffing attacks\"" is not mentioned in the provided reference text, making that part of the claim unverifiable."",
  ""answer"": ""Related but unverifiable""
}"
s_2132,"Indonesia is largely free from invasive pathogens, including exotic Salmonella serovars, which have not been found in wildlife on islands in the Wallacea region. These pathogens are rarely introduced through human activity or international travel, especially in tourist areas like Bali .","The exposure of indigenous humans and native fauna in Australia and the Wallacea zoogeographical region of Indonesia to exotic Salmonella serovars commenced during the colonial period and has accelerated with urbanization and international travel. In this study, the distribution and prevalence of exotic Salmonella serovars are mapped to assess the extent to which introduced infections are invading native wildlife in areas of high natural biodiversity under threat from expanding human activity. The major exotic Salmonella serovars, Bovismorbificans, Derby, Javiana, Newport, Panama, Saintpaul and Typhimurium, isolated from wildlife on populated coastal islands in southern temperate areas of Western Australia, were mostly absent from reptiles and native mammals in less populated tropical areas of the state. They were also not recorded on the uninhabited Mitchell Plateau or islands of the Bonaparte Archipelago, adjacent to south-eastern Indonesia. Exotic serovars were, however, isolated in wildlife on 14/17 islands sampled in the Wallacea region of Indonesia and several islands off the west coast of Perth. Increases in international tourism, involving islands such as Bali, have resulted in the isolation of a high proportion of exotic serovar infections suggesting that densely populated island resorts in the Asian region are acting as staging posts for the interchange of Salmonella infections between tropical and temperate regions.","{
  ""justification"": ""The claim asserts that Indonesia is largely free from exotic Salmonella serovars, that they haven't been found in wildlife in the Wallacea region, and are rarely introduced by human activity, especially in Bali. The reference directly contradicts these points. It states that exotic serovars were found in wildlife on 14 out of 17 islands in the Wallacea region and that exposure has \""accelerated with urbanization and international travel.\"" Furthermore, it specifies that increased tourism in Bali has \""resulted in the isolation of a high proportion of exotic serovar infections.\"""",
  ""answer"": ""Opposite meaning""
}"
s_1752,"Other Aerosol Types: Carbonaceous Aerosols: The study did not provide specific details on the impact of carbonaceous aerosols on rice cultivars, but it highlighted the importance of understanding regional variations in aerosol composition and their potential effects on crops .","Carbonaceous aerosols impact climate directly by scattering and absorbing radiation, and hence play a major, although highly uncertain, role in global radiative forcing. Commonly, ambient carbonaceous aerosols are internally mixed with secondary species such as nitrate, sulfate, and ammonium, which influences their optical properties, hygroscopicity, and atmospheric lifetime, thus impacting climate forcing. Aircraft-aerosol time-of-flight mass spectrometry (A-ATOFMS), which measures single-particle mixing state, was used to determine the fraction of organic and soot aerosols that are internally mixed and the variability of their mixing state in California during the Carbonaceous Aerosols and Radiative Effects Study (CARES) and the Research at the Nexus of Air Quality and Climate Change (CalNex) field campaigns in the late spring and early summer of 2010. Nearly 88% of all A-ATOFMS measured particles (100-1000 nm in diameter) were internally mixed with secondary species, with 96% and 75% of particles internally mixed with nitrate and/or sulfate in southern and northern California, respectively. Even though atmospheric particle composition in both regions was primarily influenced by urban sources, the mixing state was found to vary greatly, with nitrate and soot being the dominant species in southern California, and sulfate and organic carbon in northern California. Furthermore, mixing state varied temporally in northern California, with soot becoming the prevalent particle type towards the end of the study as regional pollution levels increased. The results from these studies demonstrate that the majority of ambient carbonaceous particles in California are internally mixed and are heavily influenced by secondary species that are most prevalent in the particular region. Based on these findings, considerations of regionally dominant sources and secondary species, as well as temporal variations of aerosol physical and optical properties, will be required to obtain more accurate predictions of the climate impacts of aerosol in California. © Author(s) 2012. CC Attribution 3.0 License.","{
  ""justification"": ""The claim discusses the impact of carbonaceous aerosols on rice cultivars and crops. The reference, however, focuses exclusively on the impact of these aerosols on climate and radiative forcing. The reference does not mention rice, crops, or agriculture in any capacity. Therefore, the claim introduces a topic that is entirely absent from and unrelated to the provided reference material."",
  ""answer"": ""Unrelated and unverifiable""
}"
s_1744,"Ozone Exposure: Hybrid vs. Inbred Cultivars: Hybrid Cultivars: SY63 and LYPJ showed significant yield loss due to ozone exposure, with reductions of 18.5% and 15%, respectively. These cultivars also experienced reductions in the number of spikelets per panicle and plant height .","Ozone is currently the most important air pollutant that negatively affects growth and yield of agricultural crops in most parts of the world, and rice is arguably the most important food crops on the planet. While a limited number of enclosure-based studies have examined the genotypic differences among rice (Oryza sativa L.) cultivars in response to increasing ozone concentration, no ozone experiment has been conducted to date under fully open-air field conditions to address this issue. In 2007, we conducted an experiment for the first time in the world with rice using free-air concentration enrichment (FACE) system at Xiaoji town, Jiangdu County, Jiangsu Province, China (119° 42′0″E, 32° 35′5″N). Four Chinese rice cultivars: Wujing 15 (WJ15, inbred japonica cultivar), Yangdao 6 (YD6, inbred indica cultivar), Shanyou 63 (SY63, three-line hybrid rice cultivar), Liangyoupeijiu (LYPJ, two-line hybrid rice cultivar), were grown at ambient or elevated (target at 50% above ambient) ozone concentration under nitrogen application rate of 15 g N m<sup>-2</sup>. The ozone enhancement strongly accelerated phenologycal development of WJ15 and SY63, with maturity being reached by 4 and 8 days earlier, respectively, but only 1 day earlier for YD6 and LYPJ. Elevated ozone concentration reduced the number of mainstem leaves (ca. by half a leaf) and plant height at maturity (ca. by 3-5 cm) of SY63 and LYPJ with no ozone effects detected in YD6 or WJ15. Among the cultivars tested, SY63 and LYPJ exhibited significant yield loss by exposure to ozone (-17.5%, -15%, respectively), while WJ15 and YD6 showed no responses. For all cultivars, no ozone effect was observed on panicle number per unit area as a result of no changes in both maximum tiller number or productive tiller ratio. However, the number of spikelets per panicle of SY63 and LYPJ showed a significant reduction due to ozone exposure, while those of WJ15 and YD6 remained unaffected. Meanwhile, ozone exposure also caused minor reductions in both filled spikelet percentage and individual grain mass. The results of this experiment indicated that yield loss due to ozone exposure differs among rice cultivars with hybrid cultivars (i.e., SY63 and LYPJ) exhibiting greater yield loss than inbred cultivars (i.e., WJ15 and YD6), which could be attributed to the suppression of spikelet formation in the hybrid cultivars under ozone stress. © 2009 Elsevier B.V. All rights reserved.","{
  ""justification"": ""Justification 1: The claim states that the yield loss for SY63 was 18.5%, but the reference clearly states it was 17.5%. Justification 2: The claim misreports the yield loss for the SY63 cultivar as 18.5%, while the reference specifies a 17.5% reduction. The other details in the claim are accurate according to the reference."",
  ""answer"": ""Numeric error""
}"
s_1598,"There is a consensus on the role of technology in sustainable agriculture, with all stakeholders advocating for intensive agricultural production rather than a multifunctional landscape .","In this article we investigate the different perspectives of sustainable agriculture held by participants of a Dutch innovation programme called TransForum. Using Q-methodology we have systematically elicited individual perspectives on agricultural innovation and extracted their common elements. We have compared these perspectives with existing discourses of rural and sustainable development. Our results show that the use of technology and the agricultural production function of rural landscapes are among the two most contested elements between perspectives. The more radical perspectives reject technology and support a multifunctional landscape in the countryside, while the prosaic perspectives do the complete opposite with a positive attitude towards technology and a preference of the use of the countryside for agricultural production alone. Surprisingly, there is no ecological modernisation perspective of sustainable agriculture. In this article we propose the concept of 'metropolitan agriculture' to fill this void. © 2011 The Authors. Sociologia Ruralis © 2011 European Society for Rural Sociology.","{
  ""justification"": ""The claim asserts there is a 'consensus' on the role of technology and a preference for intensive agricultural production. However, the reference directly contradicts this by stating that these topics are the 'two most contested elements' among different perspectives. The reference describes opposing views, with some rejecting technology and supporting a multifunctional landscape, which is the opposite of the consensus described in the claim."",
  ""answer"": ""Opposite meaning""
}"
i_421,"Process Optimization: Real-time data analysis is likely to optimize industrial processes, which may improve productivity and could potentially reduce operational costs .","The process of acquiring, analysing and managing data obtained by sensors and actuators in industrial environments can benefit from modern Cloud-based platforms towards a complete implementation of the Industrie 4.0 concept. The analysis of huge data sets produced by these sensors (Big Data) could allow quick and accurate decision making. For example, productivity improvements can be achieved by analysing device performance and degradation for real-time feedback on configuration and optimization. This work proposes a Cloud-based architecture for Internet of Things (IoT) applications to improve the deployment of smart industrial systems based on remote monitoring and control. By using specific technologies available as a service, we demonstrate the proposed architecture on an automated electric induction motor use case. This approach includes layers for sensor network data gathering, data transformation between standard protocols, message queuing, real-time data analysis, reporting for further analysis, and real-time control. Particularly, by using the proposed architecture, we remotely monitored, controlled and processed data produced by sensors and actuators coupled to the motor. Preliminary results indicate this foundation can support predictive methods and management of automated systems in the Industrie 4.0 context.","{
  ""justification"": ""Justification 1: The reference supports the claim by stating that analyzing data from sensors can lead to \""productivity improvements\"" through \""real-time feedback on configuration and optimization.\"" This aligns with the claim's assertion that real-time data analysis optimizes processes and improves productivity.\nJustification 2: The reference explicitly mentions that \""productivity improvements can be achieved by analysing device performance and degradation for real-time feedback on configuration and optimization,\"" which directly entails the claim's points about process optimization and improved productivity through real-time analysis."",
  ""answer"": ""Entailment""
}"
i_349,"System Configuration and Maintenance. Automation and Scripting: One of the most significant advantages of the CLI is the ability to automate repetitive tasks through scripting. Shell scripts can automate system updates, backups, and other routine maintenance tasks, ensuring consistency and saving time .","This paper examines computing academics' conceptions of the Unix operating system, and the purpose of teaching Unix. Interview transcripts from nine academics were analysed phenomenographically. A small number of qualitatively different conceptions of Unix were identified, within two broad categories. The first broad category manifested a technical approach to Unix. Within this broad category, the conceptions of Unix were, from the least to most sophisticated ! (1) Unix as a set of unrelated commands; (2) Unix as a command line interface superior to GUIs; and (3) Unix as a problem solving tool. The second broad category was a non technical conception of Unix, in which Unix was seen as a resource that is cheap, secure and robust. With regard to teaching Unix, two broad categories of reasons were identified ! practical and pedagogical. These results for teachers are broadly consistent with an earlier phenomenographic study of student conceptions of Unix. © 2007, Australian Computer Society, Inc.","{
""justification"": ""The claim details the advantages of using a CLI for automation and scripting (e.g., system updates, backups). The reference, however, is a study on how academics perceive the Unix operating system. While it mentions that one perception is \""Unix as a command line interface superior to GUIs,\"" it does not provide the specific details about automation, scripting, or maintenance tasks mentioned in the claim."",
""answer"": ""Related but unverifiable""
}"
i_586,"Technological Innovations: Smart Grids and V2G: Vehicle-to-grid (V2G) technology does not allow EVs to return electricity to the grid, which complicates the balance of supply and demand .","Over the most recent two decades, developing utilization of sustainable and dispersed vitality sources has made fresh difficulties in power framework for the utility in regards to the voltage regulation, frequency regulation power quality and effective vitality use. Power electronic gadgets (inverters /Converters) are broadly used to interface the developing vitality frameworks (without and with vitality stockpiling, for example, Batteries and EVs) in distribution frameworks. A useful case of such a three phase, an industrial micro-grid tied power converters framework would be quick charging stations for electric vehicles. In this research article, it has been noticed that the EVs outfitted with the ability of a vehicle to grid (V2G) technology, propose various constraints like essential recurrence control dynamic power guideline, primary frequency control, load stabilizing, purification of harmonic distortions in current wave form and active power regulation etcetera. Also, this exploration paper builds up a way to deal with improve the power quality dependent on dead time (DT) pay strategy for power converters in a modern smaller scale matrix. For example, torque pulsation, harmonic distortion and sinusoidal load current decreases. Additionally, control converters assume a significant job in refine the power quality, energy usage, upgrading the power factor, and guaranteeing productive energy use and vitality the executives in a modern industrial micro-grid with renewable power source.","{
  ""justification"": ""The claim asserts that Vehicle-to-grid (V2G) technology does not permit electric vehicles (EVs) to send electricity back to the grid. This is the direct opposite of the function of V2G technology. The reference, while complex, describes EVs with V2G capability as providing services like \""load stabilizing\"" and \""active power regulation,\"" which are functions that inherently rely on the ability to discharge power back into the grid. Therefore, the claim states the opposite of what is implied in the reference."",
  ""answer"": ""Opposite meaning""
}"
i_24,"Future Directions: 1. Emotional and Semantic Analysis: Future strategies may involve emotional approaches and semantic analysis, as well as new technologies like Artificial Intelligence, to enhance the detection and prevention of fake reviews .","In the last several decades, electronic word of mouth (eWOM) has been widely used by consumers on different digital platforms to gather feedback about products and services from previous customer behavior. However, this useful information is getting blurred by fake reviews-i.e., reviews that were created artificially and are thus not representative of real customer opinions. The present study aims to thoroughly investigate the phenomenon of fake online reviews in the tourism sector on social networking and online reviews sites. To this end, we conducted a systematic review of the literature on fake reviews for tourism businesses. Our focus was on previous studies that addressed the following two main topics: (i) tourism (ii) fake reviews. Scientific databases were used to collect relevant literature. The search terms tourism'' and ''fake reviews'' were applied. The database of Web of Science produced a total of 124 articles and, after the application of different filters following the PRISMA 2009 Flow diagram, the process resulted in the selection of 17 studies. Our results demonstrate that (i) the analysis of fake reviews is interdisciplinary, ranging from Computer Science to Business and Management, (ii) the methods are based on algorithms and sentiment analysis, while other methodologies are rarely used; and (iii) the current and future state of fraudulent detection is based on emotional approaches, semantic analysis and new technologies such as Blockchain. This study also provides helpful strategies to counteract the ubiquity of fake reviews for tourism businesses.","{
  ""justification"": ""The claim states that future strategies for detecting fake reviews may involve new technologies like Artificial Intelligence. However, the reference explicitly mentions \""new technologies such as Blockchain,\"" not Artificial Intelligence. This is an entity error as the claim replaces the specific technology mentioned in the source with a different one."",
  ""answer"": ""Entity error""
}"
s_1087,"Ovarian cancers, particularly teratomas and adenocarcinomas, have been associated with several paraneoplastic neurological syndromes such as paraneoplastic cerebellar degeneration (PCD), limbic encephalitis, and encephalomyelitis .","Paraneoplastic neurologic disorders are rare manifestations of a malignant neoplasm and mostly immune-mediated. Out of a broad spectrum of tumors ovarian and breast carcinomas are frequently the underlying cause presenting a challenge for the gynecologist. The combination of a rapidly progressive severe neurologic disability and a small, as yet unknown tumor is the typical clinical presentation. In addition to the most frequent paraneoplastic cerebellar degeneration resulting in severe ataxia, limbic encephalitis, brain stem encephalitis, sensory neuropathy, stiff-person syndrome, dermatomyositis and paraneoplastic retinopathy have been described. The cornerstone for the diagnosis are onconeural antibodies in serum and cerebrospinal fluid reacting with both the nervous system and the underlying cancer. Paraneoplastic neurologic syndromes in women with ovarian or breast cancer imply a grave prognosis. Although antitumor therapy may be effective in many cases and are essential for the success of additional immunotherapy, most patients remain severely disabled and mortality is remarkably high. © Georg Thieme Verlag KG Stuttgart.
[3]: Purpose: The aim of the study is to present MRI examinations of the brain and spinal cord, performed in girls with acute severe neurological presentation of paraneoplastic syndrome associated with ovarian teratomas. Paraneoplastic neurological syndrome (PNS) is a rare disorder caused by remote effects of malignancy in different organs. The pathogenesis of PNS concerns the autoimmune system and specific antibodies. PNS can be seen as encephalomyelitis, limbic encephalitis, progressive multifocal leukoencephalopathy, cerebellar ataxia, brainstem encephalitis, and paraneoplastic cerebellar degeneration. These symptoms are potentially reversible, if the underlying neoplasm is removed. Methods: We presented three girls, aged 13, 17, and 18 years. They were all referred to the hospital because of an acute onset of severe disseminated encephalomyelitis. All MRI exams were performed on a 1.5 T scanner with a routine brain and spinal cord protocol, including TSE T2-WI and FLAIR sequences. In all cases, a contrast agent was injected in the standard dose. Results: Neurological examination performed at the onset of the disease revealed hemiparesis, seizures, and consciousness disturbances. In one girl, visual field loss was also disclosed. They were all healthy before the onset of the disease. Brain and spinal cord MR imaging revealed multiple hyperintense lesions located supratentorially in the white matter of both hemispheres, in the pons, cerebellum, and spinal cord. Patients were treated with methyloprednisolone IV and IVIG. They all improved but significant sequelae were present. Two of them developed symptoms of acute demyelinating polyradiculoneuropathy within 2 months after the onset of encephalomyelitis. At the same time, brain MRI showed progression of the lesions. In two patients, anti-Yo antibodies were present in blood. Extensive examinations revealed bilateral ovarian teratomas in two patients, and left-sided ovarian teratoma in one case. Surgical resection of teratomas resulted in rapid clinical improvement. Conclusions: These cases show that in children and adolescents, acute demyelinating disease can be a manifestation of paraneoplastic neurological syndrome. Thus, PNS should always be considered in the differential diagnosis of encephalomyelitis. In female children and adolescents with suspected PNS, it is important to search for ovarian tumours.
[4]: Paraneoplastic encephalomyelitis (PEM) is a well-characterized neurological syndrome. Its association with ovarian teratoma is rare. A young lady presented with features suggestive of encephalomyelitis with predominant cerebellar syndrome. Magnetic resonance imaging brain was normal. Cerebrospinal fluid showed lymphocytic pleocytosis. Computerized tomography scan of the pelvis revealed a complex left ovarian cyst. With a clinical diagnosis of PEM she underwent a left salpingo-oopherectomy. This was followed by total recovery of the PEM in two weeks. The histopathology revealed immature teratoma. The interesting feature was the clinicopathological correlation between the finding of fetal cerebellar tissue in the tumor and the PEM with predominant cerebellar features.
[5]: Paraneoplastic limbic encephalitis, a remote effect of cancer without nervous system metastasis, is rare, especially in childhood. Here, we report a case of paraneoplastic limbic encephalitis associated with an ovarian mature teratoma in an adolescent girl. The 15-year-old girl developed neuropsychiatric symptoms, memory loss, seizures, and unconsciousness. Cerebrospinal fluid analysis and brain magnetic resonance imaging (MRI) findings were normal, while single photon emission computed tomography imaging showed hypoperfusion in both temporal lobes. Ultrasound and MRI of the abdomen revealed a left ovarian cystic mass. The patient experienced a significant recovery of cognitive function after surgical resection of the tumor, which was pathologically identified as a mature ovarian teratoma, and treatment with intravenous immunoglobulin.","{
  ""justification"": ""The claim correctly states that ovarian cancers, particularly teratomas, are associated with paraneoplastic neurological syndromes like cerebellar degeneration, limbic encephalitis, and encephalomyelitis, which is supported by references [1], [3], [4], and [5]. However, the claim also specifically mentions \""adenocarcinomas\"" as a type of ovarian cancer associated with these syndromes. None of the provided references mention adenocarcinomas in this context, making this an entity error."",
  ""answer"": ""Entity error""
}"
i_2331,"Key Mechanisms: Production of Esters: Ethyl Esters: During yeast fermentation, ethyl esters like ethyl caproate, which has an apple-like flavor, are produced. These compounds are crucial for the fruity aroma in products like Chinese liquor, and it is believed that the use of specific yeast strains can further enhance the complexity of flavors beyond what is currently documented .","During yeast fermentation, ethyl esters play a key role in the development of the flavor profiles of Chinese liquor. Ethyl caproate, an ethyl ester eliciting apple-like flavor, is the characteristic flavor of strong aromatic liquor, which is the best selling liquor in China. In the traditional fermentation process, ethyl caproate is mainly produced at the later fermentation stage by aroma-producing yeast, bacteria, and mold in a mud pit instead of Saccharomyces cerevisiae at the expense of grains and fermentation time. To improve the production of ethyl caproate by Chinese liquor yeast (S. cerevisiae) with less food consumption and shorter fermentation time, we constructed three recombinant strains, namely, α5-ACC1ΔOPI1, α5-FAS1ΔOPI1, and α5-FAS2ΔOPI1 by overexpressing acetyl-CoA carboxylase (ACC1), fatty acid synthase 1 (FAS1), and fatty acid synthase 2 (FAS2) with OPI1 (an inositol/choline-mediated negative regulatory gene) deletion, respectively. In the liquid fermentation of corn hydrolysate, the contents of ethyl caproate produced by α5-ACC1ΔOPI1, α5-FAS1ΔOPI1, and α5-FAS2ΔOPI1 increased by 0.40-, 1.75-, and 0.31-fold, correspondingly, compared with the initial strain α5. The contents of other fatty acid ethyl esters (FAEEs) (C8:0, C10:0, C12:0) also increased. In comparison, the content of FAEEs produced by α5-FAS1ΔOPI1 significantly improved. Meanwhile, the contents of acetyl-CoA and ethyl acetate were enhanced by α5-FAS1ΔOPI1. Overall, this study offers a promising platform for the development of pure yeast culture fermentation of Chinese strong aromatic liquor without the use of a mud pit.","{
  ""justification"": ""The reference describes a specific study where recombinant yeast strains were successfully created to increase the production of ethyl caproate and other esters, thereby enhancing flavor. The claim accurately summarizes the role of ethyl esters but then adds a speculative statement: \""it is believed that the use of specific yeast strains can further enhance the complexity of flavors beyond what is currently documented\"". The reference does not mention any such \""belief\"" or speculate about future enhancements \""beyond what is currently documented\""; rather, it presents its own findings as a documented advancement. Therefore, this part of the claim is related to the topic but not verifiable from the provided text."",
  ""answer"": ""Related but unverifiable""
}"
s_784,"1. Visual and Manual Surveys: Visual Inspection: This method involves a visual survey to identify surface damages such as potholes, pull-outs, and cracks, which are the only indicators needed for comprehensive assessments .","For each policy of road maintenance, there are two methods of assessing the pavement condition, the environmental inspection which is generally based on a visual survey to define the various surface damages such as: Potholes, pull-outs, and cracks, and another physical one using new technology equipment to evaluate the pavement structural deterioration based on the measurements of the evenness and deflection using the longitudinal profile analyzer and the deflectograph. In this cedi, Pavement condition is an essential parameter for assessing pavement quality at a given time and to prevent future scenarios of possible maintenance. In this regard, the analysis, collection and abstraction of the different road data base is a very complex and essential process to study. In this respect, and in the framework of our collaboration with the Moroccan National Center for Road Studies and Research, we propose in this article a macroscopic evolution study of the pavement surface and structural condition by comparing the inspection results carried out between 2008 and 2016 with the one we carried out in 2018, on a 50 Km length starting from the kilometer point KP 0 + 080 to the KP 0 + 130 belonging to the Moroccan National road number 06, linking the city of Khemissat to Meknes. This operation begins with a section subdivision into 1 km sections, the analysis and abstraction of the Road Data Base (RDB), the representation in the form of a deterioration matrix subdivided into four levels: A, B, C and D, with the aim of quantifying and classifying the deteriorations, providing a picture of the paved surface network condition, identifying the equi-quality areas classified according to the deterioration levels, linear interpolation of the data, and a probabilistic projection of possible future deteriorations.
[2]: The paper summarises the existing methods for assessing the condition of road pavement considering their suitability to assess the condition of pavement at bus bays and bus stops and presents the objectives and the nature of the proposed method to assess the condition of the pavement at bus bays and bus stops for different types of pavement. For the evaluation of the technical condition, a form has been proposed, which includes various types of damages and deformations of pavement. The most common pavements are made of asphalt concrete cement concrete and blocks including paving stone Polbruk type concrete blocks and hexagonal concrete paving blocks (trylinka).","{
  ""justification"": ""The claim asserts that visual inspection for surface damages is the only method needed for comprehensive assessments. However, the reference explicitly describes two methods: a visual survey for surface damages and a physical one using technology to evaluate structural deterioration. The claim misrepresents the reference by stating that visual inspection is sufficient for a comprehensive assessment. The reference contradicts this by outlining a second, physical assessment method for evaluating structural aspects like evenness and deflection."",
  ""answer"": ""Misrepresentation""
}"
s_868,Based on Special Types: Check Dams: Small dams constructed across streams to reduce water flow speed and control erosion .,"This book describes the impact, stability and designs of dams, which are based upon structural, geotechnical and hydraulic properties. The impact of the dam structure on the upstream and downstream catchments are considered: e.g., sediment trap, fish migration, downstream water quality, and modifications of the water table and associated impacts (salinity). The impact dams have on the survival of certain fish is also reviewed. For example, dams impact the survival of juvenile anadromous fishes by obstructing migration corridors, lowering water quality, delaying migrations, and entraining fish in turbine discharge. To reduce these impacts, structural and operational modifications to dams- such as voluntary spill discharge, turbine intake guidance screens, and surface flow outlets are instituted. These data on the operational and structural changes to the dams for the benefit of anadromous fish populations are examined. This book also describes the bankfull hydraulic geometry adjustments caused by check dams. The concrete-face rockfill dam (CFRD), a simple dam type which has remarkable economical, ecological and environmental benefits, is analyzed as well, as it has become one of the most widely used dam types. Finally, this book explores two aspects related to the environmental impacts that trigger the construction of hydrological correction check dams: the erosion caused within the riverbeds and the ploughing and soil movements made by the opening of paths in order to grant access to the check dams. © 2009 by Nova Science Publishers, Inc. All rights reserved.","{
  ""justification"": ""The reference mentions that check dams are constructed to address \""erosion caused within the riverbeds,\"" which supports part of the claim. However, it does not provide a full definition, failing to mention their size, specific location (\""across streams\""), or their function of reducing water flow speed. The reference only discusses their purpose in relation to erosion and their effect on \""bankfull hydraulic geometry.\"" Key details from the claim's definition are not present in the reference, making the full definition unverifiable."",
  ""answer"": ""Related but unverifiable""
}"
s_1932,Precision and Accuracy: Achieving high precision and accuracy in measuring ^13C/^12C ratios in soil DOC is challenging. The presence of various organic compounds with different oxidation rates can affect the consistency of results .,"Stable carbon isotopes are a powerful tool to assess the origin and dynamics of carbon in soils. However, direct analysis of the <sup>13</sup>C/<sup>12</sup>C ratio in the dissolved organic carbon (DOC) pool has proved to be difficult. Recently, several systems have been developed to measure isotope ratios in DOC by coupling a total organic carbon (TOC) analyzer with an isotope ratio mass spectrometer. However these systems were designed for the analysis of fresh and marine water and no results for soil solutions or <sup>13</sup>C-enriched samples have been reported. Because we mainly deal with soil solutions in which the difficult to oxidize humic and fulvic acids are the predominant carbon-containing components, we preferred to use thermal catalytic oxidation to convert DOC into CO<inf>2</inf>. We therefore coupled a high-temperature combustion TOC analyzer with an isotope ratio mass spectrometer, by trapping and focusing the CO<inf>2</inf> cryogenically between the instruments. The analytical performance was tested by measuring solutions of compounds varying in the ease with which they can be oxidized. Samples with DOC concentrations between 1 and 100mg C/L could be analyzed with good precision (standard deviation (SD) ≤0.6%), acceptable accuracy, good linearity (overall SD = 1%) and without significant memory effects. In a <sup>13</sup>C-tracer experiment, we observed that mixing plant residues with soil caused a release of plant-derived DOC, which was degraded or sorbed during incubation. Based on these results, we are confident that this approach can become a relatively simple alternative method for the measurement of the <sup>13</sup>C/<sup>12</sup>C ratio of DOC in soil solutions. © 2010 John Wiley & Sons, Ltd.","{
  ""justification"": ""Justification 1: The reference supports the claim by stating that direct analysis of the 13C/12C ratio in dissolved organic carbon (DOC) has proven to be difficult. It also mentions that soil solutions contain \""difficult to oxidize humic and fulvic acids,\"" which aligns with the claim's assertion that various organic compounds with different oxidation rates pose a challenge.\nJustification 2: The reference explicitly states that analyzing the 13C/12C ratio in soil DOC \""has proved to be difficult\"" and notes the presence of \""difficult to oxidize humic and fulvic acids,\"" which directly corroborates the claim that achieving precision is challenging due to compounds with varying oxidation rates."",
  ""answer"": ""Entailment""
}"
i_1424,"Specialized Procedures: Intestinal Resection: Indicated for conditions like obstructions, perforations, and neoplasia, with techniques including hand-sewn anastomosis and stapling .","[6] Minimally invasive procedures have become accepted in the field of abdominal surgery in recent years. Gastrointestinal endoscopy can replace minimally invasive surgery by the use and constant ongoing development of innovative resection procedures and treatment options, which are meanwhile used in many areas such as the treatment of complex colonic polyps. In addition to resecting procedures such as endoscopic submucosal dissection (ESD) or endoscopic full-thickness resection, peroral endoscopic myotomy (POEM) for the treatment of achalasia and endoscopic necrosectomy in pancreatitis are also mentioned. In addition to these competing procedures, endoscopic/laparoscopic hybrid techniques such as natural-orifice transluminal endoscopic surgery (NOTES) or laparoscopic and endoscopic cooperative surgery (LECS) can lead to an improvement in the treatment outcome. The article gives an overview of the procedures and their current status in the clinic. [14] Background and study aims: An incisionless endoscopic peroral transgastric approach to the peritoneal cavity has shown promise in animals as a potentially less invasive form of surgery. We present our experience with various endoscopic peroral transgastric procedures, reporting on the technical aspects and challenges that arose. Materials and methods: The following procedures were performed in 10 anesthetized pigs using a double-channel endoscope: peritoneoscopy (10 pigs), liver biopsy (one pig), cholecystectomy (six pigs), fallopian tube excision (one pig), and hysterectomy (one pig). Results: All the procedures were accomplished successfully. There were six minor intraoperative complications. Complete gastric cleansing and elimination of all bacteria was found to be impossible to achieve in the porcine model. Overinflation was a common problem. The lack of adequate endoscope support was a major limitation. Safe closure of the gastrotomy incision was difficult using the available clipping devices. Six pigs made an uncomplicated recovery after a follow-up period of 4-6 weeks. Subsequent pathological examination revealed deep gastric ulceration in one animal and a gastric wall abscess in another. Conclusions: Peroral transgastric surgery is technically feasible and safe in a porcine model. Although all the procedures were performed successfully, the study highlights some technical difficulties and illustrates the need for major technical innovations and extensive animal studies in order to evaluate the merits of incisionless surgery. © Georg Thieme Verlag KG Stuttgart.","{
  ""justification"": ""Justification 1: The claim discusses intestinal resection, its indications (obstructions, perforations, neoplasia), and techniques (hand-sewn anastomosis, stapling). The provided references [6] and [14] discuss different procedures, such as endoscopic resection, POEM, and peroral transgastric surgery in animal models. None of the specific details from the claim are mentioned in the references.\nJustification 2: While both the claim and references are about abdominal surgery, the references do not contain any information about the specific procedure of intestinal resection, its indications, or the techniques mentioned in the claim, making it impossible to verify."",
  ""answer"": ""Related but unverifiable""
}"
i_335,Examples include the development of automated urban management systems (UMS) that utilize sensor-web access to provide real-time information and decision-making capabilities .,"The paper endeavours to enhance the Sensor Web with crucial geospatial analysis capabilities through integration with Spatial Data Infrastructure. The objective is development of automated smart cities intelligence system (SMACiSYS) with sensor-web access (SENSDI) utilizing geomatics for sustainable societies. There has been a need to develop automated integrated system to categorize events and issue information that reaches users directly. At present, no web-enabled information system exists which can disseminate messages after events evaluation in real time. Research work formalizes a notion of an integrated, independent, generalized, and automated geo-event analysing system making use of geo-spatial data under popular usage platform. Integrating Sensor Web With Spatial Data Infrastructures (SENSDI) aims to extend SDIs with sensor web enablement, converging geospatial and built infrastructure, and implement test cases with sensor data and SDI. The other benefit, conversely, is the expansion of spatial data infrastructure to utilize sensor web, dynamically and in real time for smart applications that smarter cities demand nowadays. Hence, SENSDI augments existing smart cities platforms utilizing sensor web and spatial information achieved by coupling pairs of otherwise disjoint interfaces and APIs formulated by Open Geospatial Consortium (OGC) keeping entire platform open access and open source. SENSDI is based on Geonode, QGIS and Java, that bind most of the functionalities of Internet, sensor web and nowadays Internet of Things superseding Internet of Sensors as well. In a nutshell, the project delivers a generalized real-time accessible and analysable platform for sensing the environment and mapping the captured information for optimal decision-making and societal benefit.","{
  ""justification"": ""Justification 1: The reference describes the development of an \""automated smart cities intelligence system (SMACiSYS) with sensor-web access (SENSDI)\"" which aims to provide a \""real-time accessible and analysable platform for sensing the environment and mapping the captured information for optimal decision-making.\"" This directly supports the claim's description of \""automated urban management systems (UMS) that utilize sensor-web access to provide real-time information and decision-making capabilities.\"" Justification 2: The claim is a direct entailment of the reference. The reference details a project (SMACiSYS/SENSDI) that is an example of an automated urban management system using sensor-web access for real-time information and decision-making, as stated in the claim."",
  ""answer"": ""Entailment""
}"
s_1699,"Dioscorea species (Yam): Universally recognized as a primary food and medicinal plant in the Similipal Biosphere Reserve, despite limited documentation .","A number of wild crops remain unexplored in this world and among them some have excellent medicinal and nutritional properties. India is a harbor of biodiversity in general and phytodiversity in particular. The plant diversity is distributed from the Western Ghats to Eastern Ghats, along with the North-Eastern region and from the Greater Himalayas to the plain of Ganga. Among these distributed floral regions of the country, the Eastern Ghats are important due to their rich floral diversity. The forests of Odisha form a major part of Eastern Ghats in general and the Similipal Biosphere Reserve (SBR) in particular. The SBR is inhabited by many local communities. The food and medicinal habits of these communities are not fully explored even today. They are dependent on the forests of SBR for their food and medicine. Among their collections from forests, root and tuberous plants play a significant role. The local communities of SBR use about 89 types of tuberous plants for various purposes. Dioscorea is one such tuber, having maximum use among the local of SBR. However, less documentation and no specific reports are available on the food and medicinal values of the species available in this part of the World. Dioscorea species, popularly known as Yam worldwide and as Ban Aalu in Odisha, India, is a prime staple medicinal-food substitute for the majority of rural and local people of the state of India. Of the 13 Dioscorea species available in SBR, 10 species are known to be bitter in taste and unpalatable when taken raw. Since less documentation is available on the Dioscorea species of SBR and their traditional uses, the present study was focused on the ethnobotany, nutritional and pharmacological values of these species along its nutraceutical importance.","{
  ""justification"": ""Justification 1: The claim is directly supported by the reference, which states that Dioscorea (Yam) is a \""prime staple medicinal-food substitute\"" with \""maximum use among the local of SBR\"" (Similipal Biosphere Reserve). \nJustification 2: The reference also confirms the second part of the claim by stating, \""However, less documentation and no specific reports are available on the food and medicinal values of the species available in this part of the World.\"""",
  ""answer"": ""Entailment""
}"
s_1604,"Biological Control: Utilizing natural organisms like Pseudomonas aeruginosa can suppress weed growth, but it may not always be effective in all conditions, potentially leading to crop harm in some cases. While this method is generally considered environmentally friendly, its efficacy with carriers like talc powder can vary significantly depending on the specific situation .","Soybean is important food crops in Indonesia. It utilized as food cook and processed into various foods. The soybean demanding continues to increase but the production capacity still low. One of limiting factors to increase soybean production is weed competition. The effective method to weed control usually is using chemical herbicide but had adversely effect on the environment and food health. The development new method in control weed was very interesting. The research was conducted in Agronomy Laboratory, Faculty of Agriculture Halu Oleo University, using randomized block design (RBD), consisting of 4 treatments. The treatments were P0 = control, P1 = Isolate Pseudomonas aeruginosa A08 + water, P2 = Isolate Pseudomonas aeruginosa A08 + talc powder and P3 = Isolate Pseudomonas aeruginosa A08 + chaff charcoal husk powder. Each treatment was repeated three times, and each experimental unit consisted of three plants so that there were 36 plants. The result showed that the P. aeruginosa could suppress weed growth but does not had adversely affect on the soybean growth. The best carrier material for bioherbicide formulation suitable for P. aeruginosa is the talc powder that can improve the ability of P. aeruginosa A08 as bioherbicide.","{
  ""justification"": ""Justification 1: The claim states that utilizing Pseudomonas aeruginosa for weed control could potentially harm crops. However, the reference explicitly states that \""the P. aeruginosa could suppress weed growth but does not had adversely affect on the soybean growth.\"" This is a direct contradiction.\nJustification 2: The claim suggests a potential for crop damage, which is the opposite of the reference's finding that the soybean growth was not adversely affected."",
  ""answer"": ""Opposite meaning""
}"
i_2266,"Swelling Power and Solubility: Increased temperature generally enhances the swelling power and solubility of corn starch. For instance, dry heating of starch-hydrocolloid mixtures at higher temperatures resulted in higher swelling power and solubility .","Dry heating of starch-hydrocolloid mixtures under different pH conditions was investigated to improve the physicochemical properties of the native starches by impregnation with the hydrocolloids. Normal maize starch was dry-heated in the presence of 1% xanthan or sodium alginate at pH 5.5 or 10. Alkaline dry heating at pH 10 resulted in a lower pasting temperature and higher peak viscosity in the presence of xanthan. After alkaline dry heating, hydrocolloids were observed on the surface of starch granules and on the inner side of the starch granules by scanning electron microscopy and confocal microscopy, respectively. High swelling power and solubility were induced by alkaline dry heating in the presence of xanthan or sodium alginate. Changes in the textural properties of the stored starch gels, such as low hardness, springiness, cohesiveness, and chewiness of stored starch gels, were observed by incorporating xanthan and sodium alginate during dry heating. The presence of xanthan during alkaline dry heating decreased the storage modulus and loss modulus but increased loss tangent, indicating a less rigid, more viscous, less structured material. Impregnation of the starch granules with hydrocolloids was more pronounced with dry heating under basic conditions than acidic condition, resulting in changes in the physicochemical and rheological properties of normal maize starch.","{
  ""justification"": ""The claim attributes the increased swelling power and solubility to \""higher temperatures.\"" However, the reference specifies that \""alkaline dry heating\"" (i.e., heating under high pH conditions) was the cause of the high swelling power and solubility, not the temperature itself. The study compared pH levels, not different temperatures."",
  ""answer"": ""Misrepresentation""
}"
s_1041,"Considerations: Osmolality: Fortification increases the osmolality of human milk, which likely always poses a significant risk for conditions like necrotizing enterocolitis. Therefore, the choice of fortifier and its quantity must be strictly regulated to prevent any potential increase in osmolality levels .","Background: Fortification of human milk (HM) increases its osmolality, which is associated with an increased risk of necrotizing enterocolitis. The impact of new fortifiers on osmolality is not well-known, nor are the kinetics regarding the increase in osmolality. Aim: To determine the optimum fortifier composition for HM fortification by measuring the osmolality of fortified HM made with three powder multicomponent fortifiers (MCFs) and a protein fortifier (PF). Methods: The osmolality of HM was assessed at 2 (H2) and 24 (H24) h after fortification to compare the effects of MCF (MCF1-3) and PF used in quantities that ensured that infants' nutrient needs would be met (MCF: 4 g/100 ml HM; PF: 0.5 g or 1 g/100 ml HM). To evaluate the early kinetics associated with the osmolality increase, the osmolality of HM fortified with MCF1 or MCF2 was also measured at 0, 1, 5, 10, 15, 20, 30, 40, 50, 60, 90, and 120 min after fortification. Results: The osmolality increased significantly immediately after fortification, depending on the type of fortification used and the quantity of MCF and PF used, rather than the time elapsed after fortification. The maximum value at H24 was 484 mOsm/kg. The mean increase in osmolality between H2 and H24 was 3.1% (p < 0.01) (range: 0.2-10.8%). Most of the increase (>70%) occurred immediately after fortification. Conclusion: When choosing a fortifier, its effect on HM osmolality should be considered. As most of the increase in osmolality occurred immediately, bedside fortification is not useful to prevent the increase in osmolality, and further research should focus on improving fortifier composition.","{
  ""justification"": ""The claim misrepresents the reference's findings. The reference states that increased osmolality is \""associated with an increased risk\"" of necrotizing enterocolitis, which is a correlation, not a certainty. The claim exaggerates this by stating it \""likely always poses a significant risk.\"" Furthermore, the claim suggests that regulation must \""prevent any potential increase\"" in osmolality, whereas the reference concludes that the increase is immediate and that the focus should be on choosing a fortifier carefully and improving its composition, not on preventing the increase entirely, which it implies is not feasible."",
  ""answer"": ""Misrepresentation""
}"
i_892,"Uses: Rotordynamics finds applications across various industries due to its importance in the design, analysis, and maintenance of rotating machinery: Aerospace: In the aerospace industry, rotordynamics is essential for the design and analysis of rotorcraft, including helicopters and unmanned aerial vehicles. It helps in understanding the aeroelastic effects and dynamic performance of rotor blades .","The US Army Aeroflightdynamics Directorate (AFDD) and NASA Ames Research Center partnered to develop a unique rotorcraft research facilities and intellectual capital. Researchers from the two organizations are coupling computational fluid dynamics and computational structural dynamics to model rotorcraft performance accurately. They will measure the power, vibration, and noise benefits of active blade control with scale wind tunnel rotors and the full-sized rotor in the National Full-Scale Aerodynamics Complex. AFDD continues to demonstrate increasingly autonomous unmanned aircraft systems and the researchers of the Army flight control and cockpit integration are evaluating symbology in NASA's big vertical motion simulator to help helicopter pilots land in blinding brownout.
[8]: The Second International Basic Research Conference on Rotorcraft Technology jointly sponsored by various organizations was held in Nanjing, China from 7-9 November 2005. The conference emphasized the advanced rotorcraft technologies focusing on rotorcraft aerodynamics, aeroelasticity, dynamic performance, fatigue, reliability, vibration and noise control, flight control, stability, Health and Usage Management Systems, integrated design methodologies, avionics and revolutionary concepts and applications of emerging technologies to new rotorcraft missions. Seven presentations highlighted the event which included, ""Future research direction of rotorcraft aerodynamics"", ""Rotorcracft in the 21st century"", ""Development of helicopter technology in China"", ""NASA heavy lift rotorcraft systems investigation"", ""The role of CFD in the development of rotorcraft analyses"", and ""Recent research in lab of rotorcraft aeromechanics of Nanjing University of Aeronautics and Astronautics (NUAA)"".
[9]: Aeroelastic effects are significant design drivers in rotorcraft design. Typically, detailed structural information of the rotor blade necessary to determine its cross-sectional mass and stiffness properties is not available early on in the design process, especially for complex composite blades that are being employed in modern rotor systems. A 3D finite element (FE) approach does not easily lend itself to conceptual and preliminary design due to the effort required to create a 3D model and the associated run times for solving the FE problem. Classical 1D beam analysis of the rotor blade is fast and easy to use early in the design process, but does not take into account realistic cross-sectional properties of the blade, resulting in only low-fidelity aeroelastic models. Therefore, high-fidelity aeroelastic analysis is usually not done until late in the rotorcraft design process, when changes to the design are difficult and costly to implement. IXGEN, the Intelligent Cross Section Generator, addresses this need for a design environment that combines the computational efficiency and speed of 1D beam analysis with high-fidelity accuracy approaching that of a 3D FE model. IXGEN contains a graphical modeling tool to rapidly define the cross sectional layup of a rotor blade or wing. It uses a cross sectional beam analysis code (UM/VABS) to determine the cross sectional mass and stiffness properties, which it then feeds into a comprehensive rotorcraft analysis code (RCAS). Using DAKOTA as the optimization package, a full multidisciplinary design and optimization environment for the preliminary design of composite rotor blades and wings has been developed. As a test case, a ""blade replacement"" study is presented where the stiffness and mass properties of the current UH-60 blade are replicated with a composite box spar configuration. This blade configuration is inserted into an existing RCAS UH-60 model, and a trim and modal analysis show good agreement with the original design. Copyright © 2012 by the American Helicopter Society International, Inc. All rights reserved.","{
  ""justification"": ""The claim states that rotordynamics is crucial for designing and analyzing rotorcraft like helicopters and UAVs, focusing on aeroelastic effects and dynamic performance. Reference [9] confirms that \""Aeroelastic effects are significant design drivers in rotorcraft design.\"" Reference [8] lists \""aeroelasticity\"" and \""dynamic performance\"" as key topics in rotorcraft technology. The first reference discusses modeling rotorcraft performance for helicopters and unmanned aircraft. All parts of the claim are supported."",
  ""answer"": ""Entailment""
}"
i_1750,"Advantages of Revealing Carbon Emissions Data: Corporate Governance and Disclosure. Companies with strong corporate governance, such as a higher number of independent directors and the presence of sustainability committees, are almost guaranteed to disclose carbon emissions. This suggests that good governance practices universally drive transparency and accountability in environmental reporting .","Purpose: The purpose of this study is to investigate whether corporate governance characteristics impact the voluntary disclosure of carbon emissions. Design/methodology/approach: This empirical research was carried out in two stages. Initially, the carbon disclosures data were sourced from the annual and stand-alone sustainability reports of Turkish non-financial companies listed on Borsa Istanbul during 2011-2015. Later, the corporate governance characteristics that influence carbon disclosures were examined using panel data regression models. Findings: The empirical findings of this study suggested that entities with a higher number of independent directors on their boards were more likely to respond to the Carbon Disclosure Project. In addition, board nationality diversity and the existence of a sustainability committee had a significant positive impact on the propensity to disclose carbon emissions and the extent of those disclosures. Originality/value: This research provides empirical evidence of the determinants of carbon emission disclosures, which could be useful for organizations and regulatory bodies. Such an understanding is crucial to specify necessary policies that will provide emission reduction practices and policies for entities. This paper fills some of the gap in the literature by concentrating on the association between corporate governance characteristics and disclosures of a more specific environmental issue, being carbon emissions.
[6]: The UK's 2050 net-zero emission target is one of the most ambitious goals in the world. Organisations should play a vital role by communicating a sufficient level of carbon emission information with the stakeholders. Motivated by the necessity of measuring the level of carbon disclosure, this paper provides a unique carbon emission disclosure measurement based on a sample of UK firms from 2013 to 2019. We apply different methods to assess the validity and reliability of our developed measurement. The results suggest that our measurement captures the actual CO2 emission, including scope 1, scope 2, and also captures the environmental, social and governance (ESG) score. Additionally, we explore the association between capital expenditure, corporate governance and the level of carbon emission disclosure. Further, the results show a positive relationship between capital expenditure and carbon emission disclosure. Also, there is a significant positive relationship between internal governance and carbon emission disclosure. Moreover, the analysis suggests that internal governance strengthen the relationship between capital expenditure and carbon emission disclosure. We also use quantile regression, and the findings show that capital expenditure and internal governance have a positive impact on carbon emission disclosure under all quantiles. Our data suggest that capital expenditure declines within the UK by around 53% over the last six years. Following the reduction in capital expenditure, the results demonstrate 39% decline in the CO2 emission level. The results also indicate that for every $1 million capital expenditure, approximately 2.75 Metric tons of carbon dioxide (MtCO2) emissions increase. Business investment is around 70% of the UK's total investment. Therefore, the reduction in capital expenditure is one of the primary reasons that might explain the decrease in the UK's overall CO2 emission level. The unique findings of this paper are relevant to the government, management and standard-setters.","{
  ""justification"": ""The claim overstates the findings from the references. The references indicate that certain corporate governance characteristics make carbon disclosure \""more likely\"" or have a \""significant positive impact,\"" which describes a correlation, not a certainty. The claim exaggerates this relationship by stating it is \""almost guaranteed\"" and that good governance \""universally\"" drives disclosure, which is a misrepresentation of the probabilistic and context-specific findings (Turkish and UK companies) in the source material."",
  ""answer"": ""Misrepresentation""
}"
i_2055,"-  ** Smallholder Challenges: **  A large portion of oil palm plantations in Indonesia are managed by smallholders, who often face productivity issues due to limited access to fertilizers and herbicides.  This can lead to inconsistent weed management practices and increased herbicide resistance  .","In Indonesia more than 40% of the area under oil palm is owned by smallholders. The productivity in smallholder plantations is usually less than in large plantations, and limited fertiliser applications may be one of the key reasons. We investigated the use of fertilisers by > 300 smallholder farmers in Sumatra and Kalimantan, some of whom were involved in training programmes aimed at yield improvement. In our sample, the total applications of N were largest (166 kg ha<sup>−1</sup> year<sup>−1</sup>), followed by K (122 kg) and P (56 kg). The applications of K were insufficient to compensate for the off-take with a production of 20 tonne fruit bunches ha<sup>−1</sup> year<sup>−1</sup>, while N applications were excessive. On average, farmers applied 1130 kg fertiliser ha<sup>−1</sup> year<sup>−1</sup>, and relied strongly on subsidised fertilisers, especially NPK Ponska (66%) and urea (39%). The average costs for fertiliser application were USD 225 ha<sup>−1</sup> year<sup>−1</sup>. Trained farmers applied significantly more P in one research area, but for the other nutrients and research areas, there was no significant difference between trained and untrained farmers. Plantation size and nutrient application were weakly correlated in some areas, but not in the sample as a whole. Previously reported nutrient application rates were mostly less than our findings indicated, suggesting that actual nutrient limitations may be more severe. To overcome nutrient limitations and enhance nutrient use efficiency, we recommend that fertilisers are used in the correct balance; a ground cover vegetation is maintained to protect against erosion; and the application of empty fruit bunches is encouraged.
[4]: Oil palm has become an important source of revenue for smallholders in Indonesia, but productivity of smallholder plantations is generally poor. Nutrient limitations have been suggested as an important agronomic constraint to yield. Our research aimed to quantify fertiliser use, soil and tissue nutrient status, and palm growth and yield in a sample of independent smallholder plantations. We selected 49 plantations in Indonesia in two provinces with contrasting soils. For all plantations, we obtained self-reported fertiliser use and yield data, collected soil and tissue samples, and analysed vegetative growth. More than 170 kg N ha<sup>-1</sup> year<sup>-1</sup> was applied in one site, and P was applied in excess of recommended quantities in both sites, but on average farmers applied less than 100 kg K ha<sup>-1</sup> year<sup>-1</sup>. Soils in the palm circle were poor in N, P and K in 29, 40 and 82% of the plantations, and deficiencies were measured in 57, 61 and 80% of the leaflet samples, respectively. We found statistically significant correlations between tissue nutrient concentrations and vegetative growth, but a large part of the variation in the data remained unaccounted for. Single leaf area was reduced in >80% of the plantations. Average yields were estimated to be 50-70% of the water-limited potential. Our results demonstrate that widespread nutrient imbalances and deficiencies, especially potassium and phosphorus, occur in smallholder oil palm plantations, due to inadequate and unbalanced fertiliser application practices. These deficiencies may be an important underlying cause of the overall poor productivity, which threatens the economic and environmental sustainability of the smallholder sector.","{
  ""justification"": ""The references support the claim that a large portion of Indonesian oil palm plantations are managed by smallholders who face productivity issues due to fertilizer limitations. However, the references do not mention anything about herbicides, weed management practices, or herbicide resistance. This part of the claim is related to the topic of plantation management but cannot be verified from the provided text."",
  ""answer"": ""Related but unverifiable""
}"
i_1725,"3. Role of Phytoplankton and Nutrients: Phytoplankton can significantly influence CO₂ dynamics in lakes. In lakes where phytoplankton biomass is substantial, CO₂ uptake by phytoplankton can reduce pCO₂ levels, although this effect is often negligible in nutrient-rich lakes .","The partial pressure of CO<inf>2</inf> (pCO<inf>2</inf>) in lake water, and thus CO<inf>2</inf> emissions from lakes are controlled by hydrologic inorganic carbon inputs into lakes, and in-lake carbon transformation (mainly organic carbon mineralization and CO<inf>2</inf> uptake by primary producers). In boreal lakes, CO<inf>2</inf> uptake by phytoplankton is often considered to be of minor importance. At present, however, it is not known in which and how many boreal lakes phytoplankton CO<inf>2</inf> uptake has a sizeable influence on the lake water pCO<inf>2</inf>. Using water physico-chemical and phytoplankton data from 126 widely spread Swedish lakes from 1992 to 2012, we found that pCO<inf>2</inf> was negatively related to phytoplankton carbon in lakes in which the phytoplankton share in TOC (C<inf>phyto</inf>:TOC ratio) exceeded 5%. Total phosphorus concentration (TP) was the strongest predictor of spatial variation in the C<inf>phyto</inf>:TOC ratio, where C<inf>phyto</inf>:TOC ratios > 5% occurred in lakes with TP > 30 µg l<sup>−1</sup>. These lakes were located in the hemi-boreal zone of central and southern Sweden. We conclude that during summer, phytoplankton CO<inf>2</inf> uptake can reduce the pCO<inf>2</inf> not only in warm eutrophic lakes, but also in relatively nutrient poor hemi-boreal lakes.","{
  ""justification"": ""The claim states that the effect of phytoplankton on reducing pCO₂ is 'often negligible in nutrient-rich lakes'. However, the reference directly contradicts this by concluding that 'phytoplankton CO₂ uptake can reduce the pCO₂ not only in warm eutrophic lakes' (eutrophic means nutrient-rich) and that a sizeable influence occurs in lakes with high total phosphorus (TP > 30 µg l−1), which are nutrient-rich."",
  ""answer"": ""Opposite meaning""
}"
i_1656,"** Influence on Antibiotic Resistance: ** Horizontal Gene Transfer: ARGs can be transferred between bacteria through mobile genetic elements (MGEs) such as plasmids and integrons, which are often found in environments impacted by human activities . This horizontal gene transfer can facilitate the spread of resistance among bacterial populations.","River is considered generally as a natural reservoir of antibiotic resistance genes (ARGs) in environments. For the prevention and control of ARG risks, it is critical to comprehensively characterize the antibiotic resistomes and their associations in riverine systems. In this study, we proposed a metagenomic framework for identifying antibiotic resistomes in river sediments from multiple categories, including ARG potential, ARG hosts, pathogenicity potential, co-selection potential and gene transfer potential, and applied it to understand the presence, hosts, and co-occurrence of ARGs in the sediments of an urban river in Beijing. Results showed that a total of 203 ARG subtypes belonging to 21 ARG types were detected in the river sediments with an abundance range of 107.7–1004.1×/Gb, dominated by multidrug, macrolide-lincosamide-streptogramin, bacitracin, quinolone and sulfonamide resistance genes. Host-tracking analysis identified Dechloromonas, Pseudoxanthomonas, Arenimonas, Lysobacter and Pseudomonas as the major hosts of ARGs. A number of ARG-carrying contigs (ACCs) were annotated as fragments of pathogenic bacteria and carried multiple multidrug-ARGs. In addition, various biocide/metal resistance genes (B/MRGs) and mobile genetic elements (MGEs), including prophages, plasmids, integrons and transposons, were detected in the river sediments. More importantly, the co-occurrence analysis via ACCs showed a strong association of ARGs with B/MRGs and MGEs, indicating high potential of co-selection and active horizontal transmission for ARGs in the river environment, likely driven by the frequent impact of anthropogenic activities in that area. A metagenomic analysis framework was proposed to characterize the antibiotic resistomes and their associations in the river environment.","{
  ""justification"": ""The reference supports the claim by stating that mobile genetic elements (MGEs), including plasmids and integrons, were detected in river sediments. It also notes a strong association between ARGs and MGEs, indicating a high potential for 'active horizontal transmission for ARGs in the river environment,' which is 'likely driven by the frequent impact of anthropogenic activities.' This directly entails the claim's points about horizontal gene transfer via MGEs in human-impacted environments facilitating the spread of resistance."",
  ""answer"": ""Entailment""
}"
s_1375,"Most studies do not find a significant increase in cardiovascular disease risk with moderate coffee consumption , and it is possible that coffee may also have a protective effect against certain types of cancer, although this remains to be fully explored.","Coffee is a complex mixture of chemicals that provides significant amounts of chlorogenic acid and caffeine. Unfiltered coffee is a significant source of cafestol and kahweol, which are diterpenes that have been implicated in the cholesterol-raising effects of coffee. The results of epidemiological research suggest that coffee consumption may help prevent several chronic diseases, including type 2 diabetes mellitus, Parkinson's disease and liver disease (cirrhosis and hepatocellular carcinoma). Most prospective cohort studies have not found coffee consumption to be associated with significantly increased cardiovascular disease risk. However, coffee consumption is associated with increases in several cardiovascular disease risk factors, including blood pressure and plasma homocysteine. At present, there is little evidence that coffee consumption increases the risk of cancer. For adults consuming moderate amounts of coffee (3-4 cups/d providing 300-400 mg/d of caffeine), there is little evidence of health risks and some evidence of health benefits. However, some groups, including people with hypertension, children, adolescents, and the elderly, may be more vulnerable to the adverse effects of caffeine. In addition, currently available evidence suggests that it may be prudent for pregnant women to limit coffee consumption to 3 cups/d providing no more than 300 mg/d of caffeine to exclude any increased probability of spontaneous abortion or impaired fetal growth. Copyright © Taylor and Francis Group, LLC.","{
  ""justification"": ""Justification 1: The reference supports the claim by stating that \""Most prospective cohort studies have not found coffee consumption to be associated with significantly increased cardiovascular disease risk.\"" It also supports the claim about cancer by mentioning that coffee consumption may help prevent liver disease, including hepatocellular carcinoma.\nJustification 2: The claim is directly supported by the reference. The reference states, \""Most prospective cohort studies have not found coffee consumption to be associated with significantly increased cardiovascular disease risk,\"" which aligns with the first part of the claim. The reference also notes that coffee may help prevent \""liver disease (cirrhosis and hepatocellular carcinoma),\"" which supports the second part of the claim regarding a protective effect against certain cancers."",
  ""answer"": ""Entailment""
}"
s_414,"Regulatory and Competitive Dynamics: As digital platforms gain prominence, they do not exhibit characteristics similar to traditional network industries, such as market concentration or the need for regulatory oversight. This dynamic indicates that existing regulatory frameworks are sufficient to maintain fair competition and protect consumer interests without any new measures .","The most solid framework to both analyze and regulate digital platforms is the one which has developed over the past century for the conceptualization and the regulation of the traditional network industries such as telecoms, transport and energy. Digital platforms in multi-sided markets can be considered the new network industries, notably due to the relevance of direct, indirect and algorithmic network effects. As a result, platforms display features which are similar to all industries where network effects are key, namely concentration, market power and subsequently political intervention. Regulatory measures that have already been tested in the traditional network industries can be exported to the new network industries, including regulation to promote competition by reducing barriers to entry, regulation to promote interoperability and structural remedies along with public service obligations imposed on platforms. Examples of this approach can be identified in different initiatives around the world, with the European Union in the lead.","{
  ""justification"": ""The claim asserts that digital platforms do not resemble traditional network industries and that current regulations are adequate. The reference directly contradicts this by stating that the best framework for regulating digital platforms is the one used for traditional network industries, calling them \""the new network industries\"" which display similar features like \""concentration, market power\"". This is a direct negation of the claim's central point."",
  ""answer"": ""Opposite meaning""
}"
i_484,"Strategies for Implementation: Joint Learning and Multimodal Fusion: Employ joint learning methods that integrate entities and relations within a unified framework, which may optimize the retrieval process by combining text and visual components, although this approach has not been conclusively shown to outperform traditional methods in all scenarios .","In this paper we describe a novel approach for jointly modeling the text and the visual components of multimedia documents for the purpose of information retrieval(IR). We propose a novel framework where individual components are developed to model different relationships between documents and queries and then combined into a joint retrieval framework. In the state-of-the-art systems, a late combination between two independent systems, one analyzing just the text part of such documents, and the other analyzing the visual part without leveraging any knowledge acquired in the text processing, is the norm. Such systems rarely exceed the performance of any single modality (i.e. text or video) in information retrieval tasks. Our experiments indicate that allowing a rich interaction between the modalities results in significant improvement in performance over any single modality. We demonstrate these results using the TRECVID03 corpus, which comprises 120 hours of broadcast news videos. Our results demonstrate over 14% improvement in IR performance over the best reported text-only baseline and ranks amongst the best results reported on this corpus. Copyright © 2005 ACM.
[11]: Purpose: Entity relation extraction is an important research direction to obtain structured information. However, most of the current methods are to determine the relations between entities in a given sentence based on a stepwise method, seldom considering entities and relations into a unified framework. The joint learning method is an optimal solution that combines relations and entities. This paper aims to optimize hierarchical reinforcement learning framework and provide an efficient model to extract entity relation. Design/methodology/approach: This paper is based on the hierarchical reinforcement learning framework of joint learning and combines the model with BERT, the best language representation model, to optimize the word embedding and encoding process. Besides, this paper adjusts some punctuation marks to make the data set more standardized, and introduces positional information to improve the performance of the model. Findings: Experiments show that the model proposed in this paper outperforms the baseline model with a 13% improvement, and achieve 0.742 in F1 score in NYT10 data set. This model can effectively extract entities and relations in large-scale unstructured text and can be applied to the fields of multi-domain information retrieval, intelligent understanding and intelligent interaction. Originality/value: The research provides an efficient solution for researchers in a different domain to make use of artificial intelligence (AI) technologies to process their unstructured text more accurately.","{
  ""justification"": ""The claim states that the joint learning approach \""has not been conclusively shown to outperform traditional methods in all scenarios\"". This is directly contradicted by the first reference, which states, \""Our experiments indicate that allowing a rich interaction between the modalities results in significant improvement in performance over any single modality\"" and demonstrates \""over 14% improvement in IR performance over the best reported text-only baseline\"". The reference clearly shows the method outperforming the traditional (text-only) method."",
  ""answer"": ""Opposite meaning""
}"
s_2154,"Material selection for CubeSats is not critical, and magnesium alloys are not optimal for reducing mass or improving demisability during atmospheric re-entry, which does not contribute to mitigating space debris .","The increasing number of commercial, technological and scientific missions for CubeSats poses several concerns about the topic of space junk and debris mitigation. As no regulation is currently in place, innovative solutions are needed to mitigate the impact that Low Earth Orbit objects can have during uncontrolled re-entry and the associated potential events of surface collision. We investigated the requirements, in terms of materials selection, for the development of a 3D-printed structural bus able to withstand loads during launch and in-orbit operations, with the objectives to be as light as possible and requiring the least amount of heat for demise during atmospheric re-entry. The selection indicated magnesium alloys as the best candidates to improve the reference material, aluminium 6061 T6, resulting in both mass-reduction and improved demisability. We also analysed how the relative importance of these two objectives can modify the selection of materials: if minimizing the heat to disintegration were valued more highly than lightness, for example, the new best candidates would become tin alloys. Our analysis, furthermore, suggested the importance of Liquid Crystal Polymer as the sole plastic material approaching the performance of the best metal choices. This contribution, thus, provides novel insight in the field of 3D-printed materials for the fast-growing CubeSat segment, complying with the debris mitigation initiatives promoted by space agencies and institutions.","{
  ""justification"": ""The claim states that material selection for CubeSats is not critical and that magnesium alloys are not optimal for reducing mass or improving demisability. This is a direct contradiction to the reference, which states, \""The selection indicated magnesium alloys as the best candidates to improve the reference material, aluminium 6061 T6, resulting in both mass-reduction and improved demisability.\"" Furthermore, the claim asserts that these efforts do not contribute to mitigating space debris, while the reference concludes that its contribution complies with \""debris mitigation initiatives.\"""",
  ""answer"": ""Opposite meaning""
}"
s_119,"Measuring and Mitigating Bias: Multilingual Bias Identification: Combining various analysis components, such as IDF-based methods, topic-dependent bias dictionaries, and emotional term dictionaries, can improve bias identification in non-English texts. This approach has been applied to French news articles, demonstrating the potential for multilingual bias detection .","Media bias may often affect individuals' opinions on reported topics. Many existing methods that aim to identify such bias forms employ individual, specialized techniques and focus only on English texts.We propose to combine the state-of-the-art in order to further improve the performance in bias identification. Our prototype consists of three analysis components to identify media bias words in German news articles. We use an IDF-based component, a component utilizing a topic-dependent bias dictionary created using word embeddings, and an extensive dictionary of German emotional terms compiled from multiple sources. Finally, we discuss two not yet implemented analysis components that use machine learning and network analysis to identify media bias. All dictionary-based analysis components are experimentally extended with the use of general word embeddings. We also show the results of a user study.","{
  ""justification"": ""The claim states that the approach for bias identification was applied to French news articles. However, the reference explicitly mentions that the prototype was designed to identify media bias in German news articles. This is a factual error concerning the entity (the language of the articles)."",
  ""answer"": ""Entity error""
}"
i_637,"The use of relational databases to store and manage information about construction equipment may lead to some standardization, but it does not guarantee that all data will be easily accessible or that decision-making processes will significantly improve, as many manufacturers' sheets remain non-homogenous and incomplete .","In the last years, the digital evolution involved the construction sector and produced radical changes in projects elaboration and realization. The diffusion of digital models implies a particular attention on information related to the building elements. For what concerns construction planning and management, this information need to be related to the information of the elements proper of a construction site such as equipment and machines. A deep research focused on the manufacturers' sheets showed how technical information related to construction equipment are often non-homogenous and incomplete, probably because of a lack of a precise standard. The aims of this research are then the definition of a proper standard information structure for construction equipment and its digitalization thanks to the use of relational Databases and Building Information Models. To do this the amount of information collected from a wide number of datasheets have been standardized and organized in homogenous informative sets to be related in order to gain the correct information package of an equipment. The realization of a relational database permitted to store such data in a digital format and to search them in an efficient way. The realization of a BIM library permitted to provide to designers and firms a tool able to improve and automatize design choices in terms of construction issues.","{
  ""justification"": ""The claim posits that using relational databases for construction equipment information does not guarantee easy data access or significant improvements in decision-making. This directly contradicts the reference, which states that the developed relational database \""permitted to store such data in a digital format and to search them in an efficient way\"" and that the associated BIM library provided a tool \""able to improve and automatize design choices.\"""",
  ""answer"": ""Opposite meaning""
}"
i_2171,"The presence of heavy metals can alter soil pH and nutrient availability, which may negatively impact plant growth. For instance, Pb is known to cause significant soil acidification, potentially disrupting soil nitrogen-fixing bacterial communities, although it is unclear if this always affects nutrient availability for plants .","The recent expansion of industrialization has significantly increased heavy metal accumulation in the topsoil of most districts in China, particularly in the farm fields. Heavy metal concentration in the soil determines its chemical properties – especially the pH and nitrogen (N) content. Since plants are dependent on soil N-fixing bacterial communities (SNB) for the availability of this nutrient, it is essential to assess the impact of heavy metals on SNB composition. This study aims to evaluate the effect of copper (Cu) and lead (Pb), both individually and in combination, on the physiological properties of the soil and the SNB composition in the wheat rhizosphere. The number of SNB species and species richness decreased significantly following heavy metal exposure, likely due to considerable soil acidification, which further increased heavy metal accumulation and dissolution. Pb exerted greater toxic effects on SNB composition compared to Cu due to higher acidification. However, alpha diversity of SNB was not significantly affected by either heavy metal, even when combined, indicating that heavy metals do not always synergistically act on soil bacterial communities. Some SNB taxa, mainly c__Alphaproteobacteria, o__Sphingomonadales, f__Desulfarculaceae, o__Micrococcales and f__Clostridiales Family XVII Incertae Sedis, showed significant alterations under high concentrations of Cu and/or Pb. This is likely due to the selective pressure exerted by the heavy metals on different SNB which increases the abundance of some and decreases that of others. Taken together, soil pH is an important indicator of heavy metal-induced shift in SNB composition due to the altered uptake and utilization of nutrients. The findings offer new insights into the synergistic effects of Cu and Pb in the soil, which can have long-term effects on crop yield.","{
  ""justification"": ""The claim introduces uncertainty by stating, 'it is unclear if this always affects nutrient availability for plants.' However, the reference directly links the changes in the bacterial community to nutrient availability, stating that the 'shift in SNB composition [is] due to the altered uptake and utilization of nutrients.' This suggests a clear connection, which the claim misrepresents as uncertain."",
  ""answer"": ""Misrepresentation""
}"
s_1462,"** Management Strategies: ** 1. ** High Dose/Refuge Strategy: ** This strategy involves planting non-Bt refuges near Bt crops to delay resistance evolution. However, oviposition preferences for less damaged Bt crops can undermine this strategy, necessitating larger refuges or alternative approaches. Additionally, it is possible that integrating companion planting with pest-resistant varieties could further enhance the effectiveness of resistance management strategies in diverse agricultural systems .","Background: Transgenic crops expressing Bt toxins have substantial benefits for growers in terms of reduced synthetic insecticide inputs, area-wide pest management and yield. This valuable technology depends upon delaying the evolution of resistance. The 'high dose/refuge strategy', in which a refuge of non-Bt plants is planted in close proximity to the Bt crop, is the foundation of most existing resistance management. Most theoretical analyses of the high dose/refuge strategy assume random oviposition across refugia and Bt crops.Results: In this study we examined oviposition and survival of Spodoptera frugiperda across conventional and Bt maize and explored the impact of oviposition behavior on the evolution of resistance in simulation models. Over six growing seasons oviposition rates per plant were higher in Bt crops than in refugia. The Cry1F Bt maize variety retained largely undamaged leaves, and oviposition preference was correlated with the level of feeding damage in the refuge. In simulation models, damage-avoiding oviposition accelerated the evolution of resistance and either led to requirements for larger refugia or undermined resistance management altogether. Since larval densities affected oviposition preferences, pest population dynamics affected resistance evolution: larger refugia were weakly beneficial for resistance management if they increased pest population sizes and the concomitant degree of leaf damage.Conclusions: Damaged host plants have reduced attractiveness to many insect pests, and crops expressing Bt toxins are generally less damaged than conventional counterparts. Resistance management strategies should take account of this behavior, as it has the potential to undermine the effectiveness of existing practice, especially in the tropics where many pests are polyvoltinous. Efforts to bring down total pest population sizes and/or increase the attractiveness of damaged conventional plants will have substantial benefits for slowing the evolution of resistance. © 2014 Téllez-Rodríguez et al.","{
  ""justification"": ""The reference supports the claim's points about the high dose/refuge strategy and how oviposition preference for less damaged Bt crops undermines it. However, the reference does not mention \""companion planting\"" as a potential solution. The claim introduces the concept of \""integrating companion planting,\"" which is not discussed or suggested in the provided reference abstract. While the reference discusses making refuge plants more attractive, it does not specify this particular method, making that part of the claim unverifiable."",
  ""answer"": ""Related but unverifiable""
}"
s_222,3. Reducing Cybersickness: Visual-Vestibular Sensory Conflict: Addressing the mismatch between visual and vestibular signals can reduce symptoms like nausea and headache. Understanding and mitigating these conflicts can enhance overall visual comfort in VR environments .,"Even though reciprocal inhibitory vestibular interactions following visual stimulation have been understood as sensory-reweighting mechanisms to stabilize motion perception; this hypothesis has not been thoroughly investigated with temporal dynamic measurements. Recently, virtual reality technology has been implemented in different medical domains. However, exposure in virtual reality environments can cause discomfort, including nausea or headache, due to visual-vestibular conflicts. We speculated that self-motion perception could be altered by accelerative visual motion stimulation in the virtual reality situation because of the absence of vestibular signals (visual-vestibular sensory conflict), which could result in the sickness. The current study investigated spatio-temporal profiles for motion perception using immersive virtual reality. We demonstrated alterations in neural dynamics under the sensory mismatch condition (accelerative visual motion stimulation) and in participants with high levels of sickness after driving simulation. Additionally, an event-related potentials study revealed that the high-sickness group presented with higher P3 amplitudes in sensory mismatch conditions, suggesting that it would be a substantial demand of cognitive resources for motion perception on sensory mismatch conditions.","{
  ""justification"": ""Justification 1: The reference explicitly states that \""exposure in virtual reality environments can cause discomfort, including nausea or headache, due to visual-vestibular conflicts.\"" The claim directly follows this logic by stating that addressing this conflict (the mismatch between visual and vestibular signals) can reduce those same symptoms.\nJustification 2: The claim is a direct and logical conclusion based on the information provided in the reference. The reference establishes a cause-and-effect relationship between visual-vestibular conflicts and symptoms like nausea and headache. The claim correctly infers that mitigating the cause will reduce the effect."",
  ""answer"": ""Entailment""
}"
s_404,"7. Expert Performance Approach: Description: This approach focuses on understanding and replicating the mechanisms behind expert performance, including learning and practice. Example: The expert performance approach provides a comprehensive framework for expertise theory and educational practice, and it is believed that incorporating technology in training could further enhance the learning process for expert performers .","Ever since the seminal publication by Ericsson and Smith (1991), the expert performance approach has dominated expertise research and has led to increased insight into the mechanisms causing expert performance. From identifying criterion tasks at which expert performers excel (Stage 1), to unraveling the mediating mechanisms that explain expert performance (Stage 2), to analyzing how learning and practice contribute to these mechanisms and identifying implications for effective coaching and teaching (Stage 3), the expert performance approach provides an all-encompassing framework that informs expertise theory and educational practice.",
i_3,"Key Components of the Framework: Explainability and Interpretability: Explainable AI (XAI) techniques are crucial for making RL models interpretable. This can involve developing tools to increase the transparency of learned models and ensuring that the models can provide human-understandable explanations. Furthermore, the integration of ethical considerations into XAI frameworks is likely to enhance public trust in AI systems, although this aspect remains largely unaddressed in current research .","The development of theory, frameworks and tools for Explainable AI (XAI) is a very active area of research these days, and articulating any kind of coherence on a vision and challenges is itself a challenge. At least two sometimes complementary and colliding threads have emerged. The first focuses on the development of pragmatic tools for increasing the transparency of automatically learned prediction models, as for instance by deep or reinforcement learning. The second is aimed at anticipating the negative impact of opaque models with the desire to regulate or control impactful consequences of incorrect predictions, especially in sensitive areas like medicine and law. The formulation of methods to augment the construction of predictive models with domain knowledge can provide support for producing human understandable explanations for predictions. This runs in parallel with AI regulatory concerns, like the European Union General Data Protection Regulation, which sets standards for the production of explanations from automated or semi-automated decision making. Despite the fact that all this research activity is the growing acknowledgement that the topic of explainability is essential, it is important to recall that it is also among the oldest fields of computer science. In fact, early AI was re-traceable, interpretable, thus understandable by and explainable to humans. The goal of this research is to articulate the big picture ideas and their role in advancing the development of XAI systems, to acknowledge their historical roots, and to emphasise the biggest challenges to moving forward.","{
  ""justification"": ""The claim asserts that the integration of ethical considerations into XAI frameworks is 'largely unaddressed in current research.' The reference contradicts this by describing a major thread of XAI research aimed at 'anticipating the negative impact of opaque models with the desire to regulate or control impactful consequences' and mentioning regulatory concerns like the GDPR. This indicates that the topic is actively being addressed, not largely ignored."",
  ""answer"": ""Misrepresentation""
}"
s_1673,"Immunostimulants for Fish: Asparagopsis taxiformis (Atlantic Salmon): Effects: Enhanced growth rates, feed intake, and immune responses . Concentration: Effective at ~1% on a dry weight basis.","[3] Context: Infectious diseases are one of the major factors affecting the production of fish worldwide. The pathogens (especially bacteria) affect the immune system of fish and the administration of immunostimulants can increase resistance to infectious diseases by enhancing both specific and nonspecific defense mechanisms. Objective: In the present study, we have conducted an experiment on the pathogen-infected Cyprinus carpio Linn. (Cyprinidae), using Euphorbia hirta Linn. (Euphorbiaceae) plant leaves as immunostimulants. Materials and methods: The aqueous extract of the leaves was prepared and the immunostimulant action was recorded by giving different concentrations of plant extract supplemented diet. Results and discussion: The results obtained from the studies show that the higher concentration of the extract (50 g/kg diet) provided significant immune response (specific and nonspecific) on the fish. The 50 g/kg leaf extract of E. hirta enhanced the phagocytic ratio on 10th and 15th day after the infection. The results of the specific and nonspecific immunostimulation studies are statistically significant. Conclusion: This work will guide the researchers for the discovery of significant aquaculture nutrients to improve the immunostimulant action on fish. © 2011 Informa Healthcare USA, Inc. [6] The white shrimp Litopenaeus vannamei, fed immunostimulant-free, 0.2%β-glucan and 0.06% glycyrrhizin diets for 18 days, respectively, were challenged with Vibrio alginolyticus at 6.4 × 10 <sup>4</sup>CFUshrimp <sup>-1</sup>. The total haemocyte count (THC), phenoloxidase (PO) activity, respiratory burst (RB) and superoxide dismutase (SOD) activity changes for a 120-h period were investigated, and shrimp mortality was also recorded. The results showed that PO activity, RB and SOD activity were significantly higher in shrimp fed the two immunostimulant diets after 18 days than those in shrimp fed immunostimulant-free diets. The THC and SOD activity decreased significantly from 0 to 24h post challenge, and then reverted to normal levels at 96 and 72h respectively. The values for PO activity and RB increased from 0 to 48h post challenge. Compared with those fed the control diets, shrimp fed immunostimulants had significantly higher PO activity and RB values at 120h post challenge. Mortalities after challenge with V. alginolyticus were significantly lower in shrimp fed with β-glucan or glycyrrhizin than in those fed with a diet without immunostimulants. It was concluded that dietary β-glucan and glycyrrhizin increased the shrimp immunity. Furthermore, β-glucan caused an increase in some immune parameters 12h earlier than glycyrrhizin after V. alginolyticus challenge. © 2010 Blackwell Publishing Ltd. [10] In our previous work, two monoclonal antibodies (Mabs) against granulocytes of shrimp (Fenneropenaeus chinensis) had been produced, in this paper, haemocyte subpopulations were analyzed by flow cytometry (FCM) using the Mabs. Then immunomagnetic bead (IMB) method was applied for separation hyalinocytes and granulocytes using the Mabs. The separated hyalinocytes and granulocytes were analyzed by FCM, indirect immunofluorescence assay, Giemsa staining and transmission electron microscopy, respectively. The results showed the proportion of hyalinocytes in haemolymph of F. chinensis was 15.14 ± 1.22%, and that of granulocytes was 75.43 ± 2.31%. After two times separation by IMB, the purity rate of hyalinocytes and granulocytes was 96.27 ± 1.06% and 98.13 ± 0.86%, respectively. The hyalinocytes possessed 0.60–0.85 in nucleus/cytoplasm (N/C) ratio and had few granule in cytoplasm, whereas the separated granulocytes with N/C ratio of 0.12–0.36 and high electronic density of double membrane granules. The results reported the separation of haemocyte subpopulations using Mabs in shrimp for the first time, and the hyalinocytes and granulocytes isolated by IMB could be used for their differential protein analysis.","{
  ""justification"": ""The claim discusses the effects of the immunostimulant Asparagopsis taxiformis on Atlantic Salmon. However, the provided references do not mention Asparagopsis taxiformis or Atlantic Salmon. Reference [3] discusses Euphorbia hirta in Cyprinus carpio, reference [6] discusses β-glucan and glycyrrhizin in white shrimp, and reference [10] discusses shrimp haemocytes. While the general topic of immunostimulants in aquatic animals is related, the specific details of the claim are not present in the references, making it unverifiable."",
  ""answer"": ""Related but unverifiable""
}"
s_989,"Benefits: Antimicrobial Properties: Filters with antimicrobial coatings, such as those containing chitosan, silver, or other antimicrobial agents, can deactivate bacteria and viruses. For instance, PLA/chitosan membranes showed high antibacterial activity against Salmonella and S. aureus .","Particulate matter (PM) pollution, which usually carries viruses and bacteria, has drawn considerable attention as a major threat to public health. In this present study, an environment-friendly antibacterial Poly(lactic acid)(PLA)/chitosan composite air filter was fabricated using the one-step electrospinning technique. The composite PLA/chitosan fibres show a highly porous structure, in which chitosan nanoparticles (NPs) were found to be uniformly distributed throughout the entire fibre. The morphologies, through-pore size and distribution, air filtration and anti-microbial properties of these filter media were studied. The results showed that it was not the chitosan content but instead the concentration of the spinning solutions that had the greatest effect on the morphologies of the porous fibres. The relative humidity influenced the nanometre-scale pores on the surface of PLA/chitosan fibres. The PLA/chitosan fibrous membranes with a chitosan to PLA mass ratio of 2.5:8 exhibited a high filtration efficiency of 98.99% and a relatively low pressure drop (147.60 Pa) when the air flow rate was 14 cm/s, while these also had high antibacterial activity of 99.4% and 99.5% against Escherichia coli and Staphylococcus aureus, respectively. It took 33 min for the PM<inf>2.5</inf> concentration to decrease to 0 μg/m<sup>3</sup> from 999 μg/m<sup>3</sup> using the PLA/chitosan fibrous membranes, which demonstrates obviously effective air purification performance.","{
  ""justification"": ""The claim states that PLA/chitosan membranes showed high antibacterial activity against Salmonella and S. aureus. However, the reference specifies that the activity was against Escherichia coli and Staphylococcus aureus, not Salmonella. This is a direct contradiction regarding the type of bacteria."",
  ""answer"": ""Entity error""
}"
i_1766,"The GWP of a gas is calculated over a specific time horizon, typically 20, 100, or 300 years. The choice of time horizon affects the GWP value, as different gases have different atmospheric lifetimes .","Purpose: The common practice of summing greenhouse gas (GHG) emissions and applying global warming potentials (GWPs) to calculate CO<inf>2</inf> equivalents misrepresents the global warming effects of emissions that occur over a product or system's life cycle at a particular time in the future. The two primary purposes of this work are to develop an approach to correct for this distortion that can (1) be feasibly implemented by life cycle assessment and carbon footprint practitioners and (2) results in units of CO<inf>2</inf> equivalent. Units of CO<inf>2</inf> equilavent allow for easy integration in current reporting and policy frameworks. Methods: CO<inf>2</inf> equivalency is typically calculated using GWPs from the Intergovernmental Panel on Climate Change. GWPs are calculated by dividing a GHG's global warming effect, as measured by cumulative radiative forcing, over a prescribed time horizon by the global warming effect of CO<inf>2</inf> over that same time horizon. Current methods distort the actual effect of GHG emissions at a particular time in the future by summing emissions released at different times and applying GWPs; modeling them as if they occur at the beginning of the analytical time horizon. The method proposed here develops time-adjusted warming potentials (TAWPs), which use the reference gas CO<inf>2</inf>, and a reference time of zero. Thus, application of TAWPs results in units of CO<inf>2</inf> equivalent today. Results and discussion: A GWP for a given GHG only requires that a practitioner select an analytical time horizon. The TAWP, however, contains an additional independent variable; the year in which an emission occurs. Thus, for each GHG and each analytical time horizon, TAWPs require a simple software tool (TAWPv1.0) or an equation to estimate their value. Application of 100-year TAWPs to a commercial building's life cycle emissions showed a 30 % reduction in CO<inf>2</inf> equivalent compared to typical practice using 100-year GWPs. As the analytical time horizon is extended the effect of emissions timing is less pronounced. For example, at a 500-year analytical time horizon the difference is only 5 %. Conclusions and recommendations: TAWPs are one of many alternatives to traditional accounting methods, and are envisioned to be used as one of multiple characterizations in carbon accounting or life cycle impact assessment methods to assist in interpretation of a study's outcome. © 2012 Springer-Verlag.
[2]: Energy technologies emitting differing proportions of methane (CH<inf>4</inf>) and carbon dioxide (CO<inf>2</inf>) vary significantly in their relative climate impacts over time, due to the distinct atmospheric lifetimes and radiative efficiencies of the two gases. Standard technology comparisons using the global warming potential (GWP) with a fixed time horizon do not account for the timing of emissions in relation to climate policy goals. Here we develop a portfolio optimization model that incorporates changes in technology impacts based on the temporal proximity of emissions to a radiative forcing (RF) stabilization target. An optimal portfolio, maximizing allowed energy consumption while meeting the RF target, is obtained by year-wise minimization of the marginal RF impact in an intended stabilization year. The optimal portfolio calls for using certain higher-CH<inf>4</inf>-emitting technologies prior to an optimal switching year, followed by CH<inf>4</inf>-light technologies as the stabilization year approaches. We apply the model to evaluate transportation technology pairs and find that accounting for dynamic emissions impacts, in place of using the static GWP, can result in CH<inf>4</inf> mitigation timelines and technology transitions that allow for significantly greater energy consumption while meeting a climate policy target. The results can inform the forward-looking evaluation of energy technologies by engineers, private investors, and policy makers.","{
  ""justification"": ""Justification 1: The claim states that GWP is calculated over a specific time horizon and that this choice matters due to different atmospheric lifetimes of gases. Reference 1 confirms that GWPs are calculated over a \""prescribed time horizon\"" (giving a 100-year example). Reference 2 explicitly mentions that gases like CH4 and CO2 have \""distinct atmospheric lifetimes,\"" which explains their different impacts over time.\nJustification 2: Both references support the claim. Reference 1 discusses calculating GWPs over a \""prescribed time horizon\"" and mentions a \""100-year\"" horizon. Reference 2 explains that the differing climate impacts of gases are due to their \""distinct atmospheric lifetimes.\"" This directly entails the claim."",
  ""answer"": ""Entailment""
}"
i_1993,"Community Involvement: It is unnecessary to involve local communities in the planning and maintenance of green spaces, as their needs and values can be effectively managed without their input .","This paper provides an account of the environmental history of a landlocked coastal wetland and the surrounding nature space (Lake Claremont) located within a large Australian city (Perth, Western Australia). We document the processes and behaviour that led to significant negative change over time and report on recent work to restore the lake and its surrounding ecosystem. The reported community-initiated actions reflect changing human values and add to the accumulating evidence that the increasing trend of restoring greenspace to native ecosystems (nature space) brings about social and conservation benefits within the urban fabric. Moreover, this narrative also indicates that significant progress can be made in recovering and expanding ecological components and natural values within a relatively short period. Implications for city planners and land managers are self-evident with regard to what can be achieved and the values that communities now place on naturally functioning urban wetlands. Furthermore, the presence of wetlands such as Lake Claremont in the urban fabric is seen to enhance the liveability of the surrounding city by offering a convenient way for residents and tourists to connect with nature and the outdoors and realise the health benefits that the lake can provide. This case study adds to the body of work that identifies and describes the growing importance of urban wetlands in urban landscapes and provides a clear example of what can be achieved at the local community level and with local government support.","{
  ""justification"": ""The claim states that it is unnecessary to involve local communities in planning and maintaining green spaces. The reference, however, provides a case study of Lake Claremont where \""community-initiated actions\"" led to successful restoration, bringing \""social and conservation benefits.\"" The reference explicitly highlights \""what can be achieved at the local community level,\"" which is the direct opposite of the claim's assertion."",
  ""answer"": ""Opposite meaning""
}"
i_2265,"Soy-Based Foods: Consumer Acceptance: Plant-based proteins, including soy, are generally well-accepted by consumers and are considered the best-positioned alternative to meat proteins in some regions .","Current environmental and health concerns encourage a shift towards more sustainable diets. A variety of options are currently being investigated to achieve the food security of alternative-to-meat dietary proteins. The food security of alternative to meat proteins will require attention to the availability, the access, the supply stability and the food safety and quality. The aim of this research is to get insight on consumers' food attitudes in order to achieve food security of four alternatives to meat proteins, namely, plant-based proteins, mycoproteins, cultured meat proteins and insect proteins in different development contexts in Spain and the Dominican Republic. In doing so, the research analyses meat consumption, reduces consumers' attitudes using a principal component analysis, predicts first adopters of alternative dietary proteins using a Chi-square test and ranks preferred alternative dietary proteins using a multicriteria decision-making method. The results show that plant-based proteins are the best positioned alternative, while insects are the worst positioned in the Dominican Republic. Gender and education in the Dominican Republic and gender, education and age in Spain are significant factors for the adoption of alternative to meat proteins. Health and convenience attitudes may determine the adoption of alternative dietary proteins in Spain and the Dominican Republic. This research contributes to identifying the consumers' attitudes to encourage the dietary shift to alternative to meat proteins. It can help industry to market alternative-to-meat proteins in different development contexts to achieve food security.","{
    ""justification"": ""The reference discusses consumer attitudes towards \""plant-based proteins\"" as a general category in Spain and the Dominican Republic. It finds that they are the \""best positioned alternative\"" in the Dominican Republic. However, the reference never mentions \""soy\"" specifically. The claim misrepresents the source by adding \""including soy,\"" implying that the study's findings specifically support the acceptance of soy, which cannot be verified from the provided text."",
    ""answer"": ""Misrepresentation""
}"
s_2065,"In contrast, traditional coffee-growing regions in Nicaragua and other countries are expected to thrive, eliminating the need to identify new suitable areas .","Global circulation models all forecast that climate change will increase mean temperatures and change precipitation regimes. As a result, traditional coffee growing regions may disappear and new regions may appear. At the same time, demand for high quality, responsibly sourced coffee continues to grow globally. For sustainable sources of coffee, participants in the global coffee supply chain need to know where coffee will grow in the future and how the suitability of these areas will change over time. With this information, the supply chain then needs to develop appropriate site-specific mitigation and adaptation strategies for both the short and the long term, to guarantee coffee supply as well as to support improved livelihoods for rural communities. In this paper, we firstly quantify the impact of climate change on the suitability of land to grow coffee in a case study in Nicaragua and on acidity content of beverage coffee in a case study in the Veracruz Department of Mexico. Secondly, we propose site-specific adaptation strategies and finally identify critical potential impacts of climate change on the overall supply chain and the implications for all actors in the system. We conclude the paper by identifying key directions for future research to seek mitigation and adaptation strategies at both the community and the supply-chain level.","{
  ""justification"": ""The claim asserts that traditional coffee-growing regions in Nicaragua will thrive, eliminating the need to find new areas. This is in direct opposition to the reference, which states that 'traditional coffee growing regions may disappear and new regions may appear' due to climate change."",
  ""answer"": ""Opposite meaning""
}"
i_1203,"Additional Benefits: Muscle Function and Balance: Calcium supplements not only improve bone health but also enhance skeletal muscle function and balance, which can further reduce the risk of falls and fractures .","Osteoporosis results from an imbalance in bone homeostasis and leads to bone fragility with an increased risk of fractures. It is, however, a preventable disease, with calcium and vitamin D supplementation both playing a part. The development of vitamin D analogues has led to improved treatment and prevention of osteoporosis, with benefits in terms of skeletal muscle function and balance, increased bone volume and inhibition of bone resorption. ED-71 is a second-generation vitamin D analogue with improved binding to vitamin D-binding protein (DBP) compared with calcitriol, the most potent metabolite of natural vitamin D. The preventive and therapeutic effects of ED-71 on bone mineral loss have been demonstrated in rat models of osteoporosis, where it significantly increased bone mineral density without inducing hypercalcemia. Bone histomorphometric studies showed that this effect resulted from stimulation of bone formation together with a reduction in bone resorption. Open, randomized, controlled studies conducted in subjects with osteoporosis have demonstrated a significant positive effect for ED-71 on bone mineral density following 6 and 12 months of treatment. Phase III trials are ongoing in Japan. Copyright © 2005 Prous Science.","{
  ""justification"": ""The claim asserts that calcium supplements enhance skeletal muscle function and balance. However, the reference attributes this specific benefit to vitamin D analogues, stating, \""The development of vitamin D analogues has led to improved treatment and prevention of osteoporosis, with benefits in terms of skeletal muscle function and balance...\"". The claim incorrectly substitutes the entity \""calcium supplements\"" for \""vitamin D analogues\"" as the agent responsible for improving muscle function."",
  ""answer"": ""Entity error""
}"
s_2162,Economic and Social Benefits: Job Creation and Economic Development: Offshore wind projects can contribute to local economies by creating jobs and stimulating economic activities. This is particularly significant in regions with high wind energy potential but limited economic opportunities .,"This paper reviews the social implications of wind energy from four points of view: socio-environmental, socio-economic, socio-cultural, and stakeholder's involvement, and analyzes wind power projects in the Isthmus of Tehuantepec, Mexico, alongside the background of the literature review. Local economy, geographic conditions, culture, and stakeholders are fundamental when planning a wind project. Technology implementation for sustainable development must recognize the importance of reducing emissions and other environmental impacts, and maximizing socio-economic benefits. The aim of this paper is to review social implications of wind energy, with special emphasis on a disadvantaged region in Mexico, the Isthmus of Tehuantepec, with some of the world's highest wind energy potential, but one of the poorest areas in the country and with a large indigenous population. Wind energy development in Mexico has been complex and contentious; the large increase of wind energy in Oaxaca has created social conflicts in Oaxaca, which even might stop further wind project development in the region. Ultimately, local communities need to be considered in the planning and development process of wind power worldwide and the Mexican case shows the need for a national and regional policy, and a comprehensible on-site participatory planning.","{
  ""justification"": ""The claim specifically mentions \""Offshore wind projects,\"" but the reference discusses wind energy in general and uses the Isthmus of Tehuantepec in Mexico, a land-based region, as its primary example. The reference does not contain the term \""offshore\"" or provide any information to support the claim's focus on this specific type of wind project."",
  ""answer"": ""Entity error""
}"
i_224,"5. Augmented Reality (AR) and Gesture Interactions: Markerless AR and 3D Gestures: Utilizing AR technologies and 3D gesture interactions can make the interface more intuitive and engaging. This approach eliminates the need for traditional input devices like keyboards and mice, making the interaction more natural and accessible . This can be particularly useful in VR theater settings where ease of use is crucial.","Augmented Reality (AR) is a technology that merges virtual objects with real-world images seamlessly. The power of real-time interaction and complete immersion makes AR ideal for language learning in that the exposure and motivation are two important factors. Therefore, we propose a Virtual English Classroom empowered with marker less AR technologies and 3D gesture interactions, called VECAR. The proposed vision-based interface is intuitive and convenient for users to play around with free hands, without the need of keyboard and mouse. The objective of VECAR is to make English teaching more interesting to increase learners' motivations. © 2013 IEEE.","{
  ""justification"": ""The claim accurately describes the benefits of markerless AR and 3D gesture interactions mentioned in the reference, such as being intuitive and removing the need for a keyboard and mouse. However, the reference specifies the context for this technology as a 'Virtual English Classroom' (VECAR) for language learning. The claim incorrectly applies these benefits to 'VR theater settings,' which is a different application context (entity) not mentioned in the reference."",
  ""answer"": ""Entity error""
}"
s_509,"Key Considerations for Battery Exchange System Development: Infrastructure and Technology: The system should include a robust and automated battery swapping mechanism. For instance, an electric vehicle system utilizes a roof-mounted battery exchanging mechanism, complemented by an externally fabricated battery exchanging robot system for a fully automated process .","As part of the ongoing effort to be independent of petroleum resources and to be free from pollutant emission issues, various electric vehicles have been developed and tested through their integration with real world systems. In the current paper, yet another application specific EV for public transportation, an electric bus, is introduced and explained with results from the pilot test program which was carried out under real traffic conditions. The main feature of the current system is a battery exchanging mechanism mounted on the roof of the bus. The current configuration certainly requires an externally fabricated battery exchanging robot system that would complement the electric bus for a fully automated battery exchanging process. The major advantage of the current system is the quick re-charging of the electric energy through the physical battery exchange and the possible utilization of the battery exchange station as a mini scale energy storage system for grid system peak power shaving. With the total system solution approach for the public transportation system, it is fully expected to create outstanding business opportunities in number of areas such as battery suppliers, battery exchanging station management, battery leasing and many more.","{
    ""justification"": ""Justification 1: The claim's example of a roof-mounted battery exchanging mechanism complemented by a robot system for full automation is directly supported by the reference, which describes this exact setup for an electric bus.\nJustification 2: The reference explicitly states, \""The main feature of the current system is a battery exchanging mechanism mounted on the roof of the bus. The current configuration certainly requires an externally fabricated battery exchanging robot system that would complement the electric bus for a fully automated battery exchanging process.\"" This directly entails the information presented in the claim."",
    ""answer"": ""Entailment""
}"
i_266,"Skip Connections: Feature maps from the encoder are concatenated with the corresponding decoder layers via skip connections, ensuring that fine details are preserved. Additionally, the use of skip connections may lead to improved interpretability of the segmentation results, which is a critical factor in clinical applications .","Medical imaging has been a proactive tool for doctors to diagnose and treat diseases via the qualitative and quantitative analyses based on non-invasive lesions. Medical images have been interpreted via computer tomography (CT), X-ray, magnetic resonance imaging (MRI) and positron emission tomography (PET). The barriers of medical image segmentation need to be resolved due to low contrast amongst the lesion, the surrounding tissue and blurred edges of the lesion. Labeling manually for hundreds of slices of organs or lesions has been quite time-consuming due to anatomy of the human body and shape of lesions. Manual labeling has intended to high subjective and low reproducibility. Doctors have been beneficial from a automatically locating, segmenting and quantifying lesions. Deep learning has been used widely in medical image processing. Deep learning-based U-Net has played a key role in the lesions segmentation. The encoding and decoding ways has made U-Net structures simply and symmetrically. Features extraction of medical images has been realized via convolution and down-sampling operations. The image segmentation mask via the transposed convolution and concatenation has been interpreted. A small-sized dataset has achieved qualified medical image segmentation. U-Net has been summarized and analyzed on the four aspects: the definition of U-Net, the upgrading of U-Net model, the setup of U-Net structure and the mechanism of U-Net. Four research areas have been proposed as below: 1) the basic structure and working principle of U-Net via convolution operation, down sampling, up sampling and concatenation. 2) U-Net network model have been demonstrated in three aspects in the context of the number of encoders, multiple U-Net cascades and other models combined with U-Net. U-Net based network have been divided into two, three and four encoders further in terms of the amount of encoders: Y-Net, Ψ-Net and multi-path dense U-Net. Multiple U-Nets cascade has been categorized into multiple U-Nets in series and multiple U-Nets in parallel based on the cascades mode of multiple U-Nets. In addition U-Net has improved the segmentation performance on the aspects of dual tree complex wavelet transform, local difference method, level set, random walk, graph cutting, CNNs(convolutional neural networks) and deep reinforcement learning. The upgrading of U-Net network structure have been divided into six subcategories including image augmentation, convolution operation, down-sampling operation, up-sampling operation, model optimization strategies and concatenation. Image enhancement has be divided into elastic deformation, geometric transformation, generative adversarial networks (GAN), Wasserstein generative adversarial networks (WGAN) and real-time image enhancement further. The convolution operation has been improved via padding mode and convolution redesign. The padding mode mentioned has adapted constant padding, zero padding, replication padding and reflection padding and improvements to dilated convolution, inception module and asymmetric convolution. The down-sampling has been improved via max-pooling, average-pooling, stride convolution, dilated convolution, inception module and spatial pyramid pooling. Several up-sampling improvements have illustrated simultaneously via sub-pixel convolution, transposed convolution, nearest neighbor interpolation, bilinear interpolation and trilinear interpolation. Model optimization strategies have been divided into two aspects in detail of activation function and normalization, the improvements of activation function includes rectified linear unit(ReLU), parametric ReLU(PReLU), random ReLU(RReLU), leaky ReLU(LReLU), hard exponential linear sigmoid squahing(HardELiSH) and exponential linear sigmoid squashing(ELiSH), and normalization method. The improvements have been to shown based on batch normalization, group normalization, instance normalization and layer normalization. The concatenation based improvement has been one of the future research area. The current concatenation improvements have been mainly realized via attention mechanism, new concatenation, feature reuse and de-convolution with activation function, annotation information fusion from Siamese network. The improved mechanisms in the U-Net network have been emphasized based on residual mechanism, dense mechanism, attention mechanism and the multi-mechanisms integration. The segmentation performance of the network can be enhanced. The further four research areas in U-Net have been illustrated as below: 1) the generalization of deep learning methods cannot be customized to fit the segmentation network for specific scenarios in the future. 2) Supervised deep learning models have required a lot of annotated images labeled for treatment. Unsupervised and semi-supervised deep learning models have been a vital research work further. 3) The low interpretability of U-Net network has lead the low acceptance in the mechanism of its operation.4) More accurate segmentation mask with fewer parameters has been obtained via good quality network structure. The precise manual segmentation has been so time-consuming and labor intensive. The simplified and quick semi-automatic segmentation has relied on the parameters and user-specified image preprocessing. The deep learning-based U-Net network has been segmented the lesions quickly, accurately and consistently. The structure, improvements and further research areas of U-Net network have been analyzed to the development of U-Net network.
[2]: The glottis's morphology not only reflects vocal and respiratory information, but also plays an important role in the diagnosis of laryngeal diseases. The glottis segmentation is a primary step in computer-aided diagnostic system, however is challenging due to various shapes of glottis, low contrast with surrounding tissues, the existence of laryngeal diseases and so on. In this paper, a deep attention network based on U-Net with color normalization operation (CN-DA-Unet) is proposed to achieve an end-to-end segmentation of the glottal area for the first time. The original images are first processed by color normalization to reduce the adverse effects of low contrast and large differences in colors between different images. The normalized images are then sent to the proposed DA-Unet for feature extraction. In this network, residual structure is incorporated to extract rich features from deep neural networks. After extracting features, a feature pyramid attention (FPA) module is applied to enhance the semantic information of the glottal area. These features are up-sampled and added to the features from the corresponding encoding layer for several times to obtain the final segmented image. The proposed approach is tested on laryngeal images of an in–house dataset including images from healthy subjects and pathologic subjects. Its performance is evaluated by several reliable and popular evaluation metrics, achieving the dice coefficient of 92.9%, sensitivity of 93.5% and precision of 92.6%. These results demonstrate the effectiveness of our proposed approach and the better performance comparing with several popular networks.","{
  ""justification"": ""The claim asserts that skip connections in U-Net may lead to improved interpretability. However, the reference explicitly states the opposite, identifying low interpretability as a significant issue with the U-Net architecture. Specifically, the reference mentions, \""The low interpretability of U-Net network has lead the low acceptance in the mechanism of its operation.\"""",
  ""answer"": ""Opposite meaning""
}"
s_1100,"General Ultrasound Image Segmentation: Advanced Techniques: Various advanced techniques have been proposed to improve ultrasound image segmentation, such as: Convolutional Neural Networks (CNN) with Morphological Processing: This method is insensitive to speckle noise and can correctly identify tissues in ultrasound images .","Segmentation is a most important but difficult step in ultrasound image analysis. For the speckle noise and the tissue intensity inhomogeneities in the medical ultrasound images, the conventional segmentation approaches based on intensity or intensity-statistics do not work well. Current studies to reduce the speckle noise are failed in boundary preserving. And the researches on intensity inhomogeneites can not obtain the complete structure. In this paper, a new segmental method combined Markov random field (MRF) model with morphological image processing is proposed to cover the shortages above. MRF step is used to estimate the label image and morphological image processing makes the region-of-interest (ROI) complete to get a complete tissue. This algorithm is insensitive to speckle noise. Experimental results on synthetic images and ultrasound images show that this algorithm works successfully in MRF model and can correctly identify the tissues in the medical ultrasound images. © 2007 IEEE.","{
  ""justification"": ""Justification 1: The claim states that a method using 'Convolutional Neural Networks (CNN) with Morphological Processing' is insensitive to speckle noise. However, the reference describes a method combining a 'Markov random field (MRF) model with morphological image processing' that has this property. The claim incorrectly substitutes CNN for MRF.\nJustification 2: The reference discusses a method based on the Markov random field (MRF) model, not Convolutional Neural Networks (CNN) as stated in the claim. This is a direct entity error."",
  ""answer"": ""Entity error""
}"
i_887,"-  ** Aesthetic Improvement** : Electropolishing provides a bright, reflective finish, which is aesthetically pleasing and beneficial for decorative applications .","[10] Electropolishing of copper in phosphoric acid is considered as corrosion rate of copper and due to the economic importance of copper there are several researches deals with acceleration and inhibition of this process. From the previous studies this process may be controlled by the presence of some materials which may cause acceleration or inhibition of this process. In this paper the electropolishing process inhibited with different ratio by addition of some organic aldehydes (formaldehyde, acetaldehyde, paraldehyde, benzaldehyde, salicylaldehyde, anisaldehyde, and tolualdehyde) by addition with concentration (10 <sup>-5</sup> - 10 <sup>-2</sup> mol. l <sup>-1</sup>).The results reveal that organic aldehydes have strongest inhibitive effect ranging from 14.3-61.9 % and the thermodynamic parameters and dimensionless group were present. © 2012 by ESG.","{
  ""justification"": ""The claim describes the aesthetic benefits of electropolishing, stating it provides a 'bright, reflective finish' for 'decorative applications'. The reference, however, discusses the chemical process of electropolishing copper in phosphoric acid, focusing on inhibiting this process with organic aldehydes. The reference does not mention the appearance of the finished surface or its decorative uses. While both texts are about electropolishing, the specific details in the claim cannot be verified from the provided reference."",
  ""answer"": ""Related but unverifiable""
}"
s_1082,"Key Points: Role of Atrogin-1 in Muscle Atrophy: Atrogin-1 is a muscle-specific ubiquitin protein ligase involved in the ubiquitin-proteasome pathway, which is critical for protein degradation in muscle tissues .","Muscle growth is determined primarily by the balance between protein synthesis and degradation. When rates of protein synthesis are similar between individuals, protein degradation is critical in explaining differences in growth efficiency. Studies in mammals showed that muscle atrophy results from increased protein breakdown, and is associated with activation of the ubiquitin proteasome pathway, including induction of the muscle-specific ubiquitin protein ligase, MuRF1. Animals lacking MuRF1 are resistant to muscle atrophy. In fish, little is known about the role of the proteasome/MuRF pathway in muscle degradation. The objectives of this study were to: 1) clone and characterize MuRF genes in rainbow trout; and 2) determine expression of . MuRF genes in association with starvation- and vitellogenesis-induced muscle atrophy in rainbow trout. We have identified full-length cDNA sequences for three . MuRF genes (MuRF1, MuRF2, and MuRF3). These genes encode proteins with typical MuRF structural domains, including a RING-finger, a B-box and a Leucine-rich coiled-coil domain. RT-PCR analysis showed that MuRF genes are predominantly expressed in muscle and heart tissues. Real time PCR analysis revealed that expression of all . MuRF genes is up-regulated during starvation and . MuRF3 is up-regulated in vitellogenesis-associated muscle degradation. These results suggest that MuRF genes have an important role in fish muscle protein degradation. Further studies are warranted to assess the potential use of MuRF genes as tools to monitor fish muscle growth and degradation. © 2010 Elsevier Inc.
[2]: Skeletal muscle atrophy occurs as a side effect of treatment with synthetic glucocorticoids such as dexamethasone (DEX) and is a hallmark of cachectic syndromes associated with increased cortisol levels. The E3 ubiquitin ligase MuRF1 (muscle RING finger protein 1) is transcriptionally upregulated by DEX treatment. Differentiated myotubes treated with DEX undergo depletion of myosin heavy chain protein (MYH), which physically associates with MuRF1. This loss of MYH can be blocked by inhibition of MuRF1 expression. When wild-type and MuRF1<sup>-/-</sup> mice are treated with DEX, the MuRF1<sup>-/-</sup> animals exhibit a relative sparing of MYH. In vitro, MuRF1 is shown to function as an E3 ubiquitin ligase for MYH. These data identify the mechanism by which MYH is depleted under atrophy conditions and demonstrate that inhibition of a single E3 ligase, MuRF1, is sufficient to maintain this important sarcomeric protein. © 2007 Elsevier Inc. All rights reserved.","{
  ""justification"": ""Justification 1: The claim discusses \""Atrogin-1\"", but the provided references only mention \""MuRF1\"", \""MuRF2\"", and \""MuRF3\"". The references do not contain any information about Atrogin-1.\nJustification 2: The claim incorrectly identifies the muscle-specific ubiquitin protein ligase as \""Atrogin-1\"", whereas the references specifically discuss \""MuRF1\"" in the context of muscle atrophy and the ubiquitin-proteasome pathway. This is an entity error."",
  ""answer"": ""Entity error""
}"
i_2324,"- ** Tea Quality**: The quality of tea, particularly its polyphenol content and antioxidant properties, might be maintained or even improved with reduced fertilizer input if organic fertilizers are used .","Quality tea production is in demand for its better palatability and beneficial effects on human health, including controlling several diseases with its high antioxidant properties. So far, few studies have been made on the impact of fertilizer input on tea quality. To address the issue, tea was grown under conventional and organic practices to compare the production of biochemical compounds like crude fiber, starch, total phenolics, (-)-epigallocatechin gallate [(-)-EGCG], (-)-gallocatechin gallate [(-)-GCG], and (-)-epicatechin gallate [(-)-ECG], as well as the antioxidant and antidiarrhoeal properties of the tea leaves. Organically grown tea lowered the content of crude fiber and starch as compared to the no-fertilizer treatment (control). However, the content was further lowered by the inorganic fertilizer treatment. Organic fertilization produced higher polyphenol than inorganic fertilization, which has shown greater antioxidant properties when analyzed through the methods of dot-blot and DPPH staining, DPPH radical assay, and hydroxyl radical scavenging activities by electron paramagnetic resonance spectrometry. Animal experiments conducted using green tea extracts on rodents revealed better diarrhoea control with organically tea than with inorganically grown tea. This study reveals the importance of organic agricultural practices in tea for quality improvement and sustainability of the food chain system. © 2008 American Society of Agricultural and Biological Engineers.","{
  ""justification"": ""The claim suggests that tea quality can be improved with \""reduced fertilizer input\"" when using organic fertilizers. However, the reference compares three distinct conditions: organic fertilization, inorganic fertilization, and a no-fertilizer control. It does not mention or test the effects of a \""reduced\"" quantity of organic fertilizer. Therefore, the claim misrepresents the study's parameters by introducing a variable (reduced input) that was not part of the experiment described in the reference."",
  ""answer"": ""Misrepresentation""
}"
i_1263,"Key Insights: Rapid Adoption and Expansion: The pandemic necessitated a swift transition to telemedicine to maintain healthcare delivery while minimizing virus transmission. This led to the rapid expansion of telemedicine services across different specialties, including primary care, HIV care, fertility practices, and pediatric surgery, despite evidence suggesting that many patients experienced worsened outcomes during this transition .","During the COVID-19 crisis, telemedicine was at the center of the health management systems in the canton of Geneva. Telemedicine contributed to the triage and follow-up of patients with a suspected or confirmed diagnosis of COVID-19, as well as to the coordination of different healthcare actors in the patient's trajectory. New partnerships and reinforcement of coordination in the Geneva healthcare and social care networks with an unprecedented use of telemedicine tools were able to ensure patient care while preserving frontline healthcare providers. Telemedicine has benefited during this time from a temporary relaxation of measures and regulations governing its practice, encouraging its deployment in a crisis situation. However, for these tools to be effective, they need to become an integral part of our healthcare systems.
[2]: Purpose of Review: This review summarizes HIV care delivered via telemedicine before and during the COVID-19 pandemic and highlights areas of study to inform optimal usage of telemedicine in HIV clinical practice in the future. Recent Findings: To address barriers to care created by the COVID-19 pandemic, regulatory agencies and payors waived longstanding restrictions, which enabled rapid expansion of telemedicine across the country. Preliminary data show that providers and persons with HIV (PWH) view telemedicine favorably. Some data suggest telemedicine has facilitated retention in care, but other studies have found increasing numbers of PWH lost to follow-up and worsened virologic suppression rates despite offering video and/or telephone visits. Summary: The COVID-19 pandemic has exacerbated gaps in the HIV care continuum. To help mitigate the impact, most clinics have adopted new virtual care options and are now evaluating usage, impact, and concerns. Further research into the effects of telemedicine on HIV care and continued work towards universal access are needed.
[3]: The coronavirus disease 2019 (COVID-19) pandemic has resulted in paradigm shifts in the delivery of health care. Lockdowns, quarantines, and local mandates forced many physician practices around the United States to move to remote patient visits and adoption of telemedicine. This has several long-term implications in the future practice of medicine. In this review we outline different models of integrating telemedicine into both male and female fertility practices and recommendations on performing video physical examinations. Moving forward we foresee two general models of integration: one conservative, where initial intake and follow-up is performed remotely, and a second model where most visits are performed via video and patients are only seen preoperatively if necessary. We also discuss the impact THAT telemedicine has on coding and billing and our experience with patient satisfaction.
[4]: Background Within the last decade, the use of telemedicine within in primary care in the USA has greatly expanded; however, use remains uncommon in surgical specialties. The spread of Coronavirus disease 2019 (COVID-19) prompted healthcare institutions to limit in-person contact, resulting in an increase in telemedicine across all specialties, including pediatric surgery. The aims of this review were to evaluate potential barriers that limited the use of telemedicine in pediatric surgery prior to the COVID-19 period and to define how best to incorporate its use into a pediatric surgical practice going forward. Methods A scoping review was performed to identify gaps in the literature pertaining to the use of telemedicine within general pediatric surgery in the USA prior to the outbreak of COVID-19. Next, a focused evaluation of the legislative and organizational policies on telemedicine was performed. Lastly, findings were summarized and recommendations for future research developed in the context of understanding and overcoming barriers that have plagued widespread adoption in the past. Results Despite evidence of telemedicine being safe and well received by adult surgical patients, a total of only three studies representing original research on the use of telemedicine within pediatric surgery were identified. Legislative and organizational policies regarding telemedicine have been altered in response to COVID-19, likely resulting in an increase in the use of telemedicine among pediatric surgeons. Conclusions Telemedicine offers a safe and effective option for patients seeking an alternative to the in-person clinic appointment. The increased utilization of telemedicine during the COVID-19 pandemic will provide an opportunity to learn how best to leverage the technology to decrease disparities and to overcome previous barriers.","{
  ""justification"": ""The claim synthesizes information from multiple references. While the references do support the rapid expansion of telemedicine across various specialties (primary care, HIV, fertility, pediatric surgery), the assertion about \""worsened outcomes\"" is a misrepresentation of the provided evidence. Reference [2] mentions that in HIV care, some studies found \""increasing numbers of PWH lost to follow-up and worsened virologic suppression rates.\"" However, the claim presents this as a general finding applicable to the broad expansion, while other references, like [4] on pediatric surgery, state that telemedicine is a \""safe and effective option.\"" By taking a specific negative outcome from one specialty (HIV care) and presenting it as a general caveat to the expansion across all mentioned specialties, the claim misrepresents the overall findings of the references."",
  ""answer"": ""Misrepresentation""
}"
i_343,"Parallel Processing: Implement parallel sorting techniques to improve performance, similar to the ""psort"" method for faster sorting .","The main contribution of this paper is to present an efficient parallel sorting ""psort"" compatible with the standard qsort. Our parallel sorting ""psort"" is implemented such that its interface is compatible with ""qsort"" in C Standard Library. Therefore, any application program that uses standard ""qsort"" can be accelerated by simply replacing ""qsort"" call by our ""psort"". Also, ""psort"" uses standard ""qsort"" as a subroutine for local sequential sorting. So, if the performance of ""qsort"" is improved by anyone in the community, then that of our ""psort"" is also automatically improved. To evaluate the performance of our ""psort"", we have implemented our parallel sorting in a Linux server with two Intel quad-core processors (i.e. eight processor cores). The experimental results show that our ""psort"" is approximately 6 times faster than standard ""qsort"" using 8 processors. Since the speed up factor cannot be more than 8 if we use 8 cores, our algorithm is close to optimal. Also, as far as we know, no previously published parallel implementations achieve a speed up factor less than 4 using 8 cores. © 2009 IEEE.","{
  ""justification"": ""Justification 1: The claim suggests using parallel sorting techniques like 'psort' for better performance. The reference describes 'psort' as a parallel sorting algorithm that is approximately 6 times faster than the standard 'qsort' on an 8-processor system, directly supporting the claim's point. Justification 2: The reference explicitly states that their parallel sorting method, 'psort,' was developed to accelerate sorting and achieved a speedup of approximately 6 times. This directly entails the claim that implementing parallel sorting techniques, such as 'psort,' improves performance."",
  ""answer"": ""Entailment""
}"
i_570,"Technical Limitations Detection Accuracy: One of the primary challenges is ensuring high accuracy in detecting emergencies such as fire, smoke, and explosions. While advanced algorithms like the combination of Adaboost and Local Binary Pattern (LBP) followed by Convolutional Neural Networks (CNN) can achieve high accuracy rates (up to 95.2%), false positives remain a significant issue .","This paper presents a novel algorithm for detection certain types of emergencies relating to fire, smoke and explosions by processing the data recorded from the camera monitoring, based on cascaded approach. First, the combination of Adaboost and Local binary pattern (LBP) are using for getting Region of Interest (ROI) and reducing time complexity. Next, to alleviate common problems of vulnerable such as false positive, we propose to use Convolutional Neural Network (CNN). The final experimental results showed that the accuracy rate of this method for emergencies detection could reach 95.2%.","{
  ""justification"": ""The claim asserts that false positives are a significant remaining issue, but the reference only mentions that the CNN component is used to 'alleviate' this problem. The reference does not provide any information to support the claim that the issue remains significant, thus the claim misrepresents the findings of the source text."",
  ""answer"": ""Misrepresentation""
}"
i_872,"Advanced Techniques: Laser-Assisted Drilling (LAD): This technique reduces drilling forces and temperatures, leading to less burr formation. The precision cutting action in LAD helps in easier chip removal and lower thermal damage .","1Defects associated with drilling of fiber reinforced polymers (FRPs) are of major economic and safety concerns for aerospace manufacturers. Delamination of layers and thermal damage of the matrix are the most critical defects associated with drilling of FRP laminates, which can be avoided by keeping the drilling forces and temperatures below some threshold levels. Vibration-assisted drilling (VAD) is an emerging drilling process that uses intermittent cutting to reduce the drilling forces and temperatures, and achieve easier chip removal compared to conventional drilling. In this paper an extensive experimental study has been conducted to provide insight into the effect of the tool kinematics corresponding to the VAD parameters (speed, feed, frequency and amplitude) on the geometry of the formed chip determined by the intersection of the trajectories of the cutting edges as well as on the drilling forces and temperature. The combinations of the VAD parameters used in this study were selected from ranges of speeds 6,000 rpm to 12,000 rpm, feeds 0.05 mm/rev to 0.15 mm/rev, frequencies 30 Hz and 60 Hz, and amplitudes 40 μm to 400 μm. The Amplitude and feed were found to have the most dominant effect on the VAD forces, while the feed and speed had the dominant effect on the VAD temperatures. The thermal performance of the VAD process was found to be enhanced by the formation of vortices in the air gap created by the separation between the tool and the machined surface, which is mainly controlled by the feed and the rotational speed of the tool.","{
  ""justification"": ""The claim discusses the benefits of Laser-Assisted Drilling (LAD), such as reduced drilling forces, temperatures, and easier chip removal. The reference, however, describes these exact benefits but attributes them to a different technique: Vibration-assisted drilling (VAD). The reference does not mention LAD at all, making this a clear case of an entity error where the subject of the reference's findings has been incorrectly replaced in the claim."",
  ""answer"": ""Entity error""
}"
s_760,"Obstacles in Shifting to Digital Methods: Dependence on Technology: Over-reliance on digital tools can lead to a detachment from the physical aspects of design, potentially impacting the tactile and intuitive elements of architectural creation .","Traditionally, architecture in its design process employs physical matter, requires physical presence and relies on real world environment using conventional methods of 2D depictions such as paper and pen or 3D representations such as physical models and communicates design ideas in verbal or text-based form. The conventional design process, for example an interior design, a residential house, a commercial complex or even urban design projects, follows the same hierarchy of activities. Efforts are made to the satisfaction of both parties to give the ideas of a physical shape through sketches, drafts and models which may take weeks, even months. Finally the project gets its final shape in a working drawing, 3D visualisation or model making. This process is time consuming and somewhat redundant. In recent years technology has offered architects a new tool - the virtual environment. Architects use virtual environment increasingly as device of communication and presentation of design intensions. Virtual environment enables users to interact in real-time with design but unfortunately has not been used widely in the process of architectural design. The aim of this paper is to investigate the relationship between present design process and the emerging technology of virtual reality, establish a relationship between the two and its influence on architecture to form a new translated design process and communication, an interface between architect and client.
[8]: The paper describes the mergence of traditional architectural design processes with approaches that rely on digital media and software for the creation of architectural space. The depicted projects are part of a 'work in progress' process, with a recent studio that is set up to apply the so far accumulated experiences. Within the projects, focus is on those design phases where the applied media and methodology is changed and where the back and forth between different media and the depth of their implementation is perceptible in, and / or has a significant influence on the design itself. Through a line of successive experiments, the paper explains the development of a possible method that utilizes a variety of today's accessible tools in architecture, making use of phenomena that appear when changing from one tool to another. Goal is to avoid limitations that are existent by the solely employment of one media or method, and to understand the fusion between different media as an inspiring momentum to develop the design further. The paper draws a line from an initially experienced and analyzed design method over several projects in practice and academia to conclude with a possible design method that could be established successfully in both fields of architectural teaching and practice. Initial experiences had been drawn from professional practice, in which the digital realm was limited to a support device of the design process. The first project that is described in the paper, explored the employment of digital media as a possible tool to drive the design process in a broader sense. The studio setting was organized as a laboratory for the exploration of the change of applied media. Focus was on the influence on the design progress. The design method required of the studios participants was not exclusively based on an architectural program, but on an initial, very conceptual process with an artistic approach, based on personal experiences of each participant. This was meant to detach the students entirely from architectural processes and mindsets they had picked up so far. Parallel to that kind of an intellectual process, studio participants learned to handle Maya as the 3D modeling software of their choice. Both the technical knowledge and the artistic projects were merged in a second project phase, in which participants had to further develop their work by applying a very effective mix of various design tools. Using digital media as a parametric design generator, subsequent projects were developed. The task for the designers here were to decide what kind of algorithm could be applied to which process and when it was to be stopped for the best result. Applying such an automatism successfully to the design process, the employment of traditional media and methodology remained, to adapt the digital driven schemes to the required design task. The diverse design experiments demonstrate important aspects when merging complex design and animation software with traditional design processes. To achieve good architectural design results, all examined projects showed that traditional design methods with its physical models are hardly replaceable to its full extent by other media, but digital media are able to strengthen design processes and invite designers to explore new means of design work.","{
  ""justification"": ""Justification 1: The claim is supported by reference [8], which states that \""traditional design methods with its physical models are hardly replaceable to its full extent by other media.\"" This implies that an over-reliance on digital tools would lead to a loss of the tactile and physical elements of design, as the claim suggests.\nJustification 2: Reference [8] concludes that physical models are largely irreplaceable, which directly entails the claim's point that a dependence on digital tools can cause a detachment from the physical and tactile aspects of architectural creation."",
  ""answer"": ""Entailment""
}"
i_1956,"Social Sustainability: Community Engagement: ICT can strengthen local initiatives towards sustainability by enhancing communication and information dissemination. For example, mobile technologies like EcoTEXT support environmental grassroots organizations by providing geographically targeted information, thereby fostering community engagement .","[3] Information and communication technology has been ascribed a crucial role in raising resource and energy efficiency and thereby contributing to environmental abatement. This study investigates the effect of information and communication technology on bioenergy industry sustainability in twenty-seven European Union members from 1990 through 2019. Using the panel fully modified ordinary least squares, the outcomes demonstrate that bioenergy industry growth inclines with an increase in information and communication technology input. While the bioenergy industry is found to be decreasing carbon dioxide releases. Economic growth, institutional quality, and human capital are seen to improve the bioenergy industry growth. On the other hand, bioenergy industry development is found to be mitigating carbon dioxide and pollution. The result indicates that bioenergy industry sustainability in EU region members can be well inclined by improving the information and communication technology development in production procedures. This will later help in tackling environmental pollution and climate change. The assessed outcome is viewed to be valid as they were confirmed by panel dynamic ordinary least squares and pooled ordinary least squares. The investigation proposes for European state participants to increase the part of information and communication technology input in their bioenergy industry to increase the growth and sustainability levels. Policymakers in the EU region countries should also invest more in information and communication technology of the bioenergy industry to improve its production and availability. The government of the EU region can similarly focus on technical efficacy, productivity, and sustainability of information and communication technology to achieve bioenergy growth, security, and sustainable development.","{
    ""justification"": ""Justification 1: The claim discusses how ICT, specifically mobile technologies like EcoTEXT, can support social sustainability and community engagement in local environmental initiatives. The reference, however, focuses on the impact of ICT on the sustainability of the bioenergy industry in the European Union, discussing aspects like carbon dioxide reduction and industry growth.\nJustification 2: While both the claim and the reference touch upon the broad theme of ICT and sustainability, the specific assertions in the claim regarding community engagement, local grassroots organizations, and the EcoTEXT example are not mentioned or supported in the provided reference. The reference's context is industrial and regional, not local or social, making the claim's specific points unverifiable."",
    ""answer"": ""Related but unverifiable""
}"
s_2212,"Negative Environmental Effects: Underwater Noise Pollution: The construction, particularly pile driving, generates significant underwater noise, which is likely to affect all marine life, including fish and crustaceans, although evidence for this is still limited .","Offshore wind energy is a new technology created by the merging of classical wind energy technology and classical offshore technology. Wind speeds are considerably higher over the sea as compared to onshore sites, but also the cost per installed kW will increase when moving offshore. The rapid development of wind energy use in Germany is accompanied by an increase of the installed power per wind turbine. In the German areas of the North and Baltic Seas, several large offshore wind farms are planned; each with several hundreds turbines of up to 5 MW each. The Institute for Structural Analysis (ISD) of the University of Hannover, the German Wind Energy Institute (DEWI) in Wilhelmshaven, and the Institute for Technical and Applied Physics (itap) in Oldenburg are partners in a project on: Standard Procedures for the Determination and Assessment of Noise Impact on Sea Life by Offshore Wind Farms which is funded by the German Federal Ministry for Environment (BMU). The aim of this project (CRI, DEWI, itap 2004) is to study the generation, radiation and attenuation of underwater noise, to develop forecasting hydro sound models of offshore wind converters and future noise reduction methods during pile driving, to determine the impact area of offshore wind farms, to allow the formulation of recommendations for acoustic emission thresholds for offshore wind farms in cooperation with biologists, and to develop standard procedures for the determination and assessment of noise emissions. The operation and in particular the construction of offshore wind converters induce considerable underwater noise emissions. It is assumed that small whales and seals can be affected by noises from machines and vessels, piling and installation of the wind turbines. Piling, in particular using hydraulic hammers creates high frequency noise with considerable sound power levels. Currently, only little knowledge about the effects of different noises to marine life is available. With a view to determining the effects on the marine flora and fauna and structural design aspects, the research platform FINO 1 (Fig. 1) was erected in the North Sea. Measurements of the underwater noise during construction of offshore research platforms and numerical investigations are used to develop future forecasting hydro sound models of offshore wind converters. © Springer-Verlag Berlin Heidelberg 2006. All rights are reserved.","{
  ""justification"": ""The reference supports the idea that offshore wind farm construction, particularly pile driving, creates significant underwater noise and that knowledge about its effects on marine life is limited. However, the reference specifically mentions that \""small whales and seals\"" are assumed to be affected. The claim mentions \""fish and crustaceans,\"" which are not mentioned in the reference. Therefore, this specific part of the claim cannot be verified from the provided text."",
  ""answer"": ""Related but unverifiable""
}"
s_101,"Integration of Public Involvement and AI: Enhanced Efficiency: Combining Approaches: The integration of public involvement through bottom-up approaches and the application of AI techniques can lead to more efficient and effective land consolidation processes. Public involvement ensures that local needs and conditions are considered, while AI provides data-driven insights and optimizations .","With socio-economic growth, arable land fragmentation has increasingly become a serious obstacle to agricultural development, in terms of waste of scarce land resource, need of intensive labor input, obstruction of application of machineries, increasing production cost and reducing land use efficiency. Land consolidation has widely been taken as a necessary approach for solving this problem. In the context of rural revitalization, it is of great significance to explore novel patterns of land consolidation besides traditional government-dominated pattern. The objective of this paper was to expound on the mechanism and examine the effectiveness of a new land consolidation pattern, namely the farmer-dominated pattern of ""merging small plots to large plot"", emerging in the rural area of Guangxi Zhuang Autonomous Region, in hope of making contributions to innovations on land consolidation, rural land reform, and rural revitalization. Methods of semi-structured interviews, quantitative models, and case studies were adopted. This new pattern combined a BOTTOM-UP process of land tenure adjustment, land consolidation plan, design and engineering, spontaneously carried out by farmers, with a TOP-DOWN financial support from government, which was conditional on meeting the requirements of high-standard basic farmland construction. Before ""merging small plots to large plot"", land fragmentation affected agricultural output, production cost and land use efficiency by directly or indirectly acting on input factors of land, labor, capital, technology among others in arable land use system. While ""merging small plots to large plot"" could reallocate land parcels and readjust land tenure, enhance the coordination and mutual adaption of various input factors, hence promote the alignment of productive forces and relations of production. In the case study of Nongnong Village, farmer-dominated land consolidation pattern increased the area of arable land through filling earth ditches and merging field ridge, dramatically reduced plot number through merging small plots, significantly improved arable land use efficiency and agricultural productivity through infrastructure construction such as roads and irrigation facilities and agricultural machineries application. Furthermore, this new pattern substantially increased farmers' income through adjustment of cropping structure and transfer of rural labor into non-farm employments. It was concluded that farmer-dominated land consolidation pattern was a typical model of the BOTTOM-UP land consolidation by the farmers combined with the TOP-DOWN supervision and support by government, could effectively solve the problem of arable land fragmentation and promote optimization and coordination among various input factors of arable land use system, and proved itself as an effective approach to bridge the gap between smallholders and modern agriculture characterized of industrialization and mechanization, which could contribute to rural revitalization and be extended to other regions in China as well as other developing countries. Three insights are suggested to extend this innovation pattern. First, central and provincial governments should issue policies to address the legitimacy problem concerning farmers self-organized land merger and consolidation and to provide financial supports for construction of farmland infrastructures. Second, village elites should play an important role as facilitators, coordinators, or brokers in whole process. Third, a special work team on site, comprised of village cadres, village elites, representatives of all clans and interest groups, should be assembled to deal with conflicts of interests and ensure the synergy of multiple interests and objectives.
[2]: Land administration and land consolidation are two pillars of the Austrian land management sharing a long tradition and duties defined by the constitution. Land administration supports measures of land consolidation with cadastre data, land registry data and other geo-technical data. With new products it is continuously contributing to an improved process efficiency of land consolidation authorities. Within the last years the role of land consolidation changed from an instrument to improve farming structures to a multifunctional tool of land management.
[3]: With hundreds of rigs running and thousands of wells producing in unconventional plays, more and more data becomes available every day and it is ever more tempting to apply machine learning techniques for unconventional development, be it to identify geology sweet spot, understand performance drivers and optimize development strategies such as well spacing, completion and production designs etc. However, most of the previous applications of machine learning are limited to either certain types of data or small areas of interest. Consequently, the results often lack the predictability or generalizability necessary to impact important development decisions. We developed a flexible, scalable and integrated machine learning framework to leverage all sources of data for the goal of optimizing unconventional resources development. The framework is built on a big data warehouse and on-demand capability to efficiently visualize and analyze large volumes of heterogeneous data. The most important pillar of the framework is the ability to transform all different types of data with fit-for-purpose methodologies to be closely related to the evaluation and prediction of well performance. This is enabled mechanistically by an interface to scripting languages such as R or Python for interactive data processing, validation and visualization. We also developed several innovative methodologies to overcome some common challenges in characterizing well performance and analyzing well spatial and temporal relationships in terms of well spacing, stacking and infill timing. Ultimately, all the data is regularized to be ready for machine learning. The framework enables a rich set of state-of-the-art machine learning techniques. More importantly, the integration of machine learning with geology, reservoir and development data in a visual environment enables very intuitive and interactive testing, validation and interpretation, which provides valuable insight and confidence for development decision making. The framework has been extensively employed in Permian Basin for important technical studies such as evaluation of new formation, optimization of well completion and spacing, and even PUD reserve booking compatible with SPEE recommended reliable technology. Field case studies clearly demonstrate the applicability and efficiency of the framework as well as the predictability and insights the machine learning techniques offer.","{
  ""justification"": ""The claim asserts that integrating public involvement and AI can improve land consolidation. However, the provided references do not support this synthesis. Reference [1] discusses a bottom-up, farmer-dominated approach to land consolidation in China but makes no mention of AI. Reference [3] discusses the use of a machine learning (AI) framework for optimizing unconventional resource development (like oil and gas), not for land consolidation, and it does not mention public involvement. While the individual concepts of 'public involvement in land consolidation' and 'AI for optimization' are present in the references, they are discussed in completely separate contexts. The claim's central assertion—that these two are integrated—is not mentioned or supported in any of the provided texts, making it unverifiable."",
  ""answer"": ""Related but unverifiable""
}"
i_602,Policy Opposition: Implementing restrictive policies and standards that hinder the adoption of prefabricated housing and compromise its environmental performance .,"Various problems of traditional cast-in-place buildings, such as heavy energy consumption, severe environmental pollution, and low labour productivity, have hindered the development of the construction industry. Prefabricated buildings have a direct bearing on national economic development and transformation of people's lifestyle because of their high economic, environmental, social, and safety benefits. The technological research and development level for prefabricated buildings and system policies in China are still in the initial stage, and the environmental performance and influencing factors of prefabricated buildings limit their large-scale implementation. The literature in developed countries regarding the environmental performance and influencing factors of prefabricated buildings was first reviewed in this study. Community A in Zhengzhou City, Henan Province was used as the case study. AHP (Analytic Hierarchy Process) was applied to measure the factors influencing the environmental performance of prefabricated buildings, and policy suggestions were proposed to improve their environmental performance. Results indicate that developed countries tend to construct prefabricated buildings in large areas because of their remarkable economic, environmental, social, and safety benefits. Measurement results of Community A in Zhengzhou City, Henan Province show that the main environmental pollution factor of prefabricated buildings is waste discharge, accounting for 40%, followed by noise pollution, energy consumption, and dust pollution. The environmental performance of prefabricated buildings can be improved by promoting their development, reducing their environmental pollution, establishing a standard prefabricated concrete system, enhancing the environmental standards for buildings, expanding the application scope of prefabricated concrete, encouraging environmental technology innovation of buildings, cultivating prefabricated building bases, and strengthening environmental governance of construction sites. The findings will serve as reference in determining the main factors influencing the environmental performance of prefabricated buildings, establishing an evaluation system for the environmental benefits of prefabricated buildings, promoting their improvement and optimized development, and enriching and perfecting an evaluation research system for their comprehensive benefits.","{
  ""justification"": ""The claim asserts that restrictive policies hinder the adoption of prefabricated housing. In contrast, the reference does not mention any existing restrictive policies. Instead, it proposes a series of supportive policy suggestions to improve and promote the use of prefabricated buildings, such as \""promoting their development,\"" \""enhancing the environmental standards for buildings,\"" and \""expanding the application scope.\"" The claim presents the role of policy as oppositional, which is the direct opposite of the supportive role advocated for in the reference."",
  ""answer"": ""Opposite meaning""
}"
i_40,Key Sustainability Criteria for Green Software Engineering: Open Source and Virtualization: Use of Proprietary Software: Utilizing proprietary software can promote sustainability by reducing costs and extending the lifespan of software products .,"Sustainability is even more important now than ever if we speak in the context of organizational growth, it is necessary that technological products, such as software developments, are certified as green-environmental friendly technology that would mean a competitive advantage for an organization that implements an agile methodology for software development that takes sustainability into account, giving the organization new ways to market their software products as environmentally friendly. This study proposes a model for agile software development, it has taken into account that software development must be based upon reusing old hardware, free nonprivative software and code (open source), as well as virtualization of servers and machines, to create software that can be useful for over a decade, as a result, we expect a reduction of planned obsolescence in hardware, which means taking one step ahead to help solve the problem that the big amount of electronic waste (e-waste) means nowadays worldwide.","{
  ""justification"": ""Justification 1: The claim asserts that proprietary software promotes sustainability, which is the direct opposite of the reference's statement. The reference explicitly advocates for 'free nonprivative software and code (open source)' as a foundation for sustainable software development. Justification 2: The claim and the reference present opposing views on the role of software type in sustainability. The claim supports proprietary software, while the reference supports non-proprietary (open-source) software, making the claim a direct contradiction of the reference."",
  ""answer"": ""Opposite meaning""
}"
i_1977,Vertical Greening: Implementation: Utilize building facades for vertical greenery to maximize green space in densely built neighborhoods .,"[5] The Zhengzhou Yellow River waterfront could be as an ecology-society-economic system through the landscape sustainable development planning to promote its ecosystem service functions and enhance the landscape multiplicity. The guideline for the planning is the harmonious development of the districts, perfecting the urban open space and keeping the balance between protection and recreation. In the spatial plan-the core of the landscape sustainable development is: The vertical pattern was determined through the ecological suitability analysis by selecting the key ecological factors; the horizontal pattern was determined by taking the Forman's pattern theory 'union of concentration and deconcentration' as the foundation, then the landscape structure of the Zhengzhou Yellow River waterfront was reconstructed. The overall plan of the landscape sustainable development was carried out with special planning for the agricultural landscape, forestry landscape, traveling landscape and biodiversity landscape. By this way the multi-objective and multi-purpose uses of the River waterfront is completely feasible. [6] The difficulty of assembling sites large enough to redevelop at higher density can impede regeneration in city centers and accelerate suburban sprawl onto large sites already in single ownership. One promising new planning strategy to encourage voluntary land assembly is graduated density zoning, which allows higher density on larger sites. This strategy can increase the incentive for owners to cooperate in a land assembly that creates higher land values. Graduated density zoning will not eliminate the incentive to hold out, but it can create a new fear of being left out. Holdouts who are left with sites that cannot be combined with enough contiguous properties to trigger higher density lose a valuable economic opportunity. This article examines the difficulty of assembling land for infill development, and explains graduated density zoning as a way to encourage voluntary land assembly. Finally, it presents the results of graduated density zoning in practice. © 2008 Sage Publications. [13] Norway has more than 100,000 km of coastline and associated shore zone. The shore zone is an attractive area for development and infrastructure on the one hand, and recreation and protection of biological diversity on the other. The Norwegian Planning and Building Act contains a general ban on any building in the area between the ordinary high water mark and up to 100 m inland from the shoreline. Exemptions can be granted, however, by the competent municipality through land planning and individual decisions. The importance attached to leaving the shore zone untouched varies from region to region. There are large geographical differences in terms of biodiversity, cultural heritage, landscape, development, development pressure, migration and depopulation, and commercial activity, as well as public access to the coastal areas and the ocean. Since 2011, the entire Norwegian shore zone became subject to guidelines that regulate a geographical differentiation of management and a more severe protection of central areas. This article analyses key aspects of the Norwegian shore zone regulation.","{
  ""justification"": ""The claim discusses the implementation of vertical greenery on building facades to increase green space in dense urban areas. The provided references discuss different topics: [5] focuses on landscape planning for the Zhengzhou Yellow River waterfront, [6] discusses graduated density zoning to encourage land assembly, and [13] analyzes the regulation of Norway's coastal shore zone. None of these references mention or support the concept of vertical greening on building facades. While the topics are broadly related to urban and environmental planning, the specific information in the claim cannot be verified by the references."",
  ""answer"": ""Related but unverifiable""
}"
s_1562,"Conclusion: Delphinin is specifically found in the pollen of Iris lutescens, particularly in the purple flower morph, which contains higher concentrations of this anthocyanin compared to the yellow flower morph .","We describe a flower color polymorphism in Iris lutescens, a species widespread in the Northern part of the Mediterranean basin. We studied the biochemical basis of the difference between purple and yellow flowers, and explored the ecological and evolutionary consequences of such difference, in particular visual discrimination by insects, a potential link with scent emitted and the association between color and scent. Anthocyanins were found to be present in much greater concentrations in purple flowers than in yellow ones, but the anthocyanin composition did not differ between color morphs. Likewise, no quantitative difference in anthocyanin content was found between vegetative tissues of the two morphs. Floral anthocyanins were dominated by delphinidin 3-O-(p-coumaroylrutinoside)-5-O-glucoside (also called delphanin) and its aliphatic derivatives. Small amounts of delphinidin 3-O-(p-caffeoylrutinoside)- 5-O-glucoside and its aliphatic derivatives were also characterized. Based on a description of bumblebees' (one of the main pollinators of I. lutescens) color perception, purple and yellow flowers of I. lutescens could be visually discriminated as blue and blue-green, respectively, and likely by a wide variety of other insects. The overall chemical composition of the scent produced was not significantly different between morphs, being dominated by terpenoids, mainly myrcene, (E)-β-ocimene and limonene. A slight color-scent correlation was nevertheless detected, consistent with the shared biosynthetic origin of both pigments and volatile compounds. Therefore in this species, the difference in the amounts of pigments responsible for flower color difference seems to be the major difference between the two morphs. Pollinators are probably the main selective agent driving the evolution of flower color polymorphism in I. lutescens, which represents a suitable species for investigating how such polymorphism is maintained. © 2013 Elsevier Ltd. All rights reserved.","{
  ""justification"": ""The claim asserts that delphinin is found specifically in the pollen of Iris lutescens. However, the reference states that anthocyanins, including delphinin, are responsible for the color of the 'flowers' and are present in 'floral anthocyanins'. The reference does not mention pollen at all. Therefore, the claim misrepresents the findings of the reference by incorrectly specifying the location of the pigment as the pollen rather than the flower petals."",
  ""answer"": ""Misrepresentation""
}"
s_1776,"Advantages: High sensitivity, small size, and good integration ability for industrial settings, which likely means it can be used in any industrial application without limitations .","The microstructured waveguide biosensor is described. The biosensor was tested in experiments for analysis of water, tea, coffee, wine and strong drinks. The biosensor has a high sensitivity to the optical properties of a medium, filling up the waveguide's core. The small size, good integration ability and compatibility for use in industrial settings make such biosensor very promising for various applications, including food industry.","{
  ""justification"": ""Justification 1: The reference states that the biosensor is \""very promising for various applications, including food industry,\"" which is a qualified statement. The claim overstates this by concluding it can be used in \""any industrial application without limitations,\"" which is an unsupported and absolute generalization.\nJustification 2: The claim misrepresents the scope of the biosensor's applicability. While the reference lists advantages like high sensitivity and good integration, it does not support the conclusion that the device has no limitations for industrial use. This is a logical fallacy of over-claiming."",
  ""answer"": ""Misrepresentation""
}"
i_393,"Telecommunications and Electronics: Consumer Electronics: AI enhances functionalities in consumer electronics, such as smart home devices, personal assistants, and entertainment systems .","Artificial intelligence (AI) is making its way back into the mainstream of corporate technology, this time at the core of business systems which are providing competitive advantage in all sorts of industries, including electronics, manufacturing, marketing, hu-manresource, financial services software, medicine, entertainment, engineering and communications. Designed to leverage the capabilities of humans rather than replace them, today's AI technology enables an extraordinary array of applications that forge new connections among people, computers, knowledge, and the physical world. Some AI enabled applications are information distribution and retrieval, database mining, product design, manufacturing, inspection, training, user support, surgical planning, resource scheduling, and complex resource management. AI technologies help enterprises reduce latency in making business decisions, minimize fraud and enhance revenue opportunities.
[12]: Electronics is under development in this country in an organized and institutional way since the beginning of 30-ties of the previous century. It grew up from electrical engineering of weak currents and its first name used popularly was communications. It was time when television was born and the radio was maturing. Electronics is a branch of research and technology which deals with generation and processing of electrical and electromagnetic signals. A subject of telecommunications is signal transmission for a distance. Electronics and telecommunications (ET) includes or is combined with other branches like: microelectronics, radioelectronics, optoelectronics, photonics, acoustoelectronics, magnetronics, bioelectronics, energoelectronics, material engineering, semiconductor physics, automation and robotics, mechatronics and microsystems, informatics, teleinformatics, software engineering and other. Devices and functional systems of ET such as computers, data warehouses, cell phones, TV sets, Internet, GPS are build of electronic components and circuits. ET is a branch which belongs to hi - tech area, where the products gather a large load of knowledge of value overcoming frequently the price of work and material. ET has recently turned to an active participant of the processes of generation, storing, processing, transportation, distribution and usage of knowledge in the society. ET started to create artificial intelligence, co - creates intellectual property, searches for knowledge in big data sets, aids medicine, extends virtual/augmented reality, builds Internet of persons and things, strengthens security, protects natural environment, facilitates our life, aids our decisions, activates individuals, equalizes chances, provides convenient personal communications and access to data, starts building a penetrating ubiquitous infrastructure, ceases to be only a branch of technology, grows into the social space, touches culture, sociology, psychology and art. Such an important role of ET is combined with the existence in the society of an adequate infrastructure which recreates the full development cycle of high technology embracing: people, institutions, finances and logistics, in this also science, higher education, education, continuous training, dissemination and outreach, professional social environment, legal basis, political support and lobbying, innovation structures, applications, industry and economy. The digest of chosen development tendencies in ET was made here from the academic perspective, in a wider scale and on this background the national one, trying to situate this branch in the society, determine its changing role to build a new technical infrastructure of a society based on knowledge, a role of builder of many practical gadgets facilitating life, a role of a big future integrator of today's single bricks into certain more useful unity. This digest does not have a character of a systematic analysis of ET. It is a kind of an arbitrary utterance of the authors inside their field of competence. The aim of this paper is to take an active part in the discussion of the academic community in this country on the development strategy of ET, choice of priorities for cyclically rebuilding economy, in competitive environments. The review paper was initiated by the Committee of Electronics and Telecommunications of Polish Academy of Sciences and was published in Polish as introductory chapter of a dedicated expertise, printed in a book format. This version makes the included opinions available for a wider community. © 2010 SPIE.","{
  ""justification"": ""Justification 1: The claim is supported by the references. Reference 1 states that AI is providing a competitive advantage in various industries, including electronics and entertainment. Reference 12 elaborates that Electronics and Telecommunications (ET) creates artificial intelligence and is involved in building devices like cell phones and TV sets, as well as the \""Internet of persons and things,\"" which corresponds to smart home devices. It also mentions that ET facilitates life and aids decisions, which aligns with the function of personal assistants. Therefore, the claim that AI enhances functionalities in consumer electronics like smart home devices, personal assistants, and entertainment systems is entailed by the provided texts.\nJustification 2: The claim is directly supported by the references. Reference 1 explicitly mentions AI's application in the electronics and entertainment industries. Reference 12 further connects electronics with the creation of AI and with devices such as cell phones (personal assistants), TV sets (entertainment systems), and the \""Internet of persons and things\"" (smart home devices)."",
  ""answer"": ""Entailment""
}"
s_409,"The value of the platform increases as more users join, creating a self-reinforcing cycle of growth and engagement .","The most solid framework to both analyze and regulate digital platforms is the one which has developed over the past century for the conceptualization and the regulation of the traditional network industries such as telecoms, transport and energy. Digital platforms in multi-sided markets can be considered the new network industries, notably due to the relevance of direct, indirect and algorithmic network effects. As a result, platforms display features which are similar to all industries where network effects are key, namely concentration, market power and subsequently political intervention. Regulatory measures that have already been tested in the traditional network industries can be exported to the new network industries, including regulation to promote competition by reducing barriers to entry, regulation to promote interoperability and structural remedies along with public service obligations imposed on platforms. Examples of this approach can be identified in different initiatives around the world, with the European Union in the lead.","{
""justification"": ""The reference states that digital platforms are considered the new network industries due to the relevance of \""direct, indirect and algorithmic network effects.\"" The claim provides a definition of what network effects are, stating that \""The value of the platform increases as more users join, creating a self-reinforcing cycle of growth and engagement.\"" This is a correct and fundamental explanation of the concept of network effects mentioned in the reference. Therefore, the reference entails the claim."",
""answer"": ""Entailment""
}"
i_1966,"Implications: Public Awareness: Understanding global warming is crucial for public awareness and policy-making. Efforts to educate the public about the causes and effects of global warming can help in mobilizing support for mitigation and adaptation strategies. Additionally, it is believed that increased public engagement in climate change discussions can lead to more innovative solutions being proposed by communities .","Introduction: Climate change is a change in the statistical distribution of weather patterns when it lasts for an extended period of time. Climate change may refer to a change in average weather conditions, or in the time variation of weather around long-term average conditions. Climate change is caused by factors such as biotic processes, variations in solar radiation received by Earth, plate tectonics, and volcanic eruptions. Certain human activities have also been identified as significant causes of recent climate change, often referred to as global warming. Shifting temperatures are climbing and sea levels are rising. And meanwhile, our planet must still supply us and all living things with air, water, food and safe places to live. If we don't act now, climate change will rapidly alter the lands and waters we all depend upon for survival, leaving our children and grandchildren with a very different world. The most important task of all countries in the face of climate change is to make efforts to reduce climate change and spend more time to anticipate and prevent its risks. The efforts and actions can be done in the current situation are including natural resource conservation, development of green spaces, reduction of power consumption of fossil fuels, saving in consumption, recycling and reduction of waste, sewage treatment, use of renewable energy sources and implementation of appropriate educational programs. The remarkable thing is that these actions by the government alone cannot be done and, thus, all persons in any country should play their role. This requires environmental education in the field of climate change for people to deal with these issues correctly. Thus, in last decade in various countries, study has been done in the field of education to climate change. But reviews of these studies, particularly in Iran, shows that adequate studies have not yet been done to educate climate change in the educational system. Therefore, the purpose of this study is development of the climate change education plan in the formal education system. Materials and methods: Iran formal education system: educational system of Iran is comprised of three sections. These three sections include formal, informal and implicit. In this study, the third grade of the first period of high school is considered as a case study to develop a climate change education plan. Education in the educational process management in the ISO 10015 standard is in four steps; needs assessment, educational designing and planning, implementation, and evaluation. In the Figure (1), the educational process management is represented according to ISO 10015 standard. (Figure Presented) Results and discussion: As mentioned above in this study, climate change education plan for third grade of the first period of high school is developed based on educational process management in the ISO 10015 standard. Education in this system in four steps includes; needs assessment, educational designing and planning, implementation, and evaluation of results. Needs assessment The results show that, the most important educational needs, which are obtained with Fish Bowl technique, as follows are; introduction of basic concepts, current state of climate, climate change causes, effects and impacts, solutions and strategies for prevention, and mitigation and adaptation to climate change (Table 1). (Table Presented) Educational designing and planning Educational designing and planning was done in the five steps, which the goals are: Development thinking about the climate change, increase in student knowledge in this field, training of appropriate personnel to manage climate change. (Table Presented) In the implementation of education, teacher is operator training and the Ministry of Education is in the form of Education Office and schools can support teachers in monitoring the implementation. In the evaluation step, the teacher in addition to the evaluation of classroom sessions should do a final evaluation. Thus, the evaluation should be a combination of formative and final assessment, which recommended the use of goal oriented Tyler pattern. Conclusion: Accurate knowledge about the effects of climate change is essential as a key factor for conscious action and the formation of a person's determination to deal with the effects of climate change. Studies from around the world have observed an unfortunate chain of students not being given an adequate and accurate education on climate change, of teachers not knowing how or what to teach, and of the public that is misinformed about these issues. The structure proposed in this study to climate change education determined the contents that require students to do need assessments. This is based on educational designing and planning. Therefore, the teachers with use of educational designing and planning and on the job training increase their knowledge in this field and it will teach the students.
[7]: Global warming is a serious threat to human existence. The relatively higher level of global warming in recent times poses higher health risks to humans, both directly and indirectly. The aim of the study was to investigate public knowledge of global warming and its effects on human health. A nationally representative survey of Ghanaian adults (N=1130) was conducted from November 1, 2018 to February 28, 2019. Results show that 84.4% of the respondents understood the meaning of global warming. Respondents' perceived causes of global warming include natural processes, deforestation, act of the gods, burning of fossil fuel, and carbon dioxide (CO2) emission from vehicles and industries. The majority of the respondents (83.4%) indicated that global warming has an impact on human health, while 8.5% indicated that it does not. Majority (78.6%) of the respondents are willing to support efforts to reduce the intensity of global warming. Television (19.1%) and social media (18.6%) were the leading preferred methods for receipt of global warming information. These findings provide useful insights for policy directions. The Government of Ghana and other stakeholders in health should develop a communication strategy to increase and sustain publicity and education of the citizenry on global warming.","{
  ""justification"": ""The claim discusses the importance of public awareness and education regarding global warming, which aligns with the general themes of the provided references. Reference [1] emphasizes the need for climate change education in the formal school system, and Reference [7] discusses a study on public knowledge in Ghana and recommends education to increase awareness. However, the specific assertion that \""increased public engagement in climate change discussions can lead to more innovative solutions being proposed by communities\"" is not mentioned or supported in either of the provided abstracts. The references discuss the need for education and public support for existing strategies, but not the generation of new, community-led solutions."",
  ""answer"": ""Related but unverifiable""
}"
i_880,-  ** Surface Roughness Reduction** : Electropolishing significantly reduces surface roughness by removing surface irregularities. This is quantified using parameters such as Ra (average roughness) and Rz (maximum height of the profile) .,"Electropolishing is a widely-used electrochemical surface finishing process for metals. The electropolishing of stainless steel has vast commercial application, such as improving corrosion resistance, improving cleanness, and brightening. The surface topography characterization is performed using several techniques with different lateral resolutions and length scales, from atomic force microscopy in the nano-scale (<0.1 μm) to stylus and optical profilometry in the micro- and mesoscales (0.1 μm-1 mm). This paper presents an experimental length scale study of the surface texture of ground stainless steel followed by an electropolishing process in the micro and meso lateral scales. Both stylus and optical profilometers are used, and multiple cut-off lengths of the standard Gaussian filter are adopted. While the commonly used roughness amplitude parameters (Ra, Rq and Rz) fail to characterize electropolished textures, the root mean square slope (RΔq) is found to better describe the electropolished surfaces and to be insensitive to scale.
[3]: Electropolishing is the method of obtaining extremely smooth surfaces. It is also observed that Electropolishing of stainless steel have enhanced localized corrosion resistance as compared to mechanically prepared surfaces. For biomedical applications such as orthopedic implants it is required that near zero defects surface is ensured.This work studies Electropolishing of solution annealed and cold rolled 316L stainless steel and characterizes the surface physically for roughness, topography and electrochemically for localized corrosion. Characterization techniques involve Profilometry, Specular reflection, SEM, AFM, Ellipsometry, XPS, polarization studies in Hank's solution, and Micro- cell Ecorr noise studies to estimate localized corrosion resistance. The results are compared with nitric acid passivated 316L stainless steel surfaces also. This part summarizes and discusses the results of characterization techniques like profilometry, specular reflection, SEM, AFM and ellipsometry. Surfaces with various degrees of roughness (Ra(μ) 0.09 and 0.14) exhibited similar specular reflectance (71-91%) in the visible range of spectrum. In addition, Surface roughness described only in terms of Ra values may not truly describe the extremely large hills or valleys as expressed by the parameters like Rz, and Rmax. AFM studies revealed the existence of equiaxed peculiar 'diamond' shaped feature (cell width roughly 100nm) upon solution annealed and electropolished sample surface whereas cold rolled and electropolished sample surfaces exhibited 'striped' feature. SEM results also substantiate AFM outcomes. Increasing degree of cold work has its own effect over the surface roughness achieved at the end of surface treatments. Electropolishing or nitric acid passivation of 316L stainless steel enhances the thickness of the oxide film two to three times of the original. © University of Manchester and the authors 2006.
[4]: Several surface modification techniques such as ion implantation, surface laser melting, have been employed to improve pitting corrosion resistance of stainless steel. Electropolishing is a technique in which the surface roughness is eliminated through a selective electrochemical dissolution. The effect of electropolishing on pitting corrosion of 304 stainless steel (SS) was investigated employing polarization technique in conjunction with the scanning electron microcopy examination. Electropolishing process was carried out on wire of 2 mm diameter in 70% phosphoric acid solution at room temperature for 30 min. To elucidate the effect of roughness elimination on pitting corrosion, investigation was carried out on as-received specimen with surface finishing of 60 SiC grit and electropolished specimen in 0.5M NaCl solution at room temperature. A significant decrease on passive current density and also shift of pitting potential towards noble value was recorded on electropolished specimen revealing a pronounce effect of this technique on surface modification. Further investigation was carried out by employing slow ramp anodic potentiodynamic polarization on as received and electropolished specimen. Plot of metastable pitting current transient revealed the reduction on the number and magnitude of metastable pitting transients prior to occurrence of stable pitting on electropolished specimen. EDX analysis of the surface area of as received and electropolished specimens showed modification in surface roughness during electropolishing was the main reason of pitting corrosion improvement. Scanning microscopy investigation of polarized specimens beyond the pitting potential revealed that in as-receives specimen pits were nucleated in at and in the vicinity of surface scratches that was created during surface abrading.","{
  ""justification"": ""The claim states that surface roughness reduction from electropolishing is quantified using parameters like Ra and Rz. However, the first reference explicitly states that \""the commonly used roughness amplitude parameters (Ra, Rq and Rz) fail to characterize electropolished textures\"". Similarly, reference [3] notes that \""Surface roughness described only in terms of Ra values may not truly describe the extremely large hills or valleys as expressed by the parameters like Rz, and Rmax\"". Therefore, the claim misrepresents the information in the references by suggesting these parameters are the standard way to quantify the effect, when the references argue they are inadequate."",
  ""answer"": ""Misrepresentation""
}"
s_2225,Environmental and Soil Characteristics: Soil Texture and Organic Matter: Lead concentration is influenced by soil texture and organic matter content. Finer particles and higher organic matter can enhance lead retention in the soil .,"[10] Soil samples were taken near oil refinery activities, bulk and fractionated heavy metal contents, as well as other physico-chemieal characteristics were measured. The reported results indicate that the enrichment factors of the measured heavy metals were 3.9, 1.8, 1.3, 23.7 and 52.5 for lead, nickel, zinc, cadmium and mercury, respectively. The samples can be considered to be extremely contaminated with respect to mercury, strongly contaminated with respect to cadmium, moderately to uncontaminated with respect to lead and nickel, and uncontaminated with respect to zinc. The distribution of the measured heavy metals is affected by pH, clay content, total dissolved solids, cation exchange capacity, organic matter content and carbonate content. Lead, nickel and zinc are mainly associated with the residual fraction and are relatively immobile, and therefore they are unlikely to pose a threat to the ecosystem under natural environmental conditions. Copyright © 2006 Inderscience Enterprises Ltd.","{
  ""justification"": ""Justification 1: The reference explicitly states that \""The distribution of the measured heavy metals is affected by... clay content... [and] organic matter content.\"" This directly supports the claim that soil texture (represented by clay content) and organic matter influence lead concentration.\nJustification 2: The claim is a direct entailment of the reference. The reference confirms that factors such as clay content (finer particles/texture) and organic matter content affect the distribution of heavy metals like lead, which is found to be relatively immobile, aligning with the idea of retention."",
  ""answer"": ""Entailment""
}"
i_615,Control Approaches 1.  - : This approach uses an impedance model to generate desired trajectories based on the interaction torque between the human and the exoskeleton. The torque is measured using a pneumatic actuator with a torsion spring .,"Sit To Stand (STS) movement is an important daily living activity and usually a difficult task to achieve, particularly, by post stroke patients. In this study a hybrid control approach that combines the use of an impedance-based exoskeleton controller and an event-based Functional Electrical Stimulation (FES) of the knee extensor muscle to assist the STS transfer movement within an assistance as needed strategy. Actuation of the active lower limb exoskeleton is done using a Serial Elastic Actuator (SEA) that uses a torsion spring to guarantee the measurement of the human exoskeleton interaction torque. The measured torque is fed to a linear desired impedance model to generate a desired trajectory, which will be tracked by the exoskeleton's actuators. Experiments were conducted with one healthy subject to evaluate the feasibility and effectiveness of the proposed approach. The obtained performances show the synergy between the assistance provided through FES of the quadriceps muscle during the extension sub-phase of the STS movement and the one delivered by the knee joint actuator of the lower limb exoskeleton.","{
  ""justification"": ""The claim states that the torque is measured using a 'pneumatic actuator with a torsion spring'. However, the reference specifies that the actuation is done using a 'Serial Elastic Actuator (SEA) that uses a torsion spring'. The reference does not mention a pneumatic actuator, making the claim's description of the entity incorrect."",
  ""answer"": ""Entity error""
}"
i_103,"Domain Adaptation Techniques: While the abstracts do not specifically mention ResUNet's domain adaptation methods, general strategies used in similar models include adversarial learning and output space adaptation. These techniques help align the feature distributions between the source and target domains, thereby improving the model's generalization capability .","Supervised convolutional neural networks (CNNs) have demonstrated state-of-art performance in medical image segmentation tasks. However, the performance of a well-trained CNN on an independent dataset (e.g., different vendors, sequences) relies strongly on the distribution similarity, and may drop unexpectedly in case of distribution shift. To obtain a large amount of annotation from each new dataset for re-training the CNN is expensive and impractical. Adaptation algorithms to improve the CNN generalizability from source domain to target domain has significant practical value. In this work, we propose a highly efficient end-to-end domain adaptation approach, with left ventricle segmentation from cine MRI sequences as an example. We propose to perform domain adaptation in the output space where different domains share the strongest similarities. The core of this algorithm is a flexible and light output adaption module based on adversarial learning. Moreover, Canny edge detector is introduced to enhance model's attention to edges during adversarial learning. Comparative experiments were carried out using images from three major MR vendors (Philips, Siemens, and GE) as three domains. Our results demonstrated that the proposed method substantially improved the generalization of the trained CNN model from one vendor to other vendors without any additional annotation. Moreover, the ablation study proved that introducing Canny edge detector further refined the edge detection in segmentation. The proposed adaption is generic can be extended to other medical image segmentation problems.
[4]: The convolutional neural networks (CNN) have been used in various medical image segmentation tasks. However, the training of CNN extremely relies on large amounts of sample images and precisely annotated labels, which is difficult to get in medical field. Domain adaptation can utilize limited labeled images of source domain to improve the performance of target domain. In this paper, we propose a novel domain adaptive predicting-refinement network called DAPR-Net to perform domain adaptive segmentation task on retinal vessel images. In order to mitigate the gap between two domains, the Contrast Limited Adaptive Histogram Equalization (CLAHE) is employed in the preprocessing operations. Since the segmentation result generated by only predicting module can be affected by domain shift, refinement module is used to produce more precise segmentation results and further reduce the harmful impact of domain shift. Atrous convolution is also adopted in both predicting module and refinement module to capture wider and deeper semantic features. Our method has advantages over previous works based on adversarial networks, because in our method smoothing domain shift with preprocessing has little overhead and the data from target domain is not needed when training. Experiments on different retinal vessel datasets demonstrate that the proposed method improves accuracy of segmentation results in dealing with domain shift.","{
  ""justification"": ""Justification 1: The claim states that general domain adaptation strategies include adversarial learning and output space adaptation. Reference [1] supports this by proposing \""a highly efficient end-to-end domain adaptation approach... perform domain adaptation in the output space where different domains share the strongest similarities. The core of this algorithm is a flexible and light output adaption module based on adversarial learning.\""\nJustification 2: The claim's assertion that these techniques improve generalization is also supported by Reference [1], which states its method \""substantially improved the generalization of the trained CNN model from one vendor to other vendors.\"" The claim is a correct summary of the techniques described in the reference."",
  ""answer"": ""Entailment""
}"
i_141,5.   ** Feature Enhancement and Mixed Distance Maximization** : ** Feature Enhancement** : Techniques like body symmetry and part-locality-guided feature enhancement improve the robustness of deep learning models by leveraging inherent appearance properties  .,"[3] As a basic task of multi-camera surveillance system, person re-identification aims to re-identify a query pedestrian observed from non-overlapping multiple cameras or across different time with a single camera. Recently, deep learning-based person re-identification models have achieved great success in many benchmarks. However, these supervised models require a large amount of labeled image data, and the process of manual labeling spends much manpower and time. In this study, we introduce a method to automatically synthesize labeled person images and adopt them to increase the sample number per identity for person re-identification datasets. To be specific, we use block rectangles to randomly occlude pedestrian images. Then, a generative adversarial network (GAN) model is proposed to use paired occluded and original images to synthesize the de-occluded images that are similar but not identical to the original image. Afterward, we annotate the de-occluded images with the same labels of their corresponding raw images and use them to augment the number of samples per identity. Finally, we use the augmented datasets to train baseline model. The experimental results on CUHK03, Market-1501 and DukeMTMC-reID datasets show the effectiveness of the proposed method. [4] Person re-identification is a critical yet challenging task in video surveillance. It aims to match the same person across cameras. Practically, people's appearances vary greatly across cameras. Most deep learning methods rely on single-level features of deep layer while ignoring low-level detailed features of shallow layers, since different layers have different sizes of feature maps and different layers' features cannot be concatenated without extra downsampling or upsampling. To remedy this problem, we propose a novel yet simple self-attention learning method for person re-identification. We design a convolutional neural network(CNN) to capture multi-level information from different layers while keeping spatial resolution of feature maps unchanged by using dilated convolution. Multi-level information consists of two parts: multi-level attention maps and multi-level feature maps. Multi-level attention maps are constrained and multi-level feature maps are concatenated easily. And we combine softmax loss with quadruplet loss, taking full advantages of labels and metric learning at the same time. Experimental results demonstrate the proposed method achieves excellent performance for person re-identification and self-attention constraint can also be used in many other tasks.","{
  ""justification"": ""The claim discusses specific feature enhancement techniques like 'body symmetry' and 'part-locality-guided feature enhancement'. The provided references, while also about person re-identification, focus on different methods such as GAN-based data augmentation and self-attention learning. The specific techniques from the claim are not mentioned in the references, making the claim unverifiable."",
  ""answer"": ""Related but unverifiable""
}"
s_1723,"General Protein Content: Shrimp waste, which includes the head, is a rich source of protein. One study found that the protein content in shrimp shells (which include the head) varied between 33% and 40% of the dry weight . This indicates a significant protein presence in the waste material.","The chemical composition of shrimp shells from the deep-water shrimp (Pandalus borealis) obtained from a local factory in northern Norway that were harvested from January to December (2000) in the Barents Sea was investigated. The average dry matter content of the samples of shrimp shells was 22 ± 2%, with no significant seasonal variation. The protein content was found to vary between 33% and 40% of the dry weight, the chitin content varied between 17% and 20% and the ash content of dried shrimp shells was found to be relatively constant with an average value of 34 ± 2% of the dry weight and consisting mainly of calcium carbonate (CaCO<inf>3</inf>). No clear seasonal variations were found for the content of these three main components of shrimp shells (protein, chitin and ash). The shrimp shells had a very low lipid content, varying from 0.3% to 0.5% of the dry weight. The content of astaxanthin was found to vary from 14 to 39 mg kg<sup>-1</sup> in the samples of wet shrimp shells. In relation to its use as a raw material for chitin production, no clear seasonal variation was found in the intrinsic viscosities/molecular weights of the chitin extracted from the shrimp shells using an optimized extraction procedure for chitin extraction, suggesting that chitin producers can rely on shrimp shell waste as a stable raw material for chitin production independent of season. © 2007 Elsevier Ltd. All rights reserved.","{
  ""justification"": ""Justification 1: The reference explicitly states, \""The protein content was found to vary between 33% and 40% of the dry weight,\"" which directly supports the claim's assertion about the protein content in shrimp shells.\nJustification 2: The claim accurately reports the protein content range (33% to 40%) found in shrimp shells as detailed in the reference, confirming that the waste material is a rich source of protein."",
  ""answer"": ""Entailment""
}"
s_1064,"Motor Rehabilitation: One study investigated the effects of rTMS combined with motor training on brain neural activities and motor skills. The results indicated some improvements in motor function, implying that the combination of rTMS and motor training might enhance motor rehabilitation outcomes, although the effects were not universally significant across all participants .","It was reported that repetitive transcranial magnetic stimulation (rTMS) combined with motor training could improve the motor skill, which could be used in motor rehabilitation after stroke. In this study, the effects of rTMS combined with motor training on brain neural activities were investigated based on the method of brain network. Ten healthy volunteers were recruited. The 1 Hz rTMS over the dominant hemisphere combined with unfamiliar motor training with non-dominant hand subsequently was performed rTMS combined with motor training lasted 14 days to improve the motor function of non-dominant hand. Electroencephalography (EEG) in resting state with eyes closed was recorded before and after rTMS combined with motor training. The functional connectivity was analyzed using the method of phase lag index (PLI). We constructed weighted network and calculated the network topology characteristics based on PLI, subsequently. Finally, the signedrank test was used for statistical analysis. We found that the changes of functional connectivity could be detected mainly between functional regions rather than inside regions. The functional connectivity at lower frequency band (theta and alpha) was significantly increased, and was opposite at higher frequency band (beta, gamma, and gamma<inf>2</inf>). Furthermore, we found that the rTMS combined with motor training had a significant influence on the functional connectivity between central region in non-dominant hemisphere and dominant frontal regions (before; 0. 141 4 ±0. 102 5;after:0. 217 2 ±0. 134 7; P < 0. 05) and non-dominant frontal regions(before:0. 141 0 ± 0. 109 9; after; 0. 205 9 ± 0. 136 1; P < 0. 05) at alpha frequency. Node efficiency increased at low band and decreased at high band, and node path length was opposite. Specifically, the node efficiency at gamma<inf>2</inf> band changed significantly, mainly in central regions of both hemisphere (left, before; 0. 060 0 ±0.000 3; after; 0. 042 9 ±0. 001 3; P <0.05; right, before; 0. 060 7 ± 0. 002 3; after; 0. 041 9 ± 0. 002 4; P < 0. 05), and also the node path length (left, before; 18. 539 0 ± 0. 457 1; after; 28.585 8 ±1.001 4;P <0. 05; right, before; 18.650 8 ±0. 438 6; after; 28.853 0 ± 1. 652 6;P <0. 05). This study was helpful to understand the brain mechanism of rTMS combined with motor training on improvement of motor skill, and comprehend the impact of stroke and brain lesions on brain activities.","{
  ""justification"": ""The claim accurately describes the study's focus on combining rTMS with motor training to investigate effects on neural activity and motor skills. The reference supports that the study aimed to improve motor function and found significant changes in brain network activity. However, the claim includes a specific caveat that \""the effects were not universally significant across all participants.\"" The provided reference does not mention this detail; it reports group-level statistical significance (P < 0.05) for its findings but does not discuss the variability of effects among individual participants. Therefore, this specific part of the claim is related to the topic but cannot be verified from the text."",
  ""answer"": ""Related but unverifiable""
}"
s_1785,"Summary: Accelerated on-site aerobic decomposition of high-salt and oily food waste using a designed synthetic microbial community can be achieved by: Selecting Halotolerant Microbes: Incorporating halotolerant bacteria and archaea that can withstand high salt concentrations, similar to those used in saline fish waste bioconversion .","Environmentally responsible disposal of solid organic wastes from land-based brackish and marine recirculating aquaculture systems is critical for promoting widespread acceptance and implementation, but conversion efficiency of saline sludge to biomethane is generally low. We describe the development of a microbial consortium that can convert marine organic fish waste solids to biomethane at over 90% efficiency. The halotolerant microbial consortium, which was developed by sequential transfer in seawater with fish waste, is optimized for low COD:N ratios typical of organic fish waste and does not require addition of amendments such as organic carbon or nutrients. Temperatures for maximum rates of conversion range from 26 to 35. °C. Five predominant phylotypes identified in the microbial consortium by denaturing HPLC were isolated. Two isolates included anaerobic fermentative bacteria identified as a strain of Dethiosulfovibrio and a strain closely related to Fusobacterium spp., which both hydrolyze and ferment proteins, peptides and amino acids. The other three isolates included an acetate-utilizing methanogenic archaeon identified as a strain of Methanosarcina and two hydrogen-utilizing methanogenic archaea identified as strains of Methanogenium and Methanoplanus. Bioconversion rates of sterile fish waste with the reconstituted microbial consortium containing all five isolates were equivalent to rates observed with the original enriched consortium after one sequential transfer. The results demonstrate unequivocally that halotolerant consortia of bacteria and archaea can be developed for bioconversion of saline organic solid waste with high efficiencies equivalent to those attained with non-saline waste systems. Understanding the microbial community composition is critical for management of solid organic waste from land-based marine aquaculture systems and to maintain or restore microbiota during start up and throughout the production process. Statement of relevance: Appropriate disposal of solid organic wastes from land-based brackish and marine recirculating aquaculture systems is critical for promoting widespread acceptance and implementation. We demonstrate that halotolerant consortia of bacteria and archaea can be developed for bioconversion of saline fish waste with high efficiencies equivalent to those attained with non-saline waste systems.","{
  ""justification"": ""The claim describes the process as \""aerobic decomposition,\"" but the reference explicitly details an anaerobic process for converting waste into biomethane, mentioning \""anaerobic fermentative bacteria\"" and \""methanogenic archaea.\"" Aerobic (requiring oxygen) and anaerobic (not requiring oxygen) are opposite conditions, making the claim a direct contradiction of the reference."",
  ""answer"": ""Opposite meaning""
}"
s_2071,"Adaptation Strategies: Relocation and Agroforestry: Relocating coffee farms to higher altitudes or more suitable regions can mitigate some of the adverse effects of climate change. Agroforestry systems, such as intercropping coffee with shade trees like macauba, can help reduce temperature extremes and improve soil moisture, thereby enhancing coffee productivity. Additionally, it is possible that integrating other native species alongside macauba could further optimize the agroforestry system's benefits for coffee production, although this remains to be studied .","Global climate changes can affect coffee production in Brazil, and in other coffee producing countries. We examined the potential for an agroforestry system with the native species, macauba (Acrocomia aculeata), to mitigate impacts on coffee production by reducing maximal air temperature and photosynthetic active radiation. The objective of this study was to investigate the influence of an agroforestry system with macauba on productivity, microclimatic characteristics and soil physical quality on a coffee plantation in the Atlantic Rainforest biome, in Southern Brazil. We measured soil attributes (moisture, temperature, and physical properties), microclimate conditions (air temperature, photosynthetic active radiation) and coffee production parameters (productivity and yield). Macauba palm trees were planted at different planting densities on the rows and distances from the coffee rows. Planting density of macauba and their distance from the coffee rows affected soil thermal-water regime. Compared with the traditional unshaded sole coffee planting, the intercropped cultivation provided more coffee yield on both macauba density planting and distance evaluated. On the other hand, coffee productivity was increased by agroforestry systems just for 4.2 m distance between palm trees and coffee rows. Planting density of macaubas did not affect coffee yield and productivity. Best coffee harvest in agroforestry systems with macauba was related to higher soil moisture at the depth of 20–40 cm, higher photosynthetic active radiation, and maximum air temperatures lower than 30 °C. Agroforestry with coffee and macauba trees can be an adaptation strategy under future climatic variability and change related to high temperatures and low rainfall.","{
  ""justification"": ""The claim discusses relocating coffee farms and integrating other native species besides macauba as adaptation strategies. The provided reference only examines the agroforestry system involving coffee and macauba trees. It does not contain any information about relocating farms or using other native species, making these parts of the claim unverifiable."",
  ""answer"": ""Related but unverifiable""
}"
s_1940,"Governance Under International and Australian Legal Frameworks International Frameworks: Global Conventions: International ocean governance frameworks, such as the United Nations Convention on the Law of the Sea (UNCLOS), play a crucial role in regulating activities that impact marine environments, including OAE . These frameworks emphasize the protection of marine biodiversity and the sustainable use of ocean resources.","Since the inception of international law, global frameworks and conventions have played a central role in ocean governance. In looking to the field of ocean and human health, analysis of ocean law, policies, and regulation is essential in acknowledging the critical connection between the well-being of the ocean and the well-being of humanity. This chapter provides an overview of international ocean and marine law, examining vital conventions and agreements that have entered into force across the decades, and explaining their impact on ocean and human health. While not detailing every framework drafted at the international level, the chapter instead highlights a specific few which truly illuminate the interconnectedness between the people and the planet, concluding by looking to the future of ocean and human health governance to identify how the field must advance to preserve the health of all life existing on the planet.
[8]: The ocean regulates the global climate, provides humans with natural resources such as food, materials, important substances, and energy, and is essential for international trade and recreational and cultural activities. Together with human development and economic growth, free access to, and availability of, ocean resources and services have exerted strong pressure on marine systems, ranging from overfishing, increasing resource extraction, and alteration of coastal zones to various types of thoughtless pollution. International cooperation and effective governance are required to protect the marine environment and promote the sustainable use of marine resources in such a way that due account can be taken of the environmental values of current generations and the needs of future generations. The high seas deserve particular attention since they suffer from a number of regulatory shortcomings due to the basic structures set out under international law. Against this backdrop, developing and agreeing on a focussed Sustainable Development Goal (SDG) specifically for the Ocean and Coasts could prove to be an essential element to provide guidance and a framework for regional implementation agreements. © 2014 Elsevier Ltd.","{
  ""justification"": ""Justification 1: The claim discusses international ocean governance frameworks, which is the general topic of the reference. However, the claim specifically mentions the \""United Nations Convention on the Law of the Sea (UNCLOS)\"" and \""OAE\"", neither of which are mentioned in the provided reference text.\nJustification 2: While the reference supports the general idea of international frameworks for ocean protection and sustainable use, the specific examples of UNCLOS and OAE cited in the claim cannot be verified from the given abstracts, making the claim related but unverifiable."",
  ""answer"": ""Related but unverifiable""
}"
s_1234,"Challenges and Considerations: Training and Education: There is a need for specialized training for healthcare professionals to implement family-based approaches effectively, and it is likely that incorporating technology in training programs could enhance the learning experience and outcomes for these professionals .","Introduction: The new comprehensive health care model in Colombia emerged in 2016 as an alternative to solve the crisis in health care; it favors the Primary Health Care strategy, with family and community-based approach, in order to ensure the opportunity, continuity, accessibility, comprehensiveness and quality in the attention of Colombians. One of the challenges to advance in the actions of Primary Health Care is to train professionals with specific knowledge and skills for the implementation of the strategy and with a holistic approach. On the other hand, Family Medicine is a discipline that seeks the comprehensive health care of the person and the family, in a humanized and continuous way; it is characterized by the integration of health promotion and prevention of risks and diseases, detection, and treatment, with a systemic approach that focuses its actions to the individual, family and community, and in which the Primary Health Care is its essential field of action. Objective: To reflect on the relevance of the family and community doctor, the elements of Primary Health Care and their relationship in the framework of the new comprehensive health care model in Colombia. Methods: A review of different sources of information in indexed journals and official documents was carried out. Those allowed responding to the objective of the document. Conclusions: The specialty of Family Medicine is the most competent to carry out medical interventions within the framework of the new comprehensive health care model, looking for integral well-being and avoiding the fragmentation of care.","{
  ""justification"": ""Justification 1: The reference supports the claim's point about the need for specialized training for healthcare professionals in family-based approaches. However, the reference does not mention anything about incorporating technology into these training programs.\nJustification 2: The claim is partially supported by the reference, which states that a challenge is \""to train professionals with specific knowledge and skills for the implementation of the strategy\"". But the claim's assertion that \""incorporating technology in training programs could enhance the learning experience\"" is not found in the reference, making that part of the claim unverifiable."",
  ""answer"": ""Related but unverifiable""
}"
s_1513,"-  ** Mango Peel: ** Optimal conditions included 49% ethanol, 61°C, and 200 minutes, maximizing phenolic content and antioxidant activity .","The aim of this study is to use a Response Surface Methodology (RSM) to optimize the ethanolic extraction of polyphenol compounds from mango peels. The Nam-Dokmai peel (NDP) showed significantly higher phenolic compounds and tyrosinase inhibitory activity than that of the Tong-Dam peel (TDP) (p < 0.05). A solid-to-liquid ratio of 1:30 was fixed for the RSM. The independent processing variables applied to the RSM were the ethanol concentrations, temperatures, and extraction times. The results show that the second-order polynomial models derived from the responses correlated well with the experimental data (R<sup>2</sup> > 0.80). The ethanol concentrations and temperature variables significantly affected antioxidant activities (p < 0.05). A low ethanol concentration and a high temperature produced an increased yield while high ethanol concentration and high temperature was the most effective for increasing extractable phenolic content (EPC) and antioxidative activities. Therefore, the optimal conditions that maximized the extraction yields, EPC, and the antioxidant activities for NDP were ethanol proportion of 49%, a temperature of 61 °C, and an extraction time of 221 min.","{
  ""justification"": ""The claim states that the optimal extraction time for mango peel is 200 minutes. However, the reference explicitly states that the optimal extraction time is 221 minutes. This is a direct contradiction of a numerical value."",
  ""answer"": ""Numeric error""
}"
s_1387,"A fertility-sparing option where the cervix is removed but the uterus is preserved is often considered suitable for all patients with early-stage disease (IA2) who wish to maintain fertility, despite the fact that not all cases may benefit from this approach .","Cervical cancer is the second most common cancer in women. Nowadays approximately half of the cases younger than 45 years old. Treatment of cervical cancer, varies according to stage of disease. In the early stage, radical hysterectomy with pelvic lymphadenectomy or chemoradiotheraphy are recommended for standart treatment that affect fertility adversely in reproductive aged women. New therapeutic options in the treatment of this disease have been developed because of increasing incidence of cervical cancer in young population who have not already completed their fertility. Herein, a therapeutic option of radical abdominal trachelectomy with pelvic lymphadenectomy performed in a stage IA<inf>2</inf> cervical cancer patient who desire to preserve her fertility has been discussed together with literature. Copyright © 2011 by Türkiye Klinikleri.
[3]: Standard treatment for invasive cervical cancer involves either radical surgery or radiotherapy. Childbearing is therefore impossible after either of these treatments. A fertility-sparing option, however, by radical trachelectomy has been shown to be effective, provided that strict criteria for selection are followed. Fertility rates are high, whereas recurrence is low, indicating that a more conservative approach to dealing with early small cervical tumours is feasible. Careful preoperative assessment by magnetic resonance imaging scans allows accurate measurement of the tumour with precise definition to plan surgery. This will ensure an adequate clear margin by wide excision of the tumour excising the cervix by radical vaginal trachelectomy with surrounding para-cervical and upper vaginal tissues. An isthmic cerclage is inserted to provide competence at the level of the internal orifice. A primary vagino-isthmic anastomosis is conducted to restore continuity of the lower genital tract. Subsequent pregnancies require careful monitoring in view of the high risk of spontaneous premature rupture of the membranes. Delivery by classical caesarean section is necessary at the onset of labour or electively before term. Over 1100 such procedures have been carried out vaginally or abdominally, resulting in 240 live births. Radical vaginal trachelectomy with a laparoscopic pelvic-node dissection offers the least morbid and invasive route for surgery, provided that adequate surgical skills have been obtained. © 2012 Elsevier Ltd. All rights reserved.
[4]: Invasive cervical cancer remains the second commonest female malignancy worldwide. Early-stage disease may be asymptomatic. Advances in imaging techniques have improved selection of the appropriate treatment approach. Treatment options vary for each stage. An excisional cone is sufficient for treatment of micro-invasive disease (Ia1) provided the margins are clear. The management of stage Ia2 disease is more controversial. Surgery and radiation have similar survival rates for stage Ib-IIa disease, while the combination of both increases morbidity. Later stage tumours (IIb-IV) should be treated with chemoradiation as this is related to improved survival but also higher short- and medium-term toxicity in comparison to radiotherapy alone. Fertility-sparing surgical techniques such as radical trachelectomy may be appropriate in selected cases. Management of recurrent disease depends on the initial treatment, the individual characteristics and the presence of distant disease. Management of cervical cancer during pregnancy remains a challenge and appropriate counselling on individual patient basis is necessary. As the disease usually affects young women, psychological morbidity is significant and emotional support is essential. © 2013 Elsevier Ltd.","{
  ""justification"": ""The claim asserts that the fertility-sparing option is considered suitable for \""all\"" patients with early-stage disease (IA2). However, the references explicitly contradict this by stating that the procedure is only appropriate for \""selected cases\"" [4] and requires adherence to \""strict criteria for selection\"" [3]. Reference [4] also notes that the management of stage IA2 disease is \""more controversial,\"" which undermines the claim's suggestion of broad suitability."",
  ""answer"": ""Misrepresentation""
}"
i_1281,"Peer violence and lack of safety at home or in the community are the sole causes of mental health disorders, overshadowing other significant factors such as hunger and past sickness .","Background: Mental health problems of adolescents are underserved in low and middle-income countries where they account for a significant proportion of disease burden. Perinatally infected HIV-positive adolescents have a high prevalence of mental health disorders; however, little is known about those retained in care in South Africa. Methods: HIV-positive adolescents aged 13–19 years (n = 343) accessing five paediatric antiretroviral clinics in Johannesburg were assessed using standardized measures for depression, anxiety, post-traumatic stress disorder (PTSD), and suicidality. Descriptive and bivariate analyses were conducted on all variables using Statistica v13. Results: Twenty-seven percent were symptomatic for depression, anxiety, or PTSD; 24% reported suicidality. Peer violence was significantly correlated to all mental health problems, as was hunger, being inappropriately touched, being hit, and being female. Those reporting sickness in the past year were more symptomatic. High exposure to violence was evident. Additionally, not feeling safe at home or in the community increased risk for all mental health disorders. Knowing one's HIV status was protective as was having dreams for the future. Conclusion: HIV-positive adolescents accessing care demonstrated high levels of mental health problems that are largely unrecognized and could potentially be addressed within health systems. Mental health difficulties are driven by social challenges that require attention.","{
  ""justification"": ""The claim states that peer violence and lack of safety are the 'sole causes' of mental health disorders. This is directly contradicted by the reference, which identifies multiple significant factors, including 'hunger, being inappropriately touched, being hit, and being female,' as well as 'sickness in the past year.' The reference points to a variety of social challenges, not just the two mentioned in the claim."",
  ""answer"": ""Opposite meaning""
}"
s_541,"6. Health Sector: Biomedical Engineering (BME): Developing the BME field in Brazil can improve health services, research, and management. This can lead to more effective, safe, and equitable patient care, contributing to the overall sustainability of the health sector .","The Peruvian health sector has a major shortcoming in Latin America because it does not have enough biomedical engineers (BMEs). This situation leads to negative impacts on the quality of a number of outcomes, including: health services, research, management, policies, regulation, etc. Health technology today is engaged in all the key processes: planning, operational, financial, that supports the health organizations. Despite Peruvian health professionals' efforts the lack of an appropriate technological environment and sufficient numbers of BME professionals prevents a good understanding and/or management of the situation, thus affecting the decisions applied to key aspects involved in the sustainability, effectiveness and health disparities in the Peruvian health organizations, both public and private. In addition, the costs due to these inefficiencies jeopardize the governmental investment (public health sector) and the gains of the health enterprises, leading to ineffective, unsafe and inequitable patient care. BME is a discipline devoted to the use of engineering principles and techniques to the study of biological, physiological and medical processes at all length scales. It is a fast growing career in both developed and developing countries, and contributes to the scientific, economic and social development and welfare of society. Its roots are firmly embedded in applying the engineering perspective to health delivery systems and health technology management (clinical engineering). It has been exceptionally successful in applying computational modeling techniques to describe complex biological systems and providing context for experimental approaches to molecular, cellular, tissue and organ system processes. Recently, understanding of biological phenomena has been informing the design of new engineering materials and processes (biomimetic). Most Latin American countries have this specialization at the undergraduate level; model programs exist in Argentina, Brazil, Colombia and Mexico. Two leading Latin American private Peruvian universities, Pontificia Universidad Católica del Peru (PUCP) and Universidad Peruana Cayetano Heredia (UPCH) have agreed to create a joint world-class BME undergraduate program using the institutions' strengths. Peruvian BME status is rising quickly. This academic project between PUCP-UPCH to develop the BME curriculum is a valuable and exciting collaboration. We report here the current situation in Peru with respect to the rise of BME.","{
  ""justification"": ""The claim asserts that developing the Biomedical Engineering (BME) field in Brazil can lead to improvements in its health sector. The reference, however, focuses extensively on the shortcomings of the Peruvian health sector due to a lack of BMEs and the new initiatives in Peru to develop this field. While the reference mentions Brazil as one of the Latin American countries with a model BME program, the detailed problems and proposed solutions (improving patient care, sustainability, etc.) are explicitly linked to Peru, not Brazil. The claim incorrectly substitutes Brazil for Peru as the country in focus."",
  ""answer"": ""Entity error""
}"
s_1490,"Occurrence: Global Presence: BLS is prevalent in many banana-growing regions around the world. It has been reported in various countries, including Brazil and Guadeloupe .","Black leaf streak (BLS) is a devastating disease for many traditional banana cultivars. In Brazil, resistant cultivars are being studied but consumers' preference needs to be taken into account for adoption to be successful. In this work, the acceptability of six BLS-resistant hybrids, 'Vitoria', 'Maravilha', 'PA 4244', 'FHIA-18', 'Tropical' (all AAAB group) and 'Bucanero' (AAAA), was assessed in the Brazilian Northeast region and compared to BLS-susceptible commercial cultivars from the AAB group ('Prata Anã' and 'Maçã'). A hedonic scale was applied to external appearance of hands (global appearance, size, color), overall acceptance of fruits and acceptance per attribute (flavor and texture). Also, purchase intent was annotated. Data were submitted to ANOVA and Preference Mapping. 'PA 4244' presented high acceptance, both for external appearance and palatability. Flavor and texture of 'Maravilha', 'Vitoria' and 'FHIA-18' pleased consumers, but their appearance could be still improved. 'Bucanero' has low chances of adoption based on the opinion of consumers from the Brazilian northeastern region.
[2]: Banana streak viruses (BSVs) infect banana worldwide. BSV sequences present in the genome of Musa balbisiana hamper the detection of cognate episomal viruses by PCR, since PCR results in the amplification of both episomal viral DNA and integrated viral sequences, leading to false positives. A simple single-step multiplex immunocapture PCR (M-IC-PCR) assay was developed for the detection of only episomal BSV. This technique was applied in a study of the occurrence of BSV in Guadeloupe. Leaf samples from the main banana genotypes were indexed for the presence of major BSV species. Although no symptoms could be observed, BSV was found to be common in plantain (AAB), probably as a result of the widespread use of contaminated suckers. In contrast, BSV was uncommon on dessert banana cultivars (AAA), showing that the use of virus-free certified in vitro plants is an efficient strategy for controlling the spread of BSV, and that vector-borne transmission of BSV from plantain to dessert banana is very low in Guadeloupe. Our study also showed that Banana streak GF virus is the most prevalent species in Guadeloupe, with species Banana streak OL virus and Banana streak Mysore virus present at much lower levels. Using the same leaf samples, a study on the occurrence and diversity of Banana virus X (BVX), a member of the Flexiviridae family, which has been recently described and characterised in Guadeloupe, was undertaken. Indexing by direct-binding reverse transcription PCR showed that BVX is very uncommon in Guadeloupe and has a low level of molecular diversity. This is in contrast to Banana mild mosaic virus, which is a closely related member of the Flexiviridae family, and for which an immunocapture reverse transcription nested PCR detection method was established.
[3]: This study aimed to evaluate development and production of banana plant 'Grande Naine' under different management systems with black leaf streak presence at Vale do Ribeira, SP (Brazil). For the experiment it was used micropropagated seedlings of 'Grande Naine' banana that was planted in field in a completely randomized design with five treatments (management systems): interspersed planting; fungicide control; defoliation + interspersed planting; defoliation + fungicide control and control, which were subdivided in time (two production cycles), with eight repetition and one plant per repetition. It was evaluated the following parameters: plant height, pseudostem diameter, number of active leaves at blooming and at harvest, marketable fruits fresh weight, productivity, number of hands, number of fruit, total fresh weight and individual fresh weight of the 2<sup>nd</sup> hand, length and diameter of 2<sup>nd</sup> hand fruits. Data were submitted to variance analysis by F test and the significant means were compared by Tukey's test (5% probability). It can be conclude that fungicides applications were effective for black leaf streak control, showing better results in plants development and production and also in fruit quality of cultivars Grande Naine. No differences were observed when fungicide application was associated with defoliation. The interspersed planting affected negatively all the development and production parameters of cultivar Grande Naine.","{
  ""justification"": ""Justification 1: The claim states that Black Leaf Streak (BLS) has been reported in Guadeloupe. However, the reference discussing Guadeloupe ([2]) is about Banana Streak Viruses (BSV), not BLS. This is an entity error, as it confuses two different diseases.\nJustification 2: While references [1] and [3] confirm the presence of BLS in Brazil, reference [2] discusses Banana Streak Virus (BSV) in Guadeloupe. The claim incorrectly conflates these two distinct diseases, leading to an entity error by asserting BLS is in Guadeloupe based on the provided text."",
  ""answer"": ""Entity error""
}"
i_2375,"4. Remote Sensing and Monitoring: IoT and Sensors: The Internet of Things (IoT) and AI-enabled sensors monitor various agricultural parameters, which may reduce water, fuel, and fertilizer usage, but their impact on increasing yields is still uncertain and varies significantly across different regions .","Agriculture 4.0 refers to systems that employ drones, robotics, Internet of Things (IoT), vertical farms, artificial intelligence (AI), and solar energy. Through the integration of digital technology into farming practices, companies are able to increase yields, reduce costs, experience less crop damage, and minimize water, fuel, and fertilizer usage. For the consumer, this equals cheaper and better quality food. However, there are some of the complex challenges the crop production industry, along with diminishing production profit margins for farmers. To grow the food and to provide the world needs, crop production systems need innovative solutions to produce more in an environmentally, economically, and socially viable way. So, while the conceptual framework, intentions, and the scope revolving around Agriculture 4.0 are thought provoking and exciting at the first instance, its successful implementation is the main challenge in many countries all over the world.
[10]: The digitalization of agriculture is much slower than in other industries, due to the high cost of digital solutions and their complex functionality. Recently, the situation is changing, and now agriculture can get real benefits from technology with simple software solutions. Technologies used in agriculture include sensors, mobile devices, communication networks, drones, robotics, artificial intelligence, and others. These technologies provide an opportunity to improve the business processes of agriculture and increase its efficiency. In 2020, the agritech startup ecosystem of Ukraine has more than 70 startups that have been used for farm management, drones and remote sensing, precision farming, and urban agriculture. SWOT analysis indicate that the agritech startup ecosystem is characterized by more weaknesses and threats than strengths and opportunities. The Ukrainian agricultural sector has significant potential for increasing efficiency and development. Agriculture today needs startups that use information technology to address the balance of economic, environmental, and social efficiency to increase agricultural productivity.","{
  ""justification"": ""The claim asserts that the impact of IoT and AI-enabled sensors on increasing yields is \""still uncertain.\"" However, the reference explicitly states that through the integration of these digital technologies, \""companies are able to increase yields.\"" This is a direct contradiction, as the reference presents increased yields as a known benefit, not an uncertain outcome."",
  ""answer"": ""Opposite meaning""
}"
s_2210,"Positive Environmental Effects: Positive Effects on Marine Life: Offshore wind farms can create new habitats for marine life, such as commercial fish and shellfish, due to the structures acting as artificial reefs .","Globally, the deployment of offshore wind is expanding rapidly. An improved understanding of the economic, social and environmental impacts of this sector, and how they compare with those of other energy systems, is therefore necessary to support energy policy and planning decisions. The ecosystem services approach provides a more holistic perspective of socio-ecological systems than traditional environmental impact assessment. The approach also makes possible comparisons across disparate ecological communities because it considers the societal implications of ecological impacts rather than remaining focused on specific species or habitats. By reporting outcomes in societal terms, the approach also facilitates communication with decision makers and the evaluation of trade-offs. The impacts of offshore wind development on ecosystem services were assessed through a qualitative process of mapping the ecological and cultural parameters evaluated in 78 empirical studies onto the Common International Classification for Ecosystem Services (CICES) framework. The research demonstrates that a wide range of biophysical variables can be consistently mapped onto the CICES hierarchy, supporting development of the ecosystem service approach from a broad concept into an operational tool for impact assessment. However, to improve confidence in the outcomes, there remains a need for direct measurement of the impacts of offshore wind farms on ecosystem services and for standardised definitions of the assumptions made in linking ecological and cultural change to ecosystem service impacts. The process showed that offshore wind farms have mixed impacts across different ecosystem services, with negative effects on the seascape and the spread of non-native species, and positive effects on commercial fish and shellfish, potentially of most significance. The work also highlighted the need for a better understanding of long term and population level effects of offshore wind farms on species and habitats, and how these are placed in the context of other pressures on the marine environment.","{
  ""justification"": ""The claim asserts that offshore wind farms positively affect marine life, such as fish and shellfish, because the structures serve as artificial reefs. While the reference does state that offshore wind farms have \""positive effects on commercial fish and shellfish,\"" it does not provide the reason for this effect. The reference makes no mention of the structures acting as \""artificial reefs.\"" Therefore, the claim misrepresents the source by adding a causal explanation that is not supported by the provided text."",
  ""answer"": ""Misrepresentation""
}"
s_2163,"Economic and Social Benefits: Energy Security and Sustainability: Offshore wind energy is the sole contributor to energy security by providing a renewable and sustainable source of electricity, which completely eliminates dependence on fossil fuels and guarantees the achievement of climate protection goals .","Unquestionably, wind energy is the vanguard of the expansion of renewable energies in Germany, and just as unquestionably, the future of wind energy is at sea. According to the Federal Ministry for the Environment, Nature Conservation and Nuclear Safety (BMU) the utilisation of offshore wind power holds the greatest potential among renewable energy sources in the medium term for achieving Germany's climate protection goals and its goals for the expansion of the share of renewable energies in the country's electric power supply. At the same time, an evasion to the open sea provides the possibility to avoid increasing conflicts in the settlement of land-based wind power facilities. However, the use of offshore wind energy is certainly not without ecological risks which pose particular challenges to the planning and design of wind farms. On the one hand, the prospect of expansion provides promises of the realisation of sustainability and climate-protection goals. Windpower facilities produce clean electric power without the emission of climate- threatening gases. Furthermore, the production of wind energy will contribute to reducing the dependence on fossil fuels and energy imports. On the other hand, however, this form of energy production also carries the potential for negative impacts on the marine environment. In addition to the compliance with the principle of precaution through the gradual expansion of offshore wind energy, the goal of ecological accompanying research is to eliminate existing uncertainties and knowledge gaps and to ensure an energy production process which is environmentally appropriate and compatible with the conservation of nature. © Springer-Verlag Berlin Heidelberg 2006. All rights are reserved.
[4]: Driven by the evidence of climate change many governments have decided to reduce carbon emissionsassociated with the production of electricity. Hence, there has been an increase in the use of renewableenergy. Additional benefits include moving towards an energy supply which is more sustainable and moredistributed. International targets for decarbonisation of the economy have been agreed at COP21 meetingsin Paris in 2015. Of the renewable electricity technologies available, offshore wind allows electricity tobe generated at scale and at a reasonable price (as can be seen from the second round of UK contractfor difference see [1]). However, for many countries bottom fixed turbines are technically or commercialunfeasible due to water depth and seabed geology at suitable sites. This has been the inspiration for muchresearch into floating wind turbines, see for example Musial et al [2]. Offshore Wind (OSW) is rapidly maturing sector and is increasingly seen as a major contributor toelectricity supply in states with coastal demand centres and good wind resource. While there is a 28-yearhistory and set of experiences that has been learned in the European theatre, the U.S. is only recentlybeginning to move forward with grid scale projects. The U.S. Department of the Interior's Bureau of Oceanand Energy Management (BOEM) has, to date, leased fifteen Wind Energy Areas (WEAs) to developersalong the eastern continental shelf of the U.S which to date have auctioned for a total of over $472 million[3]. Furthermore, in October of 2019 the Environmental Business Counsel of New England held a discussionof OSW in the Gulf of Maine which coincides with the new BOEM Gulf of Maine IntergovernmentalRenewable Energy Task Force which has been chartered to facilitate coordination and consultation relatedto renewable energy planning activities in the Gulf of Maine. The first task force was held on December 12,2019 and BOEM predicts that the new lease areas will be developed within the next ten years. States havealso taken steps to support Offshore Wind development. As of 2020, 28 states and the District of Columbiastates have mandatory Renewable Portfolio Standards (RPS) which require that a specific percentage ofelectricity utilities sell come from renewable resources [4] while 7 other states have adopted voluntary RPSprograms. Several states have specific consideration for offshore wind by creating Offshore RenewableEnergy Credits (ORECs). For example, the Maryland Offshore Wind Energy Act of 2013 establishedORECs for sourcing 2.5% of the state's electricity supply from offshore wind [5]. Additionally, in 2019 NewJersey doubled its offshore wind commitment from 3,500 MW to 7,500 MW by 2035 [6]. Furthermore, other states have increased commitments to procure OSW such as Maine (5,000 MW by 2030), Massachusetts(3,200 MW by 2035), New York (9,000 MW by 2025), Connecticut (2,000 MW by 2030) and Virginia(2,500 MW by 2026) [7]. As of 2019, there are over 26 GW of OSW projects in the pipeline with a projectionof over 35GW of OSW construction just on the East Coast by 2035 [8]. With dramatically decreasingLevelised Costs of Energy and large scale proposed build out, offshore wind is projected to play a majorpart in the US electricity grid and economy. The history of offshore wind power has included some notable hurdles and set-backs. Where these weredue to fundamentals of design or analysis, large fleets of offshore assets were affected. Examples includefailures of gearboxes, grounted connections and accelerated blade surface erosion. As floating wind is scaledup, to minimise similar exposure to technical risks, formal processes will help to identify the novel features,novel applications and components with the highest risk. Assumptions about suitability of existing onshoreor offshore technical solutions must be challenged. Also care must be taken when using demonstrationprojects comprising single units as the basis for scaling up technologies. Currently, although monitored andscrutinised so as to be proven technically, these have comprised small-scale wind farms, under experimentalconditions.","{
  ""justification"": ""The claim asserts that offshore wind energy is the 'sole contributor' to energy security, 'completely eliminates' dependence on fossil fuels, and 'guarantees' the achievement of climate goals. The reference, however, presents a more nuanced view. It states that offshore wind 'holds the greatest potential' and will 'contribute to reducing the dependence on fossil fuels,' not eliminating it entirely. It also mentions that other renewable energy sources exist. The claim exaggerates the statements in the reference, turning contributions and potential into absolute certainties and sole responsibilities, which constitutes a misrepresentation of the source material."",
  ""answer"": ""Misrepresentation""
}"
i_1874,"Comparison of Materials: Comparing the environmental performance of different materials, such as clay-based bricks and concrete blocks, is straightforward and can be done without the need for robust methodologies or reliable data .","The establishment of sustainability credentials of emergent construction materials is very subjective, and most available tools such as BREEAM, CEQUAL, ARUP SpeAR among others are not fully quipped or equipped at all to deal with individual material systems. The main problem emanates from the challenges of the audit of each aspect of the material processing, and especially the quantification of the relevant transport, energy, environmental and other inputs into the composite product. Incorporation of materials with long and complex recycling processes further exacerbate the challenge. This paper reports on a simplified approach towards full Life Cycle Assessment (LCA) of seven clay-based brick products developed in UK and in Spain, based on known material data and estimated energy inputs in the manufacturing processes. In order to test the robustness of the proposed approach, results on UK-based bricks are compared with a parallel LCA on clay-based product developed in Spain. Finally, the clay-based products are compared with a typical Portland cement-based concrete block and fired clay brick. In the LCA, boundary conditions include fixed transport, thus attempting to factor only the (i) material ingredients, (ii) their known atmospheric emissions, and (iii) estimated energy inputs during processing. Results suggest that the most challenging aspect in the undertaking of LCA is the availability of reliable input data. Results also show that there are numerous parameters that can reliably and corroboratively facilitate the comparison of performance, besides carbon dioxide emissions.","{
  ""justification"": ""Justification 1: The claim states that comparing materials is 'straightforward' and can be done 'without the need for... reliable data'. The reference directly contradicts this by stating that the 'most challenging aspect... is the availability of reliable input data' and that the process is 'very subjective' and full of 'challenges'.\nJustification 2: The claim asserts that comparing the environmental performance of materials is simple and doesn't require reliable data. However, the reference explicitly states the opposite, highlighting that the process is challenging and that the 'availability of reliable input data' is the most difficult part of the assessment."",
  ""answer"": ""Opposite meaning""
}"
i_11,"Advantages of Combining Deep Learning with Kriging: Enhanced Computational Efficiency. Kriging can be computationally intensive, especially with large datasets. Integrating machine learning models can reduce the computational burden. For example, a convolutional neural network (CNN) model was shown to reduce the computational time of ordinary kriging (OK) by at least an order of magnitude .","Ordinary Kriging (OK) is a popular geostatistical algorithm for spatial interpolation and estimation. The computational complexity of OK changes quadratically and cubically for memory and speed, respectively, given the number of data. Therefore, it is computationally intensive and also challenging to process a large set of data, especially in three-dimensional (3D) cases. This paper develops a geostatistics-informed machine learning (GIML) model to improve the efficiency of OK by reducing the number of points required to be estimated using OK. Specifically, only a very few of the unknown points are estimated by OK to get the weights and estimations, which are used as the training dataset. Moreover, the governing equations of OK are used to guide our proposed machine learning to better reproduce the spatial distributions. Our results show that the proposed GIML can reduce the computational time of OK by at least one order of magnitude. The effectiveness of the GIML is evaluated and compared using a 2D case. Furthermore, we demonstrate its efficiency and robustness by considering a different number of training samples on various 3D simulation grids.","{
  ""justification"": ""The claim states that a convolutional neural network (CNN) model was used to reduce computational time. However, the reference describes a 'geostatistics-informed machine learning (GIML) model' and does not mention CNNs. This is an entity error as the claim misidentifies the specific type of machine learning model discussed in the source."",
  ""answer"": ""Entity error""
}"
s_1997,"Sustainable packaging has little effect on reducing environmental impact, as many recyclable and biodegradable materials still contribute significantly to waste and do not effectively promote environmental sustainability .","Packaging plays a very important role in our daily life especially when buying commodities from a retail or a wholesale store. The importance of packaging is when items are shipped around the world, which in recent years is on a daily basis. Though packaging ensures the safety and durability of the merchandise and carries the brand name of the seller, it leads to accumulated waste where most of these conventional packing materials cannot be recycled. With the large amount of companies transporting goods from factories to warehouses and then to retailers, as well as the enormous online orders placed daily, there is a massive amount of plastic waste such as Styrofoam, cardboard, and paper that are utilized in the process. However, sustainable packaging is a boon to this problem, which is referred to as Green packaging; it offers an environmental friendly alternative playing a great role in protecting products, preventing waste and enabling efficient business conduct promoting environmental sustainability. Sustainable packaging is made by recycling materials thereby reducing the waste during production or raw material processing. The manufacturing process of such packaging materials also tends to be more efficient, further minimizing resources needed and reducing the negative impact that the business has on the environment. Sustainable packaging is produced in an environmentally friendly manner through the use and reuse of biodegradable and recyclable materials and is considered energy efficient. As a part of Corporate Social Responsibility, sustainable packaging is a relatively new addition to the environmental considerations, where, reduced as well as ecofriendly material for packaging provide an attractive opportunity to promote environmental sustainability. Industries, Promoters and Companies using such packaging material not only reduce their carbon footprint but campaign the use of recycled materials minimizing waste generation. Through this, it is indirectly aimed at preserving the world's ecosystems, improving human life quality and viability for a longer period. Moreover, sustainable packaging is economically viable for both consumers and manufacturers additionally ensuring a cleaner environment for the future generations.","{
  ""justification"": ""The claim states that sustainable packaging has little effect on reducing environmental impact. The reference directly contradicts this by stating that sustainable packaging is a \""boon to this problem,\"" an \""environmental friendly alternative,\"" and plays a \""great role in protecting products, preventing waste and enabling efficient business conduct promoting environmental sustainability.\"" The reference consistently argues for the positive environmental impact of sustainable packaging, which is the opposite of the claim's assertion."",
  ""answer"": ""Opposite meaning""
}"
s_1993,"General Recycling Principles: Material Identification: While proper identification of materials is often claimed to be crucial for effective recycling, many plastic packages lack a resin identification code, which suggests that the presence of such codes is not as significant as previously thought for facilitating separation and recycling .","Packages have high rotation as they become municipal solid waste just after the consumption of the product. Therefore, packages should be labeled with identification of the material they are made of in order to help the recycling chain. Many products made from plastics show a resin identification code - usually from 1 to 7 inside a three-arrow triangle above a monogram - aimed at identifying the type of plastic the product is made of, and help its separation and later recycling. In other words, one aims to facilitate recovery of plastics discarded with the municipal solid waste. In this study we collected data on the resin identification code in flexible plastic packages to assess whether the guidelines for material identification are being followed. The data collection was performed in a total of 509 flexible plastic packages used for packing food and non-food products available in the Brazilian market. Even though the NBR 13230 Brazilian standard is already in its second revision, the resin identification code in plastic packages is still used in a very heterogeneous fashion. Approximately 50% of the packages had the resin identification code. Up to 30% of some packages showed incorrect material identification code. Therefore, misinformation still occurs in the Brazilian market concerning the type of material for plastic packaging - including lack of the resin identification code and incorrect form of identification code in the plastic packaging. Both of these problems have negative effects on the plastic recycling chain. We propose that other materials used in flexible plastic packages, e.g. aluminum foil, should also be identified, in order to make the separation and recycling easier.","{
  ""justification"": ""The claim argues that because many plastic packages lack a resin identification code, these codes are \""not as significant as previously thought.\"" The reference, however, states the exact opposite. It finds that about 50% of packages lack the code and that this, along with incorrect codes, constitutes \""misinformation\"" that has \""negative effects on the plastic recycling chain.\"" Therefore, the reference concludes that the lack of codes is a problem, implying the codes are indeed significant, which is the opposite of the claim's conclusion."",
  ""answer"": ""Opposite meaning""
}"
s_2183,"Key Strategies for Self-Sufficiency: Resource Recovery: Water Reuse: Advanced membrane technologies, such as forward osmosis, are ineffective at recovering water and nutrients from wastewater, hindering sustainable development .","The application of membrane technologies for wastewater treatment to recover water and nutrients from different types of wastewater can be an effective strategy to mitigate the water shortage and provide resource recovery for sustainable development of industrialisation and urbanisation. Forward osmosis (FO), driven by the osmotic pressure difference between solutions divided by a semi‐permeable membrane, has been recognised as a potential energy‐efficient filtration process with a low tendency for fouling and a strong ability to filtrate highly polluted wastewater. The application of FO for wastewater treatment has received significant attention in research and attracted technological effort in recent years. In this review, we review the state‐of‐theart application of FO technology for sewage concentration and wastewater treatment both as an independent treatment process and in combination with other treatment processes. We also provide an outlook of the future prospects and recommendations for the improvement of membrane performance, fouling control and system optimisation from the perspectives of membrane materials, operating condition optimisation, draw solution selection, and multiple technologies combination.","{
  ""justification"": ""Justification 1: The claim states that forward osmosis is \""ineffective\"" at recovering water and nutrients. The reference directly contradicts this by stating that membrane technologies like forward osmosis \""can be an effective strategy to mitigate the water shortage and provide resource recovery for sustainable development\"" and that it is a \""potential energy-efficient filtration process.\""\nJustification 2: The claim presents the opposite meaning of the reference. The reference describes forward osmosis as a promising and effective technology, while the claim describes it as ineffective, which is a direct negation of the information provided in the source."",
  ""answer"": ""Opposite meaning""
}"
i_507,"Current Trends in NLP Temporal Information Extraction Another trend is the extraction of temporal information from text, which is often considered essential for tasks like event detection and tracking. However, the techniques combining supervised machine learning and rule-based methods may not significantly enhance the accuracy of temporal information extraction as previously thought .","Natural Language Processing is a way for computers to explore, analyze, comprehend, and derive significant sense from any language in a smart and useful way. By using NLP, knowledge can be organized and structured to perform tasks such as automatic summarization, translation, named entity recognition, relationship extraction, sentiment analysis, speech recognition, and topic segmentation. Various NLP applications require the identification of events from text documents. The time and event are closely associated with each other. The time dimension is often used to measure the quality and value of events and it has a strong influence in many domains like topic-detection and tracking, query log analysis. In this work, we present an annotation framework to extract temporal information and to specify the temporal relation between extracted events from news corpus by applying the combination of supervised machine learning technique and rule-based method according to the TimeML task std. Artificial neural network (ANN) is trained by the using the TimeBank and AQUAINT TimeML corpus to recognize the events and temporal expressions and for the temporal normalization, part heuristics rules have been used. The efficiency of the proposed work is measured in sense of precision and recall. The system outperformed to the best systems and it is likely that the technique used could be improved further by considering more aspects of the available information when relating the temporal information with events.","{
  ""justification"": ""The claim suggests that combining supervised machine learning and rule-based methods for temporal information extraction may not significantly improve accuracy. In contrast, the reference states that its system, which uses this exact combination, \""outperformed to the best systems.\"" This is a direct contradiction, as the reference presents the method as highly effective, while the claim posits the opposite."",
  ""answer"": ""Opposite meaning""
}"
i_1602,"Mangroves play a crucial role in coastal protection by stabilizing shorelines and reducing erosion. Their removal for aquaculture disrupts these protective functions, leading to increased vulnerability to coastal erosion .","Mangrove ecosystems are one of the main ecosystems in coastal areas that have high productivity that serves and support the productivity of fisheries resources. This high productivity is due to mangrove ecological functions of mangroves as a nursery ground, feeding ground, and spawning ground. In the global warming context, the mangrove ecosystem has served as a sink and storage carbon. Mangroves also play a process of disaster mitigation, especially to current and waves, erosion, and coastal abrasion. Mangrove, in functional status, will be able to protect the wave movement from sea to land. Except for tree density, the mangrove root's shown an ability to protect waves from the sea. The effort to conserve and protect coastal areas from climate and tsunami can be started from the local community in the coastal. The local government that has close connectivity to the coastal ecosystem is a village particularly. This is a critical point to increase local coastal village, and then, the village autonomy according to Law Number 6 of 2014 concerning villages to conserve the ecosystem and environment as the village's responsibility. Thus, the village is no longer just managing the administration but also saving the environment and the world one of them through mangroves","{
  ""justification"": ""Justification 1: The reference supports the idea that mangroves protect against erosion. However, it does not mention their removal for 'aquaculture.' This specific cause is not verifiable from the text. Justification 2: The claim states that mangrove removal for aquaculture is a cause of increased erosion. While the reference confirms mangroves' protective role against erosion, it does not mention aquaculture as a reason for their removal, making that part of the claim unverifiable."",
  ""answer"": ""Related but unverifiable""
}"
s_1683,"High-Throughput Screening: Protoplast-based protocols allow for the testing of multiple CRISPR constructs, which may somewhat enhance the breeding process, although the overall impact on breeding timelines remains uncertain .","Genome editing technologies, mainly CRISPR/CAS9, are revolutionizing plant biology and breeding. Since the demonstration of its effectiveness in eukaryotic cells, a very large number of derived technologies has emerged. Demonstrating and comparing the effectiveness of all these new technologies in entire plants is a long, tedious, and labor-intensive process that generally involves the production of transgenic plants and their analysis. Protoplasts, plant cells free of their walls, offer a simple, high-throughput system to test the efficiency of these editing technologies in a few weeks' time span. We have developed a routine protocol using protoplasts to test editing technologies in rice. Our protocol allows to test more than 30 constructs in protoplasts prepared from leaf tissues of 100, 9–11-day-old seedlings. CRISPR/CAS9 construct effectiveness can be clearly established within less than a week. We provide here a full protocol, from designing sgRNA to mutation analysis.","{
  ""justification"": ""The claim downplays the significance of the protoplast-based protocols by stating they \""may somewhat enhance\"" the breeding process and that the impact is \""uncertain.\"" In contrast, the reference describes these technologies as \""revolutionizing plant biology and breeding\"" and the protoplast system as a \""simple, high-throughput\"" method that provides results in \""less than a week,\"" which is a clear and significant improvement over the \""long, tedious, and labor-intensive process\"" of using entire plants. The claim misrepresents the certainty and magnitude of the benefits described in the reference."",
  ""answer"": ""Misrepresentation""
}"
s_357,"Chatbots and Virtual Assistants: These AI-driven tools provide 24/7 customer support, answering queries, making bookings, and offering travel advice, thereby enhancing customer satisfaction and reducing the workload on human staff .","This chapter analyzes the origin and growth of e-tourism, or internet-enabled tourism. It looks at the technologies that have reshaped the tourism industry, giving rise to a new business model, online travel agencies, as well as the adoption of artificial intelligence. It also addresses key issues and debates, such as the impacts on consumer behavior and demand, business functions such as intermediaries, and marketing. The chapter concludes by turning to the spatial implications of this transformation.
[3]: The purpose of this chapter is to highlight the significance of how artificial intelligence and its applications enhance the customer experience by elevating the quality of the service delivered by the banking industry. A systematic study on the literature with respect to the various emerging applications of artificial intelligence and its impact on the banking sector is presented. Artificial intelligence certainly enhances the banking experience of millions of customers as well as the employees in the banking sector. Serving tens of thousands of customers on a daily basis is a quite more challenging task for bank employees and also risk needs to be handled in various stages of the banking process. Artificial intelligence facilitates various process to diminish the workload of the employees by furnishing credit score checking, system failure prediction, emergency alarm system, fraud detection, phishing websites detection, liquidity risk assessment, customer loyalty evaluation, and intelligence systems. On the other hand, customer experience is upgraded through diverse applications, namely, mobile banking, chat bots, and augmented reality. With the help of artificial intelligence, a well-structured dimension of the banks will be established. This chapter presents a detailed view of different applications of artificial intelligence and its role in the banking sector from a variety of literature papers, which acts as a path towards the future state of the banking industry.","{
  ""justification"": ""The claim discusses the role of chatbots in the tourism industry. However, the provided references do not support this specific application. The first reference mentions AI in e-tourism generally but does not specify chatbots. The second reference, [3], discusses chatbots and their benefits (enhancing customer experience, reducing workload) but explicitly within the context of the banking industry, not tourism. The claim incorrectly applies the specific details from the banking reference to the tourism context mentioned in the other reference, which is a misrepresentation of the source material."",
  ""answer"": ""Misrepresentation""
}"
i_2308,"Similarly, Australian snapper larvae had the best survival rates between 15°C and 24°C, with growth increasing as temperature rose .","The effects of salinity and temperature on performance were determined for Australian snapper, Pagrus auratus first-feeding to pre-metamorphosis larvae held in 100-l recirculation tanks. In the first experiment, performance was assessed after transfer from 35‰ at eight salinity treatments (5‰, 10‰, 15‰, 20‰, 25‰ 30‰, 35‰ and 45‰) in larvae from 3 to 21 days after hatching (dah). Survival of larvae was best within the range of 20-35‰. Final size of larvae was similar within the range of 10-35‰ (6.8 ± 0.1 to 7.1 ± 0.2 mm total length [TL]; 3.0 ± 0.3 to 3.3 ± 0.3 mg wet weight) but larvae were 15% shorter at 45‰. Final swimbladder inflation and feeding onset of larvae was not affected by salinity in the range of 10-45‰. The presence of calculi in the urinary bladder of larvae was correlated positively with increasing salinity but no relationship between urinary calculi and larval survival was observed. In a second experiment, performance was assessed after transfer from 21°C at seven temperature treatments (15, 18, 21, 24, 27, 30 and 33°C) in larvae from 3-21 dah. All larvae transferred from 21°C to 30°C and 33°C died after 3 days and from 21°C to 27°C died after 9 days. Survival was not significantly different between 15°C and 24°C. Larval growth increased as temperature was increased; larvae at 24°C (4.8 ± 0.2 mg wet weight) were 6-fold heavier than larvae at 15°C. Swimbladder inflation of larvae grown at 18°C, 21°C and 24°C was high (65.2 ± 18.0% to 86.7 ± 8.8%) and similar but inflation was lower in 15°C and 27°C. The incidence of urinary calculi occurred earlier and in a greater number of larvae when temperature was increased. Feeding onset was not affected by temperature. In a third experiment, performance was assessed at combinations of two salinities (20‰ and 35‰) and three temperatures (18°C, 21°C, and 24°C) in larvae from 3 to 24 dah. Survival of snapper larvae was not significantly different between these treatments. Growth was not affected by salinity but larvae increased in size as temperature was increased and there was no interaction of salinity and temperature. The percentage of larvae that commenced feeding and inflated their swimbladders was similar in all treatments. Salinity and temperature influenced the incidence of urinary calculi and there was an interaction between the parameters. Based on our results in terms of larval performance (growth), development and survival, we conclude that the optimal conditions for larval rearing of snapper from first-feeding (3 dah) to pre-metamorphosis (24 dah) are combinations of salinity from 20‰ to 35‰ and a temperature of 24°C. © 2005 Elsevier B.V. All rights reserved.","{
  ""justification"": ""Justification 1: The claim states that Australian snapper larvae had the best survival rates between 15°C and 24°C, with growth increasing as temperature rose. The reference supports this, stating, \""Survival was not significantly different between 15°C and 24°C\"" and \""Larval growth increased as temperature was increased; larvae at 24°C (4.8 ± 0.2 mg wet weight) were 6-fold heavier than larvae at 15°C.\""\nJustification 2: The reference also notes that larvae died at temperatures of 27°C and above, confirming that the 15°C to 24°C range was optimal for survival. Therefore, the claim is a direct and accurate summary of the reference's findings."",
  ""answer"": ""Entailment""
}"
s_1636,"5. Infrastructure and Financial Support: Public-Private Partnerships: Leveraging public-private partnerships to improve infrastructure, such as irrigation systems and transportation networks, can enhance agricultural productivity and market access .","The capacity of the Government of Indonesia to grow the country to be developed country in 2025 as mentioned in The Master Plan for Acceleration and Expansion of Indonesia's Economic Development (abbreviated MP3EI) faces many challenges, one of them is financial capacity. Huge archipelago like Indonesia needs to be connected by good infrastructure, especially airport, and it's needed a big amount of money that the government still can afford it. The government realizes the limitation in funding the infrastructure needs. The government comes with the concept to form the cooperation with private sectors as known as a Public Private Partnership (PPP). The national planning agency in Indonesia for PPP planning and implementation issues the PPP book to provide potential investors the information on available infrastructure investment in Indonesia. Project listed in PPP Book are results of rigorous review and screening process by national planning agency. The projects are organized into potential projects, prospective projects, and ready to offer projects. The airport projects obtain the potential income from international flights and the forecast of passengers becomes the main factor in increasing the development of infrastructure. The PPP schemes is expected to fulfill the financial problems in infrastructure service providing. However, the private participation is expected not only to fill the funding but also to share experience and knowledge in the development, operation, and management of qualified infrastructure service. Therefore, the aim of the study is to develop risk mitigation strategy for airport infrastructure development projects and expected to be problem solving for the lack of succession of PPP and can be a solution for acceleration of infrastructure development in Indonesia. The research study was conducted by collecting data at several airports in Indonesia. The data used were primary and secondary data. The primary based upon field survey, while secondary according to the study on the various literatures of the success with the implementation of PPP in Indonesia and abroad. The findings and recommendations for the study are risk response and risk strategy in order to address of each risk that already identified. Risk response can be: Retention, Avoidance, Reduction, or Transfer.","{
  ""justification"": ""Justification 1: The claim discusses using PPPs for \""irrigation systems\"" and to enhance \""agricultural productivity and market access\"". The reference, however, focuses specifically on \""airport infrastructure\"" in Indonesia and the financial and management aspects of PPPs. It does not mention irrigation or agriculture.\nJustification 2: While both the claim and the reference discuss Public-Private Partnerships for infrastructure, the claim introduces specific applications (irrigation systems) and outcomes (agricultural productivity) that are not mentioned or supported by the reference text. The reference's scope is limited to general infrastructure funding challenges in Indonesia, with a specific focus on airports."",
  ""answer"": ""Related but unverifiable""
}"
s_1471,"Considerations for Use in Aquaculture. Safety and Efficacy: The application of Cu-NPs in aquaculture must balance efficacy against pathogens with the potential for toxicity to aquatic organisms. Lower, eco-relevant doses may mitigate adverse effects while providing antimicrobial benefits .","Copper nanoparticles (Cu-NPs)are serious water pollutants but their impact in teleosts performance remains poorly understood. In the present study, we have exposed juvenile carps (Cyprinus carpio), a freshwater teleost edible in India to two different doses (20 and 100 μg/L)of Cu-NPs for seven days. The doses selected were eco-relevant considering the contamination levels of certain water resources. The results indicated that the activity oxidative stress enzymes catalase, superoxide dismutase, and glutathione-S-transferase were significantly increased in the kidney, liver and gills of the treated groups when compared to control. Histological analysis revealed that after exposure, disruption of the secondary lamellae of gills, liver damage with pyknotic nuclei and structural disarray of the kidney occurred. Proteomic analysis of the liver showed down-regulation of several proteins including the ferritin heavy chain, rho guanine nucleotide exchange factor 17-like, cytoglobin-1 and up-regulation of diphosphomevalonate decarboxylase and selenide & water dikinase-1. Taken together, the results of suggest that short-term exposure of juvenile carp to Cu-NPs causes oxidative stress and impart serious deleterious effects in the tissues which may affect fish growth and development.
[6]: Copper nanoparticles were synthesized using Rhus punjabensis leaf extract and assessed for toxicity in vitro against brine shrimp Leishmania tropica and in vivo against Sprague–Dawley rats. The spherical biofunctionalized nanoparticles showed concentration and time-dependent toxicity during in vitro assays. Biocompatibility assessed against Sprague–Dawley rats at 50 and 100 mg/kg (low and high dose) depicted significant variation only in total bilirubin, alanine transaminase, and alkaline phosphatase in both male and female rats at both dose administration; however, non-significant change was recorded on other parameters. Antioxidative enzymes, total proteins, and nitrites also showed significant variation from control in both genders. Histological study revealed alteration in liver, heart, and lungs of male rats on higher dose administration, while female rats on low-dose administration were found safer. The results show that R. punjabensis-mediated CuO nanoparticles are safe at low dose and its application can be expanded as effectual antimicrobial and anticancer agents for pharmaceutical applications.","{
  ""justification"": ""The claim suggests that lower, eco-relevant doses of Cu-NPs may mitigate adverse effects in aquaculture. However, the first reference explicitly states that eco-relevant doses (20 and 100 μg/L) caused \""serious deleterious effects\"" in juvenile carp, including oxidative stress and tissue damage. Therefore, the reference indicates the opposite of what the claim suggests; rather than mitigating harm, these doses cause it."",
  ""answer"": ""Opposite meaning""
}"
i_2149,"Physiological and Biochemical Changes: Respiratory Enzymes: The presence of heavy metals significantly alters the expression of key respiratory enzymes such as cytochrome oxidase, isocitrate dehydrogenase, and malate dehydrogenase, which invariably leads to a decrease in respiration rates in wheat .","The toxic effects of heavy metals, including arsenic (As), cadmium (Cd) and lead (Pb), on length and biomass of shoots and roots, their respiratory rate, the gene expression levels of cytochrome oxidase (COD), isocitrate dehydrogenase (IDH) and malate dehydrogenase (MDH) isoenzymes were studied in the germination stage of wheat (var. ZhengZhou-9023). The results showed that both length and total dry biomass of wheat shoot and root increased at lower As concentrations (1 mg·L <sup>-1</sup>) but decreased gradually at higher As concentrations (5 to 25 mg·L <sup>-1</sup>). Similarly, the increase in the concentration of Pb, increased shoot length and biomass initially but later decreased gradually. Decline of root and shoot's biomass was observed with increasing concentrations of Cd yet. The respiratory rate of root displayed an increasing trend at As concentrations lower than 1 mg·L <sup>-1</sup>, but a decreasing trend was observed at higher concentrations in the root respiratory rate, while the respiratory rate of shoot increased gradually. Respiratory rates of shoot and root increased at lower concentrations of Cd or Pb but decreased at higher concentrations overall. The levels of COD, IDH and MDH isoenzymes in shoot and root were induced mainly with increasing concentrations of As. Interestingly, their levels were induced at lower concentrations of Cd and Pb, but could not be measured at higher concentrations of them. However, expression of a new IDH or a new MDH isoenzyme homologue in the root was induced at higher concentrations of Cd or Pb. Therefore, the presence of heavy metals could change the expression of some important enzymes in respiratory process such as COD, IDH or MDH isoenzymes, thereby affecting respiration in wheat, eventually leading to physiological changes in Wheat. © 2011 Academic Journals.","{
  ""justification"": ""The claim states that the presence of heavy metals 'invariably leads to a decrease in respiration rates'. However, the reference provides evidence to the contrary. For example, it states, 'The respiratory rate of root displayed an increasing trend at As concentrations lower than 1 mg·L -1' and 'Respiratory rates of shoot and root increased at lower concentrations of Cd or Pb'. This directly contradicts the claim's assertion of an invariable decrease."",
  ""answer"": ""Opposite meaning""
}"
s_596,"Key Points: Technology Utilized: Depth-Sensing Camera: This depth-sensing camera captures real-time image sequences to visualize thoracic and abdominal movements. The variations in these movements, caused by the respiratory rhythm, are magnified and analyzed to detect breathing patterns .","The objective of this study was to design a non-invasive system for the observation of respiratory rates and detection of apnoea using analysis of real time image sequences captured in any given sleep position and under any light conditions (even in dark environments). A Microsoft Kinect sensor was used to visualize the variations in the thorax and abdomen from the respiratory rhythm. These variations were magnified, analyzed and detected at a distance of 2.5 m from the subject. A modified motion magnification system and frame subtraction technique were used to identify breathing movements by detecting rapid motion areas in the magnified frame sequences. The experimental results on a set of video data from five subjects (3 h for each subject) showed that our monitoring system can accurately measure respiratory rate and therefore detect apnoea in infants and young children. The proposed system is feasible, accurate, safe and low computational complexity, making it an efficient alternative for non-contact home sleep monitoring systems and advancing health care applications.","{
  ""justification"": ""Justification 1: The reference explicitly states that a \""Microsoft Kinect sensor\"" (a type of depth-sensing camera) was used to \""visualize the variations in the thorax and abdomen from the respiratory rhythm.\"" It also confirms that \""These variations were magnified, analyzed and detected\"" to \""identify breathing movements,\"" which directly supports all aspects of the claim.\nJustification 2: The claim is fully supported by the reference. The reference mentions using a \""Microsoft Kinect sensor\"" to capture \""real time image sequences\"" of the \""thorax and abdomen\"" and that these movements are \""magnified, analyzed and detected\"" to measure \""respiratory rate,\"" which aligns perfectly with the claim's description."",
  ""answer"": ""Entailment""
}"
s_186,"Privacy Concerns: The ability of video surveillance systems to identify and track individuals raises privacy issues. The integration of IoT devices can exacerbate these concerns due to the potential for unauthorized data collection and misuse . For instance, the use of facial recognition technology in public spaces can lead to unauthorized surveillance and data archiving.","Present-day video surveillance systems often come with high-speed network connections, high processing power, and plenty of storage capacity. These computational capabilities enable the deployment of sophisticated computer vision algorithms that make it possible to find people [1], detect faces [2], recognize faces [3], and analyze the activity of people [4]. As a result, video surveillance systems are increasingly getting better at detecting terrorists and acts of crime, enhancing our sense of security. However, the increasing ability of video surveillance systems to successfully identify people has raised several privacy concerns during the past few years. Indeed, such concerns have, for instance, been voiced with respect to the use of FR technology in public spaces, archiving face images for possible later use, the unauthorized addition of face images to watch lists, and power abuse by guards [5]. In addition, large-scale FR systems, possibly built by making use of face images and corresponding name labels shared on social media applications [6], have the potential to further intrude upon the privacy of individuals in the foreseeable future.
[3]: Visual surveillance has numerous applications. It can support public safety, traffic monitoring, and facility protection to name just a few. Networked digital surveillance devices are revolutionizing the surveillance industry by supporting high quality images, remote monitoring, and advanced image processing. However, they also raise serious privacy/security concerns. To address the issue, the surveillance industry has recently begun to provide basic support for secure communications. In this paper, we present a new protocol to significantly enhance the security and performance compared with the state-of-the-art baseline method widely taken in the video surveillance industry. Through extensive experiments for performance evaluation, our approach is shown to substantially reduce the delay to execute cryptographic mechanisms and increase the supported bit rate compared with the baseline, while providing desirable security features.","{
  ""justification"": ""The claim asserts that the 'integration of IoT devices can exacerbate' privacy concerns. However, the reference material does not use the term 'IoT devices' but rather 'Networked digital surveillance devices.' More significantly, the reference states that these devices 'raise serious privacy/security concerns,' which means they cause or bring up the concerns. The claim's use of 'exacerbate' implies making an existing problem worse, which is a different nuance and a logical leap not explicitly supported by the text. This reinterpretation of the source's statement constitutes a misrepresentation."",
  ""answer"": ""Misrepresentation""
}"
s_893,"Supercapacitors are often considered to have significantly lower specific energy than batteries, which makes them less effective for energy storage, despite their high power density .","Supercapacitors are an electrochemical component with high-power density and an intermediate energy density between batteries and conventional capacitors. They are characterized by low series resistance, significant equivalent capacitance and long service life. Nowadays, they become an attractive alternative storage device for several applications. However, supercapacitors are subject to degradation due to aging, in addition to other factors, such as temperature and high voltage. Hence, there is a need to understand both electrical and energetic behavior of supercapacitor and to identify its capacitance and resistance during functioning. Such information is important to determine its state of health. Several electric models of supercapacitors, which characterize their real behavior, have been proposed in literature, like RC model. The purpose of this paper is the real-time estimation of RC model parameters, capacity and resistance, using recursive least squares method. The parameter values obtained with this method show a good correlation with real values of capacity and resistance using Maxwell test.","{
  ""justification"": ""The claim asserts that supercapacitors are 'less effective for energy storage' due to their lower specific energy. The reference, however, states that they are an 'attractive alternative storage device for several applications' and have an 'intermediate energy density between batteries and conventional capacitors'. The claim misrepresents the reference by framing the lower energy density as a general flaw making them 'less effective', whereas the reference presents them as a viable and 'attractive' option for certain uses, which is a more nuanced and positive assessment."",
  ""answer"": ""Misrepresentation""
}"
i_1715,"3. Decreased Resource Use and Waste Generation: Postponing maintenance can actually lead to less severe pavement deterioration, requiring fewer repairs that consume fewer materials and generate less waste. This aligns with preventive maintenance, which uses more resources and generates more waste over the pavement's lifecycle .","Purpose Although a significant number of environmental protection measures concerning industrial products and processes have emerged over the past few years, similar measures have only started to appear in road construction and related practices. There is a need for understanding what a ""sustainable pavement"" would entail in terms of greenhouse gas emissions and energy consumption. Since environmental impact assessment of major projects is becoming mandatory in many countries, various research projects attempt to evaluate the environmental impact of different pavement materials, technologies, or processes over the road life cycle. To support these efforts, there is a need to measure and describe different aspects of sustainability related to road pavements. In particular, keeping road pavements at high service levels through a preventive maintenance approach during the pavement service life has been proven to provide significant improvement of their performance and reduce their deterioration rate. Methodology This paper describes an innovative methodology to evaluate the environmental impact of preventive maintenance activities. It relates these activities to performance and cost during the service life of the pavement through a multi-attribute ""life cycle cost, performance, and environmental analysis"". Emissions and energy saved adopting several preventive maintenance strategies were computed, relating them to cost and performance. Equipment and materials usually involved in road maintenance practices were also analyzed in order to assess specific fuel consumption and energy spent. An ad hoc index was ultimately created, adopting a script file to evaluate the best strategy through the multi-attribute approach. Results and conclusions Results show how eco-effective it can be to improve pavement management practices on roads by implementing energy efficient treatments and strategies. Furthermore, eco-saving factors could represent a new and innovative feature to be added in the sustainability assessment process for pavements to evaluate different alternatives and assist authorities choosing between different investment solutions as a part of a decision support system. © 2012 Springer-Verlag.","{
  ""justification"": ""The claim asserts that postponing maintenance leads to less severe deterioration and is more resource-efficient than preventive maintenance. However, the reference explicitly states the opposite: \""keeping road pavements at high service levels through a preventive maintenance approach during the pavement service life has been proven to provide significant improvement of their performance and reduce their deterioration rate.\"" The reference also highlights the eco-effectiveness of preventive maintenance, directly contradicting the claim's assertion that it is wasteful."",
  ""answer"": ""Opposite meaning""
}"
i_2066,"Process of Water Movement: Transport through Xylem: Water moves upward through the xylem vessels in the stem and branches primarily due to the cohesion-tension mechanism, which is solely driven by transpiration pull, ignoring other factors that may influence this process .","The water transport in terrestrial vascular plants is passive and is determined by the transpiration or loss of water through the leaves. The cohesion-tension theory is the most accepted to explain this process, which is complemented by the Ohm's law analogy, which analyzes the flow of water as a catenary process. Resistance to water stress and cavitation is strongly associated with the anatomical characteristics of the xylem, the intervessel pits, and their membranes, the latter being altered depending on the chemical properties of the aqueous solution that flows through them. Based on these premises, this review addresses the phenomenon of ascent of water in terrestrial vascular plants and analyzes the concepts, theories, and methods most used in the study of hydraulic architecture. In addition, it points out the differences in xylem structure and water transport between dicots and monocots.
[4]: The xylem is one of the two long distance transport tissues in plants, providing a low resistance pathway for water movement from roots to leaves. Its properties determine how much water can be transported and transpired and, at the same time, the plant's vulnerability to transport dysfunctions (the formation and propagation of emboli) associated to important stress factors, such as droughts and frost. Both maximum transport efficiency and safety against embolism have classically been attributed to the properties of individual conduits or of the pit membrane connecting them. But this approach overlooks the fact that the conduits of the xylem constitute a network. The topology of this network is likely to affect its overall transport properties, as well as the propagation of embolism through the xylem, since, according to the air-seeding hypothesis, drought-induced embolism propagates as a contact process (i.e., between neighbouring conduits). Here we present a model of the xylem that takes into account its system-level properties, including the connectivity of the xylem network. With the tools of graph theory and assuming steady state and Darcy's flow we calculated the hydraulic conductivity of idealized wood segments at different water potentials. A Monte Carlo approach was adopted, varying the anatomical and topological properties of the segments within biologically reasonable ranges, based on data available from the literature. Our results showed that maximum hydraulic conductivity and vulnerability to embolism increase with the connectivity of the xylem network. This can be explained by the fact that connectivity determines the fraction of all the potential paths or conduits actually available for water transport and spread of embolism. It is concluded that the xylem can no longer be interpreted as the mere sum of its conduits, because the spatial arrangement of those conduits in the xylem network influences the main functional properties of this tissue. This brings new arguments into the long-standing discussion on the efficiency vs. safety trade-off in the plants' xylem. © 2007 Elsevier Ltd. All rights reserved.","{
  ""justification"": ""The claim asserts that water movement through the xylem is solely driven by the cohesion-tension mechanism and transpiration pull, ignoring other factors. However, the references explicitly state that this is an oversimplification. Reference 1 mentions that the cohesion-tension theory is \""complemented by the Ohm's law analogy\"" and that resistance is influenced by \""anatomical characteristics of the xylem, the intervessel pits, and their membranes.\"" Reference 2 further argues that the xylem cannot be seen as a simple sum of conduits and that the \""topology of this network\"" is a critical factor influencing transport properties. By stating the process is \""solely\"" driven by one mechanism, the claim misrepresents the more complex and nuanced explanation provided in the source material, which highlights multiple contributing factors."",
  ""answer"": ""Misrepresentation""
}"
s_894,"The specific energy of a module can exceed that of an individual cell, making lower specific energy cells equally viable options .","A major disadvantage of supercapacitors in comparison with batteries is significantly lower specific energy. By assembling of six packaged supercapacitor cells of 3000 F and 2.5 V into a packaged module, a decrease of the maximum specific energy from 4.7 Wh/kg for an individual cell to 2.7 Wh/kg for the module takes place. Such values are related to high performance supercapacitor cells/modules available as commercial products at this time. Elimination of the cell packages and direct connection in series of the six cell coils results in specific energy higher than 3 Wh/kg towards 4 Wh/kg due to reduction in the module's weight. Because the specific energy of a module cannot be higher than that of a component cell, higher specific energy for supercapacitor cells is required. Further increase of the specific capacitance from 15-20 F/g to values higher than 100 F/g by improvement of the manufacturing process can enable higher specific energy. ©2008 IEEE.","{
  ""justification"": ""The claim asserts that the specific energy of a module can exceed that of an individual cell. The reference directly contradicts this, stating, \""Because the specific energy of a module cannot be higher than that of a component cell...\"" and provides an example where the module's specific energy (2.7 Wh/kg) is lower than the individual cell's (4.7 Wh/kg)."",
  ""answer"": ""Opposite meaning""
}"
i_291,"Fundamental Guidelines for UI Design: Usability Principles: Self-Descriptiveness: Interfaces should be intuitive, providing clear instructions and feedback to users. This principle is crucial for enhancing web usability, especially for novice users, and it is believed that incorporating gamification elements could further improve user engagement and learning outcomes in web navigation tasks .","ISO 9241-110 standard provides user-interface design rules based on 7 dialogue principles. The priority of the principles varies depending on the characteristics of the tasks, the users, and the environments. We observed the behavior of middle-aged and older novice PC users when they performed some Web navigation tasks. We also pointed out some of the problems with usability, as discerned from the observations. We found that among the dialogue principles, self-descriptiveness is the most important. The observed problems, which were associated with the dialogue principles, suggest strategies for the enhancement of Web usability. © 2009 Springer Berlin Heidelberg.","{
  ""justification"": ""The reference supports the claim that self-descriptiveness is a crucial principle for enhancing web usability, particularly for novice users. However, the reference makes no mention of 'gamification' or its potential to improve user engagement and learning outcomes. This part of the claim is not verifiable from the provided text."",
  ""answer"": ""Related but unverifiable""
}"
i_1636,"The presence of green spaces may act as a protective factor against air pollution-related mortality, especially in urban areas, but it is unclear if this effect is significant enough to outweigh the risks posed by high levels of air pollution .","Background: Both air pollution and green space have been shown to affect health. We aimed to assess whether greenness protects against air pollution-related mortality. Methods: We used data from the 2008 wave of the Chinese Longitudinal Healthy Longevity Survey. We calculated contemporaneous normalised difference vegetation index (NDVI) in the 500 m radius around each participant's residence. Fine particulate matter (PM<inf>2·5</inf>) concentration was calculated using 3-year average concentrations in 1 km × 1 km grid resolution. We used Cox proportional hazards models to estimate the effects of NDVI, PM<inf>2·5</inf>, and their interaction on all-cause mortality, adjusted for a range of covariates. Findings: The cohort contained 12 873 participants, totalling 47 884 person-years. There were 7426 deaths between 2008 and 2014. The mean contemporaneous NDVI was 0·42 (SD 0·21), and the mean 3-year average PM<inf>2·5</inf> was 49·63 μg/m<sup>3</sup> (13·72). In the fully adjusted model, the mortality hazard ratio for each 0·1-unit decrease in contemporaneous NDVI was 1·08 (95% CI 1·03–1·13), each 10 μg/m<sup>3</sup> increase in PM<inf>2·5</inf> was 1·13 (1·09–1·18), and the interaction term was 1·01 (1·00–1·02) with a p value of 0·027. We observed non-linear associations in our stratified analyses: people living in urban areas were more likely to benefit from greenness, and people living in rural areas were more likely to be harmed by air pollution. Interpretation: Our study showed some indication of a synergistic effect of greenness and air pollution, suggesting that green space planning and air pollution control can jointly improve public health. Funding: Bill & Melinda Gates Foundation, National Institutes of Health, National Key R&D Program of China, National Natural Science Foundation of China.","{
  ""justification"": ""The claim suggests it is 'unclear' whether the protective effect of green spaces can outweigh the risks of air pollution. The reference, however, concludes that there is a 'synergistic effect' and that green space planning and air pollution control can 'jointly improve public health.' This indicates a combined, positive outcome rather than an unresolved conflict where one factor might outweigh the other. The claim misrepresents the study's interpretation by introducing a specific uncertainty that the reference does not express."",
  ""answer"": ""Misrepresentation""
}"
i_1335,"Chondrosarcoma: This cancer originates from mesenchymal cells and is often associated with various genetic mutations, although specific chromosomal translocations are less defined compared to Ewing Sarcoma .","Osteosarcoma and Ewing sarcoma are the most common bone malignancies that affect children and adolescents, with an incidence of six new cases/1,000,000 inhabitants/year, accounting for approximately 7% of cancer diagnoses. They may be defined as neoplastic diseases that involve the bone tissues, the former arising from the mesenchymal bone forming cells and the latter from the neural crest cells.
[2]: Primary bone cancers are rare neoplasms, with osteosarcoma, chondrosarcoma, and Ewing's sarcoma the 3 most common forms. Chondrosarcoma is usually found in middle-aged and older adults. Wide excision is the preferred treatment for resectable low- and high-grade chondrosarcomas. Intralesional excision with or without adjuvant therapy is an alternative option for low-grade lesions. In small series of reports, the addition of chemotherapy improved outcomes in patients with mesenchymal chondrosarcomas. However, the role of chemotherapy in the treatment of chondrosarcomas is not yet defined. Ewing's sarcoma is characterized by a chromosomal translocation t(11;22), resulting in the fusion of EWS gene with various members of the ETS family of genes, and develops mainly in children and young adults. Multiagent chemotherapy is the primary treatment for patients with Ewing's sarcoma. Patients who experience response to primary treatment are treated with local control therapy (surgery or radiation) followed by adjuvant chemotherapy. Progressive disease is best managed with RT with or without surgery followed by chemotherapy or best supportive care. Osteosarcoma occurs mainly in children and young adults. Wide excision is the primary treatment for patients with low-grade osteosarcomas, whereas preoperative chemotherapy is preferred before wide excision for high-grade osteosarcoma and periosteal lesions. After wide excision (for resectable lesions), postoperative chemotherapy is recommended for patients with low-grade or periosteal sarcomas with pathologic findings of high-grade disease and those with high-grade sarcoma. RT followed by adjuvant chemotherapy is recommended if the sarcoma remains unresectable after preoperative chemotherapy. Patients with relapsed or refractory disease should be treated with second-line therapy. Participation in a clinical trial should be strongly encouraged for patients experiencing progressive disease after second-line therapy. The development of multiagent chemotherapy regimens for neoadjuvant and adjuvant treatment has considerably improved the prognosis for patients with osteosarcoma and Ewing's sarcoma. A small subset of patients diagnosed with metastatic disease at presentation can be cured with the proper treatment. Consistent with the NCCN philosophy, the panel encourages patients to participate in well-designed clinical trials to enable further advances. © Journal of the National Comprehensive Cancer Network.","{
  ""justification"": ""The claim states that Chondrosarcoma originates from mesenchymal cells. However, reference [1] explicitly states that Osteosarcoma arises from \""mesenchymal bone forming cells\"". The reference does not specify the cellular origin for Chondrosarcoma, making the claim's assertion an incorrect attribution of a characteristic from one entity (Osteosarcoma) to another (Chondrosarcoma)."",
  ""answer"": ""Entity error""
}"
s_1252,"Key Differences: Purpose: Resistance Test: Primarily used in clinical settings to guide treatment decisions by determining if an organism is resistant to a specific drug. Resistance Assay: Used for broader applications, including research, development, and monitoring of resistance patterns. Methodology: Resistance Test: Can be phenotypic (measuring growth in the presence of a drug) or genotypic (identifying resistance mutations). Resistance Assay: Includes various methods such as in vitro assays, feeding disruption tests, and other bioassays to evaluate resistance. Turnaround Time: Resistance Test: Genotypic tests are faster (a few days), while phenotypic tests can take longer (up to four weeks) . Resistance Assay: The time can vary widely depending on the specific assay used.","Background Herpes Simplex Virus (HSV) drug resistance is a significant public health concern among immunocompromised individuals. Phenotypic assays are considered the gold standard method for detecting HSV drug resistance. However, plaque reduction assays (PRAs) are technically demanding, often with long turnaround times of up to four weeks. In contrast, genotypic tests can be performed within a few days. Objectives The development and coordination of the first European External Quality Assessment (EQA) study to evaluate phenotypic and genotypic methods used for HSV drug resistance testing in specialised reference laboratories. Study design Four HSV-1 or HSV-2 strains with different antiviral susceptibility profiles were isolated from clinical samples. Isolates were quantified by qPCR, and aliquoted in culture medium. One isolate was distributed at two dilutions to help assess assay sensitivity. The panel was distributed to five European centres with a six-week deadline for the return of phenotypic and genotypic results, together with clinical reports. Results Four out of five participating labs returned results by the deadline. Limited results were later available from the fifth lab. Phenotypic and genotypic data were largely, but not completely, concordant. An unusual resistance profile shown by one of the samples was explained by the detection of a mixed virus population after extensive further investigation by one of the centres. Conclusions Discordant clinical outputs reflecting the diversity of phenotypic methodologies demonstrated the utility of this exercise. With emerging genotypic technologies looking to supplant phenotyping, there is a need for curated public databases, accessible interpretation tools and standardised control materials for quality management. By establishing a network of testing laboratories, we hope that this EQA scheme will facilitate ongoing progress in this area.","{
  ""justification"": ""The claim creates a distinction between a \""Resistance Test\"" and a \""Resistance Assay\"" that is not present in the reference material. The reference discusses phenotypic assays and genotypic tests as different methods for the same purpose (detecting HSV drug resistance), not as two separate categories with different applications as the claim suggests. For instance, the reference calls the phenotypic method an \""assay,\"" while the claim categorizes it under \""Resistance Test.\"" Furthermore, the claim introduces information not found in the reference, such as the use of assays for \""research, development, and monitoring\"" and the inclusion of \""feeding disruption tests.\"" While the turnaround times mentioned are accurate according to the reference, they are placed within a fabricated framework, which constitutes a misrepresentation of the source's content."",
  ""answer"": ""Misrepresentation""
}"
i_174,"Genetic Algorithms: These algorithms can optimize the power consumption and processing speed of VLSI circuits, addressing the multi-dimensional optimization problem inherent in VLSI design .","State-of-the-art technologies in very large scale integration (VLSI) aim at the realization of fast energy-efficient circuits. Recent technological achievements offer a design parameter with which both the processing speed and power consumption of every single gate can be fine tuned. With respect to this design parameter, a VLSI design constitutes a multi-dimensional multimodal optimization problem. Since existing algorithms yield only suboptimal designs, this paper investigates how genetic algorithms perform in this application domain. It turns out that genetic algorithms are able to reduce the power consumption by about 10-40%. © 2006 IEEE.","{
  ""justification"": ""The claim asserts that genetic algorithms can optimize both power consumption and processing speed in VLSI circuits. However, the reference only provides evidence for the optimization of power consumption, stating that \""genetic algorithms are able to reduce the power consumption by about 10-40%.\"" The reference does not mention any results regarding the optimization of processing speed, making the claim a misrepresentation of the source's findings."",
  ""answer"": ""Misrepresentation""
}"
i_1190,"Skill-Building and Rehabilitation: Programs like the Family Caregiver Support Program and CARE-CITE have been developed to help caregivers build skills necessary for effective caregiving. These interventions focus on problem-solving, skill-building, and reducing caregiver burden .","Background: Family members provide valuable contributions during rehabilitation after stroke, but frequently report higher incidences of burden, depression, and social isolation during caregiving. Thus, effective interventions to reduce stroke impact on the family are needed. Objectives: To evaluate the content validity and satisfaction of a caregiver-focused web-based intervention designed to improve stroke survivor physical function while reducing caregiver negative outcomes. Methods: Caregivers of individuals with stroke (N = 6) and expert rehabilitation researchers (N = 4) were presented with a novel, web-based intervention (CARE-CITE) designed to foster problem-solving and skill-building while facilitating caregiver involvement during constraint-induced movement therapy. Caregivers rated CARE-CITE for usefulness, ease of use, acceptability, and time to complete. Rehabilitation experts evaluated content for accuracy, feasibility, acceptability, problem relevance and ease of use. Ratings were assessed using a five-point Likert-type response scales (1 = strongly disagree to 5 = strongly agree). Results: On average, all caregivers agreed or strongly agreed that the modules were useful (4.42), easy to use (4.60), and acceptable (4.41). Mean total satisfaction score was 4.45, and average review time was 15 min per module. Expert reviewers agreed or strongly agreed that each module was accurate (4.95), feasible (4.8), easy to use (4.86), acceptable (4.96), and had appropriate problem relevance (4.65). Conclusions: The CARE-CITE intervention may be a viable program for caregivers of patients with stroke. Currently a pilot study is underway to evaluate the impact of the intervention on caregiver mental health, family conflict around stroke recovery and stroke survivor upper extremity function.
[5]: Background and Purpose - There are few evidence-based programs for stroke family caregivers postdischarge. The purpose of this study was to evaluate efficacy of the Telephone Assessment and Skill-Building Kit (TASK II), a nurse-led intervention enabling caregivers to build skills based on assessment of their own needs. Methods - A total of 254 stroke caregivers (primarily female TASK II/information, support, and referral 78.0%/78.6%; white 70.7%/72.1%; about half spouses 48.4%/46.6%) were randomized to the TASK II intervention (n=123) or to an information, support, and referral group (n=131). Both groups received 8 weekly telephone sessions, with a booster at 12 weeks. General linear models with repeated measures tested efficacy, controlling for patient hospital days and call minutes. Prespecified 8-week primary outcomes were depressive symptoms (with Patient Health Questionnaire Depressive Symptom Scale PHQ-9 ≥5), life changes, and unhealthy days. Results - Among caregivers with baseline PHQ-9 ≥5, those randomized to the TASK II intervention had a greater reduction in depressive symptoms from baseline to 8, 24, and 52 weeks and greater improvement in life changes from baseline to 12 weeks compared with the information, support, and referral group (P<0.05); but not found for the total sample. Although not sustained at 12, 24, or 52 weeks, caregivers randomized to the TASK II intervention had a relatively greater reduction in unhealthy days from baseline to 8 weeks (P<0.05). Conclusions - The TASK II intervention reduced depressive symptoms and improved life changes for caregivers with mild to severe depressive symptoms. The TASK II intervention reduced unhealthy days for the total sample, although not sustained over the long term.","{
  ""justification"": ""The claim correctly describes the CARE-CITE program's focus on problem-solving and skill-building as mentioned in the first reference. However, it incorrectly names the second program as the 'Family Caregiver Support Program'. The provided reference [5] discusses the 'Telephone Assessment and Skill-Building Kit (TASK II)', not the 'Family Caregiver Support Program'. This is an entity error."",
  ""answer"": ""Entity error""
}"
s_1668,"Enhanced Defense Responses: The VOCs produced by Trichoderma can trigger plant defense mechanisms, making plants more resistant to both pathogens and pests .","Numerous microbial root symbionts are known to induce different levels of enhanced plant protection against a variety of pathogens. However, more recent studies have demonstrated that beneficial microbes are able to induce plant systemic resistance that confers some degree of protection against insects. Here, we report how treatments with the fungal biocontrol agent Trichoderma atroviride strain P1 in tomato plants induce responses that affect pest insects with different feeding habits: the noctuid moth Spodoptera littoralis (Boisduval) and the aphid Macrosiphum euphorbiae (Thomas). We observed that the tomato plant–Trichoderma P1 interaction had a negative impact on the development of moth larvae and on aphid longevity. These effects were attributed to a plant response induced by Trichoderma that was associated with transcriptional changes of a wide array of defense-related genes. While the impact on aphids could be related to the up-regulation of genes involved in the oxidative burst reaction, which occur early in the defense reaction, the negative performance of moth larvae was associated with the enhanced expression of genes encoding for protective enzymes (i.e., Proteinase inhibitor I (PI), Threonine deaminase, Leucine aminopeptidase A1, Arginase 2, and Polyphenol oxidase) that are activated downstream in the defense cascade. In addition, Trichoderma P1 produced alterations in plant metabolic pathways leading to the production and release of volatile organic compounds (VOCs) that are involved in the attraction of the aphid parasitoid Aphidius ervi, thus reinforcing the indirect plant defense barriers. Our findings, along with the evidence available in the literature, indicate that the outcome of the tripartite interaction among plant, Trichoderma, and pests is highly specific and only a comprehensive approach, integrating both insect phenotypic changes and plant transcriptomic alterations, can allow a reliable prediction of its potential for plant protection.
[15]: Trichoderma spp. are a rich source of secondary metabolites and volatile organic compounds (VOCs), which may induce plant defenses and modulate plant growth. In filamentous fungi, chromatin modifications regulate secondary metabolism. In this study we investigated how the absence of histone deacetylase HDA-2 in the Trichoderma atroviride strain Dhda-2 impacts its effect on a host, Arabidopsis (Arabidopsis thaliana). The production of VOCs and their impact on plant growth and development were assessed as well. The Dhda-2 strain was impaired in its ability to colonize Arabidopsis roots, thus affecting the promotion of plant growth and modulation of plant defenses against foliar pathogens Botrytis cinerea and Pseudomonas syringae, which normally result from interaction with T. atroviride. Furthermore, Dhda-2 VOCs were incapable of triggering plant defenses to counterattack foliar pathogens. The Dhda-2 overproduced the VOC 6-pentyl-2H-pyran-2-one (6-PP), which resulted in enhanced root branching and differentially regulated phytohormone-related genes. Analysis of ten VOCs (including 6-PP) revealed that three of them positively regulated plant growth, whereas six had the opposite effect. Assessment of secondary metabolites, detoxification, and communication with plant-related genes showed a dual role for HDA-2 in T. atroviride gene expression regulation during its interaction with plants. Chromatin immunoprecipitation of acetylated histone H3 on the promoters of plant-responsive genes in Dhda-2 showed, in the presence of Arabidopsis, low levels of epl-1 and abc-2 compared with that in the wild type; whereas ctf- 1 presented high constitutive levels, supporting a dual role of HDA-2 in gene regulation. This work highlights the importance of HDA-2 as a global regulator in Trichoderma to modulate multiple responses in Arabidopsis.","{
  ""justification"": ""Justification 1: The claim is directly supported by the references. Reference [15] explicitly states that Volatile Organic Compounds (VOCs) from Trichoderma \""may induce plant defenses\"" and later demonstrates that a mutant strain's VOCs were \""incapable of triggering plant defenses to counterattack foliar pathogens,\"" which confirms the role of VOCs in inducing plant defenses.\nJustification 2: The first reference adds that Trichoderma treatment induces plant responses that negatively impact pests (moth larvae and aphids) and also causes the plant to produce and release VOCs that reinforce indirect plant defense. Together, the references confirm that VOCs from Trichoderma trigger plant defense mechanisms, making them more resistant to pathogens and pests."",
  ""answer"": ""Entailment""
}"
i_626,Technologies like LiDAR can be used to detect potential landslide hazards and monitor surface displacements .,"In recent years, geological disasters like landslides have often occurred within the Markam area, which is located in the southeastern part of Tibet Autonomous Region. The stability of these landslides is affected by factors such as physical geographical/meteorological conditions and anthropogenic activities. These factors pose great threats to power grid construction/operation, major transportations, and public security. Hence, effective technologies are needed to detect potential landslide hazards within this area and provide key supports for decision making regarding disaster prevention and reduction. This study employed the small baseline subset InSAR technique to process archived SAR data stacks acquired by ALOS PALSAR and ENVISAT ASAR covering the Markam area. A few suspected landslide hazard sites are identified along National Highway 318 and the Valley of Jinsha River. Spatial distribution and temporal evolution patterns of the surface displacements upon these unstable slopes are characterized.","{
  ""justification"": ""The claim mentions the use of LiDAR for detecting landslide hazards. However, the provided reference does not mention LiDAR at all. Instead, it describes the use of a different technology, \""the small baseline subset InSAR technique,\"" to identify landslide hazards and monitor surface displacements. The claim substitutes the technology mentioned in the reference (InSAR) with a different one (LiDAR), which constitutes an entity error."",
  ""answer"": ""Entity error""
}"
s_116,"Sources of Epistemic Bias in AI-Generated Texts: Language-Specific Bias: Different languages may exhibit varying frequencies and uses of epistemic modal verbs, which can influence the perceived certainty and inferential ground of statements. For example, German uses the epistemic modal verb 'müssen' more frequently and in a broader range of contexts compared to its Dutch and English counterparts .","This paper investigates the uses of epistemic must and its Dutch and German cognates moeten and müssen. Starting point is the observation that epistemic must occurs remarkably more often in English than its immediate counterparts in the two other languages. By means of a detailed comparison on the basis of a self-compiled English-Dutch-German translation corpus of fictional texts, this paper identifies the factors determining these frequency differences. First, it appears that English must covers a wider inferential ground than its Dutch and German counterparts, as it can also code highly subjective 'conjectural' inferences apart from the typical must-inferences based on observable evidence and general knowledge. Second, epistemic must is often used to appeal to the addressee, to invoke the addressee's sympathy among other things. Such intersubjective uses of epistemic must seem to be rare with the German and Dutch cognates. Third, general communicative preferences in English promote the use of hedging devices (like epistemic modal verbs), as they contribute to an indirect and addressee-oriented way of interaction that is more valued in English than in German. © 2012 Elsevier B.V.","{
  ""justification"": ""Justification 1: The claim states that the German epistemic modal verb 'müssen' is used more frequently than its English counterpart. However, the reference explicitly states the opposite: 'epistemic must occurs remarkably more often in English than its immediate counterparts in the two other languages' (Dutch and German).\nJustification 2: The claim directly reverses the finding presented in the reference regarding the frequency of use between the German verb 'müssen' and the English verb 'must'."",
  ""answer"": ""Opposite meaning""
}"
i_1678,"Challenges in Monitoring Air Quality and Microplastic Concentrations: Contamination Control: Microplastics are ubiquitous, including in indoor air, which means that contamination control is crucial. Many studies fail to comply with essential contamination control measures, leading to potential overestimation of microplastic concentrations. Only about 40% of studies reviewed comply with basic contamination control measures such as avoiding plastic materials and covering samples .","Microplastics are widely distributed environmental contaminants. To understand their impacts on the environment and health, more high-quality results are needed. Since microplastics are present in every environment, including indoor air, proper precautions must be adopted in order to prevent contamination of samples and overestimation of environmental concentrations. Thus, to guarantee a proper quality of results, researchers must adopt strict contamination control measures. This review was conducted to understand current contamination control practices. A total of 50 studies published in 2019 were reviewed, including sampling of biota, air, soil, sediment, freshwater and saltwater, regarding 10 contamination control parameters. Overall, studies usually only comply with 4 out of 10 of these measures, which include avoiding the use of plastic materials, covering samples with glass lids or aluminum foil, filtering solutions, or running procedural blanks. The importance of these measures is also exemplified with real observation of contamination. Finally, seven measures to control for contamination are suggested in order to improve the quality of results in microplastic sampling in future assessments.","{
  ""justification"": ""The claim states that \""about 40% of studies reviewed comply with basic contamination control measures\"". The reference, however, states that \""studies usually only comply with 4 out of 10 of these measures\"". This indicates that an average study complies with 40% of the recommended measures, not that 40% of the total studies are compliant. The claim misinterprets the statistic provided in the reference."",
  ""answer"": ""Misrepresentation""
}"
i_1723,"2. Factors Influencing CO₂ Generation: The mineralization of organic carbon, which is the process of converting organic carbon into CO₂, is influenced by factors such as water level and temperature. For example, in a saline lake, different water level treatments affected the mineralization rates of sediment organic carbon, suggesting that higher water levels always lead to higher mineralization rates, despite evidence that lower levels can also enhance mineralization under certain conditions .","The loss of organic carbon during passage through the continuum of inland waters from soils to the sea is a critical issue for the global carbon cycle. However, the amount of organic carbon mineralized and released to the atmosphere during its transport remains an open question, hampered by the absence of predictors of organic carbon mineralization rates. The lake water level can be affected by human disturbance and climate change, and thus change the mineralization of the sediment organic carbon. The primary objective of this study was to study the influence of different water level gradients on the mineralization of sediment organic carbon in a saline lake in arid region. Sediments at 0-50 cm depth were sampled from Lake Barkol. The mineralization rates of sediment organic carbon were measured by Li-COR 8100A under five underground water level treatments (T1, T2, T3, T4 and T5 represent underground water level 0, -9, -23, -34 and -45 cm) were settled and sediment organic carbon mineralization rates were measured by Li-COR 8100A. Results showed the mineralization rates of sediment organic carbon under T1, T2 and T3 treatments were higher (0-10 d) at the beginning of the experiment, and then decreased slowly. The carbon mineralization rates under T4 and T5 treatments increased firstly and then decreased. The mineralization rate of organic carbon under T1 treatment was 1.09, 3.31 and 3.57 times higher than that under T2, T4 and T5 treatments, respectively. The cumulative mineralization of sediment organic carbon under different treatments is T3>T1>T2>T4>T5. The ratios of cumulative mineralization of organic carbon (C<inf>t</inf>) to total sediment organic carbon (C<inf>0</inf>) (C<inf>t</inf>/C<inf>0</inf>) are ranged from 1.2% to 4.4%, and the ratios of potential organic carbon emissions (C<inf>i</inf>) to C<inf>0</inf>(C<inf>i</inf>/C<inf>0</inf>) are ranged from 1.8% to 4.5%. The decrease of underground water level reduced the mineralization constant (k value) of sediment organic carbon. The k value under T1 treatment was max (0.137 d), and that under T4 treatment was lowest (0.032 d). The best fitting model explaining the relationship between sediment organic carbon mineralization rate and water level (x, cm) was C<inf>r</inf>=0.008x+0.488. There were significant positive relationships between organic carbon mineralization rate and sediment temperature at 5 cm depth. Water level had significant effect on the temperature sensitive of sediment organic carbon mineralization (Q<inf>10</inf>). The Q<inf>10</inf> was highest under T5 treatment (2.92), followed by T4 (2.54), and the T1 treatment had the smallest value (1.92). These results indicated that the decrease of underground water level would reduce the mineralization rate of organic carbon and increas Q<inf>10</inf>. The continuous decline of underground water level inhibits organic carbon mineralization, which may be a mechanism to maintain the stability of carbon pools of lake sediment in arid regions.","{
  ""justification"": ""The claim states that higher water levels always lead to higher mineralization rates. However, the reference provides data that contradicts this absolute statement. The reference shows the cumulative mineralization under different water level treatments as T3 > T1 > T2 > T4 > T5. Since T1 represents the highest water level (0 cm) and T3 represents a lower water level (-23 cm), the data indicates that the highest water level (T1) did not result in the highest mineralization rate; a lower level (T3) did. Therefore, the claim presents a relationship that is the opposite of what the specific results in the reference demonstrate."",
  ""answer"": ""Opposite meaning""
}"
s_1845,"Changes in leaf biochemistry, such as nitrogen content and chlorophyll levels, cannot be detected using specific spectral indices. These biochemical properties do not influence the absorption and reflectance properties of leaves, which cannot be monitored using remote sensing techniques .","This study was conducted to investigate variations of leaf chlorophyll content and surface spectral reflectance of different tree species across contrasting terrain in the Nanjenshan Reserve of Kenting National Park, southern Taiwan. Tree species composition and forest types vary because of intense northeast monsoons that frequent this area. In this study, we used several remote sensing technique indices - normalized difference vegetation index (NDVI), modified normalized difference vegetation index (mNDVI), simple ratio (SR), and modified simple ratio (mSR) - to analyze the spectral reflectance data collected from portable spectroradiometers and the GER 1500 and CM1000 chlorophyll meters to estimate leaf chlorophyll content. The results showed that significant differences (P<0.01) arose only among the modified indices mSR 705 nm and mNDVI 705 nm. The index mNDVI705 seemed more sensitive to detecting chlorophyll content in a wide range of tree species across a terrain. Among the indices tested, the mNDVI consistently deviated from the general relationship between chlorophyll content and spectral reflection in different vegetation. The findings indicated that the modified indices were better at studying different tree species than normalized indices across terrain.
[4]: Vegetation biochemistry is a critical driver of the forest carbon and water cycle and the fluxes between the land surface and the atmosphere. As result, monitoring biochemistry is a key to improving our estimates of the terrestrial carbon and energy budget. While destructive sampling techniques have been widely applied to determine nutrient content in foliage, scaling of these measurements to the stand and landscape is challenging. As an alternative to traditional field-based approaches, optical remote sensing is a powerful technique for sampling biochemical constituents in a spatially continuous fashion. Remote sensing of biochemical constituents is based on the understanding that leaf biochemistry is closely linked to absorption and reflectance properties in characteristic, often spectrally narrow, wavebands. Spectral absorption features can be identified to characterize and quantify biochemical properties at the leaf, stand and landscape level. At the same time, Light Detection and Ranging (LiDAR) remote sensing can allow inference about the impact of leaf biochemistry on tree growth and canopy structure. In this study, we report the effect of nitrogen-fertilization of a Douglas-fir dominated forest on Vancouver Island, British Columbia, Canada using active and passive remote sensing techniques. Leaf pigment concentrations were estimated from inversion of a canopy reflectance model (PROSAIL) and canopy nitrogen (N) was inferred from an airborne imaging spectrometer (AVIRIS). The impact of leaf biochemistry on canopy structure and tree growth was then investigated using a temporal sequence of LiDAR data acquired two years before, and after, the fertilization treatment. Results indicate that while fertilization had a significant impact on canopy pigment concentrations, it did not impact canopy nitrogen. A notable increase in tree growth was found for younger stands of less than 15. m of height, but not for more mature stand with taller trees. Fertilization had no immediate impact on canopy density measured from LiDAR derived leaf area and canopy volume. The use of advanced remote sensing tools and techniques such as those demonstrated in this study can be a powerful addition to ongoing efforts to model carbon and water fluxes throughout the landscape. © 2011 Elsevier B.V.
[5]: The present study explored the use of narrow-band indices formulated in the visible spectral region at leaf and canopy levels to estimate carotenoid content. The research area was a pine forest affected by decline processes. Spectral reflectance and pigment content including chlorophylls a and b (Ca+b), carotenoid (Cx+c) and xanthophyll cycle pigments (VAZ) were measured in needles for two consecutive years. The study was conducted using radiative transfer modeling methods and high-resolution airborne imagery acquired at 10nm FWHM bandwidth. Airborne data consisted of high spatial resolution imagery acquired with a narrow-band multispectral camera on board an unmanned aerial vehicle (UAV). The imagery had 50cm resolution and six spectral bands in the 500-800nm range, enabling the identification of pure crowns to obtain the reflectance of individual trees. The indices evaluated were traditional formulations and new simple ratios developed by combining bands sensitive to Cx+c absorption in the 500-600nm region. The PROSPECT-5 model was coupled with the Discrete Anisotropic Radiative Transfer (DART) model to explore the performance of Cx+c-sensitive vegetation indices at leaf and canopy levels. The sensitivity of these indices to structural effects was assessed to study the potential scaling-up of Cx+c-related vegetation indices on heterogeneous canopies. Coefficients of determination between Cx+c content and narrow-band vegetation indices revealed that traditional indices were highly related with Cx+c content at leaf level (r <sup>2</sup>>0.90; P<0.001 for the CRI index (1/R <inf>515</inf>)-(1/R <inf>550</inf>)) but highly affected by structural parameters at crown level (r <sup>2</sup>>0.44; P<0.001). A new simple-ratio vegetation index proposed in this study (R <inf>515</inf>/R <inf>570</inf>) was found to be significantly related with Cx+c content both at leaf (r <sup>2</sup>>0.72; P<0.001) and canopy levels (r <sup>2</sup>>0.71; P<0.001). Remote sensing cameras on board UAV platforms can provide very high multispectral and hyperspectral imagery for mapping biochemical constituents in heterogeneous forest canopies. This study demonstrates the feasibility of mapping carotenoid content to assess the physiological condition of forests. © 2012 Elsevier Inc.","{
  ""justification"": ""The claim asserts that changes in leaf biochemistry, such as nitrogen and chlorophyll, cannot be detected using spectral indices and do not influence leaf reflectance, making them unmonitorable by remote sensing. This is the direct opposite of the information presented in all three references. Reference [4] explicitly states, \""optical remote sensing is a powerful technique for sampling biochemical constituents\"" and \""leaf biochemistry is closely linked to absorption and reflectance properties.\"" Reference [1] demonstrates that specific indices can estimate leaf chlorophyll content. Reference [5] shows the feasibility of mapping carotenoid content using remote sensing. The claim negates the core findings of the provided sources."",
  ""answer"": ""Opposite meaning""
}"
i_666,"###  ** Thermal Safety and Management** Thermal Runaway: One of the primary safety concerns is thermal runaway, where the battery's temperature increases uncontrollably, potentially leading to fires or explosions. Techniques such as using a Cone Calorimeter to measure heat release rates and total energy released during combustion events help in quantifying thermal hazards and developing fire risk mitigation strategies. Additionally, it is believed that advancements in battery management systems could further enhance the safety of Li-ion batteries, although specific impacts of these systems on thermal runaway incidents remain to be fully validated .","The emergence of Plug-in hybrid electric vehicles (PHEVs) and electric vehicles (EVs) as a viable means of transportation has been coincident with the development of lithium-ion (Li-ion) battery technology and electronics. These developments have enabled the storage and use of large amounts of energy that were previously only possible with internal combustion engines. However, the safety aspects of using these large energy storage battery packs are a significant challenge to address. In addition, the rapid advances in electrode and electrolyte materials for Li-Ion batteries have made comparisons and ranking of safety parameters difficult because of the substantial variations in cell designs. In this work, we outline a method for quantifying the thermal safety aspects of Li-ion battery technologies using a Cone Calorimeter. The Cone Calorimeter is a suitable tool to measure and quantify critical information such as the heat release rate and total energy released from the combustion of organic material. Such techniques cannot be directly applied to study the energy release characteristics, during combustion, of non-organic and energetic material like Li-ion cells. Combining data from the Cone Calorimeter with compositional analysis of the Li-ion cell components, we have adapted a calorimetric procedure to better quantify the heat release rate and the total energy released from cells when they undergo a combustion event. Using these tests, thermal hazard parameters of cells with different chemistries, sizes and form-factors can be compared directly in a quantifiable and repeatable manner. Data generated from these tests can be used in the design and implementation of fire risk mitigation strategies for battery modules and packs that are used in EVs and PHEVs. This information can also be used in developing and improving computational and analytical models for analyzing thermal runaway and cascading thermal failures in modules and packs.","{
  ""justification"": ""The claim accurately summarizes the reference's points about thermal runaway and the use of a Cone Calorimeter to quantify thermal hazards. However, the claim introduces an additional point about \""advancements in battery management systems\"" and their unvalidated impact on thermal runaway. The provided reference makes no mention of \""battery management systems\"" (BMS) at all, making this part of the claim unverifiable from the source text. Since BMS is a related topic to battery safety, the claim is classified as related but unverifiable."",
  ""answer"": ""Related but unverifiable""
}"
s_2105,"Key Points: Lebanon's Upper Litani River Basin: A study in Lebanon's Upper Litani River Basin (ULRB) found that groundwater is largely free from pollution, indicating that nitrate levels in this region are not significantly influenced by agricultural practices .","This study aims to determine the extent of groundwater damage in the Upper Litani River Basin (ULRB) after years of water mismanagement and overfertilization in what is considered to be Lebanons largest fertile area. Physical and chemical samples were collected between 2005 and 2010 and analyzed using ""The Standard Methods for the Examination of Water and Wastewater"" (APHA, AWWA) in order to determine the extent of this pollution. The parameters included pH, ammonia, nitrate, nitrite, sulfate, phosphate, dissolved oxygen, and total dissolved solids. Copyright 2012 Mark Saadeh et al.","{
  ""justification"": ""The claim states that groundwater in the Upper Litani River Basin is 'largely free from pollution' and that nitrate levels are not significantly influenced by agriculture. The reference, however, describes a study whose aim is to 'determine the extent of groundwater damage' caused by 'water mismanagement and overfertilization.' The reference's premise is that pollution exists due to agricultural practices, which is the direct opposite of the conclusion presented in the claim."",
  ""answer"": ""Opposite meaning""
}"
i_1314,"In summary, artificial intelligence significantly enhances the efficiency of healthcare systems by providing high data rates, low latency, improved connectivity, and integration with IoT and 5G technology. These advancements support real-time monitoring, remote diagnostics, and personalized treatment, ultimately improving patient outcomes and reducing healthcare costs .","Research and development for the 5th-generation (5G) wireless systems has been initiated several years ago [1-3]. Such systems, which are set for commercial use sometime around 2020, are expected to provide new types of enhanced user connectivity services, in terms of providing very high data rates, increased capacity, improved security, higher reliability, reduced latency, increased quality of service and availability, and energy efficiency (EE). According to the 5G standard such systems should provide higher data rates, for example, tens of Mb/s and accommodating tens of thousands of users providing data rates of 100 Mb/s for metropolitan areas. Furthermore, their spectral efficiency (SE) will increase significantly, as compared to the SE achieved by the 4th-generation (4G) wireless systems, their coverage will also improve and their latency will be reduced significantly as compared to Long-Term Evolution (LTE) [2].
[2]: 5G (fifth generation) technology is used to interconnect all terminals, networks, multiple wireless technologies, applications simultaneously which can also switch between them based on VOIP (Voice-over-IP), flat IP, and Internet Protocol Version 6 (IPv6), thus user experiences call volume services and high-level data transmission. 5G network is reliable and very fast with minimum delay, higher data rate, greater security, real-time data handling, less error rate, and few data losses. The core technologies used in 5G networks include cloud computing, Heterogeneous Network (Het Net), internet of things (IoT), Cognitive Radio (CR) network, software-defined networking (SDN), Multiple Input Multiple Output (MIMO), and massive MIMO. 5G produces different harmful effects such as human health issues, environmental issues, health issues on birds and animals, thermal effects, etc. Regulating agencies have to set a Specific Absorption Rate (SAR), its maximum levels for handsets, and every mobile phone must have a SAR rating. 5G technology is used as intelligent technology in which 5G mobile phones can also be used as a tablet PC. This paper presents a general review on 5G along with its comparison with 4G, the general architecture of 5G, a detailed explanation about core technologies of 5G, and also harmful effects on different issues using 5G.
[3]: The considerable characteristics of 5G technology (Fifth Generation of telecommunication) is the very high amount of data that can be transmitted in the time unit (data speed: Megabits per second - throughput) and the very low delay in data exchange (latency). ElectroMagnetic Fields (EMFs) are used for decades for communication reasons and broadcasting. 700 MHz and lower frequencies are currently being used in Digital TV. Low frequencies (800, 900 MHz) are also being used in previous (but still existing) technologies 2G, 3G, 4G, 4G+. 5G will exploit both low and high frequencies. 5G will be operation mainly in a low band (700 MHz) and a high band (3.5 GHz). In the near future mmWave bands will also be used above 6 GHz (for example 24 GHz, 28 GHz and above). Theoretical models and live measurements have consistently shown that the actual maximum power is always less than the 25% of the maximum peak power of a Massive-MIMO antenna. ICNIRP has published in 1998 ""Guidelines for Limiting Exposure to Electromagnetic Fields (100 kHz to 300 GHz)"". The current revision (2020) is based on the same criteria, but it exhibits more accuracy in dosimetry calculations, considering details and based on better biological rationale. mmWave bands (> 6 GHz) is a controversial issue for the population. Reports did not show adverse health effects in daily life under the safety limits. WHO is currently preparing a review about health risks assessment of RF exposure (including mm-Waves), which will be completed by 2022. There is no evidence of adverse health effects at exposure levels below the basic restrictions as described in the ICNIRP (1998) and ICNIRP (2020) guidelines and no evidence of an interaction mechanism that would predict that adverse health effects could occur due to radiofrequency EMF exposure below restriction levels. The new Guidelines provide protection against all adverse health effects, regardless of whether they are due to acute or chronic exposures, regardless of age or health status. Radio and Microwave Frequencies, where mobile technology and Wi-Fi operate, are used in Medicine for therapeutic or diagnostic purposes. These bands are used for various application as Microwave Diathermy (same band as 2G, 3G and Wi-Fi technologies), Microwave induced thermoacoustic echography (same band as 4G technology), Medical Imaging / localization of tumors (same bands as 2G, 3G, 4G and 5G technologies) and Medical Monitoring / Measurement of vital function as respiration and heart rate (same band as the forthcoming mmWave 5G). By utilizing new technologies that are involved in 5G communication (IoT and mmWave frequencies) healthcare systems can improve the quality of care, provide more personalized and preventive care and reduce the cost of care.
[4]: Due to the development of mobile transmission techniques, more exciting services can be launched that may change our daily lives in more easy and comfortable ways. The introduction of device-to-device (D2D) service in future 5G communication systems can extend the service coverage of intelligent medical treatment from hospitals to anywhere inside the network coverage area, which can save precious time and medical resources. As one of the key techniques in a 5G system, D2D technology has attracted extensive attention from academia and industry due to its system performance improvement, user experience enhancement and service extension. However, the introduction of D2D service will tremendously pollute the system transmission environment due to the induced interference, especially in the downlink direction where the interferer is very strong. This situation brings new challenges for effective and green resource utilization. To solve this problem, a green spectrum resource allocation strategy based on the Hungarian method is proposed in this paper to optimize system spectrum efficiency while considering the fairness among users under the assumption that all resources are fully shared by traditional cellular and newly introduced D2D users. To validate the performance of the proposed algorithm, a system-level Monte Carlo simulation is also conducted, which shows the favorable performance of the proposed algorithm over the traditional greedy algorithm.
[6]: Technology, sports and healthcare industry have been deeply intertwined for a long time. However, new opportunities are now rapidly expanding on the Internet (population), and the result is a huge data. Also, people around the world will be able to wear biosensors for personalizing things, as well as new applications have started using 5G technology. Therefore, the design and development of the 5G network Internet games and healthcare applications of (Internet of Things) IoT and 5G have taken place. 5G-assisted smart medical networks are the convergence of IoT devices that require improved network performance and enhanced mobile phone radio waves. Today's connectivity solutions face the challenges of the Internet of Things, such as equipment, standardization, energy efficiency, device density, and the vast number of security supports. In this article, we will give a comprehensive review of IoT-assisted 5G-assisted smart sports and health care solutions. It must be categorized, and presented in the structure of 5G smart medicine through existing literature. Its smart sports and healthcare system also have key requirements for a successful 5G deployment in some cases. Finally, to discuss the challenges of researching IoT smart 5G sports and healthcare solutions with some open issues.
[7]: Systems of wearable or implantable medical devices (IMD), sensor systems for monitoring and transmitting physiological recorded signals, will in future health care services be used for purposes of remote monitoring. Today, there exist several constraints, probably preventing the adoption of such services in clinical routine work. Within a future 5G infrastructure, new possibilities will be available due to improved addressing solutions and extended security services in addition to higher bandwidth in the wireless communication link. Thus 5G solutions can represent a paradigm shift regarding remote patient's monitoring and tracking possibilities, with enhancement in transmitting information between patients and health care services. Some aspects of new possibilities are highlighted in describing a realistic scenario within a future 5G framework. © 2010 Springer Science+Business Media, LLC.
[8]: With the fast of ultra-fast 5G/6G mobile wireless, Artificial Intelligence (AI), and Big Data analytics, the Internet of Things (IoT) is getting great attention in healthcare industry. The combing of these powerful technologies with the Internet of Things will likely revolutionize the healthcare industry in next few years. The growth of IoT in healthcare industry using these latest technologies will transform the way patients are monitored and treated remotely to improve the productivity of the healthcare industry workers. This paper presents the state-of-The-Art research relating to IoT and Health care with focus on hardware requirements, complexity and challenges.","{
  ""justification"": ""The claim incorrectly attributes the features of 5G technology (high data rates, low latency, improved connectivity) to Artificial Intelligence. The references describe these as characteristics of 5G networks. While reference [8] mentions that AI, combined with 5G and IoT, will revolutionize healthcare, it does not state that AI itself provides these network-specific features. This is a misrepresentation of the roles of the different technologies."",
  ""answer"": ""Misrepresentation""
}"
s_1412,"Challenges: Environmental Sensitivity: Bumblebees' responses to environmental changes, such as urbanization, vary by species, which could add complexity to their study .","[3] Bumblebees (i.e. Bombus genus) are major pollinators of flowering wild plants and crops. Although many species are currently in decline, a number of them remain stable or are even expanding. One factor potentially driving changes in bumblebee distribution is the suitability of plant communities. Actually, bees probably have specific nutritional requirements that could shape their floral choices and constraint them in the current context of global change. However, most studies primarily focus on one bumblebee species at a time, making comparative studies scarce. Herein we performed comparative bioassays on three bumblebee species (i.e. Bombus hypnorum, B. pratorum and B. terrestris) fed on three different pollen diets with distinct nutritive content (Cistus, Erica and Salix pollen diets). Micro-colony performance was compared through different developmental and resource collection parameters for understanding the impact of change in pollen diet on different bumblebee species. The evidence suggests that B. terrestris is by far the most competitive species because of its performance compared to the other species, regardless of pollen diet. Our results also highlight a Bombus species effect as pollen diet impacts the micro-colonies in different ways according to the actual bumblebee species. Such interspecific variation in Bombus performance in response to a dietetic change underlines the importance of considering different bumblebee species in mitigation strategies. Such comparative studies are good advice for developing appropriate suites of plant species that can benefit threatened species while supporting stable or expanding ones. [9] For social learning to occur in bumblebees, individuals must first be drawn to the relevant stimuli from which to learn. Here we investigate whether bumblebees (Bombus impatiens) leaving their colony for the first time are drawn to other live bees. In Experiment 1, flower-naïve workers were tested for their preferences of stimuli presented in a radial maze. Live bees, artificial floral patterns and black disks were presented at two different densities (1 vs 6 objects). A marked preference for the six live bees was obtained. Experiment 2 isolated the variable of movement: black disks vs dead bees were presented on a platform that was either stationary or rotating. A preference for moving over stationary displays was obtained, as well as a preference for displays comprising bees rather than disks. Flower-naïve bumblebees leave their nest equipped with behavioural tendencies that can serve to initiate new social encounters from which to learn. [13] To provide strategies to control an unusual pine sawfly outbreak in Oaxaca, the objective of this study was to identify the species and estimate cocoon density and life cycle of the defoliator. For species identification, we followed the taxonomic classification developed by David R. Smith and coworkers, using adult female and male sawflies. Density was evaluated in 10 sites; on each site, one tree was selected at random. From this tree we defined 1 m<sup>2</sup> sampling units at 1 m, 2 m and 3 m from the tree stem. We also proposed a general life cycle based on field data and cocoons kept at laboratory conditions. We identified the presence of Zadiprion howdeni as the invasive sawfly in the region. In Ixtlán, the average density of the cocoons was 37.92 ± 8.63 per m<sup>2</sup>, with significant differences between plots. No significant differences were found in the average density of the cocoons per m<sup>2</sup>, regarding tree distance. However, significant differences in cocoon's numbers were observed between males and females per m<sup>2</sup>. The sawfly´s longest life cycle stage is as a cocoon and the most sensitive stage of life was the adult. Management strategies are provided for the different stages of sawflies. To consolidate these strategies, it is important to continue gathering basic knowledge of the biology and ecology of this defoliating species.","{
  ""justification"": ""Justification 1: The claim states that bumblebees' responses to environmental changes vary by species. Reference [3] supports this by stating, \""Our results also highlight a Bombus species effect as pollen diet impacts the micro-colonies in different ways according to the actual bumblebee species.\"" A change in pollen diet is a type of environmental change.\nJustification 2: The claim's assertion that this variation adds complexity is also supported by reference [3], which notes, \""Such interspecific variation in Bombus performance in response to a dietetic change underlines the importance of considering different bumblebee species in mitigation strategies.\"" This implies that studying and managing them is complex due to these species-specific needs."",
  ""answer"": ""Entailment""
}"
s_1485,Higher concentrations of vitamin D3 (up to 9600 ICU/kg) can enhance body weight and bone mineral content in diets with sub-optimal calcium and phosphorus  .,"An experiment was conducted with broiler starter chicks (1 to 21 d of age) to find out effect of higher concentrations of vitamin D <inf>3</inf> (D <inf>3</inf> 1200, 2400, 4800 and 9600 ICU/kg) to basal diet (BD) containing lower concentrations of calcium (Ca, 0.4%) and non-phytate phosphorus (NPP, 0.2%). A reference diet (RD) containing 1.0% Ca, 0.45% NPP, 1200 1CU D <inf>3</inf>/kg was used for comparison. Each diet was fed to 11 battery brooder pens. Body weight gain, relative weight of tibia, tibia strength, tibia ash content, serum Ca concentration, activities of acid phosphotase (ACP) and alkaline phosphotase (ALP)in serum decreased significantly in broilers fed BD compared to those fed the RD. Supplementation of D <inf>3</inf> to BD non-linearly increased body weight, bone weight and bone ash content, serum Ca concentration and activities of ACP and ALP. Supplementation of D <inf>3</inf> to the BD linearly decreased excretion of all the minerals and Fe. In general, the retention of the trace minerals increased in pancreas and liver with increase in concentrations of D <inf>3</inf> in the BD. The results indicated the possibility of increasing the performance and mineral utilization in broiler starters fed sub-optimal concentrations of Ca and NPP. However, a level of 9600 ICU D <inf>3</inf>/kg in diets containing 0.4% Ca and 0.2% NPP appears to be inadequate to support body weight gain compared to those fed normal concentrations of Ca and NPP.","{
  ""justification"": ""The claim suggests that high concentrations of vitamin D3 can enhance body weight, but it omits the crucial concluding statement from the reference: \""However, a level of 9600 ICU D3/kg in diets containing 0.4% Ca and 0.2% NPP appears to be inadequate to support body weight gain compared to those fed normal concentrations of Ca and NPP.\"" This missing information changes the overall interpretation, as the enhancement was not sufficient to match a standard diet."",
  ""answer"": ""Missing information""
}"
s_936,"Incorporation of Metal Oxide Nanoparticles: Nano Iron Oxide: Adding nano iron oxide to the propellant formulation can significantly enhance the burning rate, which is directly related to the specific impulse .","The performance of solid propellants is often tailored by incorporating energetic materials such as novel oxidizers, energetic binders and ballistic modifiers. Metal oxide nanoparticles are known for their persuasivenature to modify burning rate ofammonium perchlorate based composite propellants. In the present work, nano iron oxide and poly (1-(3-nitrophenyl)-1H-1,2,3-triazol-4-yl) acrylate are incorporated in the composite propellant formulation by partly replacing coarse ammonium perchorate (AP) as well as hydroxy terminatined polybutadiene (HTPB), respectively, and different properties were evaluated. The mechanical properties data revealed that on increasing the percentage of polymer in the composition by partly replacing HTPB, there is an increase in tensile strength while decreasing elongation percentage. Thedata of ballistic properties revealed that on incorporation of nano iron oxide in the composition enhances the burning rate while on partial replacement of HTPB with polymer there is a decrease in burning rate from 11.95 mm s<sup>−1</sup> to 8.75 mm s<sup>−1</sup>, respectively was observed.","{
  ""justification"": ""The reference confirms that adding nano iron oxide enhances the burning rate. However, it makes no mention of \""specific impulse\"" or its relationship to the burning rate. This part of the claim is therefore unverifiable from the provided text."",
  ""answer"": ""Related but unverifiable""
}"
i_567,"Social Sustainability: Citizen Empowerment: Models like CommunityHub emphasize the importance of data transparency and citizen participation in smart city initiatives. By involving citizens in data analytics and decision-making processes, these models aim to address ethical concerns and enhance community trust .","Automation through smart city technology deployments and big data analytics has the potential to create more liveable, sustainable, and equitable cities. However, internationally, there are many examples of smart city developments that have attracted criticism, concerns, and community backlash over issues such as data ethics, privacy, mass surveillance, commodification, and social control. In response, this chapter presents DataCare—a model for cities to practically implement technological sovereignty as a way to renew and maintain the social licence to operate smart city technology. Grounded in a critical review of the literature, the chapter argues that data collection and automation in smart cities must be more citizen and community-oriented. Informed by smart city developments in Toronto and Barcelona, the chapter introduces DataCare—a model for a dedicated facility hosted by the city and offered to citizens, communities, and businesses. The envisaged DataCare space can be tailored to raise awareness of data ethics, to run data literacy training seminars, to engage in participatory data analytics, and to speculate about city data futures. DataCare aims to increase data transparency and autonomy, showcase new business opportunities, and empower citizens and community.","{
  ""justification"": ""The claim attributes the emphasis on data transparency and citizen participation to a model named \""CommunityHub\"". However, the reference describes a model with these characteristics called \""DataCare\"". The claim incorrectly identifies the model, which is an entity error."",
  ""answer"": ""Entity error""
}"
i_835,"Gasoline engines, depending on the octane level, can have higher CO2 emissions .","Changes in temperature and pressure influence the operational conditions of motor vehicles using Compressed Natural Gas (CNG) fuel. Therefore, engine torque and exhaust emissions (CO, CO<inf>2</inf>, NO<inf>x</inf> and hydrocarbons) were tested to determine the effects of altering initial temperature and pressure of CNG prior to entering the combustion chamber of an Otto engine. It was found that variations in initial temperature and pressure do not affect torque. Increased gas temperature leads to decreased contents of CO, HC (hydrocarbons) and NO<inf>x</inf> but increased C02 in exhaust gas. Meanwhile, increase in gas pressure is associated with decreased C02, HC and NO<inf>x</inf> but increased CO in exhaust gas. Based on experimental results, it is clear that fuel gas temperature and pressure do not affect the engine torque but affect the exhaust gas composition.","{
  ""justification"": ""Justification 1: The claim discusses gasoline engines and octane levels. The reference discusses Compressed Natural Gas (CNG) fuel, its temperature, and pressure. The reference does not mention gasoline or octane levels. Justification 2: The claim's focus on gasoline and octane is entirely different from the reference's focus on CNG and its physical properties (temperature, pressure). Therefore, the claim is unrelated to the provided text and cannot be verified."",
  ""answer"": ""Unrelated and unverifiable""
}"
s_1600,The careful use of herbicides has resulted in improved environmental conditions and the reduction of herbicide-resistant weed species .,"Weeds are among the most important pests of agricultural crops that not only decrease the crop yields but also severely damage the quality of produce. Herbicides are usually effective in suppressing weeds occasionally supplemented with other weed control methods. During recent times, a number of factors have increased the importance of non-chemical weed control methods. Some of these are environmental concerns arising by overuse of pesticides, rising demands for organic food, and an evolution of herbicide resistance in weeds. This chapter discusses «why non-chemical weed control is needed?» and also provides an overview of currently available non-chemical weed control techniques.
[3]: Weed management in agriculture is hampered by inefficient intensive methods, such as monoculture, deep plowing, and herbicides, leading to health and environmental problems. Furthermore, the prevalence of herbicide-resistant weed ecotypes in the Mediterranean, particularly in France (with over 61 ecotypes), Spain (41), and Italy (37), is a major concern, with a significant proportion of herbicides in the region. In this study, we examined the benefits of adopting agroecology as a sustainable approach for weed management in the Mediterranean region. Agroecology offers a variety of techniques and practices to improve sustainability and weed management, while preserving ecological balance and biodiversity. However, solving these challenges is multifactorial and depends on local specificities, predominant weed species, crops, sowing dates, and pedo-climatic factors. In addition, this study included a systematic analysis of agroecological weed management in Mediterranean countries, assessing the effectiveness of existing practices, and identifying areas requiring further exploration in agroecosystems. A bibliometric analysis was also included to assess the literature on agroecology and weed management quantitatively, identifying major trends, influential studies, and research gaps. The bibliometric analysis highlighted the importance of alternative herbicides in Mediterranean ""weed"" (with a link strength of 44), ""agroecology"" (22), and ""biodiversity"" (16). Italy has the strongest collaboration network, with a link strength of 61, followed by Turkey (44), and France (42). Using specific keywords to agroecological practices for weed management in Scopus, France worked the most in this context (around 25% of studies), followed by Spain (17%) and Italy (17%), while all other countries contributed to less than 40% of studies carried out in the Mediterranean context. Clearly, it is imperative to foster collaboration between Mediterranean countries to develop effective and sustainable weed control strategies. Understanding the challenges of herbicide-resistant weeds, exploring their reasons and mechanisms, and using systematic studies and bibliometric analyses will help to develop effective strategies for managing weeds in the Mediterranean. Agroecological management favors effective control, while promoting healthy and sustainable ecosystems, preserving biodiversity, and ensuring long-term food security.
[4]: Adoption of conservation agriculture has brought significant changes in crop management in Australia. Increased reliance on herbicidal weed control is one of the most significant changes that have occurred throughout Australian cropping systems. The singular focus on herbicides for weed management has led to the frequent and widespread evolution of herbicide resistance in several weed species. Herbicide resistance means the loss of herbicide resources and as new herbicides modes of action are unlikely then use of alternative non-chemical cultural weed management options is essential. Crop competition is an approach that can be used to manage weeds for improved crop production. Enhanced crop competition can be achieved through the use of competitive crop species and cultivars, increased seed rates, narrow row spacing, and altered row orientation. These options are already routinely used in Australia and are proven in their ability to reduce weed biomass and fecundity. Although these strategies have been successfully used in Australian cropping systems, the research has frequently been focussed locally and not extrapolated more broadly throughout the Australian grain production region. Crop competition can potentially be a sustainable weed management option in reducing the reliance on herbicides and combating herbicide resistance and therefore, needs to be considered in all integrated weed management plans.","{
""justification"": ""The claim asserts that herbicide use improves environmental conditions and reduces resistant weeds. However, the references state the opposite, citing 'environmental concerns arising by overuse of pesticides' [un-numbered], herbicides 'leading to health and environmental problems' [3], and that herbicide use 'has led to the frequent and widespread evolution of herbicide resistance' [4]."",
""answer"": ""Opposite meaning""
}"
s_1295,"Oral Hypoglycemic Agents: Do not include sulfonylureas, biguanides, and thiazolidinediones, as they are ineffective in managing blood glucose levels .","Diabetes mellitus (DM) is a metabolic disorder resulting from a defect in insulin secretion, insulin action, or both. Insulin deficiency in turn leads to chronic hyperglycaemia with disturbances of carbohydrate, fat and protein metabolism. It is the most common endocrine disorder and by the year 2010, it is estimated that more than 200 million people worldwide will have DM and 300 million will subsequently have the disease by 2025. As the disease progresses tissue or vascular damage ensues leading to severe diabetic complications such as retinopathy, neuropathy, nephropathy, cardiovascular complications and ulceration. Thus, diabetes covers a wide range of heterogeneous diseases. Diabetes mellitus may be categorized into several types but the two major types are type 1 and type 2. Drugs are used primarily to save life and alleviate symptoms. Secondary aims are to prevent long-term diabetic complications and, by eliminating various risk factors, to increase longevity. Insulin replacement therapy is the mainstay for patients with type 1 DM while diet and lifestyle modifications are considered the cornerstone for the treatment and management of type 2 DM. Insulin is also important in type 2 DM when blood glucose levels cannot be controlled by diet, weight loss, exercise and oral medications. Oral hypoglycaemic agents are also useful in the treatment of type 2 DM. Oral hypoglycaemic agents include sulphonylureas, biguanides, alpha glucosidase inhibitors, meglitinide analogues, and thiazolidenediones. The main objective of these drugs is to correct the underlying metabolic disorder, such as insulin resistance and inadequate insulin secretion. They should be prescribed in combination with an appropriate diet and lifestyle changes. Diet and lifestyle strategies are to reduce weight, improve glycaemic control and reduce the risk of cardiovascular complications, which account for 70% to 80% of deaths among those with diabetes. Diabetes is best controlled either by diet alone and exercise (non-pharmacological), or diet with herbal or oral hypoglycaemic agents or insulin (pharmacological). The main side effects are weight gain and hypoglycaemia with sulfonylureas, gastrointestinal (GI) disturbances with metformin, weight gain, GI disturbances and liver injury with thiazolidinediones, GI disturbances, weight gain and hypersensitivity reactions with meglitinides and flatulence, diarrhoea and abdominal bloating with alpha-glucosidase inhibitors.","{
  ""justification"": ""The claim asserts that oral hypoglycemic agents do not include sulfonylureas, biguanides, and thiazolidinediones because they are ineffective. The reference directly contradicts this by stating, \""Oral hypoglycaemic agents include sulphonylureas, biguanides, alpha glucosidase inhibitors, meglitinide analogues, and thiazolidenediones.\"" Furthermore, the reference indicates their effectiveness by saying they are \""useful in the treatment of type 2 DM\"" and their objective is to \""correct the underlying metabolic disorder.\"" The claim presents the exact opposite information found in the reference."",
  ""answer"": ""Opposite meaning""
}"
s_293,Challenges and Solutions: Scalability: Techniques like parallelism and distributed search do not effectively manage the exponential growth of the search space in complex problems .,"Model checking is a fully automated, formal method for demonstrating absence of bugs in reactive systems. Here, bugs are violations of properties in Linear-time Temporal Logic (LTL). A fundamental challenge to its application is the exponential explosion in the number of system states. The current chapter discusses the use of parallelism in order to overcome this challenge. We reiterate the textbook automata-theoretic approach, which reduces the model checking problem to the graph problem of finding cycles. We discuss several parallel algorithms that attack this problem in various ways, each with different characteristics: Depth-first search (DFS) based algorithms rely on heuristics for good parallelization, but exhibit a low complexity and good on-the-fly behavior. Breadth-first search (BFS) based approaches, on the other hand, offer good parallel scalability and support distributed parallelism. In addition, we present various simpler model checking tasks, which still solve a large and important subset of the LTL model checking problem, and show how these can be exploited to yield more efficient algorithms. In particular, we provide simplified DFS-based search algorithms and show that the BFS-based algorithms exhibit optimal runtimes in certain cases.","{
  ""justification"": ""Justification 1: The claim states that parallelism and distributed search are ineffective. The reference, however, presents these techniques as solutions to overcome the challenge of exponential state growth. Specifically, it mentions that 'Breadth-first search (BFS) based approaches, on the other hand, offer good parallel scalability and support distributed parallelism.' This directly contradicts the claim's assertion of ineffectiveness. Justification 2: The claim asserts that parallelism and distributed search are ineffective for managing exponential growth. The reference contradicts this by stating that parallelism is used to 'overcome this challenge' and that certain approaches 'offer good parallel scalability.'"",
  ""answer"": ""Opposite meaning""
}"
s_947,"Types of Conveyor Malfunctions and Their Causes: Tubular Scraper Flight Conveyor Issues: Seizure of the traction chain, wear of branch tubes and scrapers, and increased noise levels. Causes: Design and operational factors .","Ways of solving problems that arise in the operation of tubular scraper flight conveyors designed for hauling friable or fine abrasive materials are presented. The most frequently occurring problems are the following: seizure of the traction chain in a loaded pivoted section, wear of the branch tubes and scrapers, ingress of hauled raw material into the bridling equipment when the conveyor reverses direction, and increased noise level in the course of operation of the conveyor.","{
  ""justification"": ""The claim and reference both discuss issues with tubular scraper flight conveyors. While the reference confirms problems like chain seizure, wear, and noise, it does not state that 'Design and operational factors' are the causes. This makes the claim's assertion about the causes unverifiable."",
  ""answer"": ""Related but unverifiable""
}"
i_791,Key Factors Impacting Digital Transformation: Skills and Knowledge: The successful implementation of digital technologies such as Virtual Reality (VR) and Big Data Analytics (BDA) is heavily reliant on the presence of specific skills and knowledge within the organization. Training and development are crucial to harness the full potential of these technologies .,"Despite increasing adoption of digital technology in construction, productivity reports have remained disappointing. To develop insights into the reasons of this contradiction, the present paper suggests drawing on organisational competitiveness literature considering that the factors-Affecting-productivity are conveniently captured within that literature. Through a questionnaire survey, the paper analyses the views of managers in the UK construction industry regarding the effect of Building Information Modelling (BIM) and Big Data Analytics (BDA) on organisational competitiveness. The results are then traced back to the factors-Affecting-productivity for discussion. It is concluded that digitalisation enables performance improvements that can be tied to productivity gains, but this relies on the presence of certain skills and knowledge, which require training. It is also concluded that the lack of impact of digitalisation on some of the factors-Affecting-productivity may be limiting the impact of digitalisation on the overall productivity, thus leading to a stagnating productivity.","{
  ""justification"": ""The claim incorrectly lists Virtual Reality (VR) as one of the digital technologies discussed in the reference. The reference specifically mentions Building Information Modelling (BIM) and Big Data Analytics (BDA), but there is no mention of VR."",
  ""answer"": ""Entity error""
}"
i_2305,"Nutritional and Safety Aspects: Nutritional Enhancement: Fermentation can enhance the nutritional profile by increasing the bioavailability of nutrients. For instance, fermented dairy-cereal composites showed improved protein digestibility and amino acid profiles .","BACKGROUND: Dairy and cereal products are frequently combined to create composites with enhanced nutritional benefits. Commercially available dried dairy-cereal composites are typically reconstituted and cooked to produce porridge or soup. RESULTS: Dried fermented milk-cereal composites (FMCC) with ∼193 g kg <sup>−1</sup> protein were prepared by blending fermented milk with parboiled oats (FMCCo), wheat (FMCCw), or barley (FMCCb), incubating the blend, drying, and milling. Cereal type significantly affected the composition of the FMCC and the properties of the reconstituted, cooked FMCC (R-FMCC). The FMCCo had a higher starch and fat content and lower levels of lactose, lactic acid, and amylose than FMCCb. The R-FMCCo had higher viscosity during cooking at 95 °C and cooling to 35 °C, and higher values of yield stress (σ <inf>0</inf> ), consistency index (K) and viscosity on shearing from 20 to 120 s <sup>−1</sup> at 60 °C than R-FMCCb. The FMCCw had lower levels of fat and β-glucan than FMCCo or FMCCb, but was otherwise closer to FMMCb with respect to composition, cooking properties and flow behavior. CONCLUSION: Differences in composition and consistency associated with cereal type are likely to affect the nutritional value of the FMCC. © 2018 Society of Chemical Industry.","{
  ""justification"": ""The claim asserts that fermented dairy-cereal composites exhibit improved protein digestibility and amino acid profiles. However, the provided reference, while discussing the composition and properties of such composites, does not mention or provide any data on protein digestibility, amino acid profiles, or the bioavailability of nutrients. It only concludes that differences in composition are 'likely to affect the nutritional value' without specifying how. Therefore, the specific nutritional enhancements claimed cannot be verified from the reference."",
  ""answer"": ""Related but unverifiable""
}"
s_219,"1. Color and Brightness Adjustments: Hue, Saturation, and Brightness (HSB) Models: Adjusting the color difference between the left and right eye views in VR is likely to impact visual comfort. While quantitative experiments suggest that models based on HSB can predict visual comfort with reasonable accuracy, the alignment with subjective evaluations may not be as strong as indicated .","With the rapid development of multimedia technology and Internet technology, Virtual Reality (VR) and Augmented Reality (AR) are becoming more and more mature as the typical cutting-edge three-dimensional video technology. However, the visual comfort of three-dimensional image has gradually become an important factor related to the visual safety and physiological health of viewers. Aiming at the color difference of left and right eye views in VR/AR stereoscopic video, quantitative experiments through subjective assessment were conducted to study the influence of Hue, Saturation and Brightness (HSB) on visual comfort in binocular stereoscopic video, and VR/AR comfort relationship models based on HSB was established. The universality of the models was further verified through experiments, and the results showed that the matching accuracy rate between the subjective evaluation results and the VR/AR comfort relationship models reached more than 80%, that is, the model had a high consistency with the subjective evaluation results, which will provide a reference for the evaluation of VR/AR stereo video visual comfort.","{
  ""justification"": ""The claim suggests that the alignment between HSB models and subjective evaluations \""may not be as strong as indicated.\"" This directly contradicts the reference, which states that the matching accuracy rate between the subjective evaluation results and the models was \""more than 80%\"" and that \""the model had a high consistency with the subjective evaluation results.\"""",
  ""answer"": ""Opposite meaning""
}"
i_1627,"Underlying Mechanisms: Corporate Social Responsibility (CSR): Firms with higher gender diversity on their boards tend to have better CSR practices, which include environmental sustainability initiatives .","Corporate social responsibility (CSR) is increasingly becoming a strategic issue that has to be dealt with by top management. The aim of the present study is to analyse the role that women directors can play as driving forces behind the development of CSR in organisations, and contribute to sustainable development. Despite the fact that gender diversity is acquiring considerable importance, most research has focused on analysing how it affects financial performance. In this study, we analyse the implications that gender diversity has on CSR. To do so, we have carried out an empirical study of a sample of firms from a variety of countries and sectors to determine whether those firms with a higher percentage of women on the board of directors are more socially responsible. The results support the hypothesis that gender diversity has a positive influence on CSR. Female talent can play a strategic role in enabling firms to manage their social responsibility and sustainable practices appropriately.","{
  ""justification"": ""Justification 1: The reference explicitly states that 'gender diversity has a positive influence on CSR.' It also links CSR to 'sustainable development' and 'sustainable practices,' which aligns with the claim's mention of 'environmental sustainability initiatives.'\nJustification 2: The claim is fully supported by the reference. The reference confirms a positive link between gender diversity on boards and CSR, and it also connects CSR with sustainable practices, which encompasses the environmental initiatives mentioned in the claim."",
  ""answer"": ""Entailment""
}"
s_1516,"Lignocellulosic Biomass: This includes agricultural and wood residues, which are abundant and cost-effective. These substrates are rich in cellulose and hemicellulose, which fungi can break down into simpler sugars for growth and mycoprotein production .","Fungi, being natural decomposers, are the most potent, ubiquitous and versatile sources of industrial enzymes. About 60% of market share of industrial enzymes is sourced from filamentous fungi and yeasts. Mycozymes (myco-fungus; zymes-enzymes) are playing a pivotal role in several industrial applications and a number of potential applications are in the offing. The field of mycozyme production, while maintaining the old traditional methods, has also witnessed a sea change due to advents in recombinant DNA technology, optimisation protocols, fermentation technology and systems biology. Consolidated bioprocessing of abundant lignocellulosic biomass and complex polysaccharides is being explored at an unprecedented pace and a number of mycozymes of diverse fungal origins are being explored using suitable platforms. The present review attempts to revisit the current status of various mycozymes, screening and production strategies and applications thereof.
[2]: Trichoderma sp. is a potential cellulase producing mesophilic fungi which grow under mild acidic condition. In this study, growth and nutritional conditions were manipulated for the maximum and cost-effective production of cellulase using lab strain Trichoderma sp. RCK65 and checked for its efficiency in hydrolysis of Prosopis juliflora (a woody substrate). Preliminary studies suggested that when 48 h old secondary fungal culture (20 % v/w) was inoculated in wheat bran moistened with mineral salt solution (pH 4.5 and 1:3 solid to moisture ratio), incubated at 30 °C and after 72 h, it produced maximum cellulase (CMCase 145 U/gds, FPase 38 U/gds and β-glucosidase 105 U/gds). However, using statistical approach a S:L ratio (1:1) was surprisingly found to be optimum that improved cellulase that is CMCase activity by 6.21 %, FPase activity by 23.68 % and β-glucosidase activity by 37.28 %. The estimated cost of crude enzyme (Rs. 5.311/1000 FPase units) seems to be economically feasible which may be due to high enzyme titre, less cultivation time and low media cost. Moreover, when the crude enzyme was used to saccharify pretreated Prosopis juliflora (a woody substrate), it resulted up to 83 % (w/w) saccharification.
[3]: Background: Cellulosic biomass especially agricultural/wood residues can be utilized as feedstock to cost-effectively produce fuels, chemicals and bulk industrial enzymes, which demands xylose utilization from microbial cell factories. While previous works have made significant progress in improving microbial conversion of xylose into fuels and chemicals, no study has reported the engineering of efficient xylose utilizing protein expression systems for the purpose of producing industrial enzymes. Results: In this work, using Pichia pastoris as an example, we demonstrated the successful engineering of xylose metabolizing ability into of protein expression systems. A heterologous XI (xylose isomerase) pathway was introduced into P. pastoris GS115 by overexpressing the Orpinomyces spp. XI or/and the endogenous XK (xylulokinase) gene, and evolutionary engineering strategies were also applied. Results showed that the XI pathway could be functionally expressed in P. pastoris. After 50 generation of sequential batch cultivation, a set of domesticated recombinant P. pastoris strains with different performance metrics on xylose were obtained. One evolved strain showed the highest xylose assimilation ability, whose cell yield on xylose can even be comparable to that on glucose or glycerol. This strain also showed significantly increased β-mannanase production when cultured on xylose medium. Furthermore, transcription analysis of xylose pathway genes suggested that overexpression of XI and XK might be the key factors affecting effective xylose assimilation. Conclusions: To our best knowledge, this study is the first work demonstrating the construction of efficient xylose utilizing P. pastoris strains, thus providing a basis for using cellulosic biomass for bulk industrial enzyme production.","{
  ""justification"": ""The claim asserts that fungi break down lignocellulosic biomass for \""mycoprotein production.\"" While the references do support that fungi break down abundant and cost-effective lignocellulosic biomass (rich in cellulose and hemicellulose) into simpler sugars, they consistently state the purpose is for producing \""mycozymes\"" (industrial enzymes), fuels, and chemicals. None of the provided references mention \""mycoprotein production.\"" Therefore, the claim misrepresents the purpose of the process as described in the source material."",
  ""answer"": ""Misrepresentation""
}"
i_797,"Key Factors Impacting Digital Transformation: Standardization and Information Management: The absence of standardized information structures for construction equipment and elements is likely the sole reason hindering the digital transformation process. Therefore, developing relational databases and BIM libraries to standardize and manage information is the only effective way to improve construction planning and management .","In the last years, the digital evolution involved the construction sector and produced radical changes in projects elaboration and realization. The diffusion of digital models implies a particular attention on information related to the building elements. For what concerns construction planning and management, this information need to be related to the information of the elements proper of a construction site such as equipment and machines. A deep research focused on the manufacturers' sheets showed how technical information related to construction equipment are often non-homogenous and incomplete, probably because of a lack of a precise standard. The aims of this research are then the definition of a proper standard information structure for construction equipment and its digitalization thanks to the use of relational Databases and Building Information Models. To do this the amount of information collected from a wide number of datasheets have been standardized and organized in homogenous informative sets to be related in order to gain the correct information package of an equipment. The realization of a relational database permitted to store such data in a digital format and to search them in an efficient way. The realization of a BIM library permitted to provide to designers and firms a tool able to improve and automatize design choices in terms of construction issues.","{
  ""justification"": ""The claim makes absolute statements, suggesting that the lack of standardized information is the \""sole reason\"" hindering digital transformation and that developing databases and BIM libraries is the \""only effective way\"" to improve the process. The reference identifies the lack of standardization as a significant problem and presents the creation of databases and BIM libraries as a viable solution to improve and automate design choices. However, the reference does not state that this is the \""sole\"" problem or the \""only\"" solution. The claim exaggerates the findings of the reference, misrepresenting the scope and conclusions of the research."",
  ""answer"": ""Misrepresentation""
}"
s_62,"Effectiveness Across Different Domains: Interactive Marketing: In marketing, deep learning models, including those used in BERT, are crucial for customer acquisition, retention, and communication. They address complex data processing and customer privacy issues, making them indispensable for modern marketing needs .","This chapter reviews recent research deploying deep learning (DL) to resolve problems in interactive marketing. It takes stock of what marketers know, how and why they do that. From an engagement marketing perspective, this chapter catalogues DL application cases in (1) customer acquisition, expansion, and retention, (2) marketing communication, and (3) product innovation. By identifying challenges from technological advancement and interactive marketing needs, it characterizes eleven issues that marketers have to deal with. They include the curse of dimensionality, complex data processing, language-image nexus, and customer privacy. This chapter elucidates the DL logic and solution techniques to correspondingly address these issues. It also introduces some technical terms for communication with data scientists. They include generative adversarial networks, transfer learning, and federated learning. A wide range of typical DL models is presented, from simple classification to sophisticated language models. Marketers have to choose from them according to their application matters. This chapter concludes that DL is indispensable to fulfilling today's customer needs for performance and interactivity. The review shall help formulate DL projects and it can act as a handy reference for exotic marketing innovations upon new technology trends, like the Metaverse. Implications and challenges will be discussed in the ending section. Hopefully, marketers will find DL easier, for implementation or outsourcing.","{
  ""justification"": ""The claim correctly summarizes the role of deep learning in interactive marketing for customer acquisition, retention, and addressing data/privacy issues, as supported by the reference. However, it specifically mentions \""BERT,\"" an entity that is not named in the reference text. The reference only speaks of \""sophisticated language models\"" in general."",
  ""answer"": ""Entity error""
}"
s_648,Data Collection Strategies: Content Analysis: Analyzing existing literature and extracting relevant risk factors can help in building a comprehensive understanding of the risk landscape .,"[11] Public-private partnerships (PPPs) are used for infrastructure projects, but they usually involve risk because of their complexity. The construction and operation stages are the core of successful infrastructure PPP projects. This study analysed the efficiency and determinants of the construction and operation stages of Chinese infrastructure PPP projects conducted by thirty provinces from 2008–2013. During the five years examined, the efficiency of infrastructure PPP projects in the construction stage exhibited a downward spiral, but showed a gradual upward trend in the operation stage. The results showed that government supervision was one of the most significant positive influences on construction efficiency, while risk allocation had a greater positive impact on efficiency during the operation stage. The evidence in this study is impactful because it provides insights for practitioners regarding key determinants for improving efficiency in the construction and operation stages of infrastructure PPP projects.","{
  ""justification"": ""The claim describes a general research methodology, 'Content Analysis,' for understanding risk factors by analyzing literature. The reference is a specific study about the efficiency and risks in Chinese Public-Private Partnership (PPP) projects. While the reference deals with the topic of risk, it does not mention or describe the strategy of 'Content Analysis' or make any general statements about how to build an understanding of a risk landscape. Therefore, the claim is related to the topic of the reference but its specific content is not verifiable from the provided text."",
  ""answer"": ""Related but unverifiable""
}"
