ID,claim_clean,reference_clean,predict
i_1954,"Economic Sustainability: Digital Transformation: ICT plays a pivotal role in the digital transformation of organizations, which can lead to economic sustainability. However, the implementation of enterprise architecture (EA) in developing countries is often deemed ineffective due to cultural and resource constraints, suggesting that digital transformation may not be achievable in these contexts . Successful digital transformation requires a deep understanding of these local contexts.","Information and communication technology (ICT) is crucial for enhancing organisations' economic, environmental, and social sustainability, while Enterprise Architecture (EA) supports developing and managing organisational ICT resources. However, since established EA standards and frameworks are primarily deployed in the context of developed countries, there is a need to understand the unique cultural, institutional, and resource constraints developing countries face in implementing EA. This empirical study investigates EA's current practices and challenges in developing countries, specifically Bangladesh, to support sustainable digital transformation. The research contributes to the EA understanding and sustainable digital transformation through literature analysis and interviews with professionals from diverse industries. The findings highlight a lack of understanding of EA among organisations striving to integrate environment, social and governance (ESG) factors into sustainability and ICT deployments. This study offers implications to research and practice related to challenges in practising EA in developing countries to support digital transformation and sustainability.","{
  ""justification"": ""The claim suggests that digital transformation may not be achievable in developing countries, which is a misrepresentation of the reference. The reference states that there are challenges and a need to understand the context to 'support sustainable digital transformation,' implying that it is achievable if these challenges are addressed, not that it is impossible."",
  ""answer"": ""Misrepresentation""
}"
s_1594,"Social Sustainability: Infrastructure and Services: While access to education, healthcare, and modern services is often mentioned as important, it is likely that these factors alone are sufficient to sustain rural communities and attract young people to agriculture without considering other influences .","Agricultural productivity has trebled in Australia over the last 50 years, suggesting that all is well in the heartland of agriculture - the inland rural communities around which much of our production is based. None the less in this chapter I sound a note of warning, arguing that an over-reliance on economic parameters as the only indicator of success will inevitably compromise the industry. Social sustainability is critically important to an industry that relies so heavily on farm families. Yet access to education, employment, health and welfare service and transport and telecommunications infrastructure is reducing the attractiveness of rural areas. Sustaining families and attracting young people into the industry are vital to its survival. In this chapter I introduce the notion of multifunctionality, a concept in favour outside Australia, as a way of valuing rural areas beyond their productive capacity. Thus when we assess the amenity, heritage and cultural value of rural areas we move beyond the notion of economics as determinant. The concept opens up the need for wider investment in human, institutional, environmental and social capital as ways of revitalizing rural communities and of ultimately ensuring the future viability of agriculture. © CAB International 2007. All rights reserved.","{
  ""justification"": ""The claim suggests that access to education, healthcare, and modern services alone is sufficient to sustain rural communities. However, the reference states the opposite, arguing that the current state of access to these services is actually \""reducing the attractiveness of rural areas.\"" The reference further proposes a broader concept of \""multifunctionality\"" and calls for \""wider investment in human, institutional, environmental and social capital,\"" directly contradicting the idea that access to services alone is sufficient."",
  ""answer"": ""Opposite meaning""
}"
i_2194,"Key Components of Ecosystem-Based Aquaculture: Ecological Considerations: Environmental Monitoring: Continuous monitoring of environmental parameters and the use of models to predict the impacts of aquaculture on ecosystems are essential. Tools like qualitative network models (QNMs) can accurately predict all community-wide responses to changes in aquaculture practices, making them indispensable for any aquaculture operation .","Predicting the effects of aquaculture development for coastal ecosystems remains challenging, particularly for data-limited systems, and tools that account for complex ecological interactions are needed to support ecosystem approaches to aquaculture. Here, we used qualitative network models (QNMs) to examine the potential community effects of increasing bivalve aquaculture in South Puget Sound, a large estuarine system in Washington, United States. QNMs are formalized conceptual models that require only a qualitative understanding of how variables composing a system interact (that is, the sign of interactions: +,-, and 0) and are therefore well-suited to data-limited systems. Specifically, we examined community-wide responses to scenarios in which bivalve cultivation effort increased for three different bivalve species (Manila clam Venerupis philippinarum, Pacific oyster Crassostrea gigas, and geoduck Panopea generosa). Further, we evaluated community-wide responses to the removal of benthic bivalve predators, a future increase in nutrient loadings, and combinations of these scenarios acting simultaneously. The scenarios enabled identification of potential trade-offs between increased aquaculture and shifts in the abundance of community members and assessment of the possible effects of different management actions. We also analysed the QNM to identify key interactions that influence the sign outcome of community responses to press perturbations, highlighting potential points for management intervention and linkages deserving of more focused quantitative study. QNMs are mathematically robust and highly flexible, but remain underutilized. We suggest that they may serve as valuable tools for supporting ecosystem approaches to aquaculture.","{
  ""justification"": ""The claim exaggerates the capabilities of Qualitative Network Models (QNMs) as described in the reference. The reference states that QNMs are used to examine \""potential community effects\"" and \""may serve as valuable tools,\"" highlighting that they are currently \""underutilized.\"" In contrast, the claim asserts that QNMs \""can accurately predict all community-wide responses\"" and are \""indispensable,\"" which is a significant overstatement of their predictive power and necessity as presented in the source material."",
  ""answer"": ""Misrepresentation""
}"
s_1906,"Social and Ecological Integration: Community Engagement: Effective restoration does not require engaging local communities and socio-political barriers are easily overcome. Technical advancements have eliminated challenges such as poor governance, ineffective funding, and lack of community engagement, making them insignificant obstacles .","This commentary uses the experience of attending the ""Multidisciplinary Scientific Conference on Forestry-related Policy and Governance"" to contrast the lack of progress with socio-political-economic aspects of forest conservation/restoration with the technical advancements that have been achieved over recent decades. The social problems raised during this conference were almost identical to those addressed by similar conferences 20-30 years ago, including poor governance, ineffective funding mechanisms, failure to engage local communities and poor communication between scientists and policy makers. Recent developments, such as REDD+, were dismissed as largely ineffective, with no consensus on effective solutions. In contrast, over the same time frame, forest ecologists have succeeded in developing effective techniques that have largely overcome the technical barriers to restoring forest ecosystems that existed 30 years ago, such as accelerated natural regeneration, the framework species method, applied nucleation etc. A global study is called for on the extent to which existing science-policy interface mechanisms succeed or fail to increase forest cover and related products and services to stakeholders, so that existing socio-political barriers to forest conservation/restoration can be removed, as the technical barriers have been.
[7]: Developing and strengthening a more mutualistic relationship between the science of restoration ecology and the practice of ecological restoration has been a central but elusive goal of SERI since its inaugural meeting in 1989. We surveyed the delegates to the 2009 SERI World Conference to learn more about their perceptions of and ideas for improving restoration science, practice, and scientist/practitioner relationships. The respondents' assessments of restoration practice were less optimistic than their assessments of restoration science. Only 26% believed that scientist/practitioner relationships were ""generally mutually beneficial and supportive of each other,"" and the ""science-practice gap"" was the second and third most frequently cited category of factors limiting the science and practice of restoration, respectively (""insufficient funding"" was first in both cases). Although few faulted practitioners for ignoring available science, many criticized scientists for ignoring the pressing needs of practitioners and/or failing to effectively communicate their work to nonscientists. Most of the suggestions for bridging the gap between restoration science and practice focused on (1) developing the necessary political support for more funding of restoration science, practice, and outreach; and (2) creating alternative research paradigms to both facilitate on-the-ground projects and promote more mutualistic exchanges between scientists and practitioners. We suggest that one way to implement these recommendations is to create a ""Restoration Extension Service"" modeled after the United States Department of Agriculture's Cooperative Extension Service. We also recommend more events that bring together a fuller spectrum of restoration scientists, practitioners, and relevant stakeholders. © 2010 Society for Ecological Restoration International.","{
  ""justification"": ""Justification 1: The claim asserts that engaging local communities is not necessary and that socio-political barriers are easily overcome. The reference explicitly contradicts this, stating that 'failure to engage local communities' and 'poor governance' are persistent socio-political problems that have seen a 'lack of progress' for decades and remain significant barriers to restoration. Justification 2: The claim states the opposite of the reference. The reference identifies 'failure to engage local communities' and other socio-political issues as major, unresolved challenges, while the claim dismisses them as insignificant and easily overcome, directly negating the central point of the reference."",
  ""answer"": ""Opposite meaning""
}"
i_95,"Formal Verification Role: Formal verification provides a rigorous mathematical approach to verify the correctness of cryptographic protocols and blockchain algorithms. It ensures that the system behaves as intended and is free from certain types of vulnerabilities. Effectiveness: Formal methods are effective in analyzing the security of cryptographic primitives and protocols, providing guarantees against computational attacks . This ensures that the foundational elements of the blockchain are secure.","Computer-aided verification provides effective means of analyzing the security of cryptographic primitives. However, it has remained a challenge to achieve fully automated analyses yielding guarantees that hold against computational (rather than symbolic) attacks. This paper meets this challenge for public-key encryption schemes built from trapdoor permutations and hash functions. Using a novel combination of techniques from computational and symbolic cryptography, we present proof systems for analyzing the chosen-plaintext and chosen-ciphertext security of such schemes in the random oracle model. Building on these proof systems, we develop a toolset that bundles together fully automated proof and attack finding algorithms. We use this toolset to build a comprehensive database of encryption schemes that records attacks against insecure schemes, and proofs with concrete bounds for secure ones. © 2013 ACM.","{
  ""justification"": ""The claim states that formal methods are effective in providing guarantees against computational attacks. However, the reference explicitly states that achieving guarantees against computational attacks 'has remained a challenge'. The claim misrepresents the research challenge described in the reference as a solved problem or a general capability."",
  ""answer"": ""Misrepresentation""
}"
i_841,"The dispersion of nanofillers within the polymer matrix is somewhat critical for the performance of polymer nanocomposites, but it is often overstated that good dispersion and exfoliation of nanofillers lead to significant improvements in properties, as some studies suggest that other factors may play a more dominant role .","Polymer nanocomposites are new materials that show great potential in a variety of applications. By incorporating nanoscale particles of a filler material, the performance and properties of the bulk material can be drastically altered. Indeed, quite exceptional improvements can be achieved with small amounts of filler. To make nanocomposites economically viable, their production must use common processing equipment, and additional processing steps should be avoided. Therefore, many thermoplastic-composites are processed by an injection molding process. It is generally accepted that the performance of polymer nanocomposites is intimately related to the degree of dispersion of the nanofiller: good dispersion and exfoliation may lead to the expected improvement in properties. This dispersion depends on factors such as the affinity and compatibility of the filler with the matrix, the matrix viscosity and the applied thermo-mechanical level, which depends on the processing conditions. The understanding of the fracture, microdeformation and mechanics of failure of nanocomposites is crucial for engineers. In this chapter the relationship between processing and performance is reviewed for different injected thermoplastic pieces. The effects of the molding process and of the nanoclay filler on the properties of the polymer composites are reported. Also, the effect of the occurrence of in-homogeneities, such as weld lines or flow lines in microstructure and therefore in performance are summarized.
[5]: To prepare polymer nanocomposites with enhanced performance, well dispersion of nanoparticles in matrices is necessary. In this work a new route that combines graft pre-treatment and drawing technique with melt mixing was applied. That is, nano-SiO2 particles were firstly modified by graft polymerization and then the grafted nanoparticles were melt-compounded with polypropylene (PP) producing composites filaments via drawing. Finally, the filaments were injection molded into bulk materials. The resultant PP based nanocomposites are much tougher than the unfilled polymer as characterized by either static or dynamic test, besides showing a simultaneous increase in strength and stiffness. Morphology studies indicated that drawing induced extension and separation of the grafted nano-silica agglomerates in PP matrix during making the filaments are frozen to a certain extent after nanocomposites manufacturing. In this way, the nanoparticles are well distributed in the matrix and correlated with each other throughout the entire composites, which might ensure an overall improvement of mechanical properties. Besides, β-crystal of PP developed in the drawing process can be retained in the nanocomposites, which also contributes to the toughening of PP. In view of these, the proposed drawing aided dispersion of nanoparticles might also be applicable to the preparation of other nanoparticles/polymer composites.","{
  ""justification"": ""The claim posits that the importance of nanofiller dispersion is often \""overstated.\"" This directly contradicts the provided references. Reference [1] states, \""It is generally accepted that the performance of polymer nanocomposites is intimately related to the degree of dispersion of the nanofiller.\"" Reference [5] reinforces this by stating, \""To prepare polymer nanocomposites with enhanced performance, well dispersion of nanoparticles in matrices is necessary.\"" Both references emphasize the critical importance of dispersion, which is the opposite of the claim's assertion."",
  ""answer"": ""Opposite meaning""
}"
s_1399,"The presence of bacteria, particularly anaerobic bacteria, can result in the release of foul-smelling substances. Necrotic Tissue: Infected ulcers often contain necrotic (dead) tissue, which can further contribute to the unpleasant odor .","Appropriate choice of support dressing for the treatment and topical care of chronic wound is one of the crucial factors in the management of this type of wounds, especially if thus ensuring maximal action upon the etiological causative agent. Of course, an accurate diagnosis is a major prerequisite for the proper use of dressing. The major problems in patients with chronic wounds include pain, abundant exudate that may frequently be difficult to control, bad odor, occasionally bleeding, and wound infection, the latter predominantly in diabetic patients.","{
  ""justification"": ""Justification 1: The claim and the reference both discuss bad odor in wounds. However, the claim's specific details about anaerobic bacteria and necrotic tissue as the sources of the odor are not mentioned in the reference, making the claim related but not verifiable from the given text.\nJustification 2: The reference mentions that 'bad odor' is a major problem in chronic wounds, often alongside 'wound infection.' The claim explains why this odor occurs, attributing it to 'anaerobic bacteria' and 'necrotic tissue.' However, the reference does not provide these specific causes."",
  ""answer"": ""Related but unverifiable""
}"
i_1865,"Air Pollution: Emissions from brick kilns, including SO₂, CO, PM, and NOₓ, do not pose significant health risks to workers and do not contribute to air pollution .","The life cycle assessment of the ABC (Pvt) Ltd brick manufacturing plant has considered land use, fossil resource scarcity, water consumption, global warming and fine particulate matter formation as the impact categories for assessment, with clay mining and coal as the input flows with the highest significant contributions to environmental load. The phase of clay mining (65.8%) is significantly impacting on all the investigated impact categories followed by brick moulding (24.8%) and brick roasting (9.4%) phases, respectively. Hotspots were assessed to identify potential for resource efficiency and circular economy at ABC bricks, Zimbabwe. It can be concluded that ABC is severely polluting the air with emissions above the Environmental Management Agency (EMA) standards for SO<inf>2</inf>, CO, PM and NO<inf>x</inf> thus putting kiln workers at risk of respiratory diseases. The calculated Air Quality Index (AQI) ranks CO as the most affecting pollutant with an average score of ∼600. Clay production efficiency was also determined, and an analysis revealed that extrusion and clamping stage contributed highly to the clay losses during brick moulding. Therefore, focus must be placed on these process steps to reduce raw material losses. Furthermore, an environmental waste (fly ash) was used in different weight percentage ratios of 10%, 20% and 100% to substitute clay. The increase of the fly ash content in the brick making process proved to significantly reduce the environmental load among the selected impact categories. ABC uses clay as its main raw material hence the high demand for clay. Strategies should include accounting of used clay daily and raw materials substitution. If ABC uses fly ash from its brick kilns and from other thermal power plant boilers to mix with clay in brick production, then the quantity of clay demanded will be reduced. Using fly ash will reduce rate of clay extraction while at the same time solving the problem of fly ash disposal in Zimbabwe. This circular option will ultimately result in reduced pit expansion, hence reducing top-soil loss and environmental degradation. It should not be disregarded that top-soil loss in turn affects food security. By adopting appropriate technologies, implementing resource efficiency, and designing circular economy patterns, the brick manufacturing sector in Zimbabwe may not only reduce production waste but also comply with enforced environmental protection legislation.","{
  ""justification"": ""The claim asserts that emissions from brick kilns are not harmful to workers and do not cause air pollution. However, the reference explicitly states that the brick plant 'is severely polluting the air with emissions... thus putting kiln workers at risk of respiratory diseases.' This is a direct contradiction."",
  ""answer"": ""Opposite meaning""
}"
s_356,"1. Enhanced Customer Experience: Personalization: AI enables the creation of personalized travel experiences by analyzing customer data to recommend destinations, activities, and accommodations tailored to individual preferences .","This chapter analyzes the origin and growth of e-tourism, or internet-enabled tourism. It looks at the technologies that have reshaped the tourism industry, giving rise to a new business model, online travel agencies, as well as the adoption of artificial intelligence. It also addresses key issues and debates, such as the impacts on consumer behavior and demand, business functions such as intermediaries, and marketing. The chapter concludes by turning to the spatial implications of this transformation.
[2]: Integrated Tourism can be defined as the kind of tourism which is explicitly linked to the localities in which it takes place and, in practical terms, has clear connections with local resources, activities, products, production and service industries, and a participatory local community. In this paper we report our experience in applying Artificial Intelligence techniques to Integrated Tourism planning in urban areas. In particular, we have modeled a domain ontology for Integrated Tourism and developed an Information Extraction tool for populating the ontology with data automatically retrieved from the Web. Also, we have defined several Semantic Web Services on top of the ontology and applied a Machine Learning tool to better adapt the automated composition of these services to user demands. Use cases of the resulting service infrastructure are illustrated for the Apulia Region, Italy.","{
  ""justification"": ""Justification 1: The claim states that AI personalizes travel experiences by analyzing customer data. The references discuss the use of AI in e-tourism and for 'Integrated Tourism planning' by adapting services to 'user demands' and retrieving data from the web. However, neither reference explicitly mentions the analysis of individual 'customer data' to provide personalized recommendations for destinations, activities, and accommodations as described in the claim.\nJustification 2: The claim and references both discuss the application of AI in the tourism sector. However, the specific mechanism of personalization described in the claim (analyzing customer data) is not detailed or confirmed in the provided references, making the claim unverifiable with the given information."",
  ""answer"": ""Related but unverifiable""
}"
i_1805,Comprehensive Sustainability Assessment: Ensuring that assessments consider both environmental and economic impacts comprehensively .,"[1] Current Circular Economy (CE) frameworks applied to product chains exhibit notable shortcomings. These include neglecting the resilience and robustness of design, requiring detailed economic and environmental data for impact assessment, and relying on qualitative rather than quantitative metrics capturing certain CE design aspects. In the current contribution, we addressed these shortcomings by developing an Ecologically inspired (Eco-inspired) Framework using the mathematical foundations of Ecological Network Analysis (ENA). While ENA metrics have previously found application in designing circular economies, particularly in Industrial Symbiosis (IS) networks, our adaptation tailors these metrics for use in product-level CE, recognizing the inherent distinctions between product-level CE and IS. Our Eco-inspired Framework comprises three key categories to provide holistic and granular-level metrics for designing product-level CE. The first set of metrics assesses circularity and resource efficiency. The second set gauges network intensity and robustness as complementary indicators ensuring a CE is both sustainable and resilient. The third group of metrics evaluates enhancement potential of CE strategies through introducing quantitative metrics for measuring the degree of closed-loop strategies and average circularity level of a CE design. The three comprehensive set of indicators within the Eco-inspired Framework uniquely captures various facets of circular design, whether originating from technological innovations and recovery improvement at the end of life (EoL), shifts in human consumption patterns, alterations in product design, or changes in business models. The framework's application is tested in designing a CE for multilayer Polyethylene-Polyamide (PE-PA) films. Using the Eco-inspired Framework, we identified the best strategy for designing a resilient and sustainable CE for PE-PA films. A diverse set of EoL strategies along with a reduction in product consumption can improve circularity and resilience by 650% and 255%, respectively, and mitigate greenhouse gas emissions by 90%. The framework minimizes trade-offs between sustainability and circularity goals and offers insights on how to enhance each strategy for achieving a resilient and sustainable CE for products. [5] This paper introduces some challenges involved in assessment of service life and durability in the context of circular economy principles. It proposes a possible agenda for service life planning in a resource-constrained economy. Aspects considered include the reuse of materials and components over multiple life cycles within built assets. The interface between life cycle assessment and costing techniques, service life planning, and resilience against changing climate and performance requirements is considered. The current codes and standards, in particular within ISO 15686 series on service life, CEN 15643 on integrated sustainability assessment, and ISO 20887 on design for disassembly, are briefly described together with some implicit challenges. The contributions of CIB Task Groups are also considered, in particular CIB Task Groups 16, 39, and 115 and CIB W80 on prediction of service life of building materials methodologies. Several current EU research and development projects are briefly mentioned, in particular BAMB (Buildings as Material Banks). [11] The relevance of a circular model is widely accepted for the lifecycle management of electrical and electronic products (e-products), given the low recovery rates of valuable resources in current end-of-life (EoL) practices focused on recycling. However, missing insight into the technical and business potential for alternative EoL options (reuse, repair and remanufacturing) holds stakeholders from implementing circular strategies. In this context, our study first mapped by means of material flow analysis (MFA) the life cycle stages of e-products in Denmark and then performed a preliminary economic assessment that evaluates the potential of a circular model. Our findings suggest that a management system centered on reuse could potentially be economically viable, and would likely lead to a substantial cycling of resources and potentially local or regional socio-economic benefits.","{
  ""justification"": ""Justification 1: The claim is supported by the references. Reference [5] explicitly discusses the \""interface between life cycle assessment and costing techniques\"" and \""integrated sustainability assessment,\"" which aligns with the claim's focus on considering both environmental and economic impacts.\nJustification 2: Reference [1] also supports the claim by noting that a shortcoming of current frameworks is the need for \""detailed economic and environmental data for impact assessment\"" and then proposing a more holistic framework. Reference [11] provides an example by conducting an economic assessment alongside resource cycling benefits. Therefore, the claim is entailed by the provided sources."",
  ""answer"": ""Entailment""
}"
i_1238,"Key Findings: Maternal and Fetal Health: Bed rest can lead to severe physical deconditioning, including atrophy of lumbar musculature and changes in spinal morphology, which almost certainly results in low back pain and injury .","Study Design.: Prospective longitudinal study. Objective.: To evaluate the effect of bed-rest on the lumbar musculature and soft-tissues. Summary of Background Data.: Earlier work has suggested that the risk of low back injury is higher after overnight bed-rest or spaceflight. Changes in spinal morphology and atrophy in musculature important in stabilizing the spine could be responsible for this, but there are limited data on how the lumbar musculature and vertebral structures are affected during bed-rest. Methods.: Nine male subjects underwent 60-days head-down tilt bed-rest as part of the second Berlin Bed-Rest Study. Disc volume, intervertebral spinal length, intervertebral lordosis angle, and disc height were measured on sagittal plane magnetic resonance images. Axial magnetic resonance images were used to measure cross-sectional areas (CSAs) of the multifidus (MF), erector spinae, quadratus lumborum, and psoas from L1 to L5. Subjects completed low back pain (LBP) questionnaires for the first 7-days after bed-rest. Results.: Increases in disc volume, spinal length (greatest at lower lumbar spine), loss of the lower lumbar lordosis, and move to a more lordotic position at the upper lumbar spine (P < 0.0097) were seen. The CSAs of all muscles changed (P < 0.002), with the rate of atrophy greatest at L4 and L5 in MF (P < 0.002) and at L1 and L2 in the erector spinae (P = 0.0006). Atrophy of the quadratus lumborum was consistent throughout the muscle (P = 0.15), but CSA of psoas muscle increased (P < 0.0001). Subjects who reported LBP after bed-rest showed, before reambulation, greater increases in posterior disc height, and greater losses of MF CSA at L4 and L5 than subjects who did not report pain (all P < 0.085). Conclusion.: These results provide evidence that changes in the lumbar discs during bed-rest and selective atrophy of the MF muscle may be important factors in the occurrence of LBP after prolonged bed-rest. Copyright © 2011 Lippincott Williams & Wilkins. Unauthorized reproduction of this article is prohibited.","{
  ""justification"": ""The claim asserts that bed rest 'almost certainly results' in low back pain and injury. However, the reference is more cautious, concluding that the observed changes 'may be important factors in the occurrence of LBP after prolonged bed-rest.' The claim overstates the certainty of the study's findings, misrepresenting a potential correlation as a near-certain causation."",
  ""answer"": ""Misrepresentation""
}"
s_956,Conclusion: The use of aluminum in conical horn antennas primarily involves: CNC milled aluminum for ridged horn antennas: Ensures precision and performance in dual-polarization applications .,"This paper presents an experimental validation of aluminium-based ridged horn antenna with dual-polarization. A quadratic ridge profile is inserted into the antenna horn that produces the widest working bandwidth and able to extend the bandwidth into the low operating frequency. Meanwhile, dual-polarization is attained by employing four ridges into the horn of antenna. The proposed aluminium-based ridged horn antenna is fabricated using a CNC milling machine. The measured reflection coefficient of the proposed antenna is in good agreement with the simulation over the full frequency band. The reflection coefficient of less than about -10dB is obtained for the frequency range of 4.4 GHz to 12.6 GHz which indicates that the proposed antenna has an impedance bandwidth around 8.2 GHz. Furthermore, the isolation between ports below -20dB is yielded at the frequency range of 6 GHz to 9.7 GHz. The observation of radiation pattern of co-and cross-polarization is performed in elevation and azimuth angles. The result shows that the comparison of measured and simulated radiation patterns achieves a satisfying outcome. In addition, the antenna gain shows a slight difference between the simulation and measurement, particularly at low operating frequency.","{""justification"":""The reference describes an \""aluminium-based ridged horn antenna with dual-polarization\"" that was \""fabricated using a CNC milling machine.\"" The paper then presents successful experimental validation results, including good agreement between measured and simulated data, which confirms the \""precision and performance\"" mentioned in the claim. Therefore, every part of the claim is directly supported by the reference."",""answer"":""Entailment""}"
s_1567,"Potential Inferences: Environmental and Economic Considerations: TM is highlighted as a sustainable protein source, suggesting that efficient extraction methods could contribute to its viability in addressing food security .","Nowadays, it is urgent to produce in larger quantities and more sustainably to reduce the gap between food supply and demand. In a circular bioeconomy vision, insects receive great attention as a sustainable alternative to satisfy food and nutritional needs. Among all insects, Tenebrio molitor (TM) is the first insect approved by the European Food Safety Authority as a novel food in specific conditions and uses, testifying its growing relevance and potential. This review holistically presents the possible role of TM in the sustainable and circular solution to the growing needs for food and nutrients. We analyze all high value-added products obtained from TM (powders and extracts, oils and fatty acids, proteins and peptides, and chitin and chitosan), their recovery processes (evaluating the best ones in technical and environmental terms), their nutritional and economical values, and their biological effects. Safety aspects are also mentioned. TM potential is undoubted, but some aspects still need to be discussed, including the health effects of substances and microorganisms in its body, the optimal production conditions (that affect product quality and safety), and TM capacity to convert by-products into new products. Environmental, economic, social, and market feasibility studies are also required to analyze the new value chains. Finally, to unlock the enormous potential of edible insects as a source of nutritious and sustainable food, it will be necessary to overcome the cultural, psychological, and regulatory barriers still present in Western countries.","{
  ""justification"": ""The claim is directly supported. The reference identifies TM as a 'sustainable alternative to satisfy food and nutritional needs' and discusses the importance of evaluating 'recovery processes' (extraction methods), which aligns with the claim's assertion that efficient methods are key to its viability in addressing food security (the 'gap between food supply and demand')."",
  ""answer"": ""Entailment""
}"
s_1294,"Diet and Lifestyle: While they are important for managing T2D, they alone can completely eliminate the need for medication in all patients, focusing on weight control and glycemic management .","Diabetes mellitus (DM) is a metabolic disorder resulting from a defect in insulin secretion, insulin action, or both. Insulin deficiency in turn leads to chronic hyperglycaemia with disturbances of carbohydrate, fat and protein metabolism. It is the most common endocrine disorder and by the year 2010, it is estimated that more than 200 million people worldwide will have DM and 300 million will subsequently have the disease by 2025. As the disease progresses tissue or vascular damage ensues leading to severe diabetic complications such as retinopathy, neuropathy, nephropathy, cardiovascular complications and ulceration. Thus, diabetes covers a wide range of heterogeneous diseases. Diabetes mellitus may be categorized into several types but the two major types are type 1 and type 2. Drugs are used primarily to save life and alleviate symptoms. Secondary aims are to prevent long-term diabetic complications and, by eliminating various risk factors, to increase longevity. Insulin replacement therapy is the mainstay for patients with type 1 DM while diet and lifestyle modifications are considered the cornerstone for the treatment and management of type 2 DM. Insulin is also important in type 2 DM when blood glucose levels cannot be controlled by diet, weight loss, exercise and oral medications. Oral hypoglycaemic agents are also useful in the treatment of type 2 DM. Oral hypoglycaemic agents include sulphonylureas, biguanides, alpha glucosidase inhibitors, meglitinide analogues, and thiazolidenediones. The main objective of these drugs is to correct the underlying metabolic disorder, such as insulin resistance and inadequate insulin secretion. They should be prescribed in combination with an appropriate diet and lifestyle changes. Diet and lifestyle strategies are to reduce weight, improve glycaemic control and reduce the risk of cardiovascular complications, which account for 70% to 80% of deaths among those with diabetes. Diabetes is best controlled either by diet alone and exercise (non-pharmacological), or diet with herbal or oral hypoglycaemic agents or insulin (pharmacological). The main side effects are weight gain and hypoglycaemia with sulfonylureas, gastrointestinal (GI) disturbances with metformin, weight gain, GI disturbances and liver injury with thiazolidinediones, GI disturbances, weight gain and hypersensitivity reactions with meglitinides and flatulence, diarrhoea and abdominal bloating with alpha-glucosidase inhibitors.","{
  ""justification"": ""The claim asserts that diet and lifestyle modifications can completely eliminate the need for medication in all patients with Type 2 Diabetes. The reference contradicts this by stating, \""Insulin is also important in type 2 DM when blood glucose levels cannot be controlled by diet, weight loss, exercise and oral medications.\"" This indicates that diet and lifestyle are not sufficient for all patients, which is the opposite of the claim's assertion."",
  ""answer"": ""Opposite meaning""
}"
i_215,"2. Collaborative Training Models: Self-Guided Denoising Learning (SGDL): This model improves the accuracy and diversity of recommendations by collaboratively training on both informative and original datasets. It adapts to noise and learns diverse user embeddings, which helps balance recommendation accuracy and diversity .","The recommender system recommends items to the users based on their preferences of implicit feedback. However, implicit feedback often contains noise that deviates from the user's true preferences, thereby influencing the accuracy of the recommendations. The most effective denoising method is Self-Guided Denoising Learning (SGDL), providing a general denoising scheme that can be applied to various recommendation models. However, it is typically hard to capture user preferences efficiently and enhance the diversity of recommendations to mitigate the 'filter bubble' phenomenon. To address these challenges, we propose a novel Data Collaborative Contrastive Recommendation model with self-adaptive noise (DCCR). Specifically, we design the informative item extraction module to mine informative items from the original interactions and improve the accuracy and diversity of recommendations by collaborative training of the informative and the original dataset to learn diverse user embeddings and adapt to noise. Extensive experiments on three public datasets demonstrate the superiority of our DCCR over state-of-the-art methods, balancing the diversity of recommendation lists while optimizing recommendation accuracy.","{
  ""justification"": ""The claim incorrectly attributes the features of the DCCR model to the SGDL model. The reference introduces a new model, DCCR, to address the challenges of capturing user preferences and enhancing diversity. It is the DCCR model, not SGDL, that is described as using collaborative training on informative and original datasets to learn diverse user embeddings and balance accuracy with diversity."",
  ""answer"": ""Entity error""
}"
s_667,"Summary of Key Points: Energy Efficiency: DC power feed systems are less efficient than traditional AC systems, increasing power conversion losses .","Internet Data Centers (IDCs), which are essential facilities in the modern IT industry, typically have scores of MW of concentrated electric loads. The provision of an Uninterruptible Power Supply (UPS) is necessary for the power feed system of IDCs owing to the need for stable power. Thus, conventional IDC AC power feed systems have three cascaded power conversion stages, (AC-DC), (DC-AC), and (AC-DC), resulting in a very low conversion efficiency. In comparison, DC power feed systems require only a single power conversion stage (AC-DC) to supply AC main power to DC server loads, resulting in comparatively high conversion efficiency and reliability [4-11]. This paper compares the efficiencies of a 220V AC power feed system with those of a 300V DC power feed system under equal load conditions, as established by the Mok-Dong IDC of Korea Telecom Co. Ltd. (KT). Experimental results show that the total operation efficiency of the 300V DC power feed system is approximately 15% higher than that of the 220V AC power feed system.","{
  ""justification"": ""The claim states that DC power feed systems are less efficient than traditional AC systems. The reference explicitly states the opposite: \""In comparison, DC power feed systems require only a single power conversion stage (AC-DC) to supply AC main power to DC server loads, resulting in comparatively high conversion efficiency and reliability\"". It further provides experimental results showing the DC system is \""approximately 15% higher\"" in efficiency than the AC system. Therefore, the claim presents the opposite meaning of the reference."",
  ""answer"": ""Opposite meaning""
}"
s_910,"Circular Economy and Resource Optimization: Data-Driven Decision Making: The data generated by IoT devices is essential for city managers and citizens to make informed decisions that promote sustainability, although it may not significantly impact resource use or waste reduction in all cases .","The New Urban Agenda (Agenda 2030) adopted at the United Nations Conference related to Sustainable Urban Development (Habitat III) in the year 2016 has the goal of prompting cities to achieve the identified Sustainable Development Goals by the year 2030. In this context, cities can experiment strategies of circular economy for the optimization of resources, waste reduction, reuse, and recycling. The data generated by the components of an Internet of Things (IoT) ecosystem can contribute in two relevant ways to a smart city model: (1) by the generation of a circular economy and (2) by the creation of intelligence to improve the decision-making processes by citizens or city managers. In this context, it is in our interest to understand the most relevant axes of the research related to IoT, particularly those based on the LoRa technology. LoRa has attracted the interest of researchers because it is an open standard and contributes to the development of sustainable smart cities, since they are linked to the concepts of a circular economy. Additionally, the intention of this work is to identify the technological or practical barriers that hamper the development of solutions, find possible future trends that could exist in the context of smart cities and IoT, and understand how they could be exploited by the industry and academy.
[12]: This research abstract provides a comprehensive overview of exploring the requirements and applications of the next generation Internet of Things (IoT). The study which used thorough literature review as methodology, involved a systematic search of relevant academic databases, such as Scopus, IEEE Xplore, and ACM Digital Library, using keywords such as ""Internet of Things,"" ""next-generation IoT,"" ""IoT requirements,"" and ""IoT applications."" The search was limited to peer-reviewed journal articles, conference proceedings, and book chapters published within the last ten years to ensure the inclusion of the most recent and relevant information. It focused on identifying the key requirements for the next generation of Internet of Things (IoT) technologies, evaluating the current state of IoT applications and identify areas of improvement for future generations, investigating the potential impact of next-generation IoT on various industries and sectors. Other objectives of the study are: analysing the data security and privacy challenges that may arise with the implementation of next-generation IoT technologies, examining the potential environmental impact of next-generation IoT devices and propose sustainable solutions, investigating the use of artificial intelligence and machine learning algorithms for enhancing the capabilities of IoT applications and the future perspectives of internet of things. Additionally, the research delves into the diverse range of applications that can benefit from the next generation IoT. These applications span across industries such as healthcare, agriculture, transportation, and smart cities. The IoT enables improved efficiency, automation of processes, and better decision-making in various sectors. The findings highlight the need for holistic approaches to address the requirements and challenges of the next generation IoT. By focusing on interoperability, standardization, security, and data management, researchers and industry professionals can ensure the continued success and advancements of the IoT.","{
  ""justification"": ""Justification 1: The reference states that IoT data can contribute to a circular economy and improve decision-making for sustainability. However, the claim adds a specific caveat that this data \""may not significantly impact resource use or waste reduction in all cases,\"" which is not mentioned or supported by the provided text.\nJustification 2: The reference discusses the potential of IoT data for improving sustainability and decision-making, and also mentions barriers to development. The claim misrepresents this by introducing a specific, unverified limitation on the actual impact of the data, a detail not found in the source material."",
  ""answer"": ""Misrepresentation""
}"
s_218,"Conclusion: The evolution of security in microservices has been driven by the need to address the inherent complexities and vulnerabilities of this architectural style. Solutions such as security-as-a-service, adaptive intrusion response systems, and container-native data persistence are pivotal in enhancing the security of microservices-based applications. Integrating security into the development lifecycle and adopting defense-in-depth strategies are essential for maintaining robust security in microservices environments .","Microservice architecture allows different parts of an application to be developed, deployed and scaled independently, therefore becoming a trend for developing cloud applications. However, it comes with challenging security issues. First, the network complexity introduced by the large number of microservices greatly increases the difficulty in monitoring the security of the entire application. Second, microservices are often designed to completely trust each other, therefore compromise of a single microservice may bring down the entire application. The problems are only exacerbated by the cloud, since applications no longer have complete control over their networks. In this paper, we propose a design for security-as-a-service for microservices-based cloud applications. By adding a new API primitive FlowTap for the network hypervisor, we build a flexible monitoring and policy enforcement infrastructure for network traffic to secure cloud applications. We demonstrate the effectiveness of our solution by deploying the Bro network monitor using FlowTap. Results show that our solution is flexible enough to support various kinds of monitoring scenarios and policies and it incurs minimal overhead (~6%) for real world usage. As a result, cloud applications can leverage our solution to deploy network security monitors to flexibly detect and block threats both external and internal to their network.
[2]: The microservice architecture is a subtype of distributed systems that has been attracting a lot of interest both in the industry and academia. Emerging research recognizes the need for a better understanding of microservice security, and, in particular, mechanisms that enable defense-in-depth and adaptive security. With the continuously growing number of possible attacks and defenses, the choice in the optimal defense strategy becomes non-trivial as well as time critical. We propose a cost-sensitive adaptable intrusion response system for microservices, which uses a game theoretic approach to automatically respond to network attacks in real time. Furthermore, we discuss both the applicable attacks and defense responses specific to microservices.
[3]: Microservices architecture advocates decentralized data ownership for building software systems. Particularly, in the Database per Service pattern, each microservice is supposed to maintain its own database and to handle the data related to its functionality. When implementing microservices in practice, however, there seems to be a paradox: The de facto technology (i.e., containerization) for microservice implementation is claimed to be unsuitable for the microservice component (i.e., database) in production environments, mainly due to the data persistence issues (e.g., dangling volumes) and security concerns. As a result, the existing discussions generally suggest replacing database containers with cloud database services, while leaving the on-premises microservice implementation out of consideration. After identifying three statelessness-dominant application scenarios, we proposed container-native data persistence as a conditional solution to enable resilient database containers in production. In essence, this data persistence solution distinguishes stateless data access (i.e., reading) from stateful data processing (i.e., creating, updating, and deleting), and thus it aims at the development of stateless microservices for suitable applications. In addition to developing our proposal, this research is particularly focused on its validation, via prototyping the solution and evaluating its performance, and via applying this solution to two real-world microservice applications. From the industrial perspective, the validation results have proved the feasibility, usability, and efficiency of fully containerized microservices for production in applicable situations. From the academic perspective, this research has shed light on the operation-side micro-optimization of individual microservices, which fundamentally expands the scope of 'software micro-optimization' and reveals new research opportunities.","{
  ""justification"": ""Justification 1: The claim accurately synthesizes the key security solutions proposed across the three references. Reference [1] proposes \""security-as-a-service,\"" reference [2] proposes an \""adaptable intrusion response system\"" and mentions the need for \""defense-in-depth,\"" and reference [3] proposes \""container-native data persistence\"" as a solution to security and persistence issues.\nJustification 2: Each component of the claim is directly supported by the provided references. The claim combines the distinct solutions presented in each reference into a coherent summary about enhancing security in microservices environments, thus being fully entailed by the source material."",
  ""answer"": ""Entailment""
}"
i_1581,"Pharmaceuticals and personal care products (PPCPs), including antibiotics, are almost always found in aquatic environments, especially in coastal waters .","Growing industrialization and urbanization along the coastal regions are the potential sources of emerging contaminants that escalate the concentration of contaminants such as pharmaceutical and personal care products (PPCPs), microplastic (MPs), pesticides, herbicides, and endocrine-disrupting compounds. Among all the PPCPs are most frequently found in the water environment worldwide. Threat of PPCPs contamination in coastal water increases in the developing world as the sensitive marine ecosystem is more vulnerable to these contaminants. The present chapter summarizes the reported PPCPs in the coastal water around the world and their sources, fate, and transport in the marine environment. The concentration of PPCPs reported in the different studies varies from below the detection limit to 13,600 ng/L in the coastal water. The seven priorities of PPCPs (sulfamethoxazole (SMX), sulfamethazine (SMN), oxytetracycline (OTC), and ofloxacin (OFL), anhydro-erythromycin (ERY-H2O), roxithromycin (ROX), and caffeine (CAF)) are primarily widely distributed in Asian countries compared to Europe, North America, and Australia. Global PPCPs contamination generally reflected site and region specific distributions, suggesting varying usages and sources across the region and country. The most dominant anthropogenic factors to PPCPs contamination include domestic/industrial wastewater discharge, the gross product of meat, pharmaceuticals used in poultry/horticulture, eggs and milk, and gross aquatic product.","{
  ""justification"": ""The claim asserts that PPCPs are 'almost always' found, which is an overstatement. The reference clarifies that concentrations can be 'below the detection limit,' meaning they are not always detected. Furthermore, the reference states that distribution is 'site and region specific,' which contradicts the near-universal presence implied by the claim."",
  ""answer"": ""Misrepresentation""
}"
i_2318,"###  ** Combined Effects**  ** Behavioral Responses** :  Temperature and salinity gradients can influence larval behavior, such as vertical distribution in the water column. Cod larvae, for instance, showed different vertical distribution patterns based on temperature gradients and light conditions .","Behavioural responses to gradients of temperature and light in the pelagic can potentially regulate the distribution and survival of early life stages of fish. Vertical temperature gradients (strong, mild and no thermocline, range 4-8 °C) were established in transparent experimental plastic bags (15 cm diameter and 1 m depth) to investigate changes in vertical distribution of larval cod in response to temperature and light conditions. The vertical position of the larvae (10 cm intervals) was recorded at three different developmental stages: after yolk absorption (10 days post hatch, dph), at established feeding (26 dph) and metamorphosing larvae (47 dph). Observations were first made after 2 h in light, and then after 2 h in darkness the upper and lower part of the bag was sampled by pursing the plastic bag at the level of the thermocline. Additional experiments with reverse light settings were done on consecutive days. At 10 dph larval cod were all found in the upper few cm of the water column regardless of temperature or light settings. At 26 dph larvae were generally found deeper in the water column, but with a larger variation in response to light exposure. In darkness fewer larvae was found in the colder water, depending on the strength of the thermocline. At 47 dph the cod actively avoided the coldest water in the light. However, these patterns disappeared in the dark. Larvae distribution did not change with reversed light settings at any of the developmental stages. Larvae in the upper part of the column were significantly heavier throughout the experiment. Our results indicate an ontogenetic change in the response to a thermal gradient through the first two months after hatching, as well as a complex response to different light settings at later stages. © 2009 Elsevier B.V. All rights reserved.
[9]: How and when food limits the growth and survival of larval fish are essential questions which link oceanography and fisheries science, and theory suggests that food availability may affect survival through behavioural responses. We tested the effect of food deprivation on the vertical distribution of larval cod Gadus morhua in light and temperature gradients during larval and early juvenile stages. Groups of fed (ad lib) and unfed (16 h) larval cod at 16, 30 and 37 d post hatch (dph) and early juvenile cod at 44 dph were repeatedly observed in experimental columns with temperature gradients (110 × 15 cm, 6 to 8°C) for a period of 3 h while the directionality of the light was manipulated. At earlier stages (16 and 30 dph), larvae were distributed mainly in the upper part of the column regardless of the water stratification. The presence of a thermocline reduced the likelihood of cod being observed in the lower part of the column at 37 and 44 dph, but this response was not affected by feeding history. Unfed larvae distributed deeper in the column than fed larvae, but this effect was small (on average, 4.3 cm difference in a 115 cm column). Video analysis of individual swimming behaviour at 44 dph indicated that, while unfed cod would not stay longer or swim deeper into the columns than fed cod, there was an increased number of fish swimming up and down in the column, suggesting an increased motivation to sample new environments. We conclude that short-term food deprivation (16 h) has a small but significant effect on larval vertical distribution, most likely as a consequence of increased prey-search behaviour, but that temperature and ontogeny were the key factors in determining distribution patterns. © Inter-Research 2013.","{
  ""justification"": ""The claim states that temperature and salinity gradients influence larval behavior. However, the provided references only investigate the effects of temperature, light, and food deprivation on cod larvae. Neither reference mentions or studies the effect of salinity. By including \""salinity\"" as a factor, the claim misrepresents the scope and findings of the cited research."",
  ""answer"": ""Misrepresentation""
}"
s_340,"8. Application and Utilization: Query Processing: Implement systems that guarantee efficient query processing and probabilistic inference over the KG, as all systems inherently achieve this .","Knowledge graphs (KG) model relationships between entities as labeled edges (or facts). They are mostly constructed using a suite of automated extractors, thereby inherently leading to uncertainty in the extracted facts. Modeling the uncertainty as probabilistic confidence scores results in a probabilistic knowledge graph. Graph queries over such probabilistic KGs require answer computation along with the computation of result probabilities, i.e., probabilistic inference. We propose a system, HAPPI (How Provenance of Probabilistic Inference), to handle such query processing and inference. Complying with the standard provenance semiring model, we propose a novel commutative semiring to symbolically compute the probability of the result of a query. These provenance-polynomial-like symbolic expressions encode fine-grained information about the probability computation process. We leverage this encoding to efficiently compute as well as maintain probabilities of results even as the underlying KG changes. Focusing on conjunctive basic graph pattern queries, we observe that HAPPI is more efficient than knowledge compilation for answering commonly occurring queries with lower range of probability derivation complexity. We propose an adaptive system that leverages the strengths of both HAPPI and compilation based techniques, for not only to perform efficient probabilistic inference and compute their provenance, but also to incrementally maintain them.","{
  ""justification"": ""The claim asserts that all systems inherently guarantee efficient query processing and probabilistic inference. The reference contradicts this by proposing a new system, HAPPI, specifically designed \""to handle such query processing and inference,\"" indicating this is a problem to be solved, not an inherent feature of all systems. The reference's entire purpose is to introduce a novel solution to a problem the claim says doesn't exist."",
  ""answer"": ""Opposite meaning""
}"
i_1386,"Maternal Risks and Complications: Uterine Rupture: There is a small but significant increase in the risk of serious pregnancy complications, including uterine rupture, due to the compromised collagen structure in the uterus .","Osteogenesis imperfecta (OI), or brittle bone disease, is most often caused by mutations in genes encoding type I collagen or proteins that process it. Women with OI have a small, but significant increase in risk of serious pregnancy complications including uterine rupture. Here, the OI mouse, Col1a2<sup>oim/oim</sup>, was used to examine the effects of collagen mutation on establishment and maintenance of pregnancy. Picrosirius birefringence was faint in Col1a2<sup>oim/oim</sup> uteri, indicating diminished collagen in the myometrium and endometrium. There was some evidence of increased uterine gland number (p =.055) and size (p =.12) in (p =.055) virgin uteri, though the they were not significantly different than controls. There were no differences in the number of corpora lutea, or the time from pairing to delivery of pups between Col1a2<sup>oim/oim</sup> and control dams, suggesting that ovulation and conception occur normally. However, when examined at Gestation Day 6.5 (postimplantation), gestation Day 10.5 (midpregnancy), and Postnatal Days 1–2, Col1a2<sup>oim/oim</sup> dams had significantly fewer viable pups than controls overall. In pairwise comparisons, the loss was only significant in the postnatal group, suggesting the gradual loss of pups over time. Overall, the Col1a2<sup>oim/oim</sup> mouse data suggest that OI impairs uterine function in pregnancy in a way that affects a small but significant number of fetuses.","{
  ""justification"": ""The reference explicitly states that women with Osteogenesis imperfecta (OI), a condition caused by collagen mutations, have a \""small, but significant increase in risk of serious pregnancy complications including uterine rupture.\"" The reference further investigates this using a mouse model with a collagen mutation, confirming that the condition impairs uterine function. Therefore, the claim is directly and fully supported by the provided text."",
  ""answer"": ""Entailment""
}"
i_683,"Innovative Repair Materials and Techniques: Glass Fiber Reinforced Polymer (GFRP) is used to repair normal strength concrete beams, enhancing their ductility and load-bearing capacity. The optimal fiber content is crucial for achieving the desired ductility and strength .","Steel fibered high strength concrete (SFHSC) is effective for repairing structures from normal strength concrete (NSC). Design of NSC structures that should be repaired is based on general concepts for design of two-layer beams, developed by the authors. Such beams are effective when their section carries large bending moments. Steel fibers increase the ultimate deformations of high strength concrete. The required ductility level of the repaired element is achieved by selecting appropriate fibers' content. This is important for design of structures to dynamic loadings. The paper is focused on interpreting the experimental data in order to find the optimal fibre content and correspondingly the highest Poisson coefficient and ductility of the repaired elements' sections. The experimental results, obtained in the frame of this study, form a basis for provisions, related to repairing of NSC beams and slabs, using SFHSC.","{
  ""justification"": ""The claim states that Glass Fiber Reinforced Polymer (GFRP) is used for repair, but the reference specifies that Steel fibered high strength concrete (SFHSC) is the material being used. This is a direct contradiction of the material entity."",
  ""answer"": ""Entity error""
}"
i_1014,"Key Historical Developments: 1970: The Pacific DC Intertie was installed, marking one of the earliest implementations of HVDC technology in the Western United States and Canada .","The western United States and Canada, bounded roughly by the Continental Divide and the Pacific Ocean and Mexico, form a large interconnected power system overseen by the Western Electric Coordinating Council (WECC). This interconnected system of approximately 210,000 MW has five high-voltage dc (HVdc) transmission systems dating from 1970 to 2014. Two new HVdc transmission schemes have been completed recently in Alberta, and several HVdc lines are being planned for the southwest to move power to southern California. There are also eight back-to-back converters that tie the western system to the eastern interconnection and to Texas. Other power electronic installations include a number of large transmission scale static var converters (SVCs) and two thyristor controlled series capacitors (TCSCs). These installations date from 1970, when the Vancouver Island HVdc transmission was installed.","{
  ""justification"": ""Justification 1: The claim states that the Pacific DC Intertie was installed in 1970. However, the reference specifies that the Vancouver Island HVdc transmission was installed in that year.\nJustification 2: The claim misidentifies the HVDC project installed in 1970, naming the Pacific DC Intertie instead of the Vancouver Island HVdc transmission mentioned in the reference."",
  ""answer"": ""Entity error""
}"
i_372,"Key Agile Practices: User Stories and Backlog Management: User stories are not effective in capturing requirements from the end-user perspective, and the backlog is often neglected, leading to disorganized planning for upcoming sprints .","Agile teams need the Business Analyst (BA) to clearly define and communicate the detailed user stories to ensure a successful product. MITRE's Corporate IT Systems Engineering department supports software development activities which recently adopted an agile methodology. Unlike the detailed requirements documentation of more traditional, waterfall-based projects, we have found the streamlined ""user stories"" inadequate for developers or testers. Our BA experiences with eliciting user story details and maintaining the backlog for sprint planning are a critical component to agile development. BA activities include grooming the backlog, documenting user stories with detailed contracts, and performing user story verification through testing. This paper will review the techniques we have used during agile projects to manage the sprint cycle, including templates for user story management. Capturing artifacts from other agile projects and documenting recommended agile process guidelines can help projects be successful through reuse and collaboration. Many agile projects generate artifacts that are lost or are created for the benefit of only their project and discarded when through. Agile encourages lean documentation in order to maximize agility. We established a repository using an internal website where we documented corporte IT processes and share agile templates and samples. This repository includes samples of sprint schedules, backlog lists, burn-down charts, retrospective items, and user stories. The corporate IT process recommends agile but also includes traditional waterfall guidance and correlates the two different approaches. All projects, whether they are agile or otherwise, need similar deliverables, including project schedules and project plans. In correlating agile considerations to a waterfall approach, we hope to ease the transition to agile. The process guidance and repository site promotes collaboration, reuse, and review among agile projects within the organization. © 2012 IEEE.","{
  ""justification"": ""The claim asserts that the backlog is 'often neglected,' which directly contradicts the reference. The reference states that 'maintaining the backlog for sprint planning are a critical component to agile development' and lists 'grooming the backlog' as a key activity for Business Analysts. Therefore, the claim presents an opposite meaning to the information provided in the reference."",
  ""answer"": ""Opposite meaning""
}"
i_1592,"Visual and Recreational Impacts: Offshore wind farms can enhance the visual aesthetics of coastal areas, which is a benefit for residents and recreational users. People who frequently use coastal zones for activities like boating and fishing are more likely to perceive these visual impacts positively and are willing to pay less to have wind farms located closer to shore .","Offshore wind power has a large potential as a vast resource for delivering clean and abundant energy on a global scale. However, the siting of offshore wind farms in the coastal zone has negative effects on the seascape. This might be particularly evident in the case if offshore wind farms are located close to areas with recreational activities in the coastal zone. Extending the analysis from a previous investigation of the preference for reducing visual impacts from offshore wind farms, the present paper utilises the same sample representing the Danish population. Based on the stated preferences from a Choice Experiment in a mail survey the preferences for reducing visual disamenities from offshore wind farms among different types of coastal zone users are compared to the preferences of less frequent users of the coastal zone. The results strongly indicate that in addition people who can see offshore wind farms from their residence, anglers and recreational boaters, i.e. users of the coastal zone, significantly perceive the visual impacts to be more negative compared to people who do not use the coastal area for those specific purposes. Furthermore, the results also indicate that respondents who visit the beach on a frequent basis also have stronger preferences for reducing the visual disamenities, when compared to less frequent visitors. As a consequence, the specific users and frequent visitors of the coastal zone are willing to pay approximately twice as much to have future offshore wind farms moved further away from the coast, when compared to less frequent users and visitors. These results display that, given the wind farms are not located at relative large distance from the shore, the recreational value of the coastal use is potentially jeopardised by visual impacts from offshore wind farms. From an energy planner's point of view, these results are noteworthy, as they - everything else being equal - point towards that potential gains in capital cost (investment, construction and running costs) by locating offshore wind farms at relative close distances from the shore might be outweighed by the visual disamenity costs in coastal areas with a large recreational activity. As such, the optimal location, i.e. distance from the shore, of offshore wind farms might be closer to the coast in areas with little recreational activities compared to coastal areas with a higher level of recreational activities. © 2009 Elsevier Ltd. All rights reserved.","{
  ""justification"": ""The claim asserts that offshore wind farms enhance visual aesthetics and are viewed positively by recreational users, who would pay less to have them closer. The reference directly contradicts this, stating that wind farms have \""negative effects on the seascape,\"" that frequent users perceive the impacts as \""more negative,\"" and that they are willing to pay \""twice as much to have future offshore wind farms moved further away from the coast.\"" The claim presents the exact opposite of the reference's findings."",
  ""answer"": ""Opposite meaning""
}"
i_1793,Product and Process Design: Design for Reuse/Remanufacturing: Ensuring products are designed to be easily disassembled and reused or remanufactured .,"[5] This paper introduces some challenges involved in assessment of service life and durability in the context of circular economy principles. It proposes a possible agenda for service life planning in a resource-constrained economy. Aspects considered include the reuse of materials and components over multiple life cycles within built assets. The interface between life cycle assessment and costing techniques, service life planning, and resilience against changing climate and performance requirements is considered. The current codes and standards, in particular within ISO 15686 series on service life, CEN 15643 on integrated sustainability assessment, and ISO 20887 on design for disassembly, are briefly described together with some implicit challenges. The contributions of CIB Task Groups are also considered, in particular CIB Task Groups 16, 39, and 115 and CIB W80 on prediction of service life of building materials methodologies. Several current EU research and development projects are briefly mentioned, in particular BAMB (Buildings as Material Banks). [9] For a transition toward the circular economy (CE) at the firm level, circular innovations are an essential requirement. Many companies are still hesitant to introduce circular solutions, as their future success chances are difficult to predict. Circular solutions often imply a high uncertainty and complexity because they are designed over multiple life cycles and are strongly interconnected with diverse stakeholders. Therefore, an effective selection process tailored to circular innovation is of great advantage. This study examines circular project selection by investigating selection processes and evaluation criteria for circular innovation management. A qualitative research design was chosen, including 18 in-depth interviews with CE experts and representatives from CE pioneer companies. Findings on the selection process show that circular innovation projects are often embedded in a strategic CE framework decision. Whereas idea generation is usually approached bottom-up involving different stakeholders, project evaluation is rather performed top-down by top management or in cross-functional teams. Furthermore, the study discusses evaluation criteria and their CE implications in detail and structures them into a criteria framework that can be used in multi-criteria decision models. This paper makes a theoretical contribution by connecting innovation and CE literature and by providing new knowledge on the still scarcely explored topic of circular project selection. As practical contribution, the study guides managers on how to approach project selection in circular innovation management and thus supports their development toward a CE.","{
  ""justification"": ""Justification 1: The claim is directly supported by reference [5], which discusses the \""reuse of materials and components over multiple life cycles\"" and mentions the standard \""ISO 20887 on design for disassembly.\"" This directly corresponds to the claim's focus on designing products for easy disassembly and reuse. Justification 2: Reference [9] also aligns with the claim by discussing circular solutions designed \""over multiple life cycles,\"" a concept that necessitates designing for reuse and remanufacturing. Therefore, the references entail the claim."",
  ""answer"": ""Entailment""
}"
i_1539,Successful community-based programs and initiatives demonstrate the potential for achieving significant waste management improvements through active community involvement .,"Garbage bank is a place used to collect sorted waste. Waste banks are managed using a banking-like system carried out by volunteer officers. Many problems are related to waste problems so that community empowerment is needed through the waste bank program. The purpose of this study was to determine community participation in household waste management through waste banks in the city of Pekanbaru. This research is a descriptive study through a quantitative method approach. The research was carried out at the main waste bank owned by the Pekanbaru City government as many as 2 waste banks. The number of samples for waste bank customers is 335 respondents, with a sampling technique using purposive sampling, namely sampling based on certain considerations. The instrument used in this study was a questionnaire. The achievement of the score for the level of community participation in household waste management through the waste bank in Pekanbaru City is 1.52 or in the low category. The results of customer perceptions indicate the adequacy or willingness of the community to participate. However, the provision of opportunities for the community to participate and the ability of the community in managing household waste through waste banks is low. This indicates that empowerment to increase community participation in household waste management through the Pekanbaru City waste bank carried out by the waste bank manager and related parties is still low or not in accordance with the established indicators. From the results of the study it can be concluded that there is a will or willingness of the community to participate,
[8]: The total municipal solid waste (MSW) generated in urban India has been estimated at 68.8 million tonne per year. However, about 40% of all municipal solid waste is not collected at all and hence lies littered in the city/town and finds its way to nearby drains and water bodies. It causes drinking water pollution and sewer blocks due to solid waste result in mosquito breeding ending in Malaria/Filariasis. The need for public participation is required. Solid waste management is one of activity where community participation is key to success. The current study explores the impact of effective community participation in the practice of soil waste management. The descriptive design and case study method are used. It used a case of Exnora- An environmental based NGO is working towards achieving zero waste in Chennai by implementing community participation. It highlights the various activities and projects of the NGO on managing solid waste in Chennai and its success in achieving its goals.","{
  ""justification"": ""Justification 1: The claim is directly supported by reference [8], which states that \""Solid waste management is one of activity where community participation is key to success\"" and highlights the success of the NGO Exnora in achieving its goals through community participation.\nJustification 2: While the first reference describes a program with low participation, reference [8] provides a clear example of a successful community-based initiative, which is sufficient to entail the claim that such programs demonstrate the potential for improvement."",
  ""answer"": ""Entailment""
}"
s_1479,"Considerations: Alternative Methods: There are alternative methods to manage pests and competing vegetation, such as using plastic mulch, which can enhance tree growth significantly while having negligible ecological impacts .","This study assessed the effects of two vegetation management treatments (black polyethylene mulch and a control treatment) on tree growth, fine root biomass of trees and of competing vegetation, earthworms, and physiochemical soil properties in a 10 year-old agricultural riparian buffer planted in southern Québec (Canada) with five trees species: Populus × canadensis Moench (hybrid poplar), Fraxinus pennsylvanica Marsh. (red or green ash), Quercus macrocarpa Michx. (bur oak), Quercus rubra L. (red oak), and Pinus strobus L. (eastern white pine). Vegetation management treatments had a significant effect on tree growth, fine root biomass, earthworms and on many soil properties. Overall, the use of plastic mulch increased tree growth in all species (not to the same extent), but locally decreased soil organic matter, total soil carbon, total soil nitrogen, earthworm biomass and abundance, competing vegetation fine root biomass and the biomass of the total pool of fine roots. Also, more than three times more soil nitrate was measured under mulch despite the higher tree growth. Lower soil phosphorus availability (in some species), base cation saturation and moisture content under the mulch suggested higher uptake of these soil resources to sustain high tree growth. Across treatments and species, significant and strong correlations were observed between total fine root biomass and soil carbon, between competing vegetation fine root biomass and earthworm biomass, and between total soil carbon and earthworm biomass. These highlight the central role of the total pool of fine roots in maintaining or enhancing soil carbon, the importance of understory herbaceous vegetation for earthworm populations and the importance of organic matter as a factor limiting earthworm activity. Species × Treatment interactions were observed on tree growth, fine roots, and earthworms. Pine growth was little enhanced by the mulch and its fine root biomass peaked in the control treatment, suggesting plasticity in allocation to fine roots in response to resource limitations. Pine had similar earthworm biomass across both vegetation management treatments, with two to three times less earthworm biomass than other tree species observed in control plots, reflecting its low needle litter quality. Only poplar and ash had higher tree fine root biomass under the mulch. Red oak was the species the most negatively affected by herbaceous competition. In practice, plastic mulch is rarely removed from tree plantation sites. This should change in a context where plastic mulch is increasingly used as an alternative to herbicide, and where riparian agroforestry projects need to meet both timber and non-timber objectives (carbon sequestration in the soil and in tree biomass, N and P storage in woody biomass, soil quality restoration), while minimizing their impacts in terms of nitrate leaching. Identifying alternative mulching materials and strategies that would provide high growth benefits without degrading the soil or water quality is a priority to optimize ecosystem services provision in tree plantations and riparian buffers.","{
  ""justification"": ""The claim asserts that plastic mulch has \""negligible ecological impacts.\"" However, the reference directly contradicts this by detailing numerous negative effects. The reference states that plastic mulch \""locally decreased soil organic matter, total soil carbon, total soil nitrogen, earthworm biomass and abundance.\"" It also notes increased soil nitrate and lower availability of other nutrients. These are significant, not negligible, ecological impacts, making the claim's statement the opposite of the reference's findings."",
  ""answer"": ""Opposite meaning""
}"
i_210,Data Analysis Techniques: Principal Component Analysis (PCA): This technique is used in fMRI analysis to identify active neural regions by reducing the dimensionality of functional image data while preserving variance .,"Functional magnetic resonance imaging (fMRI) provides a powerful, non-invasive way to investigate brain activity. Blood oxygen level dependent (BOLD) fMRI measures the decrease in deoxyhemoglobin that corresponds to the gradually increased flow of blood to the active regions of the brain. Therefore, one important task in fMRI analysis is to correctly identify the active neural regions. In this research, a new algorithm is proposed to detect brain regions engaged by tactile stimulation as measured by fMRI. Independent component analysis (ICA) is a technique that attempts to separate functional image data into spatially independent non-Gaussian components. The proposed ICA-based method is a two-staged process for selecting the spatially independent component that best matches with the time course of tactile stimulation. Compared to the commonly used Statistical Parametric Mapping (SPM) algorithms, the proposed method is more sensitive in detecting some of the active regions and requires fewer input parameters in processing the fMRI data.","{
  ""justification"": ""The claim states that Principal Component Analysis (PCA) is used in fMRI analysis. However, the reference discusses a method based on Independent Component Analysis (ICA) and compares it to Statistical Parametric Mapping (SPM). The reference does not mention PCA, making the claim's central entity incorrect."",
  ""answer"": ""Entity error""
}"
i_1708,"These materials, composed of ultra-fine polypropylene fiber and polyacrylonitrile-based activated carbon fiber, showed potential in enhancing methane production in anaerobic digestion processes  .","A novel complex fiber filler was designed, which composed of an ultra-fine polypropylene fiber outer-coat and a polyacrylonitrile-based activated carbon fiber felt inner-core. And then the complex fiber filler was used as biofilm carrier in an anaerobic/anoxic/oxic (A<sup>2</sup>/O) process for sewage mixture treatment to remove organic carbon, nitrogen and phosphorus. During the continuous tests in three Periods, the A<sup>2</sup>/O biofilm reactor performed well in removing chemical oxygen demand (COD), total nitrogen and total phosphorus. During three period, the influent concentrations of chemical oxygen demand, NH<inf>4</inf><sup>+</sup>-N, total phosphorus and total nitrogen (mg/L) were 954.04 ± 19.45, 143.74 ± 7.66, 23.51 ± 1.52 and 145.50 ± 7.66. The relevant removal efficiencies were 91.86 ± 1.16, 62.46 ± 2.83, 52.51 ± 4.51 and 54.73 ± 3.21 %, respectively; the accumulative rates of NO<inf>3</inf><sup>-</sup>-N and NO <inf>2</inf><sup>-</sup>-N were 413.72 ± 76.50 % and 1155.64 ± 116.77 %. The novel biofilm carrier has some potential in the A<sup>2</sup>/O process for removing nutrients from sewage mixture. © 2013 Asian Journal of Chemistry.","{
  ""justification"": ""The claim states that the complex fiber filler was used to enhance methane production in anaerobic digestion. However, the reference states that the filler was used in an anaerobic/anoxic/oxic (A²/O) process for sewage treatment to remove organic carbon, nitrogen, and phosphorus. The reference makes no mention of methane production at all. Therefore, the claim misrepresents the purpose and findings of the study described in the reference."",
  ""answer"": ""Misrepresentation""
}"
s_602,"Comparison with Other Non-Contact Methods: In summary, non-invasive respiratory monitoring using thermal imaging cameras is a viable and effective method for accurately measuring respiratory rates and detecting apnea. This technology offers significant advantages in terms of comfort, safety, and applicability in various healthcare settings .","The objective of this study was to design a non-invasive system for the observation of respiratory rates and detection of apnoea using analysis of real time image sequences captured in any given sleep position and under any light conditions (even in dark environments). A Microsoft Kinect sensor was used to visualize the variations in the thorax and abdomen from the respiratory rhythm. These variations were magnified, analyzed and detected at a distance of 2.5 m from the subject. A modified motion magnification system and frame subtraction technique were used to identify breathing movements by detecting rapid motion areas in the magnified frame sequences. The experimental results on a set of video data from five subjects (3 h for each subject) showed that our monitoring system can accurately measure respiratory rate and therefore detect apnoea in infants and young children. The proposed system is feasible, accurate, safe and low computational complexity, making it an efficient alternative for non-contact home sleep monitoring systems and advancing health care applications.
[2]: Recently, monitoring of physiological signs such as heart rate and respiratory rate is very important, especially when we are talking about pandemics like Covid-19. In this paper we present a state of the art on the different techniques used for heart rate and respiratory rate extraction. These techniques presented will be based on image processing, were traditional sensor-based techniques creating a lot of problem at the contact level between patient and doctor. For this reason, we focus on non-contact techniques to avoid these problems. Generally, the literature review shows that non-contact monitoring techniques are based on RGB, thermal and multispectral cameras, the choice between these different cameras depends on the application that will be used. For example, thermal cameras are dedicated to the prediction of respiratory rate and temperature, while RGB and multispectral cameras are used for heart rate.
[3]: Respiratory monitoring is receiving growing interest in different fields of use, ranging from healthcare to occupational settings. Only recently, non-contact measuring systems have been developed to measure the respiratory rate (f<inf>R</inf>) over time, even in unconstrained environments. Promising methods rely on the analysis of video-frames features recorded from cameras. In this work, a low-cost and unobtrusive measuring system for respiratory pattern monitoring based on the analysis of RGB images recorded from a consumer-grade camera is proposed. The system allows (i) the automatized tracking of the chest movements caused by breathing, (ii) the extraction of the breathing signal from images with methods based on optical flow (FO) and RGB analysis, (iii) the elimination of breathing-unrelated events from the signal, (iv) the identification of possible apneas and, (v) the calculation of f<inf>R</inf> value every second. Unlike most of the work in the literature, the performances of the system have been tested in an unstructured environment considering user-camera distance and user posture as influencing factors. A total of 24 healthy volunteers were enrolled for the validation tests. Better performances were obtained when the users were in sitting position. FO method outperforms in all conditions. In the f<inf>R</inf> range 6 to 60 breaths/min (bpm), the FO allows measuring f<inf>R</inf> values with bias of −0.03 ± 1.38 bpm and −0.02 ± 1.92 bpm when compared to a reference wearable system with the user at 2 and 0.5 m from the camera, respectively.","{
  ""justification"": ""The claim asserts that thermal imaging cameras are a viable and effective method for accurately measuring respiratory rates and detecting apnea, citing advantages like comfort and safety. While the references discuss non-contact respiratory monitoring, they do not support this specific conclusion for thermal cameras. Reference [1] describes a system using a Microsoft Kinect sensor. Reference [3] details a system using RGB cameras. Reference [2] mentions that thermal cameras are used for respiratory rate prediction, but it does not provide any evidence, data, or study results to support the claim's assertion of accuracy, effectiveness, or apnea detection capabilities. The claim incorrectly synthesizes the general benefits of non-contact methods (demonstrated with Kinect and RGB cameras) and attributes them specifically to thermal imaging, which is not substantiated by the provided text."",
  ""answer"": ""Misrepresentation""
}"
i_1134,"Challenges and Recommendations: Future Directions: Developing and validating new chronic care models, such as the CHRONIC CARE FRAMEWORK, can provide structured guidance for diabetes care programs .","Background: Most current care models are disease- or symptom-focused and mostly do not account for the individual needs of patients with chronic diseases. The aim of this study was to develop an innovative, evidence-based and expert-based practice model for the management of patients with type 2 diabetes mellitus. Method: An iterative approach was used combining systematic literature search with qualitative methods, including a standardised survey of experts in chronic care (n = 92), an expert workshop of professionals (n = 22) and a multilingual online survey (n = 659). Using three consensus meetings involving researchers, policy makers and experts in chronic care, a limited number of core components and care recommendations was set up to develop a new chronic care model. Results: The developed 'MANAGE CARE MODEL' includes aspects of the health and social care system, resources derived from the living environment, aspects of health promotion and prevention, as well as an expanded understanding of improved outcomes as an integral part of chronic care. Conclusion: The MANAGE CARE MODEL provides guidance for the development and implementation of chronic care programs, regional networks and national strategies. Future research is needed to validate the model as an instrument of regional chronic care management.","{
    ""justification"": ""The claim incorrectly identifies the chronic care model as the \""CHRONIC CARE FRAMEWORK,\"" while the reference explicitly names the developed model as the \""'MANAGE CARE MODEL'\"". This is a direct entity error."",
    ""answer"": ""Entity error""
}"
i_1899,"Environmental and Health Impacts: Wastewater Treatment: Heavy metals in wastewater sludge completely prevent its application as fertilizer, making it unusable in any agricultural context .","Presence of heavy metals in the wastewater sludge has greatly hindered sludge land application. Bioleaching has been developed for heavy metal removal from sludge. The pH of the sludge is declined by microorganisms with S or FeS as energy source. Sludge considered to be used in land is mainly due to its fertilizer values as it contains nitrogen, phosphorus, and potassium. Therefore, it is important to understand how the bioleaching would impact on sludge characterization. In addition, pathogens are great threat to human health. The ability of pathogen elimination of bioleaching is highly concerned. In this review, the major heavy metals in the sludge are summarized. The change of nitrogen, phosphorus, and potassium after bioleaching is stated. The pathogen elimination due to bioleaching has been discussed. The work has provided an insight of research need in sludge bioleaching with the aim of residual sludge land application.","{
  ""justification"": ""The claim asserts that heavy metals 'completely prevent' the use of wastewater sludge as fertilizer, making it 'unusable in any agricultural context.' However, the reference states that heavy metals have 'greatly hindered' its application, which is a significant but not absolute obstacle. The reference also discusses bioleaching as a method to remove these metals to enable land application, directly contradicting the idea that it is completely unusable. Therefore, the claim misrepresents the information in the reference by exaggerating a challenge into an impossibility."",
  ""answer"": ""Misrepresentation""
}"
i_316,"Primary Techniques: Advanced Techniques: Deep Learning: Utilizes neural networks to enhance image processing tasks, which may lead to early and accurate diagnosis in medical imaging, although its effectiveness is still under debate .","The modern-day society is increasingly dependent on computer-aided tools and techniques. Digital imaging techniques have a tremendous impact on our day-to-day lives. Image processing is a vital component in the field of biological sciences and has the potential to drastically change the computer-human interface. Image processing refers to the conversion of an image into a digital form followed by enhancement of the image in order to extract useful information from it that are indiscernible by human ocular perceivers. Rapid advances in image processing, computerized reconstruction of an image and allied advancements in image analysis algorithms and the application of artificial intelligence has spurred a revolution in the field of medical and diagnostic imaging. Deep learning, a type of Artificial Neural Network (Machine Learning), is resurfacing as a powerful tool for its utilization in big healthcare data. The integration of deep learning techniques to image processing has the potential to add momentum to the dermatological imaging and promote early and accurate diagnosis of skin lesions. This review attempts to discuss the fundamentals of image processing, its importance, various clinical imaging modalities in use in the field of dermatology and application of deep learning algorithms in dermatological imaging, accentuating the inadequacies and future research prospects.","{
""justification"": ""Justification 1: The reference supports the claim that deep learning uses neural networks (\""Deep learning, a type of Artificial Neural Network\""). It also supports the idea that it enhances image processing and can lead to early and accurate diagnosis (\""The integration of deep learning techniques to image processing has the potential to...promote early and accurate diagnosis\""). The reference's mention of discussing \""inadequacies and future research prospects\"" aligns with the claim's statement that its effectiveness is \""still under debate.\""\nJustification 2: The claim is fully supported by the reference. The reference states that deep learning is a type of Artificial Neural Network and that its integration with image processing has the potential to \""promote early and accurate diagnosis.\"" The reference's intent to discuss \""inadequacies and future research prospects\"" confirms that the technology's full effectiveness is still being evaluated, which is consistent with the claim."",
""answer"": ""Entailment""
}"
s_1728,"Drying Phase: After the initial flooding, irrigation is withheld, allowing the water level to drop. The field is left to dry until the water level falls to a certain threshold, typically around 15 cm below the soil surface .","The supply of irrigation in Thailand is currently insufficient to satisfy rice production demands, despite the country being the world's leading rice producer and exporter. Thus, traditional rice production based on flooding systems should be changed to water-saving management using the so-called alternate wetting and drying method (AWD). This research introduced a suitable AWD 5/-15 broadcasting method into farmer's fields in eight provinces of Thailand in the dry and wet seasons of 2016. The results showed that the AWD practice increased grain yields by 8-22% in the dry season compared with the yields from farmer's practices. The AWD practice reduced total water use by 5-30% and increased water productivity 10-35% compared with farmer's traditional practices. In addition, the total CH<inf>4</inf> emissions from the AWD practice in the dry season were lower than those from farmer's practices by 7-83%, but the AWD practice in the wet season resulted in decreased CH<inf>4</inf> emissions at only three out of the eight sites. The total N<inf>2</inf>O emissions were slightly different between the AWD and farmer's practices. However, in both AWD and farmer's practices, N<inf>2</inf>O emissions were much lower than CH<inf>4</inf> emissions. Finally, the incomes and net profits in both seasons were significantly higher using AWD from 4.4-13.5 USD/ha and 45.8-60.8 USD/ha, respectively, while the total costs for both practices were not significantly different. Thus, AWD practices may help farmers decrease their water supply risk, especially in the dry season, and increase profits from rice production.
[2]: As one of the most widely promoted effective irrigation strategies for rice, alternate wetting and drying (AWD) irrigation can not only reduce water use but also increase mineral nutrient use efficiency. In this research, we compared the differences in grain yield, grain quality, phosphorus use efficiency (PUE), and growth states of roots and shoots of lowland and upland rice cultivars that were subjected to different irrigation and phosphorus (P) fertilizer application treatments in a field study for two years. The irrigation treatments consisted of two irrigation regimes: continuously flooded (CF) and AWD irrigation and the P fertilizer treatments included three P rates, i.e., 0, 45, and 90 kg ha<sup>−1</sup> (P0, P45, and P90, respectively). The results revealed that AWD irrigation led to an increase in grain yield and improved PUE of both rice varieties at P45. The roots were longer and deeper under AWD irrigation, which contributed to the higher grain yield and higher resource use efficiency obtained with this treatment. At the lower P rates, both rice types translocated more P from vegetative tissues to grains, which led to a better PUE. Molecular analysis show that plant hormones (IAA, gibberellins, cytokinins and ABA) and members of the OsPht1 family are also involved in the regulation of P homeostasis under AWD irrigation. Our results demonstrate that AWD irrigation can also enhance PUE for the rice in the field.
[3]: We carried out a pool culture experiment to determine the optimal water treatment depth in loam and clay soils during the late growth stage of super rice. Three controlled water depth treatments of 0–5, 0–10 and 0–15 cm below the soil surface were established using alternate wetting and drying irrigation, and the soil water potential (0 to –25 kPa) was measured at 5, 10 and 15 cm. A 2-cm water layer was used as the control. We measured soil enzyme activities, root antioxidant enzyme activities, chlorophyll fluorescence parameters, and rice yield. The results showed that the 0–5-cm water depth treatment significantly increased root antioxidant enzyme activities in loam soil compared with the control, whereas soil enzyme activities, chlorophyll fluorescence parameters and yield did not differ from those of the control. The 0–10- and 0–15-cm water depth treatments also increased root antioxidant enzyme activities, whereas soil enzyme activities, chlorophyll fluorescence parameters and yield decreased. In clay soil, the soil enzyme activities, root antioxidant enzyme activities, chlorophyll fluorescence parameters, and yield did not change with the 0–5-cm water treatment, whereas the 0–10- and 0–15-cm water treatments improved these parameters. Therefore, the appropriate depths for soil water during the late growth period of rice with a 0 to –25 kPa water potential were 5 cm in loam and 15 cm in clay soil.","{
  ""justification"": ""The claim states that the water level is typically allowed to fall to around 15 cm below the soil surface. However, reference [3] specifies that this 15 cm depth is the appropriate level for clay soil, whereas a 5 cm depth is appropriate for loam soil. By presenting 15 cm as a typical value without the crucial context of soil type, the claim omits critical information that changes the meaning of the reference's findings."",
  ""answer"": ""Missing information""
}"
i_793,"Key Factors Impacting Digital Transformation: Technological Platforms: The development and adoption of digital platforms in the manufacturing sector are still in their early stages. These platforms have the potential to coordinate various actors in the production process, but their real-world application and strategic potential need further exploration .","An emerging aspect of digital transformation in industry relates to the rise of digital platforms. While examples such as Uber and Airbnb are well-known, technological platforms that seek to coordinate demand and supply-side actors in the architecture, engineering and construction (AEC) sector are also developing. Examples include Wikihouse, Sidewalk Labs, and Bosch IoT Suite. Although there is a growing body of scholarship reviewing the concept of 'platforms', far less attention has been paid to reviewing studies of digital platforms in the AEC sector. This systematic review of 18 studies seeks to address this deficiency. The findings show that the focus has hitherto centred on engineering platforms, with researchers adding greater functionality to platforms in order to yield efficiencies in the production process. Current endeavours tend to be laboratory-based, with prototypes still to be tested in the real-world. In contrast to reviews in management and organisational studies, scholars of platforms in construction do not pay as much attention to the power of platforms as a strategic organising principle for coordinating markets. The review thus proposes a number of possible directions for construction management researchers to examine the strategic potential for platforms to drive competitive advantage in the AEC sector.","{
  ""justification"": ""Justification 1: The claim states that digital platforms in the 'manufacturing sector' are in their early stages. However, the reference specifically discusses the 'architecture, engineering and construction (AEC) sector,' not the manufacturing sector. This is an entity error.\nJustification 2: The claim misattributes the findings of the reference to the 'manufacturing sector.' The reference's analysis, including the points about laboratory-based endeavors and the need to explore strategic potential, is explicitly about the 'AEC sector.'"",
  ""answer"": ""Entity error""
}"
i_219,6. Novel Similarity Metrics: Combining Quality and Privacy: Implementing new similarity metrics that balance high recommendation quality with low prediction accuracy for attackers can protect user privacy while reducing filter bubbles .,"Recommendation systems help users identify interesting content, but they also open new privacy threats. In this paper, we deeply analyze the effect of a Sybil attack that tries to infer information on users from a user-based collaborative-filtering recommendation systems. We discuss the impact of different similarity metrics used to identity users with similar tastes in the trade-off between recommendation quality and privacy. Finally, we propose and evaluate a novel similarity metric that combines the best of both worlds: A high recommendation quality with a low prediction accuracy for the attacker. Our results, on a state-of-the-art recommendation framework and on real datasets show that existing similarity metrics exhibit a wide range of behaviors in the presence of Sybil attacks, while our new similarity metric consistently achieves the best trade-off while outperforming state-of-the-art solutions.","{
  ""justification"": ""The reference supports the claim that a novel similarity metric can balance recommendation quality and privacy against attackers. However, the reference does not mention 'filter bubbles' at all. By adding the benefit of 'reducing filter bubbles,' the claim misrepresents the findings of the source paper by over-claiming its benefits."",
  ""answer"": ""Misrepresentation""
}"
i_1748,"Advantages of Revealing Carbon Emissions Data: Improved Stakeholder Management. Disclosing carbon emissions can enhance stakeholder management and trust. However, firms that are transparent about their carbon emissions may not necessarily achieve better financial performance, as the relationship between carbon performance and financial outcomes is complex and can vary significantly depending on other factors .","We examine the roles of the outcome and process dimensions of environmental performance in determining financial performance as measured by Tobin's q. Outcomes refer to the impacts of the firm on the natural environment, while processes are the firm's actions to reduce these outcomes. We focus on a specific outcome - carbon emissions - and suggest that it affects Tobin's q non-linearly. We find that firms achieve the highest financial performance when their carbon performance is neither low nor high, but intermediate. We also find that environmental processes moderate this relationship as they reinforce firms' financial performance through improved stakeholder management. This mixed picture suggests that firms do not generally internalize the costs of poor carbon performance, but those that stand out in both environmental outcomes and processes achieve net financial benefits. These findings are based on a sample of carbon-intensive firms that disclosed their greenhouse gas (GHG) emissions through the Carbon Disclosure Project from 2007 through 2013.","{
  ""justification"": ""Justification 1: The reference supports the claim by stating that \""environmental processes moderate this relationship as they reinforce firms' financial performance through improved stakeholder management.\"" This aligns with the claim's point about enhancing stakeholder management.\nJustification 2: The reference also confirms the complexity of the financial relationship, noting that \""firms achieve the highest financial performance when their carbon performance is neither low nor high, but intermediate,\"" which supports the claim that better financial performance is not a guaranteed outcome of transparency alone."",
  ""answer"": ""Entailment""
}"
i_1567,"Eco-Friendly Alternatives: Some research suggests that all eco-friendly tires significantly improve the environmental footprint by using materials like precipitated silica, which universally enhances fuel efficiency and reduces greenhouse gas emissions .","Eco-friendly tires really live up to their name according to the independent tire retail giant, it depends on the tire. Most green tires claim to increase fuel mileage, helping to decrease a consumer's carbon footprint. As fuel economy regulations tighten and consumer demand for green transportation increases, tire manufacturers worldwide are adding precipitated silica to tread formulations to improve fuel efficiency, eliminate greenhouse gas emissions and enhance tire performance and handling. Reducing rolling resistance, or the amount of energy spent to move a vehicle, is an increasingly important solution to decreasing fuel consumption. In fact, tires are responsible for 20 to 30 % of a vehicle's fuel use. Rheology is principally concerned with extending the classical disciplines of elasticity and newtonian fluid mechanics to materials whose mechanical behaviour cannot be described with the classical theories. It is also concerned with establishing predictions for mechanical behaviour based on the micro- or nanostructure of the material, e.g. the molecular size and architecture of polymers in solution or the particle size distribution in a solid suspension. Materials flow when subjected to a stress that is a force per area. There are different sorts of stress (e.g. shear, torsional, etc.) and materials can respond in various ways. Thus much of theoretical rheology is concerned with the forces associated and external applied loads and stresses and the resulting internal strains. The object of this study was to investigate the MIN TQ. (lb-in), MAX TQ. (lb-in), Final TQ. (Ilb-in) of a tyre tread cap compound.","{
  ""justification"": ""The claim asserts that \""all\"" eco-friendly tires significantly improve the environmental footprint and that precipitated silica \""universally\"" enhances fuel efficiency. However, the reference explicitly states that the effectiveness of eco-friendly tires \""depends on the tire,\"" which contradicts the claim's universal assertion."",
  ""answer"": ""Misrepresentation""
}"
i_746,Applications of Acoustic Emission Technology in the Automotive Industry: Historical Vehicle Diagnostics: AE has been applied in the HISTORICAL_VEHICLE project for non-invasive diagnostics of historical vehicle engines. This method aids museum personnel in making informed decisions about engine reactivation based on objective measurements rather than personal experience .,"The reactivation of artefacts' mechanisms is always a challenge for conservators and proper noninvasive diagnostic techniques, applicable directly on the artifacts, allows to perform a precocious diagnostic and to avoid damages. The ACUME_HV project (Acoustic Emission Monitoring of Historical Vehicles) represents the first use of acoustic emission (AE) as non-invasive technique for the diagnostic of historical vehicles. The aim of this project is to propose an objective, human-independent method that will help the personnel of the museums to take decisions concerning the reactivation of the historical vehicles' engines using measurements and data and not only personal experience. In this paper the results of the first phase of the ACUME_HV project are presented. This first phase focused on the development of a protocol for the use of AE during cold tests.","{
  ""justification"": ""The claim incorrectly identifies the project as 'HISTORICAL_VEHICLE', while the reference explicitly names it 'ACUME_HV (Acoustic Emission Monitoring of Historical Vehicles)'. This is a factual error concerning the name of the project entity."",
  ""answer"": ""Entity error""
}"
i_2373,"3. Robotics and Automation: Farm Robotics: AI-driven ground robots and robotic milkers enhance precision in farming operations, contributing to labor efficiency and productivity .","Machine learning applications in agriculture will be covered to help increase efficiencies at farm level. Artificial neural networks (ANNs) will be introduced for their ability to predict crop conditions, detect weeds, and monitor disease outbreaks. Real-time application of deployed ANNs with machine vision technologies will be discussed for delivery of spot-specific agrochemical. These technologies lead to significant input reductions resulting in increased farm profits and environmental protection. The chapter will also cover farm robotics topics including autoguidance, ground robots, and robotic milkers.","{
  ""justification"": ""The claim and the reference both discuss farm robotics and AI in agriculture. But the reference only lists \""ground robots, and robotic milkers\"" as a topic to be covered, without providing the specific details asserted in the claim about them being AI-driven and their impact on efficiency and productivity. Therefore, the claim cannot be verified from the reference."",
  ""answer"": ""Related but unverifiable""
}"
s_848,"Challenges and Considerations: Human Error: In university makerspaces, novice users of 3D printers frequently make errors that significantly increase material and energy consumption, suggesting that training alone may not be sufficient to mitigate these issues .","The usage phase often dominates the lifetime environmental impact of energy and material consuming products. Improper human behaviors could increase the environmental impacts during the use stage of the product's life cycle. The use phase of desktop fused deposition modeling (FDM) printers involves large energy and material consumption. In university makerspaces, many novices choose to use desktop FDM printers because of its easy operation, but novices often make improper design and operation decisions. The human errors increase the fabrication failures leading to higher material and energy consumption. Therefore, human behaviors should be investigated in order to identify the causes of fabrication failures in an open studio environment. Three types of failure causes are studied, which are designer error, operator error and machine error. In this research, computer-aided design (CAD) models, printing settings, user experience information and printing results were tracked and analyzed. In addition, the energy and material consumption were recorded from the printings. These data are analyzed to identify the key factors affecting printing failure rates and to improve the sustainability and efficiency of desktop FDM. From the collected data, a failure rate of 41.1% was observed. The failures caused by human error accounted for 26.3% of the total prints, which shows that human behaviors could influence the environmental impacts of FDM. For the factors impacting failure rates, user's experience level and printing parameters were analyzed. We found that that experience did not result in higher expertise or lower failure rates.","{
  ""justification"": ""Justification 1: The claim states that novice users' errors increase material and energy consumption, which is supported by the reference: \""The human errors increase the fabrication failures leading to higher material and energy consumption.\"" The claim also suggests that training may not be sufficient, which is directly supported by the reference's finding that \""experience did not result in higher expertise or lower failure rates.\""\nJustification 2: The reference provides direct evidence for the claim. It confirms that human errors in 3D printing lead to increased resource consumption and, crucially, finds that user experience does not correlate with a lower failure rate, which entails the claim's conclusion that training alone may not be an adequate solution."",
  ""answer"": ""Entailment""
}"
s_749,Advantages of Digital Architectural Rendering: Complexity and Innovation: Digital technology enables the creation of unique geometric models and complex space designs that are difficult to achieve with traditional methods .,"Through digital design, conventional notions of space-form materials (including metallic ones) earned new meanings bringing closer architectural design and production by digital media and digital tools. By using computer modelling, programming, simulation and imaging, brought to a close with digital fabrication, both virtual forms and physical structures can be created. Digital architecture may use different material types, beginning with conventional ones, and ending with recent advanced ones, relying on simulations and representations to design artefacts that can be built. When generative processes are used, unique geometric models of high performance are possible. In the new digital technological practice, materials may be ""active"", designed in response to a set of performance requirements, which impose a total rethinking of old material practices.
[4]: Digital technology has played a crucial role in architectural development since being introduced in. Different application of digital design software has taken the place of traditional drawing. The innovated architecture design process has promoted a trend of space complexity. Advanced digital technology also produced a new design method; the computer can generate a unique building plan through the special program directly rather than the imagination of the human brain. Besides, digital technology has a wide range of applications in exploring the future architecture development, as well as virtual reality in the scheme deliberation and demonstration. The digital architecture has broken through the two-dimensional architectural design pattern and the aesthetic consciousness of the industrial era, and pushes the building industry development greatly. © (2013) Trans Tech Publications, Switzerland.","{
  ""justification"": ""Justification 1: The claim is directly supported by the reference. Reference [4] states that digital design has \""promoted a trend of space complexity\"" and that computers can \""generate a unique building plan.\"" The unnumbered reference also mentions that \""unique geometric models of high performance are possible.\"" This aligns perfectly with the claim's assertion about creating complex and unique designs that are difficult with traditional methods.\nJustification 2: The reference explicitly states that digital design software has replaced traditional drawing and \""promoted a trend of space complexity.\"" It also mentions that computers can generate a \""unique building plan,\"" and that digital architecture has \""broken through the two-dimensional architectural design pattern,\"" which directly supports the claim that digital technology enables complex designs that are difficult to achieve with traditional methods."",
  ""answer"": ""Entailment""
}"
i_1161,Effective Strategies for Improving Diet Quality: Integrated Agriculture-Nutrition Programs - Programs that combine agricultural production with nutrition education can enhance diet quality. Increased household production of diverse crops and behavior change communication strategies have been effective in improving dietary diversity and nutrient intake in Burkina Faso .,"Integrated agriculture nutrition programs can increase the quantity and quality of nutritious foods through multiple pathways. Increased household production increases the availability of own produced food for consumption, as well as income for food purchases. Increased knowledge of nutrition introduced through a behavior change communication strategy can change food preferences and shift purchasing decisions towards nutritious foods. In a randomized control trial, we demonstrate that an integrated agriculture-nutrition program in Burkina Faso improved the quality of diets by reducing household macro and micronutrient consumption gaps. We estimate production and consumption nutrient gaps for households in our sample by comparing reported consumption or production of nutrients relative to recommended daily allowances for households. Differences between actual nutrient consumption and production values and the recommended daily allowances provide an estimate of the nutrient gaps (surplus or deficit) within the household. We find that the integrated agriculture-nutrition program reduced consumption nutrient gaps in treatment households. We also investigate whether the production or nutrition knowledge pathways explain the consumption nutrient gap treatment effects. Though crop choice led to a diversified household production of nutritious foods in treatment villages on the extensive production margin, increased household production of nutrients does not explain the improvements in diet quality due to limited treatment effects for the estimated production nutrient gaps at the intensive production margin. Consumption expenditures in treatment villages did increase purchases of nutritious foods, suggesting that the behavior change communication strategy is effective at not only increasing nutrition knowledge, but also in affecting consumer preferences.","{
  ""justification"": ""The claim asserts that both increased household production of diverse crops and behavior change communication strategies were effective in improving diet quality. However, the reference explicitly states that while the overall program was successful, the \""increased household production of nutrients does not explain the improvements in diet quality.\"" It attributes the success to the behavior change communication strategy that influenced purchasing decisions. Therefore, the claim misrepresents the findings of the study by incorrectly identifying one of the effective mechanisms."",
  ""answer"": ""Misrepresentation""
}"
i_2085,"It also has the potential to regenerate when used in fragment culture, making it a feasible option for commercial abalone nurseries .","A variety of red algal species have been identified as potential food sources for juvenile Greenlip Abalone, Haliotis laevigata (>5 mm shell length). To provide the red algal species in a diet suitable for juvenile abalone three propagation methods; spore production, protoplast isolation, and fragment culture were investigated. The potential algae requirements and consumable costs for each propagation method were determined, using experimental data and values from the literature, to assess the viability of utilizing each of these propagation methods in a commercial abalone nursery. The use of red algal spores required 592-52,000 kg of algae, depending on the level of spore release and the percentage of fertile algal thalli collected. Protoplast isolation reduced the amount of algal biomass to 8.55-910 kg but was affected by the efficiency of the isolation procedure. Even at an efficient production of 1 × 10<sup>8</sup> protoplasts·g<sup>-1</sup> wet weight alga the cost of consumables (enzymes) was $US 13,576. A feeding trial utilizing Laureneia sp. fragments adhered to the plates using agar, produced juvenile abalone growth rates comparable to those obtained with the current commercial nursery diet of the green alga Ulvella lens plus the diatom Navicula cf. jeffreyi. The Laurencia fragments did not regenerate on the plates so it was reapplied weekly, which is not feasible on a commercial scale because it would require 10.6 t of Laureneia and 443 kg of agar at a cost of $US 34,899. Gracilaria sp. fragments were able to regenerate with a growth rate of 4.42%·day<sup>-1</sup> and therefore the algal fragments would only need to be applied to the PVC plates once, at the start of the later nursery phase (5 mm SL), reducing the amount of algal biomass to 432 kg. We therefore conclude that regenerating fragment culture (fragments <1 mm) is the only method that could successfully produce red algal diets for juvenile abalone on a commercial scale in the later nursery phase.","{
  ""justification"": ""The claim states that fragment culture is a feasible option for commercial abalone nurseries because it can regenerate. However, the reference specifies that this is only true for *regenerating* fragment cultures (like Gracilaria sp.). It explicitly states that a non-regenerating fragment culture (Laurencia sp.) was tested and found to be \""not feasible on a commercial scale.\"" The claim omits this critical distinction, implying that fragment culture in general is a feasible option, which is an oversimplification of the reference's findings."",
  ""answer"": ""Missing information""
}"
s_2100,"Low Environmental Disclosure by Companies: Despite the existence of programs like PROPER, which assess and rate the environmental performance of companies, the level of environmental disclosure remains low. Companies are not obliged to incorporate environmental disclosures in their annual reports, leading to a lack of transparency and accountability .","[2] Various disasters in Indonesia, such as forest fires, floods, and other environmental damage, are inseparable from the actions of the capital owners who pollute the environment. This study aims to reconstruct the obscure meaning of strict liability in the Omnibus Law and the correlation between oligarchic interests and Indonesia's environmental destruction. This type of research is qualitative research using a statutory approach. This research is descriptive, and the material analysis technique used is the deduction syllogism technique, namely by concluding the rules of law and legal facts. This study's results indicate a significant impact on obscuring the meaning of strict liability in the Omnibus Law. The changes in the omnibus law will make it more difficult for environmental destroyers and polluters to be held accountable because the government has to prove the mistakes made by corporations first. When proof of error must take precedence in environmental destruction and pollution, what happens is a regression and ends in conventional proof. It contrasts to the Anglo-Saxon countries, which have expanded the object of string liability [4] The increase of population in Indonesia resulted in population density becomes larger. It is one of the factors in the emergence of slum settlements, especially in urban areas. The existence of slums is related to poor environmental sanitation facilities. Environmental sanitation is one of the environmental managements. Environmental management efforts can be successful if the community is willing to participate. However, until now, the level of community participation, especially those living in slum areas, is still relatively low. One of the reasons is the lack of motivation in the community to carry out environmental management. Therefore, it is essential to know the factors that cause community motivation still at low level. This study aims to verify if motivation has impact to community participation in environmental management. The method is with literature study from articles that relevant to the topic. It results that motivation is an encouragement that supports participation. The dominant motivational factor is internal factors. In addition, the factors of knowledge, social, and economic are also influence the level of motivation. [9] Fostering the cognitive skills to analyse environmental ""commons dilemmas"" is an urgent task of environmental education globally. Commons dilemmas are characterised by structural incentives to overexploit a natural resource; their solution is particularly pressing in threatened biodiversity ""hotspot"" areas. Solutions to these dilemmas require local actors who command knowledge on the social, ecological, economic and institutional aspects of resource utilisation. This study investigates subjective theories that future Indonesian teachers and agricultural advisors bring to a representative local commons dilemma, the extraction of the non-timber forest product rattan. Based on 19 structured qualitative interviews, we identified prior knowledge concerning rattan extraction. University students expressed subjective theories on the ecological consequences of rattan extraction such as landslides or flooding. In addition to education, students mentioned more effective state administrations to conserve rattan stocks. The need to institutionally balance short-term individual exploitation profits with long-term interests in the preservation of a productive resource at community level, was hardly recognised. While Indonesia strives to include environmental education in its school curricula, the results highlight that future educators themselves are not well equipped to address pressing issues of resource and biodiversity loss. © 2013 Copyright Taylor and Francis Group, LLC.","{
  ""justification"": ""The claim discusses the low level of environmental disclosure by companies in Indonesia, mentioning a specific program called PROPER and the lack of obligation for companies to include these disclosures in annual reports. The provided references discuss related environmental issues in Indonesia, such as the difficulty in holding corporations accountable for pollution due to changes in liability laws [2], low community participation in environmental management [4], and the lack of knowledge among future educators about environmental dilemmas [9]. However, none of the references mention the PROPER program, the specific concept of \""environmental disclosure,\"" or requirements for annual reports. Therefore, while the general topic is related, the specific claims are not supported or mentioned in the provided text."",
  ""answer"": ""Related but unverifiable""
}"
i_435,"Best Practices for Using Confluence in Knowledge Management: Leveraging Social Media Tools: Integrate Confluence with other social media tools like blogs, microblogging, and social tagging to capture and share knowledge more effectively. This can create a more dynamic and interactive knowledge management environment .","This chapter discusses in detail about Knowledge Management and how Social Media tools and platforms can be used for Knowledge Management and how they can be integrated into Knowledge Management system. This chapter explains the key aspects of Knowledge Management and Social Media and how Social media can be used to capture both tacit and explicit knowledge and also to share knowledge among the communities of practice both within organizations and also outside the organizations. The chapter provides an overview of using social media to enhance knowledge management and collaboration in a corporate context and gives an insight on how firms get the most value from social media tools like wikis, blogs, microblogging, social tagging and some such similar tools in Knowledge Management. Further research directions based on the review of the literature are proposed.","{
  ""justification"": ""The claim makes a specific assertion about the software \""Confluence\"". However, the provided reference discusses the integration of social media tools (like blogs, wikis, microblogging) for knowledge management in a general sense and does not mention the specific entity \""Confluence\"" at all. The claim incorrectly inserts this specific entity into the context provided by the reference."",
  ""answer"": ""Entity error""
}"
s_1720,"Indirect Effects: Various techniques, such as electric fencing, have been trialed to prevent wild boar ingress into fields. These methods have shown effectiveness in protecting crops like maize from wild boar damage .","Among free living animals in Slovenia, wild boar (Sus scrofa) damages agricultural land by rooting and primarily by directly feeding on open fields. In some areas of Slovenia this large wildlife animal causes more than 50% of all estimated damage to cultivated plants grown on arable and forage fields. Many techniques for controlling wild boar and preventing damage are known, but none of them is optimal. In a trial for preventing wild boar ingress into maize fields different designs of electric fence system were used. The trial in which we used an electric fence to prevent wild boar from entering a maize field was erected in the area of Å mihel near Postojna (Slovenia). We decided to erect the electric fence at the end of July, after the fertilization of the maize. The following designs of electric fence systems were used: 1) a plastic post with a polywire and two polytapes with spacings of 15, 15, and 30 cm between them; 2) a plastic post with polywire and a polytape with spacings 25 and 25 cm between them; 3) a steal post as a wire offset in an inverted L shape on which three screws on rod insulators were fixed at a height of 15, 30, and 55 cm from the ground. A polytape at a height of 30 cm acted as depth and it was a so-called three-dimensional design of electric fence. No breaks through fencing were observed until the harvesting time of the maize for silage, although boar tracks on the outside of the fenced field were observed. Damage to arable fields in the vicinity of the protected field was also recorded.","{
  ""justification"": ""Justification 1: The claim states that electric fencing has been trialed and shown to be effective in protecting maize from wild boar damage. The reference describes a specific trial where different designs of electric fences were used to protect a maize field from wild boars. The reference concludes, \""No breaks through fencing were observed until the harvesting time of the maize for silage,\"" which directly supports the claim's assertion of effectiveness.\nJustification 2: The reference explicitly details a trial using electric fences to prevent wild boar from entering a maize field and confirms its success, thereby directly entailing the information presented in the claim."",
  ""answer"": ""Entailment""
}"
s_1540,"Technological and Policy Interventions: The use of advanced models and simulations, such as the DSSAT-CSM and SWAT, can help predict soybean yields and assess the impact of different agricultural practices and climate scenarios .","[10] Soybean [Glycine max (L) Merrill] is one of the most important leguminous crops and ranks fourth after to rice, wheat and maize in terms of world crop production. Soybean contains abundant protein and oil, which makes it a major source of nutritious food, livestock feed and industrial products. In Japan, soybean is also an important source of traditional staples such as tofu, natto, miso and soy sauce. The soybean genome was determined in 2010. With its enormous size, physical mapping and genome sequencing are the most effective approaches towards understanding the structure and function of the soybean genome. We constructed bacterial artificial chromosome (BAC) libraries from the Japanese soybean cultivar, Enrei. The end-sequences of approximately 100,000 BAC clones were analyzed and used for construction of a BAC-based physical map of the genome. BLAST analysis between Enrei BAC-end sequences and the Williams82 genome was carried out to increase the saturation of the map. This physical map will be used to characterize the genome structure of Japanese soybean cultivars, to develop methods for the isolation of agronomically important genes and to facilitate comparative soybean genome research. The current status of physical mapping of the soybean genome and construction of database are presented.","{
  ""justification"": ""The claim discusses the use of specific simulation models (DSSAT-CSM and SWAT) for predicting soybean yields. The reference, however, focuses on the genomics of soybeans, specifically the construction of a physical map using BAC libraries. The reference does not mention DSSAT-CSM, SWAT, or any other simulation models for yield prediction, making the claim's content unverifiable from the provided text."",
  ""answer"": ""Related but unverifiable""
}"
i_1054,Multiciliated Cells: Generate fluid flow to clear mucus and debris from the airways .,"The respiratory system is composed of a multitude of cells that organize to form complex branched airways that end in alveoli, which respectively function to guide air flow and mediate gas exchange with the bloodstream. The organization of the respiratory sytem relies on distinct forms of cell polarity, which guide lung morphogenesis and patterning in development and provide homeostatic barrier protection from microbes and toxins. The stability of lung alveoli, the luminal secretion of surfactants and mucus in the airways, and the coordinated motion of multiciliated cells that generate proximal fluid flow, are all critical functions regulated by cell polarity, with defects in polarity contributing to respiratory disease etiology. Here, we summarize the current knowledge of cell polarity in lung development and homeostasis, highlighting key roles for polarity in alveolar and airway epithelial function and outlining relationships with microbial infections and diseases, such as cancer.","{
  ""justification"": ""Justification 1: The reference explicitly states that 'multiciliated cells... generate proximal fluid flow,' which directly supports the claim's assertion that these cells generate fluid flow. Justification 2: The claim is entailed by the reference, which mentions 'the coordinated motion of multiciliated cells that generate proximal fluid flow' as a critical function for homeostasis and barrier protection in the airways. This aligns perfectly with the claim's description of their role."",
  ""answer"": ""Entailment""
}"
s_737,"Key Features and Applications: Electric Vehicles: A123's batteries are used in hybrid and electric vehicles, providing high power and energy density essential for vehicle performance .","Anticipation of the life of electric vehicle (EV) batteries is key to the technology's success. Simulation tools combined with data derived from the including driving patterns and climate conditions, are being used to predict the effects of real-world scenarios on batteries. OEMs and Tier One suppliers are using CAE tools to accelerate the testing process, and extrapolate how long a battery can survive in regular driving scenarios. A123 Systems is tackling the problem by feeding into the simulations data from real-world sources. The company has extensive expertise and is starting to have enough real-world experience of different climates and different driving styles. It is observed that the charging pattern of a battery in a hybrid application is different to that of an electric vehicle. Real-world testing is a useful tool and Ford is incorporating data collected from its electric and hybrid vehicle fleet to improve its simulation tools.","{
  ""justification"": ""The claim asserts that A123's batteries offer \""high power and energy density,\"" a detail that is not mentioned or supported by the reference text. The reference discusses A123 Systems' role in simulating battery life using real-world data for electric and hybrid vehicles but provides no information on the technical specifications like power or energy density."",
  ""answer"": ""Related but unverifiable""
}"
i_247,Limitations: Complexity of Attacks: The subtle differences between various poisoning attacks suggest that they are nearly impossible to detect and mitigate effectively .,"Software-Defined Networking (SDN) provides significant flexibility when it comes to complex network management. This makes this technology an ideal candidate for dealing with network management issues in satellite and terrestrial networks.One key innovation of SDN is the separation of the control plane from the data plane. This results in a new network element: the controller. Given the importance of the role of the logically centralised (physically distributed) controller, it becomes an important point to protect in the new SDN paradigm. It could be vulnerable to attacks that are common in traditional networks such as Distributed Denial of Service (DDoS). In this paper, we address a type of attack that could threaten the operation of SDN-based environments: poisoning attacks.To perform its function, the logically centralised controller must have an accurate view of the network state. The accuracy of this view is crucial to the operation of the network. This view is obtained by exchanging information among controllers and between controllers and network elements. Such information flow could be vulnerable to different types of poisoning attacks. The motivation for writing this paper is that (1) poisoning attacks on SDN networks could have great impact, (2) most of them are relatively recent and (3) the differences between such attacks could be subtle. Therefore, we address the issues by classifying poisoning attacks in SDN. We classify both attacks and defences. For attacks we make a distinction between direct poisoning attacks and attacks that are designed to evade a specific defence.","{
  ""justification"": ""The claim asserts that poisoning attacks are \""nearly impossible to detect and mitigate effectively\"" due to their subtle differences. The reference states that \""the differences between such attacks could be subtle\"" and that its purpose is to \""classify both attacks and defences.\"" The reference does not support the conclusion that these attacks are nearly impossible to mitigate; in fact, by mentioning the classification of defenses, it implies that mitigation strategies exist or are being developed. The claim misrepresents the source by making a strong, unsupported conclusion."",
  ""answer"": ""Misrepresentation""
}"
s_721,"Additional Considerations: Surface Roughness: Surface roughness affects the bond strength between layers, which in turn impacts the electrical properties. Ensuring a smooth surface can help in maintaining stable resistance .","Recent advances in fused filament fabrication (FFF), such as five-axis printing, patching existing parts, and certain hybrid manufacturing processes, involve printing atop a previously manufactured polymer substrate. The success of these technologies depends upon the bond strength between the substrate and the newly added geometry. ANOVA and response surface methods were used to determine the effect of three process parameters on bond tensile strength: surface roughness, layer thickness, and raster angle. Experimental results indicate that the process-property relationships are not identical to those found in single, continuous FFF operations, and that the physical bonding mechanisms may also be different. Bond strength was found to be highly sensitive to surface roughness and layer thickness, and distinct optimal parameter settings exist. These results represent a first step toward understanding bond strength in such circumstances, allowing manufacturers to intelligently select process parameters for the production of both the substrate and the secondary geometry.","{
  ""justification"": ""Justification 1: The reference confirms that surface roughness affects bond strength. However, it makes no mention of 'electrical properties' or 'resistance'. Therefore, the claim's assertion that bond strength impacts electrical properties and that a smooth surface helps maintain stable resistance cannot be verified from the provided text.\nJustification 2: The claim and the reference both discuss the effect of surface roughness on bond strength in 3D printing. But the claim introduces the concepts of 'electrical properties' and 'stable resistance,' which are not mentioned or supported by the reference abstract. This makes the core of the claim's conclusion unverifiable."",
  ""answer"": ""Related but unverifiable""
}"
i_1552,The United States' regulatory framework aims to facilitate the transition from fossil fuels to renewable energy while managing CO2 emissions .,"Carbon capture and storage (CCS) represents a potentially useful tool to enable the European Union (EU) to manage its emissions of carbon dioxide (CO<inf>2</inf>) as it transitions from a fossil-fuel to a renewables energy strategy, The full-length paper examines the regulatory requirements for effective operation of CCS by identifying the issues and risks associated with the capture, transport, and storage of CO<inf>2</inf>, and reviews the regulatory options available and their applicability to the operation, management, and control of CCS.
[3]: Carbon dioxide capture and storage (CCS) has recently been receiving increasing recognition in policy debates. Various aspects of possible regulatory frameworks for its implementation are beginning to be discussed in Europe. One of the issues associated with the wide use of CCS is that it requires the establishment of a carbon dioxide (CO <inf>2</inf>) transport network, which could result in the spatial restructuring of power generation and transmission systems. This poses a significant coordination problem necessitating public planning and regulation. This paper provides a survey over multiple research strands on CCS, particularly energy system modeling and spatial optimization, pertaining to the efficient installment of CCS-related infrastructure throughout Europe. It integrates existing findings and highlights the factors that determine policy coordination needs for a potential wide implementation of CCS in the next decades. © 2012 Springer Science+Business Media B.V.","{
  ""justification"": ""The claim discusses the regulatory framework of the United States. However, the provided reference material explicitly focuses on the European Union (EU) and Europe, discussing their strategies for managing CO2 emissions and the regulatory frameworks for Carbon Capture and Storage (CCS). There is a clear mismatch in the geographical entity being discussed."",
  ""answer"": ""Entity error""
}"
s_68,"Comparative Studies: Evaluating different machine learning methods like Bayesian Additive Regression Trees, Neural Networks, and Classification and Regression Trees for phishing email detection .","There are many applications available for phishing detection. However, unlike predicting spam, there are only few studies that compare machine learning techniques in predicting phishing. The present study compares the predictive accuracy of several machine learning methods including Logistic Regression (LR), Classification and Regression Trees (CART), Bayesian Additive Regression Trees (BART), Support Vector Machines (SVM), Random Forests (RF), and Neural Networks (NNet) for predicting phishing emails. A data set of 2889 phishing and legitimate emails is used in the comparative study. In addition, 43 features are used to train and test the classifiers.
[4]: Phishing is a rapidly increasing threat to the modern internet where phisher mimics a legit web-page to get user into the phishers cage. The aim of phisher is to get sensitive records or information about the user such as credit card details, email and passwords. Anti-Phishing Working Group recently reported that 86,276 unique phishing URLs have been detected in the month of September, 2019. Thus, to resolve this threat, different methods and techniques have been proposed such as blacklist, whitelist, heuristics of URL, content based, image processing as well as Machine Learning based. Machine Learning (ML) is a modern technique and its algorithms have better efficiency, accuracy and performance. Thus, this paper critically reviews and evaluates Machine Learning based classifiers on the basis of datasets used, feature extraction techniques and performance measures used for the detection of phishing URLs. Moreover, the literature review reveals that every ML base approach has its advantages and limitations; hence, suggesting one classifier over other is challenging. However, Random Forest (RF) and Support Vector Machine (SVM) are mainly used classifiers in the literature of this study, where RF achieved the highest accuracy using larger dataset. In contrast, SVM achieved the second highest accuracy using smaller dataset. This research concludes that RF is an efficient approach for the detection of phishing URLs. Finally, insights are provided at the critical evaluation section and this research proposed extracted features that can enhance the literature in order to develop an effective URL phishing detection method.","{
  ""justification"": ""Justification 1: The claim states that studies evaluate Bayesian Additive Regression Trees, Neural Networks, and Classification and Regression Trees for phishing email detection.\nJustification 2: The reference confirms this by stating, \""The present study compares the predictive accuracy of several machine learning methods including Logistic Regression (LR), Classification and Regression Trees (CART), Bayesian Additive Regression Trees (BART), Support Vector Machines (SVM), Random Forests (RF), and Neural Networks (NNet) for predicting phishing emails.\"" The claim accurately reflects a part of the information provided in the reference."",
  ""answer"": ""Entailment""
}"
s_1702,"Chromatographic Techniques: Capillary Zone Electrophoresis: Description: This method allows for the rapid analysis of sugars in fruit juices and nectars, providing results in less than 8 minutes .","A method for the determination of sugars in several fruit juices and nectars by capillary zone electrophoresis with indirect UV-vis detection has been developed. Under optimal conditions, commercial fruit juices and nectars from several fruits were analyzed, and the sugar and cyclamate contents were quantified in less than 6 min. A study for the detection of blends of high-value juices (orange and pineapple) with cheaper alternatives was also developed. For this purpose, different chemometric techniques, based on sugar content ratios, were applied. Linear discriminant analysis showed that fruit juices can be distinguished according to the fruit type, juice blends also being differentiated. Multiple linear regression models were also constructed to predict the adulteration of orange and pineapple juices with grape juice. This simple and reliable methodology provides a rapid analysis of fruit juices of economic importance, which is relevant for quality control purposes in food industries and regulatory agencies.","{
  ""justification"": ""Justification 1: The claim states that the analysis of sugars in fruit juices and nectars can be done in less than 8 minutes. The reference confirms this by stating that the sugar content was quantified in less than 6 minutes. Since a time frame of less than 6 minutes is also less than 8 minutes, the reference directly supports the claim.\nJustification 2: The reference explicitly mentions that the method allows for the quantification of sugars in fruit juices and nectars in \""less than 6 min\"". The claim's statement of \""less than 8 minutes\"" is a correct, though less precise, representation of this fact. Therefore, the claim is directly entailed by the reference."",
  ""answer"": ""Entailment""
}"
s_413,"This integration can lead to more efficient and scalable services. Economic and Social Connectivity: Platforms facilitate the creation of ecosystems that connect various stakeholders, including businesses, consumers, and service providers. This connectivity fosters innovation and collaboration, driving economic growth and social development .","Digital platforms are changing the nature of business across the world. Firms orchestrate digital innovations and break traditional business boundaries through participation in ecosystems enabled by digital platforms. This chapter focuses on a specific type of ecosystem called a frugal ecosystem. A frugal ecosystem is an entrepreneurial ecosystem usually found in the developing world and is highly constrained by resources, poor infrastructure, and scarcity. Therefore, firms focus on low-cost, sustainable, and social innovation to succeed. Using a case study approach, the chapter provides insights from two frugal digital platform ecosystems in India: 1) the JobMatch platform that is used to orchestrate informal, low-skilled job seekers, connecting them with potential employers; 2) the IGG platform that orchestrates a community of waste management workers to integrate them into the recycling ecosystem of the city. The chapter extends the discussion on digital platform ecosystems in a frugal context and brings new insights. It also leverages literature on digital and spatial affordances to interrelate constraints, institutional voids, and frugal innovation. The novelty of the findings will guide future research in this area.
[6]: The paper presents the ideas generated by a Romanian Research project ""Knowledge management architecture in environmental, social and economic areas, designed to support the sustainable regional development strategy "", financed under the national research budget. One major result of the project is represented by the development of a regional virtual platform as a driver for knowledge management and innovation. This virtual environment creates a space for integrating and articulating ideas and innovative solutions in a wide participative way. The platform represents an integrator and mediator for the regional business environment and main stakeholders, as well as a connectivity channel for bridging other European and world networks and clusters. The global knowledge economy creates new challenges for the industrial space from at least two perspectives: the development of knowledge products and services, and the increased enterprises' connectivity through complex networks integrating dynamic clusters. The enterprises have to cope with the quick technological changes, with complex organizational systems and with global networking requirements. Consequently, the major enterprise's needs focus on innovation, in order to increase competitiveness in a sustainable way. In this context, the increased accessibility to the new technologies and innovative solutions, as well as the capacity to generate knowledge and innovation represent the major intangible assets of the global enlerprise.The most of the industries, including the metallurgy, are already connected in networks of organizations, technologies, products and consumers, ensuring their visibility and interactions on the market. The capacity of increasing the partnerships and various associations represent a major success factor of the actual global enterprise. In the same time, the enterprises are concerned more about the global perspective than about the local one, and consequently have not always strong links with the local development. In this new perspective, the research team identified the gap between the local administration and the regional actors related to the sustainable regional development and proposed the use of advanced ICT tools for creating a regional virtual platform for supporting the networking among the regional stakeholders and facilitating the development of regional knowledge base, for the benefit of the regional sustainable development. In this perspective, the business actors are more sensitive to the local environmental, economic and social issues, and could contribute to the regional strategy design, as main regional stakeholders. In the same time, the business area will lake advantage of the open access to valuable regional knowledge repository and to other platforms, such as digital business ecosystems European platform.","{
  ""justification"": ""Justification 1: The claim is well-supported by both references. The first reference discusses how digital platforms create ecosystems connecting stakeholders like job seekers and employers for social innovation. The second reference describes a virtual platform that integrates stakeholders to drive innovation and support sustainable regional development, which encompasses economic and social aspects.\nJustification 2: The claim that platforms connect stakeholders (businesses, consumers, service providers) and foster innovation for economic and social growth is directly entailed by the references, which describe platforms connecting job seekers with employers, integrating waste workers into recycling ecosystems, and acting as drivers for knowledge management, innovation, and sustainable regional development."",
  ""answer"": ""Entailment""
}"
s_587,"2. Solid Lubricants: Graphite and Molybdenum Disulfide (MoS2): These solid lubricants can be incorporated into composites to enhance wear resistance. For instance, nickel-based composites with graphite and MoS2 have shown improved tribological properties .","Nickel-based graphite-containing composites were prepared by powder metallurgy method. Their mechanical properties at room temperature and friction and wear properties from room temperature to 600 °C were investigated by a pin-on-disk tribometer with alumina, silicon nitride and nickel-based alloy as counterfaces. The effects of graphite addition amount, temperature, load, sliding speed and counterface materials on the tribological properties were discussed. The micro-structure and worn surface morphologies were analyzed by scanning electron microscope (SEM) attached with energy dispersive spectroscopy (EDS). The results show that the composites are mainly consisted of nickel-based solid solution, free graphite and carbide formed during hot pressing. The friction and wear properties of composites are all improved by adding 6-12 wt.% graphite while the anti-bending and tensile strength as well as hardness decrease after adding graphite. The friction coefficients from room temperature to 600 °C decrease with the increase of load, sliding speed while the wear rates increase with the increasing temperature, sliding speed. The lower friction coefficients and wear rates are obtained when the composite rubs against nickel-based alloy containing molybdenum disulfide. Friction coefficients of graphite-containing composites from room temperature to 600 °C are about 0.4 while wear rates are in the magnitude of 10<sup>-5</sup> mm<sup>3</sup>/(N m). At high temperature, the graphite is not effective in lubrication due to the oxidation and the shield of 'glaze' layer formed by compacting back-transferred wear particles. EDS analysis of worn surface shows that the oxides of nickel and molybdenum play the main role of lubrication instead of graphite at the temperature above 400 °C. © 2008 Elsevier B.V. All rights reserved.","{
  ""justification"": ""The claim asserts that nickel-based composites containing both graphite and MoS2 exhibit improved tribological properties. However, the reference studies nickel-based composites containing only graphite. It states that lower friction and wear rates were observed when this graphite-containing composite was rubbed against a counterface made of a nickel-based alloy that contained molybdenum disulfide (MoS2). The claim incorrectly combines the components of the test sample and the counterface into a single composite, which is a misrepresentation of the study described in the reference."",
  ""answer"": ""Misrepresentation""
}"
i_1301,"** Educational Programs: ** Programs like the ""Wellness Initiative"" in Sweden, which educate patients about lifestyle changes post-myocardial infarction, have been successful in promoting smoking cessation .","Background: Modification of risk factors such as smoking, obesity, physical inactivity, and hypertension after acute myocardial infarction (AMI) has been shown to reduce mortality and morbidity. Therefore, most hospitals in Sweden invite patients with myocardial infarction to an educational program, the ""Heart School,"" where they can learn about lifestyle changes. Whether this kind of education program applied in routine care increases the proportion of patients achieving secondary prevention goals is unknown. Methods: A cohort of consecutive patients treated for AMI and included in a quality registry was followed up during 1 year. The main aim was to study the effects of taking part in the Heart School on smoking habits, blood pressure and low-density lipoprotein cholesterol levels, exercise habits, cardiac symptoms, quality of life, and readmissions to hospital. Patients included in the national quality register of secondary prevention after AMI who had participated in the educational program were compared with those who had not participated in the program. Achievements of secondary prevention goals 1 year after the myocardial infarction were evaluated. The study included 2,822 patients. Results: The result showed that patients who participated in the Heart School stopped smoking more often than those who did not participate (adjusted odds ratio, 2.01; 95% confidence interval, 1.46-2.78). The Heart School had no effects on the other variables that were examined. Conclusion: The interventions currently used in the Swedish Heart School seem to be insufficient to obtain sustainable lifestyle changes, except for smoking cessation. © 2009 Lippincott Williams and Wilkins.","{
  ""justification"": ""The claim incorrectly identifies the educational program in Sweden as the 'Wellness Initiative.' The provided reference explicitly states that the program is called the 'Heart School.' While the outcome regarding smoking cessation is correctly reported, the name of the program (the entity) is wrong."",
  ""answer"": ""Entity error""
}"
s_1430,"Tannins: Maintained or possibly improved milk production levels while reducing methane emissions, suggesting a significant benefit to dairy farming practices .","Dairy cows are responsible for significant emissions of enteric methane (CH<inf>4</inf>) and produce nitrous oxide (N<inf>2</inf>O) and ammonia (NH<inf>3</inf>) gas from manure. As an abatement strategy, we explored the effects of long-term condensed tannin (Quebracho and chestnut extracts) addition to dairy cow diets. Previous studies have demonstrated that tannins in cow diets reduce methane and ammonia efflux, but none have done so over a >1-month time period. A modified stanchion barn equipped with gas analysis instrumentation measured CH<inf>4</inf>, N<inf>2</inf>O, and NH<inf>3</inf> fluxes into and from the barn, at the onset of the experiment, and 45 and 90 days after feeding groups of lactating dairy cows a control diet or two levels of tannin extract at 0.45 and 1.8 % of dietary dry matter. Few statistical differences among treatments were observed, likely a consequence of high variability and low sample size necessary for conducting a study of this duration. However, on a per-cow basis, low and high tannin diets lowered CH<inf>4</inf> emissions by 56 g cow<sup>−1</sup> day<sup>−1</sup> and by 48 g cow day<sup>−1</sup>, respectively. Diet tannin additions lowered CH<inf>4</inf> (33 %), NH<inf>3</inf> (23 %), and N<inf>2</inf>O (70 %) per unit milk corrected emissions in the high tannin treatment compared to the control at the end of the experiment, without significant loss in milk production. These results suggest that relatively low concentrations of diet tannin additions can reduce ruminant CH<inf>4</inf> and gaseous N emissions from manure. The tannin effect observed after 90 days is a starting point for considering tannin additions as a potential long-term strategy for improving the environmental footprint of milk production.","{
  ""justification"": ""The claim asserts that tannins maintained milk production while reducing methane emissions. The reference supports this by stating that tannin additions lowered methane (CH4) emissions \""without significant loss in milk production.\"" This directly corresponds to the claim's statement that milk production was maintained. The reference also concludes that this is a potential strategy for \""improving the environmental footprint of milk production,\"" which aligns with the claim's conclusion of a \""significant benefit to dairy farming practices.\"""",
  ""answer"": ""Entailment""
}"
s_1706,"Spectroscopic Techniques: Visible to Near-Infrared Spectroscopy (vis/NIRS): Description: This method is often considered superior to all traditional methods due to its simplicity and rapidity, making it the best choice for all applications in sugar analysis .","The determination and quantification of sugars is important for quality control and assurance of horticultural produce. This review discusses analytical methods for determination of sugars and sweetness of fresh and processed fruit and vegetables, including the use of destructive and non-destructive instrumental techniques to evaluate sugar composition and characterize taste profile or sweetness. From the standard hand-held refractometer to the hydrometer, electronic tongue and high pressure liquid chromatography (HPLC) equipped with different detectors, a wide range of devices have been used to determine sugar composition and sweetness of many fruit and vegetable products. Although chromatographic techniques are very accurate and useful, they require extensive sample preparation based on solvent extraction and hence are generally time-consuming and expensive. Visible to near infrared spectroscopy (vis/NIRS) has been proposed as an interesting alternative to traditional methods due to its rapidity, simplicity, cost effectiveness and potential for routine analysis if proper calibration and validation steps were developed. Current trends favour analytical methods that are simple to use, quick and non-destructive. The prospects for using emerging technologies such as hyperspectral imaging and nuclear magnetic resonance for non-destructive assessment of sugar content and sweetness of fresh and processed horticultural food products are also discussed.","{
  ""justification"": ""The claim asserts that vis/NIRS is \""superior to all traditional methods\"" and \""the best choice for all applications.\"" However, the reference describes it more cautiously as \""an interesting alternative to traditional methods\"" and notes its potential is contingent on \""if proper calibration and validation steps were developed.\"" The reference does not support the absolute and superlative language used in the claim, which constitutes an overstatement and therefore a misrepresentation of the source material."",
  ""answer"": ""Misrepresentation""
}"
s_585,"1. Use of Hard Coatings: Diamond-Like Carbon (DLC) and Chromium Nitride (CrN): These coatings can significantly reduce wear when applied to sliding contacts. However, it is important to note that the effectiveness can vary depending on the type of lubricant used .","Hard coatings and surface adsorptive/reactive lubricants are two common strategies for improving wear protection, but what if they are used together? In this study, steel-steel and steel-coating sliding was investigated in boundary lubrication of polar and non-polar oils containing a ZDDP or an ionic liquid. Two hard coatings, diamond-like-carbon (DLC) and chromium nitride (CrN), were used. For a steel-steel contact, wear was effectively reduced by using a more surface reactive lubricant, as expected. However, the steel ball wear was increased against a hard coating and further worsened with a more polar oil and/or a more surface reactive additive. The wear mechanism is proposed as a combined effect of physicochemical interactions with the lubricant, mechanical polishing by the counterface, and material adhesion.","{
  ""justification"": ""The claim states that hard coatings like DLC and CrN 'significantly reduce wear'. However, the reference indicates the opposite outcome under the tested conditions, stating that 'the steel ball wear was increased against a hard coating and further worsened with a more polar oil and/or a more surface reactive additive'."",
  ""answer"": ""Opposite meaning""
}"
s_1626,6. DNA Barcoding: COI Gene: DNA barcoding using the COI gene can be employed for identifying indicator species of aquatic organisms. This method has been used successfully in ecological investigations and can be adapted for seaweed identification .,"Nowadays various methods are used for estimation of ecological state of water bodies; the method of bioindication is one of them. Identification of indicator species of aquatic organisms via the visual method with the aid of a microscope may be performed with a high degree of certainty only by highly experienced zoologists. This method requires deep knowledge of morphological description of every organism, which includes approximately from 15 to 25 characteristics, thus the method greatly depends on subjectiveness of an investigator. At the same time the known methods of molecular genetics are used for determination of the taxonomy of organisms but have not been still used in ecological investigations of water bodies. The method of DNA barcoding which was used by us for identification of indicator species of zooplankton in freshwater bodies in the city of Kazan is one of such molecular methods. The experiment resulted in sequence analysis of the four base sequences of COI gene fragments which were added to the GenBank international database under the following unique numbers: Scapholeberismucronata - HQ336794 (658 bp), Moinamicrura - HQ336797 (658 bp), Mesocyclopsleuckarti - HQ336795 (658 bp), Brachionuscalyciflorus - HQ336793 (660 bp). The estimation of three lakes in Kazan city is based on identification of indicator species of zooplankton by COI gene.","{
  ""justification"": ""Justification 1: The reference supports the claim that DNA barcoding with the COI gene is used to identify indicator species of aquatic organisms (specifically zooplankton) in ecological studies. However, the reference makes no mention of seaweed or the method's applicability to seaweed identification. This part of the claim is unverifiable from the provided text.\nJustification 2: The claim correctly states that DNA barcoding with the COI gene is used for identifying aquatic indicator species. But, it adds that the method can be adapted for seaweed, a detail not found in the reference, which focuses exclusively on zooplankton. Therefore, the claim is related but contains an unverifiable assertion."",
  ""answer"": ""Related but unverifiable""
}"
i_2021,"Although Thlaspi caerulescens had a higher Cd concentration in its shoots, tobacco's greater biomass led to more efficient overall Cd removal .","Phytoremediation has attracted much more attention in environmental cleanup. The relatively low biomass and slow growth of metal hyperaccumulators restrict the efficiency of phytoextraction of heavy metals using these plants. The objective of this study was to compare the efficiency of phytoextraction of cadmium (Cd) with the hyperaccumulator Thlaspi caerulescens and three high biomass plant species (India mustard, tobacco and sunflower). A pot experiment was conducted using a soil contaminated with Cd (2. 87 mg-kg<sup>-1</sup>) from past application of manure and fertilizer with Cd for long time. The results showed that the Thlaspi caerulescens had a higher ability of Cd accumulation than other three plants species. The Cd concentration in the shoots of Thlaspi caerulescens reached 43.7 mg-kg<sup>-1</sup>, whereas only 1.7 mg-kg <sup>-1</sup>Cd was found in the shoots of sunflower. Cd concentration in the shoots of Thlaspi caerulescens was 10, 27 and 56 times of that of tobacco, Indian mustard, and sunflower, respectively. However, tobacco had the highest biomass, which was 35, 3 and 2 times of Thlaspi caerulescens, Indian mustard and sunflower, respectively. Total uptake of Cd from the soil was 117, 35, 30 and 10 ±g'pot<sup>-1</sup> for tobacco, Thlaspi caerulescens, India mustard and sunflower, respectively. Phytoextracion efficiency was 1%, 0.6%, 0.5% and 0.08% for tobacco, Thlaspi caerulescens, India mustard and sunflower, respectively. Furthermore, there was no significant difference in either total or extractable Cd concentration in the soil after the four plant species were harvested.","{
  ""justification"": ""Justification 1: The reference supports the claim by stating that Thlaspi caerulescens had a higher Cd concentration in its shoots compared to tobacco. It also confirms that tobacco had the highest biomass, the highest total Cd uptake (117 µg/pot vs. 35 µg/pot for Thlaspi caerulescens), and the highest phytoextraction efficiency (1% vs. 0.6% for Thlaspi caerulescens), which directly supports the conclusion that tobacco was more efficient at overall Cd removal.\nJustification 2: The claim is fully supported by the reference. The reference states, \""Cd concentration in the shoots of Thlaspi caerulescens was 10...times of that of tobacco\"". It also states, \""Total uptake of Cd from the soil was 117...for tobacco, [and] 35...for Thlaspi caerulescens\"" and \""Phytoextracion efficiency was 1%...for tobacco, [and] 0.6%...for Thlaspi caerulescens\"". This directly supports the claim that despite lower concentration, tobacco's higher biomass led to more efficient removal."",
  ""answer"": ""Entailment""
}"
s_351,"Preventive Measures: Encryption of network traffic using protocols like HTTPS, SSL/TLS, and VPNs can prevent attackers from reading intercepted data .","This educational project uses a second generation Raspberry Pi that runs multiple Open Source software packages, to perform network penetration testing and to analyze the results. Implementing this project provides undergraduate students with practical hands-on experience and explains advanced concepts in computer hardware, operating systems, and network security. This project is fairly affordable, highly portable, easily deployable, alarmingly impactful, and highly rewarding. It also demonstrates the need for secure wireless networks against various attacks such as Man-in-the-Middle (MitM). This paper illustrates step-by-step instructions to assemble and integrate the project's hardware parts, to download and configure software packages, and to perform customized network operations such as packet sniffing and filtering. Kali Linux for Raspberry Pi is the chosen operating system due to its extensive and powerful collection of White Hat hacking tools such as Wireshark (Network Protocol Analyzer), Nmap (Network Mapper), and SSLstrip (Secure Sockets Layer strip). Additional wireless network auditing tools are used from the robust FruityWifi package. Wireshark filters, captures, and analyzes network packets, such as hypertext transfer protocol secure (HTTPS) requests. SSLstrip strips the secure connection and convert HTTPS to hypertext transfer protocol (HTTP), gaining access to sensitive information such as login credentials. This simple to implement yet powerful project, demonstrates the ease of hiding and discreetly deploying a Raspberry Pi on a vulnerable wireless network to sniff network packets that is considered protected behind firewalls, while maintaining a safe distance and anonymity from the target.","{
  ""justification"": ""The claim states that encryption protocols like HTTPS prevent attackers from reading intercepted data. However, the reference describes a tool, SSLstrip, that explicitly defeats this protection by stripping the secure connection and converting HTTPS to insecure HTTP, thereby allowing access to sensitive information. This directly contradicts the claim's assertion of prevention, showing an opposite outcome."",
  ""answer"": ""Opposite meaning""
}"
s_720,Additional Considerations: Material Selection: The choice of conductive material is critical. Different commercial conductive materials exhibit varying levels of resistance and sensitivity to mechanical and thermal stresses .,"Nowadays, a challenging scenario involving additive manufacturing (AM), or 3D printing, relates to concerns on the manufacturing of electronic devices. In particular, the possibility of using fused filament fabrication (FFF) technology, which is well known for being very widespread and inexpensive, to fabricate structures with embedded sensing elements, is really appealing. Several researchers in this field have highlighted the high electrical resistance values and variability in 3D-printed strain sensors made via FFF. It is important to find a way to minimize the electrical resistance and variability among strain sensors printed under the same conditions for several reasons, such as reducing the measurement noise and better balancing four 3D-printed strain gauges connected to form a Wheatstone bridge to obtain better measurements. In this study, a design of experiment (DoE) on 3D-printed strain gauges, studying the relevance of printing and design parameters, was performed. Three different commercial conductive materials were analyzed, including a total of 105 printed samples. The output of this study is a combination of parameters which allow both the electrical resistance and variability to be minimized; in particular, it was discovered that the ""welding effect"" due to the layer height and printing orientation is responsible for high values of resistance and variability. After the optimization of printing and design parameters, further experiments were performed to characterize the sensitivity of each specimen to mechanical and thermal stresses, highlighting an interesting aspect. A sensible variation of the electrical resistance at room temperature was observed, even if no stress was applied to the specimen, suggesting the potential of exploiting these materials for the 3D printing of highly sensitive temperature sensors.","{
  ""justification"": ""Justification 1: The reference states that 'Three different commercial conductive materials were analyzed' and that experiments were done 'to characterize the sensitivity of each specimen to mechanical and thermal stresses,' which directly supports the claim. Justification 2: The claim is fully supported by the reference, which details a study analyzing three different commercial conductive materials and their sensitivity to both mechanical and thermal stresses, as well as their electrical resistance."",
  ""answer"": ""Entailment""
}"
s_1381,Unfiltered coffee contains diterpenes (cafestol and kahweol) that can raise cholesterol levels .,"[1] Coffee consumption is associated with decreased levels of liver enzyme activities, gamma-GT and aminotransferases (especially when alcohol consumption or increased body mass index are present), a decreased risk of cirrhosis, compensated or not, and of death from cirrhosis (especially from alcoholic cirrhosis), a reduction in fibrosis in various chronic liver diseases and of fibrosis speed of progression in hepatitis C, and with a decrease in the prevalence and incidence of hepatocellular carcinoma. In experimental studies, in animals or in vitro, coffee and some of its components (caffeine, diterpenes, and particularly polyphenols) have shown benefits in term of insulin resistance, lipid metabolism, endothelial function, antioxidant effects (some mediated by Nrf2), apoptosis, glucuronidation, and hepatic fibrogenesis. Therapeutic trials are now awaited.","{
  ""justification"": ""Justification 1: The reference mentions that coffee components, including diterpenes, have shown benefits in lipid metabolism in experimental studies. However, it does not specify that these diterpenes are from unfiltered coffee, nor does it state that they raise cholesterol levels. The specific claim about raising cholesterol is not supported by the text.\nJustification 2: The claim and the reference both discuss coffee and diterpenes. The reference mentions a beneficial effect on 'lipid metabolism,' but the claim makes a specific, unverifiable assertion that diterpenes in unfiltered coffee 'raise cholesterol levels.' This specific information is not present in the reference."",
  ""answer"": ""Related but unverifiable""
}"
i_1350,"3. Perioperative and Pregnancy Management: In certain situations, transfusions are used prophylactically during pregnancy to manage thalassemia complications .","Blood transfusion remains an important therapeutic intervention in patients with sickle cell disease (SCD), aiming to both increase the oxygen carrying capacity of blood and to reduce the complications of vaso-occlusion. Simple, manual exchange and automated exchange can be effective in reducing the acute and chronic complications of SCD, and the advantages and disadvantages of each methodology mean they all have a role in different situations. Evidence for the role of emergency transfusion in the management of the acute complications of SCD, including acute pain and acute chest syndrome, comes from observational data. Several important randomized controlled trials have shown the efficacy of transfusion in primary and secondary stroke prevention in patients with SCD but, outside these areas, clinical practice lacks a clear evidence base. Evidence for the role of long-term transfusion in the prevention of the non-neurologic chronic complications of SCD comes from analysis of secondary outcomes of these randomized trials and from observational data. In view of the paucity of data, the risks and benefits of transfusion should be fully discussed with patients/families before a long-term transfusion program is commenced. Evidence is only available for the role of preoperative transfusion or for prophylactic transfusion through pregnancy in certain situations, and the role of transfusions outside these situations is discussed. Questions about when and how to transfuse in SCD remain and will need further randomized trials to provide answers.","{
  ""justification"": ""The claim states that transfusions are used to manage thalassemia complications during pregnancy. However, the reference discusses the use of transfusions for Sickle Cell Disease (SCD), not thalassemia. The reference mentions, \""Evidence is only available for the role of preoperative transfusion or for prophylactic transfusion through pregnancy in certain situations,\"" but this is explicitly in the context of SCD."",
  ""answer"": ""Entity error""
}"
i_1215,"Interventions and Support: Holistic Approaches: Comprehensive rehabilitation programs that include financial support, health services, and social services are essential to maintain the well-being of both caregivers and stroke survivors .","[Purpose] Quality of life (QoL. can be closely related to caregiver burden, which may be a potential mediating effect on the relationships among stroke patient caregivers. This study investigated the predictors of caregiver's QoL based on patient and caregiver characteristics, with caregiver burden as a mediator. [Methods] This study was conducted using surveys, a literature review, and interviews. Survey data were collected from 238 subjects, who were diagnosed with stroke, and their family caregivers from October 2013 to April 2014. [Results] Caregiver health status, income, spouses caring for patients, and duration of hospitalization were identified as significant predictors of caregivers' QoL with a mediating effect of caregiver burden. The time spent on caregiving per day and patient education level were the only direct predictors of caregivers' QoL. [Conclusion] The responsibility of caring for patients with stroke, in particular for a spouse, must be administered by means of a holistic familycentered rehabilitation program. In addition, financial support and availability of various health and social service programs must be comprehensively provided in order to maintain caregivers' well-being.","{
  ""justification"": ""The claim asserts that comprehensive rehabilitation programs are essential for the well-being of both caregivers and stroke survivors. However, the reference's conclusion specifically states that these programs are necessary \""in order to maintain caregivers' well-being.\"" While it is plausible that such programs would also benefit stroke survivors, the provided text only supports this conclusion for caregivers, not for the patients themselves. Therefore, the claim misrepresents the scope of the reference's findings by extending them to include stroke survivors."",
  ""answer"": ""Misrepresentation""
}"
s_1185,"This inflammation is primarily caused by hyperlipidemia and biomechanical forces, which are the main contributors to atherosclerosis .","Cardiovascular diseases (CVDs) are the foremost cause of mortality worldwide. Atherosclerosis is the underlying pathology behind CVDs. Atherosclerosis is manifested predominantly by lipid deposition, plaque formation, and inflammation in vascular intima. Initiation and progression of plaque require many years. With aging, atherosclerotic plaques become vulnerable. Localization of these plaques in the coronary artery leads to myocardial infarction. A complete understanding of the pathophysiology of this multifaceted disease is necessary to achieve the clinical goal to provide early diagnosis and the best therapeutics. The triggering factors of atherosclerosis are biomechanical forces, hyperlipidemia, and chronic inflammatory response. The current review focuses on crucial determinants involved in the disease, such as location, hemodynamic factors, oxidation of low-density lipoproteins, and the role of endothelial cells, vascular smooth muscle cells, and immune cells, and better therapeutic targets.","{
  ""justification"": ""Justification 1: The claim states that inflammation is caused by hyperlipidemia and biomechanical forces. The reference, however, lists 'biomechanical forces, hyperlipidemia, and chronic inflammatory response' as three parallel 'triggering factors' of atherosclerosis. It does not state that the first two cause the third. Justification 2: The claim misrepresents the relationship between the factors. The reference identifies hyperlipidemia, biomechanical forces, and chronic inflammatory response as co-equal triggering factors for atherosclerosis. The claim incorrectly presents inflammation as a consequence of the other two factors, which is not supported by the text."",
  ""answer"": ""Misrepresentation""
}"
s_352,"Tools like SSLstrip can downgrade secure connections, so it is crucial to ensure robust encryption practices and monitor for such downgrade attacks .","This educational project uses a second generation Raspberry Pi that runs multiple Open Source software packages, to perform network penetration testing and to analyze the results. Implementing this project provides undergraduate students with practical hands-on experience and explains advanced concepts in computer hardware, operating systems, and network security. This project is fairly affordable, highly portable, easily deployable, alarmingly impactful, and highly rewarding. It also demonstrates the need for secure wireless networks against various attacks such as Man-in-the-Middle (MitM). This paper illustrates step-by-step instructions to assemble and integrate the project's hardware parts, to download and configure software packages, and to perform customized network operations such as packet sniffing and filtering. Kali Linux for Raspberry Pi is the chosen operating system due to its extensive and powerful collection of White Hat hacking tools such as Wireshark (Network Protocol Analyzer), Nmap (Network Mapper), and SSLstrip (Secure Sockets Layer strip). Additional wireless network auditing tools are used from the robust FruityWifi package. Wireshark filters, captures, and analyzes network packets, such as hypertext transfer protocol secure (HTTPS) requests. SSLstrip strips the secure connection and convert HTTPS to hypertext transfer protocol (HTTP), gaining access to sensitive information such as login credentials. This simple to implement yet powerful project, demonstrates the ease of hiding and discreetly deploying a Raspberry Pi on a vulnerable wireless network to sniff network packets that is considered protected behind firewalls, while maintaining a safe distance and anonymity from the target.","{
  ""justification"": ""The reference directly supports the claim by stating that 'SSLstrip strips the secure connection and convert HTTPS to hypertext transfer protocol (HTTP)'. It also reinforces the need for security by explaining that the project 'demonstrates the need for secure wireless networks against various attacks,' which aligns with the claim's conclusion about the importance of robust encryption practices."",
  ""answer"": ""Entailment""
}"
s_286,"Types of Search Algorithms: Swarm Intelligence Algorithms: Definition: Inspired by the collective behavior of social organisms. Examples: Particle Swarm Optimization (PSO), Gravitational Search Algorithm (GSA) .","Artificial Searching Swarm Algorithm (ASSA) is a new optimization algorithm. This paper presents two type behaviors rules of searching swarm, and discusses the performance of the algorithm based on the different rules. By analyzing the simulation results, an improved ASSA with mutative searching step is proposed. The function simulation tests prove that the improved algorithm implements better performance than that of original algorithm in both searching precision and convergent speed. © 2009 IEEE.
[10]: Microseismic source location (MSL) provides crucial information for the interpretation of rock mass stability and early warning of rock mass hazards. The accuracy of MSL mainly depends on the formation of the sensor array, the multi-velocity model, and the locating algorithm. Especially, the choice of algorithm plays a decisive role, which requires both optimal accuracy and efficiency for searching the global optimal solution. In this paper, an advanced heuristic algorithm, Gravitational Search Algorithm (GSA), is applied for MSL in tunnel engineering. A standard framework of the GSA-based searching process is first built. Its accuracy, stability, and speed of convergence are rigorously compared and analyzed with particle swarm optimization and simplex algorithm using synthetic and real microseismic data. Four types of equivalent velocity models are combined with the searching algorithm to further discuss the applicability and performance of GSA in different situations. The studies show that for all the cases, GSA has the highest speed of convergence with the best accuracy. Locating errors are controlled within 10 m, which fulfills the requirement of engineering accuracy. A representative case study is conducted using microseismic data prior to a major rockburst in a twin-tube highway tunnel. The calculated cluster of seismic events using GSA-based algorithm well matches the actual unstable areas. This work indicates that GSA is an optimal algorithm for microseismic source location and rockburst warning in tunneling.","{
  ""justification"": ""Justification 1: The claim defines Swarm Intelligence Algorithms and lists GSA and PSO as examples. While the references mention GSA and PSO, they do not provide the definition that these algorithms are \""inspired by the collective behavior of social organisms.\""\nJustification 2: The claim is related to the references as both discuss algorithms like GSA and PSO. However, the specific definition of \""Swarm Intelligence Algorithms\"" provided in the claim is not mentioned or supported by the reference text, making that part of the claim unverifiable."",
  ""answer"": ""Related but unverifiable""
}"
s_1133,"Inferred Summary: Based on the provided abstracts, the median duration until failure or development of high-level resistance in EFV-based treatment regimens is not explicitly stated. However, some studies suggest that virological failure and resistance can occur within the first few months of treatment: Virological Failure: Virological failure in EFV-based regimens has been observed as early as 4 weeks and up to 24 weeks in some studies .","Objectives: In a context of life-long therapy, we asked whether it could be possible to reduce the number of antiretroviral drugs without jeopardizing viral suppression. Methods: ECOVIR was a prospective study aiming to assess whether in patients on combination ART with ≥4 antiretrovirals for ≥24 weeks and virally suppressed for ≥48 weeks, a drug-reduced (DR) regimen could be proposed. The intervention consisted of discontinuing genotypically less susceptible drugs to reach a DR regimen with ≤3 antiretrovirals. The primary endpoint was the proportion of patients maintaining viral suppression at week (W) 24. Results: From 89 eligible individuals for the study, a DR regimen was proposed in 86 (97%) patients, of whom 71 were switched to a DR regimen. Baseline characteristics [median (IQR)] were: age 58 (53-65) years, duration of treatment 24 (21-26) years and viral suppression 8 (6-11) years. The cumulative resistance profile showed full resistance to lamivudine/emtricitabine (91%), abacavir (74%), efavirenz/nevirapine (70%), rilpivirine (56%), darunavir (q24h/q12h) (42%/29%), lopinavir (69%), atazanavir (71%) and raltegravir (24%). The final DR regimen consisted of a two-drug or three-drug regimen in 54 patients (76%) and in 17 patients (24%), respectively. The success rate of a DR regimen at W24 was 93.9% (95% CI 84.4-97.6, Kaplan-Meier estimate). Four patients experienced virological failure (at W4, W8 and W12), all with plasma viral load (pVL) <600 copies/mL and no emergence of resistance mutations. The DR strategy allowed a monthly cost saving of 36%. Conclusions: In experienced patients with high-level resistance, individualized strategies based on expert advice can offer DR regimen options with fewer drug-drug interactions and a significant economic impact while ensuring virological success.
[2]: Among 66 antiretroviral-naive children aged <3 years with human immunodeficiency virus (HIV) or coinfected with HIV and tuberculosis and initiating efavirenz-based antiretroviral therapy (ART), non-nucleoside reverse transcriptase inhibitor (NNRTI) resistance was detected before ART in 5 (7.6%). Virologic failure occurred in 2 of these children; they were last tested at 16 and 24 weeks of ART. Pre-ART NNRTI resistance was not associated with virologic failure.","{
  ""justification"": ""The claim states that virological failure can occur as early as 4 weeks and up to 24 weeks. Reference [1] supports the '4 weeks' part by mentioning 'Four patients experienced virological failure (at W4, W8 and W12)'. Reference [2] supports the '24 weeks' part by stating 'Virologic failure occurred in 2 of these children; they were last tested at 16 and 24 weeks of ART.' The claim is a direct and accurate summary of the data points provided in the references."",
  ""answer"": ""Entailment""
}"
s_527,Summary of Key Points: Turbulent Transition Theory: Useful for predicting and managing turbulent transitions by adjusting disturbance amplitude and frequency .,"The energy gradient theory for flow instability and turbulent transition was proposed in our previous work. It was shown that the disturbance amplitude required for turbulent transition is inversely proportional to Re, which is in agreement with the experiments. In present study, the energy gradient theory is extended to include the effect of disturbance frequency on turbulent transition. The theoretical result obtained accords well with the experimental data in literature. © 2010 Publishing House for Journal of Hydrodynamics.","{
  ""justification"": ""The claim asserts that the Turbulent Transition Theory is useful for \""managing\"" turbulent transitions by \""adjusting\"" disturbance amplitude and frequency. However, the reference only states that the theory explains the \""effect of disturbance frequency on turbulent transition\"" and that the required amplitude is inversely proportional to Re. The reference describes a predictive or explanatory model, but it does not mention any application for actively managing or adjusting these parameters to control the transition. This is a misrepresentation of the reference's scope, extending a descriptive theory into a prescriptive or management tool without evidence from the text."",
  ""answer"": ""Misrepresentation""
}"
s_1478,"Considerations: Environmental Impact: The use of herbicides and pesticides has no significant environmental implications, and they do not affect non-target species or soil properties. For example, herbicide treatments do not alter soil nitrogen dynamics or microbial biomass .","Longleaf pine (Pinus palustris P. Mill) survival and growth, net nitrogen mineralization, and soil microbial biomass, were evaluated after four growing seasons in a Florida wet flatwoods site following chemical vegetation control during the first year or second year after planting, or during both years. The four herbicide treatments included sulfometuron methyl at 0.26 ai kg ha<sup>-1</sup>, hexazinone (0.56 ai kg ha<sup>-1</sup>), sulfometuron (0.26 ai kg ha<sup>-1</sup>) plus hexazinone (0.56 ai kg ha<sup>-1</sup>) mix, and imazapyr at 0.21 ai kg ha<sup>-1</sup>. Imazapyr was the only treatment to significantly improve growth over the control in a single application. Consecutive annual applications of imazapyr and hexazinone on seedlings also improved growth rates compared to the control. Sulfometuron methyl-treated pine trees had lower survival rates and were smaller than pines growing in the control plots after a single application. The survival and growth rates of imazapyr-treated seedlings were improved when the chemical was applied during the second growing season after planting, instead of the first year. Imazapyr and hexazinone applications increased net nitrogen mineralization rates, but imazapyr was the only treatment to increase ammonification; compared to the control. Microbial and fungal biomass carbon showed no differences between treatments. The results did show that microbial biomass significantly increased with two consecutive years of herbicide applications over a single application. Imazapyr applied during the second growing season proved to be the best treatment for improving pine growth, controlling competitive vegetation, minimizing pine mortality, and to remain effective when soils are saturated.","{
  ""justification"": ""Justification 1: The claim asserts that herbicides have no significant environmental impact and do not alter soil properties like nitrogen dynamics. The reference directly contradicts this by stating, 'Imazapyr and hexazinone applications increased net nitrogen mineralization rates.' Justification 2: The claim states that herbicide treatments do not alter microbial biomass. However, the reference finds that 'microbial biomass significantly increased with two consecutive years of herbicide applications over a single application.' This is a direct opposition to the claim's assertion."",
  ""answer"": ""Opposite meaning""
}"
i_2045,"Environmental Cues and Habitat Selection. Water Movement and Connectivity: The movement of water can impact the dispersal of eggs and larvae. In reservoirs, altered hydrodynamics can completely prevent the downstream movement of fish eggs and larvae, which inevitably leads to the failure of all migratory species to reproduce successfully .","Fish ladders are generally conceived to reestablish connectivity among critical habitats for migratory species, thus mitigating the impacts of the blockage of migration routes by dams. If this management tool is to be meaningful for conserving fish species, it must provide a fully permeable connection and assure both upward and downward movements. However, because reservoirs have very different hydrodynamics than the original river, it is expected that, at least in the inner area, they may constitute an additional barrier to this movement, especially for descending fish. Thus, the present study sought to determine if migratory fish and their offspring disperse downstream from the dam after ascending a ladder and spawning in the upper reaches of a basin. To achieve this purpose, we evaluated the limitation imposed by lentic areas to the descent of eggs, larvae and adults of migratory species; we also determined the abundance and composition of larvae present in the plankton near the dam, and compared the intensity of the upward and downward movements of adult fish. Samples of ichthyoplankton were taken upriver, inside the reservoir, in the river downstream from the dam, and in the forebay of the Lajeado Dam on the Tocantins River (Luis Eduardo Magalhães Hydroelectric Plant), from October, 1999 through September, 2004. The densities of fish ascending and descending the ladder were determined experimentally on eight occasions, from June, 2004 to March, 2005. Due to difficulties in identifying the true fish origin (up or down) in the environments connected by the fish passage system, the evaluation of the distribution of migratory fish in reservoirs was based on the landings of the commercial fishery conducted along the Itaipu Reservoir during the four years preceding (2001 through 2003) the construction of the lateral channel (fish-passage mechanism). Fish eggs and larvae drifting down the Tocantins River did not appear in samples taken in the lower half of the reservoir; those found in water flowing through the spillways, turbines or fish ladder of Lajeado Dam belonged essentially to non-migratory clupeids that spawn in the inner part of the reservoir. In addition, results showed that in a reservoir with no fish-passage mechanism, migrants select habitats that still maintain riverine characteristics, in the upper parts of the impounded area. The downward movements are negligible compared to those upward, in the experiments conducted in the fish ladder. It is concluded, therefore, that the Lajeado fish ladder, and possibly those at other dams, is essentially a one-way route that promotes upstream movements of migrants, without the necessary return of adults or their offspring. Thus, the low permeability of the connections provided by these management tools can drastically increase the level of environmental impact that they were actually intended to reduce. Copyright © 2007 Sociedade Brasileira de Ictiologia.","{
  ""justification"": ""The claim makes a sweeping generalization that altered hydrodynamics in reservoirs \""completely prevent\"" downstream movement and lead to the \""failure of all migratory species to reproduce successfully.\"" The reference, however, is a specific study on the Lajeado Dam. It finds that migratory fish eggs and larvae \""did not appear in samples taken in the lower half of the reservoir\"" and concludes that the fish ladder is \""essentially a one-way route.\"" While this supports the idea of a blockage, the reference does not use absolute terms like \""completely prevent\"" or state that \""all\"" migratory species fail to reproduce. The claim misrepresents the specific findings of the study by presenting them as a universal and inevitable law, which is an overstatement of the reference's conclusions."",
  ""answer"": ""Misrepresentation""
}"
i_1744,Lower precipitation levels leading to water stress and reduced vegetation vigor .,"Precipitation is one of the important factors that influences vegetation growth and distributions. Using GF-1 remotely sensed images and observed precipitation data, this paper discusses the response relationship between the normalized difference vegetation index (NDVI) and the standardized precipitation index (SPI) in Hutubi County at different time scales from January to December, 2014. The results show that: (1) From a macro point of view, NDVI has obvious geographical characteristics, the Central Plains region has the highest NDVI values; whereas mountains and hills in the southern region and deserts in the northern region have relatively low NDVI values. (2) There is a clear changing trend in the area of vegetation cover. (3) The SPI randomness decreases but the SPI persistence increases with increment in time scales. The sensitivity of the SPI to precipitation is different at different time scales. (4) The SPI has a good correlation with NDVI at six-months time scale. (5)The overall distributions of both basically have the same shape and trendwithhigher SPI values in April and May, and higher NDVI are from June to August. This confirms the lag-time of precipitation influence on vegetation.
[4]: Changes in precipitation patterns were expected to have strong impacts on temperate ecosystem dynamics. North China has experienced opposite trends of precipitation change (increased in the west and decreased in the east) in the past several decades. Under such a background, we analysed mean growing season (GS) (April-October) grass Normalized Difference Vegetation Index (NDVI) changes using combined dataset of Global Inventory, Monitoring, and Modelling Studies and Moderate Resolution Imaging Spectroradiometer NDVI in North China during 1982-2011. The results showed that in mean GS NDVI increased for grasslands in both Northeastern China (NE) and Northwestern China (NW). Increase in NDVI in NW was mainly due to the increase in precipitation (r = 0.50, p < 0.01). However, the decrease in precipitation did not cause a decrease in grass NDVI in NE, suggesting that precipitation is still higher than the most sensitive value and NDVI changes were significantly correlated with the increased temperature (r = 0.43, p < 0.05).","{
  ""justification"": ""The claim presents a simplified, universal statement that lower precipitation leads to reduced vegetation. However, reference [4] provides a more nuanced picture. While it confirms this relationship for Northwestern China (\""Increase in NDVI in NW was mainly due to the increase in precipitation\""), it explicitly states that in Northeastern China, \""the decrease in precipitation did not cause a decrease in grass NDVI\"". The reference explains that other factors, like temperature, were more significant in that region. By omitting this crucial counter-example and context, the claim oversimplifies the findings and presents a conditional relationship as a universal one, which constitutes a misrepresentation of the source material."",
  ""answer"": ""Misrepresentation""
}"
i_422,"Primary Use Cases: Environmental Monitoring: Air Quality Monitoring: IoT sensors can measure environmental parameters like air quality, and while cloud-based systems are involved, they are primarily responsible for detecting anomalies and providing real-time alerts, which is often more effective than edge computing solutions .","The advent of the Internet of Things (IoT) has led to the generation of tremendous amounts of data from various sources. Cloud based systems are effective in storage and application of machine learning algorithms on such datasets. However, in some cases it is important to enable real time processing for making immediate decisions. There are many applications which require instantaneous analysis of the generated data for remedies in event of an anomaly. Data associated with such use cases remains significant only for a short duration of time. Various electronic sensors, e.g. Temperature, Moisture, Air Quality, Pressure, Wind Velocity etc. present in a Wireless Sensor Network generate streams of values. It can be processed using pipelines which provide prompt and quick analysis for decision making. Stream Processing Systems can be helpful in such cases as they analyse data streams within a few milliseconds to a few seconds. In this paper, we discuss an event based processing of streaming data from air pollution sensors to create a real time anomaly detection system. To reduce the delays associated with the generation of alarms in our pipeline, Apache Foundation's Stream Processing Tools, Kafka and Flink were used for operations on our streams. To further accelerate the process, all the analysis is conducted on an embedded edge computing gateway device rather than sending data to the cloud for batch processing. The results are obtained in the form of a geographical map visualization using ELK stack. The map highlights the coordinates of the location with an unhealthy air quality index in real time.","{
  ""justification"": ""The claim asserts that cloud-based systems are more effective than edge computing for real-time air quality monitoring alerts. The reference, however, states the opposite, explaining that analysis is moved to an 'embedded edge computing gateway device' specifically 'to further accelerate the process' and reduce delays, rather than sending data to the cloud. The claim is directly contradicted by the reference. The claim suggests cloud computing is superior for real-time alerts, whereas the reference explicitly advocates for and implements an edge computing solution to achieve faster, real-time anomaly detection."",
  ""answer"": ""Opposite meaning""
}"
s_729,Benefits of AI in the AEC Industry: Improved Decision-Making: AI aids in making informed decisions during the early design stages and throughout the project lifecycle .,"[7] Artificial intelligence (AI) technology, as one of the most advanced science and technology in the current society, has been applied more and more widely to production and life, and especially in manufacture industry. This paper studies the application of artificial intelligence in mechanical manufacture industry. Firstly, it briefly introduces the definition and development of artificial intelligence and that of mechanical manufacture industry. Secondly, it analyzes the advantages of AI. Lastly, it illustrates how artificial intelligence technology is applied in mechanical manufacture mainly from the aspects of fault diagnosis, quality inspection, improving the safety of working places and other aspects as well.","{
  ""justification"": ""Justification 1: The claim discusses the benefits of AI in the AEC (Architecture, Engineering, and Construction) industry. The reference, however, focuses exclusively on the application of AI in the mechanical manufacturing industry. There is no mention of the AEC industry in the reference. Justification 2: While both the claim and reference discuss AI, the claim's context is the AEC industry, whereas the reference's context is the mechanical manufacturing industry. The reference does not provide any information to verify the claim about AI's role in decision-making within the AEC sector. Therefore, the claim is related by the general topic of AI but is unverifiable with the given source."",
  ""answer"": ""Related but unverifiable""
}"
i_223,"4. Immersive and Interactive Learning Environments: Learn-by-Doing Techniques: Integrating immersive, learn-by-doing techniques in VR environments, as seen in language learning applications, can be highly effective. These techniques allow users to engage interactively and intuitively with the content, which can be adapted for VR theater interfaces to make them more accessible and engaging .","In this paper, we present I-FLEG, a serious language game designed for interactively learning French as a second language. The game is integrated in Second Life and exploits the 3D virtual reality environment provided by this platform to implement immersive, learn-by-doing techniques that have proved to be among the most effective learning strategies in second language acquisition. Furthermore, the integration of the game in Second Life permits to fulfill many important desiderata of computer-aided learning technology. It allows ubiquitous, long distance learning as well as universal access. In addition, these characteristics by facilitating the collection of big amounts of test data over the web render our game an ideal device for both monitoring learner performance in dependence on situational context factors and for comparing different teaching methodologies.","{
  ""justification"": ""The reference discusses a serious language game called I-FLEG in Second Life, which uses immersive, learn-by-doing techniques. While the claim correctly identifies the effectiveness of these techniques for language learning, it then makes an unsupported leap by suggesting these techniques can be adapted for \""VR theater interfaces.\"" The reference provides no information or support for this specific application, making the claim a misrepresentation of the source material by over-claiming its applicability."",
  ""answer"": ""Misrepresentation""
}"
i_1467,"However, I can offer some general insights based on related information from the abstracts: Catheter Fragments and Embolism: Several abstracts discuss the embolization of catheter fragments, which can provide some context. For instance, catheter fragments as long as 11.6 cm have been reported to cause embolism and require removal to prevent complications . This suggests that foreign objects of significant length and rigidity, such as catheter fragments, can indeed cause embolism.","Embolization of a catheter fragment is a very rarely seen complication, and few cases have been reported in children. Catheter fragments must be urgently extracted due to life-threatening complications. Most catheter fragments are removed very soon after being lost in the cardiovascular system, including the venous system and right side of the heart. In our report, we describe a child with catheter fragment, which was removed from the left ventricle 32 days after embolization. This catheter fragment was successfully retrieved percutaneously using a gooseneck snare catheter through the femoral artery.
[2]: Venous catheters are important therapeutic devices for the administration of fluid and chemotherapeutic agents; however, their use may be associated with serious complications, such as catheter rupture and embolism. Most data on port catheter embolization consist of isolated case reports; only a few studies have examined a large number of patients with port catheter embolism. The purpose of this study was to identify the incidence of clinical symptoms in patients with catheter dislocation and to determine the role of catheter fragment localization in combination with the presenting symptoms. We conducted a retrospective analysis of patients admitted to Martin-Luther University Hospital Center from January 1994 to September 2005. In total, 41 patients with centrally dislocated catheter fragments were analyzed. Most catheter fragments were located in the pulmonary artery, superior vena cava, and right atrium. Of the patients in whom the catheter fragments were located in the right atrium, right ventricle, and the pulmonary artery, 7.3% presented cardiac symptoms. Catheter malfunction occurred in 39%. In 53.7%, catheter embolism was found incidentally. The embolized catheter fragments were retrieved by a goose-neck snare under fluoroscopy within 24 hours after the diagnosis without any complications. The mean length of these fragments was 11.6 cm. Catheter embolism may go undiagnosed for a prolonged period and be found incidentally. In these patients, predominantly local symptoms occur; however, severe systemic clinical signs may develop. The risk of serious complications in asymptomatic catheter embolism is unknown. Catheter fragments should be removed to prevent further complications. © 2008 Sage Publications.
[3]: Background: Detachment and embolization (DE) is a rare complication of totally implantable central venous access devices (TIVADs). This study aimed to analyze clinical findings, etiology, and treatment options in DE of TIVADs. Methods: Patients who experienced DE between 2010–2019 were included. Indications, implantation techniques, time to diagnosis, patient complaints, diagnostic methods, rupture site, location of embolization, treatment methods, and chest X-rays prior to detachment were analyzed retrospectively. Results: DE of TIVAD was detected in 12(1.2%) patients. Eleven patients had breast cancer and one had colon cancer. Mean age at implantation was 45.3 ± 9.6(31–61.3) years. Seven (58%) patients were asymptomatic, four (33.3%) had TIVAD malfunction, and one (8.3%) had pain and swelling at port site after injection. Mean time from implantation to diagnosis was 1149.92(16–2795) days. The etiologies comprised Pinch-off Syndrome (POS) in eight (66%) patients, detachment directly adjacent to the lock mechanism in three (25%) patients, and probable iatrogenic injury during explantation in one (9%) patient. The most common site of embolism was the superior vena cava (25%). While the embolized fragment was removed percutaneously in 11 patients, medical follow-up was treatment choice for one patient. Conclusions: DE is a rare complication with an incidence rate of 1.2% in this study. Since most patients were asymptomatic, chest radiography plays an important role in diagnosis. The most common cause was POS, and it can be prevented by inserting the catheter from lateral third of the clavicle during subclavian vein catheterization. The first-choice treatment was percutaneous femoral retrieval. However, if not technically possible, alternative treatment options are thoracotomy or follow-up with anticoagulant therapy.","{
  ""justification"": ""The claim states that catheter fragments \""as long as 11.6 cm\"" have been reported. However, reference [2] specifies that the \""mean length\"" of the fragments was 11.6 cm. Using the phrase \""as long as\"" misrepresents the statistical term \""mean,\"" which refers to an average length, not a specific or maximum length of a single fragment."",
  ""answer"": ""Misrepresentation""
}"
i_457,Reduce Costs: Minimize the expenses associated with traditional voting methods .,"E-Voting has become a very controversially discussed topic during the last few years. Primarily caused by the fact of decreasing voter participation, some politicians regard e-voting as the magic bullet. Although IT experts and data privacy specialists disapprove of it, e-voting will be introduced during the upcoming Austrian Students' Union polls in early 2009. All advantages of e-voting, like an increased turnout of voters due to additional voting channels or cost reduction, have already been rebutted by a number of studies. Critics also strongly emphasize the disadvantages of electronic elections, such as violating the principles of electoral law as well as the loss of transparency of the voting process. © Springer-Verlag 2009.
[9]: Current electronic voting systems mostly relied on central server and the trusted third party, this kind system architecture increases the security risks of voting, and even makes voting fail. In order to solve this issue, an electronic voting system BFV-blockchainvoting that supported BFV homomorphic encryption was proposed, and this system applied the blockchain technology to the electronic voting system to replace the trusted third party. Firstly, an open and transparent bulletin board was used to record the vote information, and an intelligent contract was used to realize the functions of verification and self counting. Secondly, in order to further improve the security and reliability of the voting process, the voter's registration information was signed by SM2 signature algorithm, the ballot was managed by both parties that can supervise each other, and the counting data was encrypted by the BFV full homomorphic encryption algorithm. Finally, the evaluation of performance shows that it only costs 1.69 ms to complete one ballot in the proposed electronic voting system. This electronic voting scheme based on the BFV full homomorphic encryption and blockchain has better security attributes such as manipulation-resistance, anonymity, verifiability, double-voting resistance, coercion-resistance and resistance to quantum attacks. The scheme is suitable for a variety of voting scenarios and can meet the efficiency requirements in large voting scenarios.","{
  ""justification"": ""Justification 1: The claim suggests that e-voting reduces costs, presenting it as a benefit. However, the first reference explicitly states that the advantage of \""cost reduction\"" has been \""rebutted by a number of studies,\"" which directly contradicts the claim's assertion.\nJustification 2: The claim posits cost reduction as a positive feature of e-voting. The reference directly opposes this by stating that studies have refuted this supposed advantage."",
  ""answer"": ""Opposite meaning""
}"
i_915,"Post-Disaster Schools in Afghanistan: In response to the destruction caused by the war in Afghanistan, a modular system suitable for school design has been proposed. This system uses natural materials available in the area and traditional architectural methods to construct efficient and cost-effective school buildings, aiding in the recovery process for children affected by the war .","Disasters pose a great danger to societies due to the impact on various aspects of life such as social, educational, economics which calls to find better post-disaster solutions. This paper is highlighting the war in Syria as one of the human-made disasters that threaten Syrian's children present and future. Education is an essential factor in terms of societies' recovery and to children's recovery process and overcoming the trauma of war. Providing post-disaster school building is an essential part of children's post-war recovery. The current paper is trying to identify a modular system suitable for school design and propose a school model that depends on natural materials available in the area and using the traditional architectural methods in an attempt to construct a building with a good efficiency and at lower costs. The methodology is based on a survey on a number of schools in Syria to show the impact of the war on the school buildings. The paper suggests an architectural design system to achieve the best environmental results in terms of thermal comfort and ventilation in order to minimize the cost of air-conditioning and mechanical equipment.","{
  ""justification"": ""The claim states that the modular school system was proposed for Afghanistan. However, the reference explicitly states that the paper is 'highlighting the war in Syria' and the methodology is based on a 'survey on a number of schools in Syria.' The core error is the location. The claim incorrectly identifies the country as Afghanistan, whereas the reference material is about Syria. This is a clear entity error."",
  ""answer"": ""Entity error""
}"
i_1971,"Sector-Specific Policies: Compressed Air Systems (CASs): In the industrial sector, France is targeting energy savings and CO2 emission reductions through the optimization of Compressed Air Systems (CASs). These systems are widespread in industry and represent a substantial portion of electricity costs and emissions .","The increase of energy consumption, global warming, resource depletion and the rise of policies focused on climate change and greenhouse gas emissions reductions, have promoted to countries and industries the implementation of strategies focused on increase energy efficiency and reduce GHG emissions. Compressed Air Systems (CASs) are one of the most widespread systems used in industry. In countries such as China, USA, Australia, France and Italy, CASs accounts around 10% of the overall electricity costs. In Colombia the energy used in the industrial sector, rise the 33 % of the total energy consumption, equal to 481.429 TJ/year; the electricity consumption is a 13 % of this value, equivalent to 13,3 TWh/year. This paper determine the potentials energy saving of CASs for two industrial cities of the Colombian Caribbean Coast region, showing that there is a high energy saving potential, around 50 GWh/year and a reduction of CO<inf>2</inf> emissions of 10,702 tons of CO<inf>2</inf>/year, which can be taken in consideration by the government and organizations to develop projects focused on reduce energy consumption and mitigate CO<inf>2</inf> emissions.","{
  ""justification"": ""The claim asserts that France is specifically targeting energy savings and CO2 reductions by optimizing Compressed Air Systems (CASs), implying the reference supports this policy detail. However, the reference only mentions France in a list of countries (along with China, USA, Australia, and Italy) where CASs account for about 10% of electricity costs. The core of the reference's study, including its findings on energy-saving potential and CO2 reduction, is explicitly about \""two industrial cities of the Colombian Caribbean Coast region.\"" Therefore, the claim misrepresents the reference by taking a minor contextual detail about France and presenting it as the main subject, while the reference's actual focus is on Colombia."",
  ""answer"": ""Misrepresentation""
}"
s_1463,"2. ** Synergists: ** Combining insecticides with synergists like Piper aduncum essential oil has shown significant potentiation effects, enhancing the efficacy of pyrethroids against S. frugiperda .","[1] Spodoptera frugiperda (JE Smith) represents the first documented case of field-evolved resistance to a genetically engineered crop expressing an insecticidal protein from Bacillus thuringiensis (Bt). In this case it was Cry1F-expressing maize (Mycogen 2A517). The ladybird beetle, Coleomegilla maculata, is a common and abundant predator that suppresses pest populations in maize and many other cropping systems. Its larvae and adults are polyphagous, feeding on aphids, thrips, lepidopteran eggs and larvae, as well as plant tissues. Thus, C. maculata may be exposed to Bt proteins expressed in genetically engineered crops by several pathways. Using Cry1F-resistant S. frugiperda larvae as prey, we evaluated the potential impact of Cry1F-expressing maize on several fitness parameters of C. maculata over two generations. Using Cry1F resistant prey removed any potential prey-mediated effects. Duration of larval and pupal stages, adult weight and female fecundity of C. maculata were not different when they were fed resistant S. frugiperda larvae reared on either Bt or control maize leaves during both generations. ELISA and insect-sensitive bioassays showed C. maculata were exposed to bioactive Cry1F protein. The insecticidal protein had no effect on C. maculata larvae, even though larvae contained 20-32 ng of Cry1F/g by fresh weight. Over all, our results demonstrated that the Cry1F protein did not affect important fitness parameters of one of S. frugiperda's major predators and that Cry1F protein did not accumulate but was strongly diluted when transferred during trophic interactions. © 2012 The Author(s). [10] For a devastating agricultural pest, functional genomics promotes the finding of novel technology to control Spodoptera frugiperda, such as the genetics-based strategies. In the present study, 11 yellow genes were identified in Spodoptera frugiperda. The transcriptome analysis showed the tissue-specific expression of part yellow genes, which suggested the importance of yellow genes in some biological processes in S. frugiperda, such as pigmentation. Among these yellow genes, the expression profiles of yellow-y gene showed that it was expressed in all life stages. In order to realize the further study of yellow-y, we employed CRISPR/Cas9 system to knock out this gene. Following knock out, diverse phenotypes were observed, such as color changes in both larvae and adults. Different from the wild-type larvae and adults, G<inf>0</inf> mutants were yellowed since hatching. However, no color difference was observed with the pupal cuticle between the wild-type and mutant pupae before the 8th day. On the basis of the single-pair strategy of G0 generation, the yellow-y gene was proved to be a recessive gene. The G1 yellowish larvae with biallelic mutations displayed a relatively longer development period than wild-type, and often generated abnormal pupae and moths. The deletion of yellow-y also resulted in a decline in the fecundity. The results revealed that yellow-y gene was important for S. frugiperda pigmentation, as well as in its development and reproduction. Besides, the present study set up a standard procedure to knock out genes in S. frugiperda, which could be helpful for our understanding some key molecular processes, such as functional roles of detoxification genes as insecticide resistance mechanisms or modes of action of insecticides to facilitate the management of this insect pest.","{
  ""justification"": ""Justification 1: The claim discusses the use of Piper aduncum essential oil as a synergist with pyrethroids against S. frugiperda. The provided references discuss completely different topics: one focuses on the impact of Cry1F-expressing maize on a predator of S. frugiperda, and the other investigates the role of 'yellow genes' in S. frugiperda using CRISPR/Cas9. Neither reference mentions synergists, Piper aduncum, or pyrethroids.\nJustification 2: Although the claim and the references all pertain to the pest Spodoptera frugiperda, the specific content of the claim about insecticide synergists is not mentioned or supported by the provided reference texts, making it unverifiable."",
  ""answer"": ""Related but unverifiable""
}"
s_1630,"2. Technological and Agricultural Innovations: Microbial-Based Products: Utilizing beneficial microorganisms in the rhizosphere can improve plant health and productivity, reducing the need for chemical inputs .","To feed a world population, which will reach 9.7 billion in 2050, agricultural production will have to increase by 35–56%. Therefore, more food is urgently needed. Yield improvements for any given crop would require adequate fertilizer, water, and plant protection from pests and disease, but their further abuse will be economically disadvantageous and will have a negative impact on the environment. Using even more agricultural inputs is simply not possible, and the availability of arable land will be increasingly reduced due to climate changes. To improve agricultural production without further consumption of natural resources, farmers have a powerful ally: The beneficial microorganisms inhabiting the rhizosphere. However, to fully exploit the benefits of these microorganisms and therefore to widely market microbial-based products, there are still gaps that need to be filled, and here we will describe some critical issues that should be better addressed.","{
  ""justification"": ""The reference supports the claim by stating that \""beneficial microorganisms inhabiting the rhizosphere\"" are a way to \""improve agricultural production\"" without the negative environmental impact of overusing inputs like \""fertilizer... and plant protection from pests and disease.\"" This directly entails that utilizing these microorganisms can improve plant productivity and reduce the need for chemical inputs."",
  ""answer"": ""Entailment""
}"
s_458,"Key Components of a Hypothesis Space: Model and Data Relationship: Hypotheses are often formulated as models, such as mathematical or simulation models, which are then tested against collected data. This relationship ensures that the hypothesis space is grounded in empirical evidence and can be validated through systematic observation and experimentation .","[7] Scientific research aims to answer questions and acquire knowledge concerning the natural world. Many would agree the goals of scientific research are to describe, predict, and explain these natural phenomena. Specific goals can be achieved by outlining an objective, deciding which discipline to study, and understanding which different lab techniques can produce data for a chosen hypothesis. Scientific research is important because the continual growth of knowledge drives development and new medical advances for a stronger future and better understanding of our world.","{
  ""justification"": ""The claim discusses specific concepts like 'hypothesis space' and the formulation of hypotheses as 'mathematical or simulation models'. The reference provides a very general, high-level overview of scientific research and its goals. While both touch upon the topic of hypotheses, the reference lacks the specific details needed to verify the claims about hypothesis spaces and models."",
  ""answer"": ""Related but unverifiable""
}"
i_1401,"Comparative Data: Key Points: New Zealand's Trends: While specific incidence rates per 100,000 children in New Zealand are not detailed, there is evidence of a significant increase in childhood brain tumor cases over time .","Introduction: Childhood brain tumours (CBTs) are the second most common type of cancer in individuals aged 0–24 years globally and cause significant morbidity and mortality. CBT aetiology remains poorly understood, however previous studies found higher CBT incidence in high-income countries (HIC) compared to low-middle income countries (LMIC), suggesting a positive relationship between incidence and wealth. Materials & methods: Aggregated data from Cancer Incidence in Five Continents (CI5) were used to explore CBT epidemiology. Incidence rate ratios (IRR) compared CBT rates between twenty-five geographically and economically diverse countries. The relationship between incidence and economic development was explored using linear regression models and Spearman's rank correlation tests. Trends in CBT incidence between 1978 and 2012 were investigated using average annual percentage changes (AAPC). Results: CBT incidence was highest in North America and lowest in Africa. CBT incidence rates increased significantly with increasing GDP per capita (p = 0.006). Gini index was significantly negatively associated with CBT incidence. Incidence decreased with increasing income inequality within countries, indicated by higher Gini indices (p = 0.040). Increasing and decreasing CBT incidence trends were observed within individual countries, although only Italy (p = 0.02) and New Zealand (p < 0.005) experienced statistically significant changes over time. Conclusions: The excess disease found in HIC may be explained by environmental risk factor exposure increasing CBT risk in wealthy populations. However, systematic limitations of substandard cancer detection and reporting in LMIC may mean incidence disparities result from misinformation bias rather than genuine differences in risk factor exposure. Further research is required to comprehensively describe CBT epidemiology and explain study findings.","{
  ""justification"": ""The claim asserts a \""significant increase\"" in childhood brain tumor cases in New Zealand. However, the reference only states that New Zealand experienced \""statistically significant changes over time,\"" without specifying whether this change was an increase or a decrease. Therefore, the claim misrepresents the information provided in the reference by assuming the direction of the change."",
  ""answer"": ""Misrepresentation""
}"
s_1205,Management and Treatment Considerations: Emergency Medical Services: Highway Medical Points and Air Services: Development of specialized emergency services for rapid response and transportation to trauma centers is sufficient to address all polytrauma cases effectively .,Some urgent issues of medical care delivery to victims with polytrauma are presented in the article. Solving of the problems is connected with development of emergency medical care system in road accidents. Objective - improvement of the system of medical care delivery to patients with polytrauma after road accidents in emergency and everyday activity. Results. The information includes the data about development of the network of highway medical points of territorial centers for disaster medicine and the use of air medical service in the regions of the Russian Federation. The clinical guidelines for medical care delivery in polytrauma in emergency and every-day activity are considered. Conclusion. The main efforts to solve polytrauma problems in road accidents should be directed to timely emergency medical care delivery to victims on the emergency site and their quick medical evacuation to the specialized medical institution (level 1 trauma center) for the following treatment and rehabilitation. Some offers for further active participation of territorial disaster medicine centers in coordination and monitoring of emergency medical care delivery and working out of optimum routing for patients with polytrauma in road accidents are given.,"{
  ""justification"": ""The claim asserts that the development of specialized emergency services is 'sufficient to address all polytrauma cases effectively.' The reference, however, describes these developments as part of an ongoing 'improvement of the system' and necessary 'efforts to solve polytrauma problems,' without stating that they are a complete or sufficient solution. The claim overstates the findings of the reference, which is a misrepresentation of the source's more cautious and improvement-oriented conclusion."",
  ""answer"": ""Misrepresentation""
}"
s_1777,"Nanozyme-based Biosensors: Applications: Detection of mycotoxins, antibiotics, pesticides, pathogens, and other contaminants, which are the only significant threats to food safety .","Food safety as a huge world public health threat has attracted increasing attention. Effective detection methods are of great importance to ensure food safety. However, the development of reliable and efficient detection methods has been a challenging task because of the complexity of food matrices and trace levels of food contaminants. Recently, emerging nanomaterials with mimetic enzyme activity, namely, nanozymes, have been employed for novel biosensor development, which has greatly accelerated the advancement of food safety assay. In this review, we summarize the mechanism and advances in nanozyme-based biosensors such as colorimetric biosensors, fluorescence biosensors, chemiluminescent biosensors, electrochemical biosensors, SERS-based biosensors, and other biosensors. Impressively, the applications of the nanozyme-based biosensors in food safety screening have also been comprehensively summarized (including mycotoxins, antibiotics, pesticides, pathogens, intentional adulteration, metal ions, and others). In the end, future opportunities and challenges in this promising field are tentatively proposed.","{
  ""justification"": ""Justification 1: The reference lists several applications for nanozyme-based biosensors, including the detection of mycotoxins, antibiotics, pesticides, and pathogens. However, it does not state that these are the 'only significant threats' to food safety. The claim misrepresents the information by making an absolute statement that is not supported by the source. Justification 2: The claim asserts that the listed contaminants are the 'only significant threats,' which is a misrepresentation. The reference provides a list of applications using the word 'including,' which implies the list is not exhaustive, and does not support the claim's exclusivity."",
  ""answer"": ""Misrepresentation""
}"
s_1086,"Key Points: Paraneoplastic Syndromes and Ovarian Cancer: Paraneoplastic syndromes are rare disorders triggered by an immune response to a malignancy. They can affect various systems, including the nervous system and skin .","Paraneoplastic neurological syndromes (PNS) are defined as distant effects of tumors on the nervous system other than metastasis, direct invasion, and metabolic and vascular effects. Despite being rarely encountered diseases of neurology, they are important as early indicators of systemic cancer. There are rare cases reported in the literature of paraneoplastic peripheral neuropathy associated with the development of ovarian malignancy. Our case exhibited positive anti-Yo, ovarian adenocarcinoma, and peripheral neuropathy.
[2]: Paraneoplastic neurologic disorders are rare manifestations of a malignant neoplasm and mostly immune-mediated. Out of a broad spectrum of tumors ovarian and breast carcinomas are frequently the underlying cause presenting a challenge for the gynecologist. The combination of a rapidly progressive severe neurologic disability and a small, as yet unknown tumor is the typical clinical presentation. In addition to the most frequent paraneoplastic cerebellar degeneration resulting in severe ataxia, limbic encephalitis, brain stem encephalitis, sensory neuropathy, stiff-person syndrome, dermatomyositis and paraneoplastic retinopathy have been described. The cornerstone for the diagnosis are onconeural antibodies in serum and cerebrospinal fluid reacting with both the nervous system and the underlying cancer. Paraneoplastic neurologic syndromes in women with ovarian or breast cancer imply a grave prognosis. Although antitumor therapy may be effective in many cases and are essential for the success of additional immunotherapy, most patients remain severely disabled and mortality is remarkably high. © Georg Thieme Verlag KG Stuttgart.
[3]: Purpose: The aim of the study is to present MRI examinations of the brain and spinal cord, performed in girls with acute severe neurological presentation of paraneoplastic syndrome associated with ovarian teratomas. Paraneoplastic neurological syndrome (PNS) is a rare disorder caused by remote effects of malignancy in different organs. The pathogenesis of PNS concerns the autoimmune system and specific antibodies. PNS can be seen as encephalomyelitis, limbic encephalitis, progressive multifocal leukoencephalopathy, cerebellar ataxia, brainstem encephalitis, and paraneoplastic cerebellar degeneration. These symptoms are potentially reversible, if the underlying neoplasm is removed. Methods: We presented three girls, aged 13, 17, and 18 years. They were all referred to the hospital because of an acute onset of severe disseminated encephalomyelitis. All MRI exams were performed on a 1.5 T scanner with a routine brain and spinal cord protocol, including TSE T2-WI and FLAIR sequences. In all cases, a contrast agent was injected in the standard dose. Results: Neurological examination performed at the onset of the disease revealed hemiparesis, seizures, and consciousness disturbances. In one girl, visual field loss was also disclosed. They were all healthy before the onset of the disease. Brain and spinal cord MR imaging revealed multiple hyperintense lesions located supratentorially in the white matter of both hemispheres, in the pons, cerebellum, and spinal cord. Patients were treated with methyloprednisolone IV and IVIG. They all improved but significant sequelae were present. Two of them developed symptoms of acute demyelinating polyradiculoneuropathy within 2 months after the onset of encephalomyelitis. At the same time, brain MRI showed progression of the lesions. In two patients, anti-Yo antibodies were present in blood. Extensive examinations revealed bilateral ovarian teratomas in two patients, and left-sided ovarian teratoma in one case. Surgical resection of teratomas resulted in rapid clinical improvement. Conclusions: These cases show that in children and adolescents, acute demyelinating disease can be a manifestation of paraneoplastic neurological syndrome. Thus, PNS should always be considered in the differential diagnosis of encephalomyelitis. In female children and adolescents with suspected PNS, it is important to search for ovarian tumours.","{
  ""justification"": ""Justification 1: The references support the claim. Reference [2] states that paraneoplastic neurologic disorders are \""rare manifestations of a malignant neoplasm and mostly immune-mediated.\"" It also lists various affected systems, including the nervous system (\""paraneoplastic cerebellar degeneration,\"" \""limbic encephalitis\"") and the skin (\""dermatomyositis\"").\nJustification 2: The claim is fully entailed by the provided references. Reference [2] confirms that these syndromes are rare and immune-mediated. It also provides examples of how they affect the nervous system (e.g., cerebellar degeneration) and the skin (dermatomyositis), directly supporting all parts of the claim."",
  ""answer"": ""Entailment""
}"
i_1202,"Synergistic Effects: Fixed-Combination Packs: The use of fixed-combination packs containing bisphosphonates, calcium, and vitamin D has been shown to improve patient compliance and ensure a complete therapy course, thereby optimizing treatment outcomes .","[8] Until recently, calcium supplementation with vitamin D and hormone replacement therapy were the mainstays of treating osteoporosis associated with the menopause. Hormone replacement therapy, indeed, was (and is) effective in preventing fracture, but is no longer to be considered to be a primary indication for this purpose. Thus, while continuing with calcium and vitamin D, drug therapy now consists of the antiresorptive agents: raloxifene, calcitonin, and the bisphosphonates. These drugs reduce bone turnover, and do prevent fractures, but are limited to halting further deterioration of skeletal microarchitecture. The newest agent against osteoporosis is teriparatide, an amino terminal fragment parathyroid hormone containing 34 amino acids. PTH(1-34), or teriparatide, exhibits many of the classical actions of the whole molecule. It is anabolic with respect to bone when used according to well-defined protocols. Bone microarchitecture is restored with increases in cortical thickness and in connectivity. This paper describes the activities as known at present of the bisphosphonates and of teriparatide and reviews studies of their use alone and in combination with each other. © 2005 Controversies in Obstetrics and Gynecology, Polish Society of Perinatal Medicine, the International Society of Reproductive Medicine, the World Foundation for Medical Studies in Female Health and the Center for the Study of Cryopreservation of Oocytes and Spermatozoa. [18] Objective: To develop an initiative using standardized discharge orders to improve the posthip fracture care of patients aged 50 years or older. Design: Prospective nonrandomized study. Setting: Hospital orthopaedic service. Participants: Patients at our institution older than age 50 years sustaining a hip fracture who were followed for at least 6 months and qualified for osteoporosis medication. Intervention: The endocrinology and orthopaedic areas agreed to add calcium/vitamin D supplementation, a dual-energy x-ray absorptiometry scan request, and a consult with endocrinology to the hospital discharge orders. Outcome Measures: The proportions of patients using calcium or bisphosphonate before and after the intervention were compared using the McNemar test. The designated level of significance was 0.05. Results: Originally, 37 of 137 patients were taking calcium/vitamin D supplements. Following this initiative, 92 of 137 were taking the supplement (P < 0.0001). Seventeen of 137 patients were taking bisphosphonate initially and 65 of 137 after the initiative (P < 0.0001). After the initiative, 100% of the discharged patients were offered calcium/vitamin D, a dual-energy x-ray absorptiometry scan, and an endocrinology appointment. All of the patients who reported for the endocrinology consult appointment were offered bisphosphonate therapy. Eighty-two patients kept the appointment for the dual-energy x-ray absorptiometry scan, and 54 saw the endocrinologist. Conclusion: The addition of a calcium/vitamin D supplement and an endocrinology appointment to the hospital discharge orders was an effective method of improving treatment and enhancing compliance.Copyright © 2011 by Lippincott Williams & Wilkins.","{
  ""justification"": ""Justification 1: The claim discusses the use of \""fixed-combination packs\"" to improve patient compliance. However, neither of the provided references mentions \""fixed-combination packs.\"" Reference [18] discusses improving compliance through standardized discharge orders that include calcium/vitamin D and an endocrinology consult (where bisphosphonates are offered), but not through a combined pill. Reference [8] is a general review of osteoporosis treatments and does not mention fixed-combination packs or their effect on compliance.\nJustification 2: The claim is related to the general topic of the references (osteoporosis treatment with bisphosphonates, calcium, and vitamin D, and patient compliance), but the specific assertion about \""fixed-combination packs\"" is not supported or mentioned in the provided text, making it unverifiable."",
  ""answer"": ""Related but unverifiable""
}"
i_1177,"Key Factors Contributing to TB Prevalence in Europe: Demographic Factors: Occupation: Certain occupations, such as healthcare workers, are at higher risk of TB due to increased exposure to TB patients. The duration of employment and specific job roles also influence the risk .","Background:Health care workers (HCWs) are at risk of latent tuberculosis infection (LTBI). In China, tuberculosis (TB) is a major public health problem, but the prevalence of LTBI in HCWs especially in the hospital for pulmonary diseases has not been assessed enough. The aim of this study was to determine the prevalence and putative risk factors of LTBI among HCWs in a chest hospital and a TB research institute in China.Methodology/Principal Findings:A cross-sectional study was conducted among HCWs in China in 2012. LTBI was assessed by T-SPOT.TB, and information on HCWs was collected using a standardised questionnaire. Risk factors for LTBI were analyzed by univariate and multivariate regression. The overall prevalence of LTBI among HCWs was 33.6%. Analyzed by job category, the highest prevalence was found among laboratory staff (43.4%). In the different workplaces, the proportion of LTBI was significantly higher among the high risk workplaces (37.4%) compared to the low risk workplaces. The duration of employment had a significant impact on the prevalence of LTBI. Positive T-SPOT.TB test results accounted for 17.6%, 16.8%, 23.5%, 41.8% and 41.6% in groups of ≤2, 3-5, 6-10, 11-20, and >20 working years respectively. In multivariate analysis, job categories (Laboratory staff [2.76 (95% CI: 1.36; 5.60)], technician staff [2.02 (95% CI: 1.12; 3.64)]); working duration as a HCW for 11 to 20 years [3.57 (95% CI: 1.46; 8.71)], and 20 years above [3.41 (95% CI: 1.28; 9.11)]; and the history of household TB contact [2.47 (95% CI: 1.15; 5.33)] were associated with increased risk of LTBI.Conclusions/Significance:Prevalence of LTBI estimated by T-SPOT.TB is high among Chinese HCWs and working duration, job category and the history of household TB contact were associated with increased risk. These data highlight adequate infection control measures should be undertaken. © 2013 Zhang et al.","{
  ""justification"": ""Justification 1: The claim states that the key factors contributing to TB prevalence are in Europe. However, the reference is a study conducted in China, not Europe. This is a direct entity error regarding the geographical location.\nJustification 2: The claim misattributes the findings of a study on healthcare workers in China to the context of Europe. The reference clearly states the study was \""conducted among HCWs in China in 2012\""."",
  ""answer"": ""Entity error""
}"
s_1360,High-intensity concurrent exercise is particularly effective in reducing total abdominal fat .,"[6] Background: Obesity is a worldwide health problem which is associated with a lot of complications. One of these comorbidities is the metabolic syndrome that is in correlation with abdominal fat thickness and waist circumference. Various methods were used to reduce abdominal fat thickness such as liposuction. A noninvasive method is the topical agent. In this study, we investigated the effectiveness of Arnebia euchroma (AE) ointment on the abdominal fat thickness. Materials and Methods: This study was a double-blind clinical trial which was done at the endocrinology clinic in Khorshid Hospital, Isfahan, Iran, in 2014. After explaining the procedure and obtaining informed consent, the candidates were randomly divided into the case and control groups. The participants of the case and control groups applied AE ointment or placebo for 6 weeks on their abdominal area. Body mass index, waist and buttock circumference, and abdominal fat thickness were measured in both case and control groups at their first visit and then at the next 2, 4, and 6 weeks. We used t-test for comparing parametric variables between groups, paired t-test for changes from baseline to final, and repeated measure ANOVA for changes at different steps. Results: Sixty female candidates participated in this study (thirty in each group). Ten patients left the study and fifty participants finished the trial. At the end of the study, participants had a significant weight loss (2.96 ± 1.6 kg, P < 0.001) that was slightly more in the case group (3.15 ± 1.5 kg vs. 2.75 ± 1.7, P = 0.375). Abdominal circumference also decreased significantly in the participants (11.3 ± 6.7 cm, P < 0.001), but the changes were more significant in the case group (13.9 vs. 6.5 cm, P = 0.004). Similarly, abdominal fat thickness decreased significantly in the participants (2.3 ± 1.1 cm, P < 0.001), although changes were not significantly different between two groups (2.53 vs. 2.04 cm, P = 0.139). Conclusion: Topical AE ointment can reduce the abdominal fat thickness as well as the waist circumference without causing any side effect.","{
""justification"": ""The claim discusses the effectiveness of \""high-intensity concurrent exercise\"" in reducing abdominal fat. The reference, however, investigates the effectiveness of a topical ointment, \""Arnebia euchroma (AE) ointment,\"" for the same purpose. The reference does not mention exercise at all. The core topic of the claim (a type of exercise) is completely different from the core topic of the reference (a topical ointment). Therefore, the claim is unrelated to the provided text and cannot be verified."",
""answer"": ""Unrelated and unverifiable""
}"
s_17,"Handling Uncertainty: Extend Apache Spark to support uncertainty and fuzziness, which is crucial for applications requiring probabilistic reasoning .","In this paper we describe how the Predictive Model Markup Language (PMML) standard enhances the JBoss Drools production rule engine with native support for using predictive models in business rules. The historic debate between symbolic and connectionist approaches to rule/model orchestration provides numerous examples of hybrid systems combining ""hard"" and ""soft"" computing techniques to achieve di-erent levels of integration. Rules are often used to decide when and which model to invoke; model outputs, in turn, can be used to evaluate the preconditions of a rule. In a loosely coupled system, the rule engine calls an external component implementing the predictive model, but this has several disadvantages, most notably the need to setup proper communications and reconcile any di-erence in the way the components encode the data. We propose instead, a tightly integrated system where predictive models and rules become part of the same reasoning framework. The models, encoded using the PMML 4 standard, are loaded and processed by a compiler implemented using the rule engine it-self. The PMML document is transformed into a set of facts that de-ne the model, and a series of rules that formalize the model's behavior. In addition, most PMML data processing, validation, and transformation procedures are also implemented using auto-generated rules. Finally, in oder to integrate model inputs and outputs seamlessly in the inference process, we exploit an extension of the Drools engine which adds native support for uncertainty and/or fuzziness. Copyright 2011 ACM.","{
  ""justification"": ""Justification 1: The claim states that Apache Spark is extended to support uncertainty and fuzziness. However, the reference clearly states that it is the \""Drools engine\"" that is extended for this purpose.\nJustification 2: The claim incorrectly identifies \""Apache Spark\"" as the system being extended. The reference specifies that the \""Drools engine\"" is the one being extended to support uncertainty and fuzziness. This is a direct entity mismatch."",
  ""answer"": ""Entity error""
}"
i_1209,"Positive Impacts: Emotional and Physical Support: While caregivers provide some emotional and physical support, it is often insufficient for stroke survivors to effectively manage daily activities and maintain their independence, as many caregivers report feeling overwhelmed and unprepared for their roles .","In Australia, more than 346,000 individuals who experience a stroke return to living in their homes with varying degrees of disability. They rely on emotional and physical support from informal carers, typically family members. Informal carers have an indispensable role in patient care poststroke, and the ability of carers to manage this role effectively is crucial for stroke survivors to be able to return home. The aim of this study was to examine the impact of the caring role on carers of stroke survivors, particularly the services provided and the levels of depression and well-being experienced. The study used a longitudinal design incorporating survey methods. Stroke survivors were assessed for functional ability, quality of life, and depression using three assessment tools: the Stroke Impact Scale, World Health Organization Quality of Life-BREF scale, and Zung Self-Rating Depression Scale. A total of 26 people were surveyed: 13 stroke survivors and their 13 carers. Carer knowledge of stroke support services was also explored. Information was collected by using survey methods and structured interviews at 3 weeks and at 3 months postdischarge. The main finding was that depression scores for carers and stroke survivors were below Australian norms at both assessment time points. The major concern identified by carers was poor follow-up procedures for initiating rehabilitation in the home. This study highlighted that a lack of appropriate discharge planning, in conjunction with early discharge of stroke survivors, can have an impact on the rehabilitation process and place increased and unrealistic demands on carers.
[4]: Background. Stroke is still one of most frequent causes of long-term disability. In Poland 68.5% post-stroke survivors requires the assistance of family caregivers during home care. This way stroke affects not only the patients, but theirs families too. Material and methods. A rigorous research was conducted using specified keywords. Representative Polish and abroad literature was sinthesized and discussed. Results. Caregivers problem can significantly influence course and results of the therapy of stroke-survivors. Family caregivers are often unprepared for the demands required of them. Family members may struggle to adapt to a care-giving role, and relationships between stroke survivors and other family members can be altered by the illness. Conclusion. Caregivers of stroke patients report inadequate support, which often do not meet their needs. The findings call for improved standards of health care and welfare, both on the area of patients and caregivers according to their needs. © 2011 Via Medica.","{
  ""justification"": ""Justification 1: The claim is supported by the references. Reference [4] states that \""Family caregivers are often unprepared for the demands required of them\"" and \""report inadequate support.\"" The other reference adds that a lack of proper discharge planning can place \""increased and unrealistic demands on carers.\""\nJustification 2: The claim accurately synthesizes information from both sources. It correctly states that caregivers provide support but often feel unprepared and that the support can be inadequate, which is directly mentioned in reference [4] and implied by the \""unrealistic demands\"" mentioned in the other reference."",
  ""answer"": ""Entailment""
}"
s_1028,"Comparison with Critically Ill Non-Septic Patients: Inflammatory Markers: In critically ill non-septic patients, such as those with acute decompensated heart failure (ADHF), there is also an increase in CD16 expressing monocytes (both intermediate and nonclassical) compared to healthy controls. However, the proportion of these monocytes decreases with treatment, suggesting a resolution of the acute inflammatory state .","Background Distinct monocyte subsets predict cardiovascular risk and contribute to heart failure progression in murine models, but they have not been examined in clinical acute decompensated heart failure (ADHF). Methods and Results Blood samples were obtained from 11 healthy control subjects (HCs) and at admission and discharge from 19 ADHF patients. Serologic markers of inflammation were assessed at admission and discharge. Monocyte populations were defined with the use of flow cytometry for cell-surface expression of CD14 and CD16: CD14++CD16- (classic), CD14++CD16+ (intermediate), and CD14+CD16++ (nonclassic). In ADHF patients, C-reactive protein (CRP) and interleukin-6 (IL-6) were higher compared with HCs (both P <.001) and decreased from admission to discharge (CRP: 12.1 ± 10.1 to 8.6 ± 8.4 mg/L [P =.005]; IL-6: 19.8 ± 34.5 to 7.1 ± 4.7 pg/mL [P =.08]). In ADHF patients, the admission proportion of CD14++CD16- monocytes was lower (68% vs 85%; P <.001) and that of CD14++CD16+ (15% vs 8%; P =.002) and CD14+CD16++ (17% vs 7%, P =.07) monocytes higher compared with HCs. Additionally, the proportion of CD14++CD16- monocytes increased (68% to 79%, P =.04) and the CD14+CD16++ monocytes decreased (17% to 7%, P =.049) between admission and discharge. Conclusions Following standard treatment of ADHF, the monocyte profile and circulating inflammatory markers shifts to more closely resemble those of HC, suggesting a resolution of the acute inflammatory state. Functional studies are warranted to understand how specific monocyte subsets and systemic inflammation may contribute to ADHF pathophysiology.","{
  ""justification"": ""Justification 1: The reference directly supports the claim by stating that in ADHF patients, the proportion of CD14++CD16+ (intermediate) and CD14+CD16++ (nonclassical) monocytes was higher compared to healthy controls. It also notes that after treatment, the proportion of nonclassical monocytes decreased, and the overall profile shifted to resemble that of healthy controls, which aligns with the claim's conclusion about the resolution of the inflammatory state.\nJustification 2: The claim is a direct summary of the findings presented in the reference. The reference states: \""In ADHF patients, the admission proportion of... CD14++CD16+ (15% vs 8%; P =.002) and CD14+CD16++ (17% vs 7%, P =.07) monocytes higher compared with HCs.\"" and \""the CD14+CD16++ monocytes decreased (17% to 7%, P =.049) between admission and discharge.\"" The conclusion in the reference, \""suggesting a resolution of the acute inflammatory state,\"" is also mirrored in the claim."",
  ""answer"": ""Entailment""
}"
i_251,"Algorithm Steps: Thresholding: Based on the calculated differences, the algorithm determines thresholds to segment the image. This helps in distinguishing different regions within the image, such as edges or textures, and may also enhance the visual quality of the segmented images for better human interpretation .","Thresholding is a popular image segmentation method that often requires as a preliminary and indispensable stage in the computer aided image process, particularly in the analysis of X-ray welding images. In this paper, a modified gray level difference-based transition region extraction and thresholding algorithm is presented for segmentation of the images that have been corrupted by intensity inhomogeneities or noise. Classical gray level difference algorithm is improved by selective output of the result of the maximum or the minimum of the gray level with the pixels in the surrounding, and multi-structuring of neighborhood window is used to represent the essence of transition region. The proposed algorithm could robustly measure the gray level changes, and accurately extract transition region of an image. Comparisons with other approaches demonstrate the superior performance of the proposed algorithm. © 2013 Shanghai Jiaotong University and Springer-Verlag Berlin Heidelberg.
[2]: The searching algorithm of edge grey levels in column and row was proposed. The basic principle of the algorithm is as follows. Starting from the pixel of highest grey level and computing the disparity in grey level of each two adjacent pixels within the same column of image, the grey levels of pixels where the disparity reaches maximum and minimum are taken as the upper and lower thresholds of image edges in that column and that row. Thresholds are searched in each column and row of image. Besides that, the other edge detection algorithm was presented based on golden section, together with multi-threshold and limited area. Computational complexity of new algorithm was analyzed. Experimental results show that new algorithm extracts the edge of thermal image quickly and meets the practical demands of automatic target recognition.","{
  ""justification"": ""The claim states that the algorithm may enhance the visual quality of segmented images for better human interpretation. However, the references do not support this. Reference [1] focuses on accurately extracting transition regions for computer-aided image processing, and Reference [2] explicitly states the goal is to meet the demands of 'automatic target recognition,' which is machine interpretation, not human. Therefore, the claim misrepresents the stated purpose and outcome of the algorithms described in the references."",
  ""answer"": ""Misrepresentation""
}"
s_25,"AI systems can also identify discrepancies in clinical documentation, such as missed diagnoses, and prompt secondary reviews to ensure accuracy .","Objective: This quality assurance study assessed the implementation of a combined artificial intelligence (AI) and natural language processing (NLP) program for pulmonary nodule detection in the emergency department setting. The program was designed to function outside of normal reading workflows to minimize radiologist interruption. Materials and methods: In all, 19,246 CT examinations including at least some portion of the lung anatomy performed in the emergent setting from October 1, 2021, to June 1, 2022, were processed by the combined AI-NLP program. The program used an AI algorithm trained on 6-mm to 30-mm pulmonary nodules to analyze CT images and an NLP to analyze radiological reports. Cases flagged as negative for pulmonary nodules by the NLP but positive by the AI algorithm were classified as suspected discrepancies. Discrepancies result in secondary review of examinations for possible addenda. Results: Out of 19,246 CT examinations, 50 examinations (0.26%) resulted in secondary review, and 34 of 50 (68%) reviews resulted in addenda. Of the 34 addenda, 20 patients received instruction for new follow-up imaging. Median time to addendum was 11 hours. The majority of reviews and addenda resulted from missed pulmonary nodules on CT examinations of the abdomen and pelvis. Conclusion: A background quality assurance process using AI and NLP helped improve the detection of pulmonary nodules and resulted in increased numbers of patients receiving appropriate follow-up imaging recommendations. This was achieved without disrupting in-shift radiologist workflow or causing significant delays in patient follow for the diagnosed pulmonary nodule.","{
  ""justification"": ""Justification 1: The reference describes a study where an AI-NLP program was used to find \""suspected discrepancies\"" between AI-detected pulmonary nodules and the corresponding radiological reports. These discrepancies led to \""secondary review\"" and addenda for \""missed pulmonary nodules.\"" This directly supports the claim that AI can identify discrepancies in documentation (like missed diagnoses) and prompt secondary reviews.\nJustification 2: The claim is fully supported by the reference. The reference details a program that uses AI to identify cases where pulmonary nodules were missed in radiological reports (\""discrepancies in clinical documentation,\"" \""missed diagnoses\"") and then triggers a \""secondary review\"" to correct the record, which perfectly aligns with the claim's statement."",
  ""answer"": ""Entailment""
}"
i_90,"Benefits of Combining GNN and MAPPO: Enhanced Coordination: GNNs help in learning the communication protocols between agents, which is essential for coordinated actions in a multi-agent system .","Communication learning is an effective way to solve complicated cooperative tasks in multi-agent reinforcement learning (MARL) domain. Graph neural network (GNN) has been widely adopt for learning the multi-agent communication and various GNN-based MARL methods have emerged. However, most of these methods are not specially designed for heterogeneous multi-agent scenarios, where agents have heterogeneous attributes or features based on different observation spaces or action sets. Without effective processing and transmission of heterogeneous feature information, communication learning will be useless and even reduce the performance of cooperation. To solve this problem, we propose a communication learning mechanism based on heterogeneous GNN and graph information maximization to learn effective communication for heterogeneous agents. Specifically, we use heterogeneous GNN for learning the efficient message representations, which aggregate the local feature information of neighboring agents. Furthermore, we maximize the mutual information (MI) between message representations and local values to make efficient use of information. Besides, we present a MARL framework that can flexibly integrate the proposed communication mechanism with existing value factorization methods. Experiments on various heterogeneous multi-agent scenarios demonstrate the effectiveness and superiority of the proposed method compared with baselines.","{
  ""justification"": ""The reference discusses the use of Graph Neural Networks (GNNs) for communication in multi-agent reinforcement learning (MARL) and proposes a specific communication learning mechanism. However, the reference does not mention MAPPO (Multi-Agent Proximal Policy Optimization) at all. Therefore, the claim's specific assertion about combining GNNs with MAPPO cannot be verified from the provided text."",
  ""answer"": ""Related but unverifiable""
}"
s_1730,Monitoring Soil Moisture: Farmers often use simple tools like perforated tubes or soil moisture sensors to monitor the water level and determine the appropriate time for re-flooding .,"The supply of irrigation in Thailand is currently insufficient to satisfy rice production demands, despite the country being the world's leading rice producer and exporter. Thus, traditional rice production based on flooding systems should be changed to water-saving management using the so-called alternate wetting and drying method (AWD). This research introduced a suitable AWD 5/-15 broadcasting method into farmer's fields in eight provinces of Thailand in the dry and wet seasons of 2016. The results showed that the AWD practice increased grain yields by 8-22% in the dry season compared with the yields from farmer's practices. The AWD practice reduced total water use by 5-30% and increased water productivity 10-35% compared with farmer's traditional practices. In addition, the total CH<inf>4</inf> emissions from the AWD practice in the dry season were lower than those from farmer's practices by 7-83%, but the AWD practice in the wet season resulted in decreased CH<inf>4</inf> emissions at only three out of the eight sites. The total N<inf>2</inf>O emissions were slightly different between the AWD and farmer's practices. However, in both AWD and farmer's practices, N<inf>2</inf>O emissions were much lower than CH<inf>4</inf> emissions. Finally, the incomes and net profits in both seasons were significantly higher using AWD from 4.4-13.5 USD/ha and 45.8-60.8 USD/ha, respectively, while the total costs for both practices were not significantly different. Thus, AWD practices may help farmers decrease their water supply risk, especially in the dry season, and increase profits from rice production.
[2]: As one of the most widely promoted effective irrigation strategies for rice, alternate wetting and drying (AWD) irrigation can not only reduce water use but also increase mineral nutrient use efficiency. In this research, we compared the differences in grain yield, grain quality, phosphorus use efficiency (PUE), and growth states of roots and shoots of lowland and upland rice cultivars that were subjected to different irrigation and phosphorus (P) fertilizer application treatments in a field study for two years. The irrigation treatments consisted of two irrigation regimes: continuously flooded (CF) and AWD irrigation and the P fertilizer treatments included three P rates, i.e., 0, 45, and 90 kg ha<sup>−1</sup> (P0, P45, and P90, respectively). The results revealed that AWD irrigation led to an increase in grain yield and improved PUE of both rice varieties at P45. The roots were longer and deeper under AWD irrigation, which contributed to the higher grain yield and higher resource use efficiency obtained with this treatment. At the lower P rates, both rice types translocated more P from vegetative tissues to grains, which led to a better PUE. Molecular analysis show that plant hormones (IAA, gibberellins, cytokinins and ABA) and members of the OsPht1 family are also involved in the regulation of P homeostasis under AWD irrigation. Our results demonstrate that AWD irrigation can also enhance PUE for the rice in the field.
[3]: We carried out a pool culture experiment to determine the optimal water treatment depth in loam and clay soils during the late growth stage of super rice. Three controlled water depth treatments of 0–5, 0–10 and 0–15 cm below the soil surface were established using alternate wetting and drying irrigation, and the soil water potential (0 to –25 kPa) was measured at 5, 10 and 15 cm. A 2-cm water layer was used as the control. We measured soil enzyme activities, root antioxidant enzyme activities, chlorophyll fluorescence parameters, and rice yield. The results showed that the 0–5-cm water depth treatment significantly increased root antioxidant enzyme activities in loam soil compared with the control, whereas soil enzyme activities, chlorophyll fluorescence parameters and yield did not differ from those of the control. The 0–10- and 0–15-cm water depth treatments also increased root antioxidant enzyme activities, whereas soil enzyme activities, chlorophyll fluorescence parameters and yield decreased. In clay soil, the soil enzyme activities, root antioxidant enzyme activities, chlorophyll fluorescence parameters, and yield did not change with the 0–5-cm water treatment, whereas the 0–10- and 0–15-cm water treatments improved these parameters. Therefore, the appropriate depths for soil water during the late growth period of rice with a 0 to –25 kPa water potential were 5 cm in loam and 15 cm in clay soil.","{
  ""justification"": ""The claim states that farmers use specific tools like perforated tubes or soil moisture sensors to monitor water levels. While the references discuss the Alternate Wetting and Drying (AWD) method, which involves managing soil moisture, they do not mention the specific tools farmers use for this monitoring. The content is related as it deals with irrigation methods, but the specific assertion about the tools is not supported by the provided text."",
  ""answer"": ""Related but unverifiable""
}"
s_1159,"Electrolyte Disorders: Impact on Cardiac Function: Electrolyte imbalances, such as hypokalemia and hyperkalemia, can significantly affect cardiac function and blood pressure. Hypokalemia can lead to prolonged QT intervals and arrhythmias, while hyperkalemia can cause severe cardiac rhythm abnormalities. Additionally, it is plausible that chronic electrolyte imbalances may contribute to long-term cardiovascular diseases, although this remains to be fully established in clinical studies .","Electrolyte disorders can alter cardiac ionic currents kinetics and depending on the changes can promote proarrhythmic or antiarrhythmic effects. The present report reviews the mechanisms, electrophysiolgical (EP), electrocardiographic (ECG), and clinical consequences of electrolyte disorders. Potassium (K<sup>+</sup>) is the most abundent intracellular cation and hypokalemia is the most commont electrolyte abnormality encountered in clinical practice. The most signifcant ECG manifestation of hypokalemia is a prominent U wave. Several cardiac and non cardiac drugs are known to suppress the HERG K<sup>+</sup> channel and hence the IK, and especially in the presence of hypokalemia, can result in prolonged action potential duration and QT interval, QTU alternans, early afterdepolarizations, and torsade de pointes ventricular tachyarrythmia (TdP VT). Hyperkalemia affects up to 8% of hospitalized patients mainlyin the setting of compromised renal function. The ECG manifestation of hyperkalemia depends on serum K<sup>+</sup> level. At 5.5-7.0 mmol/L K<sup>+</sup>, tall peaked, narrow-based T waves are seen. At > 10.0 mmol/L K<sup>+</sup>, sinus arrest, marked intraventricular conduction delay, ventricular techycardia, and ventricular fibrillation can develop. Isolated abnormalities of extracellular calcium (Ca<sup>++</sup>) produce clinically significant EP effects only when they are extreme in either direction. Hypocalcemia, frequently seen in the setting of chronic renal insufficiency, results in prolonged ST segment and QT interval while hypercalcemia, usually seen with hyperparathyroidism, results in shortening of both intervals. Although magnesium is the second most abudent intracellular cation, the significance of magnesium disorders are controversial partly because of the frequent association of other electrolyte abnormalities. However, IV magnesium by blocking the L-type Ca<sup>++</sup> current can succesfully terminate TdP VT without affecting the prolonged QT interval. Finally, despite the frequency of sodium abnormalities, particularly hyponatremia, its EP effects are rarely clinically significant. © 2011 Via Medica.
[7]: Electrolyte disorders are frequent, especially in the intensive care unit (ICU) and the emergency department. The most important imbalances of electrolyte homeostasis include disorders of sodium, potassium, calcium, and phosphate. Hyponatremia and hyperkalemia are certainly the most common disorders and require prompt and safe correction, once the diagnosis is made and the underlying illness is identified. There-fore, the physiology of electrolytes will be covered briefly here, while the main emphasis is on the causes and management of electrolyte abnormalities. Patients with hyponatremia are at high risk of cerebral edema, while hyperkalemia may lead to life-threatening cardiac rhythm abnormalities. © Springer-Verlag Berlin Heidelberg 2010.","{
  ""justification"": ""Justification 1: The references support the claim's statements about hypokalemia causing prolonged QT intervals and arrhythmias, and hyperkalemia causing severe cardiac rhythm abnormalities. However, the references do not mention any effect on \""blood pressure\"" or discuss the potential link between \""chronic electrolyte imbalances\"" and \""long-term cardiovascular diseases\"".\nJustification 2: The claim accurately describes the effects of potassium imbalances on cardiac rhythm as detailed in the references. But it introduces the concept of effects on blood pressure and the link to long-term cardiovascular disease, neither of which are mentioned in the provided text, thus misrepresenting the scope of the source material."",
  ""answer"": ""Misrepresentation""
}"
s_531,"1. Rural Electrification: Off-grid Photovoltaic (PV) Solutions: Systems engineering can enhance the sustainability of rural electrification programs by addressing institutional, economic, environmental, and socio-cultural dimensions. Effective management and local participation are essential to ensure the reliability and acceptance of these systems .","Peru has historically been among the Latin-American countries with a low rural electrification rate. Aiming to improve this situation, the country conducted several electrification efforts in the last few decades that included off-grid photovoltaic (PV) solutions for remote areas (where the grid expansion was unviable). More recently, the government has also sponsored a 'massive program' that aims to deploy a minimum of 150,000 off-grid PV solutions in the upcoming years. In this paper, we assess the sustainability of rural electrification programs in Peru, paying special attention to the ongoing ""massive program"". Our assessment considers four dimensions of sustainability (institutional, economic, environmental, and socio-cultural) and is based on an exhaustive qualitative document analysis complemented by semi-structured expert interviews. We found that the lack of strong formal institutions with a flexible and decentralized structure seriously compromises the sustainability of rural electrification efforts in Peru. Staff rotation and overlapping competences have caused disturbing changes and inhibited following a strategic line, while widespread outsourcing combined with weak controls have often affected the reliability of the deployed systems. Although cross subsidies have made off-grid PV systems affordable for users, systems often fell short of energy demand. Notably, we found that Peruvian officials appear to be unaware of the importance of local participation, and there is a significant mistrust between the government and the rural population (especially in areas where mining is extensive). As a consequence, most of the projects are still designed without the participation and engagement of the communities, which has frequently led to project failures, payment defaults, and inhibited seizing opportunities regarding productive uses of off-grid PV systems. We expect that our findings may help Peruvian institutions to address the most severe drawbacks affecting their rural electrification efforts based on off-grid PV systems.","{
  ""justification"": ""The reference provides a case study of rural electrification in Peru, assessing its sustainability across institutional, economic, environmental, and socio-cultural dimensions, which are the same dimensions mentioned in the claim. The reference highlights that the lack of strong institutions (management) and the absence of local participation have led to unreliable systems and project failures. This directly supports the claim's assertion that effective management and local participation are essential for the reliability and acceptance of such systems."",
  ""answer"": ""Entailment""
}"
s_1994,"General Recycling Principles: Recycling Processes: Different materials require specific recycling processes. For example, steel packaging is often recycled due to its magnetic properties, which make it easier to separate from other waste .","[4] Packaging plays a very important role in our daily life especially when buying commodities from a retail or a wholesale store. The importance of packaging is when items are shipped around the world, which in recent years is on a daily basis. Though packaging ensures the safety and durability of the merchandise and carries the brand name of the seller, it leads to accumulated waste where most of these conventional packing materials cannot be recycled. With the large amount of companies transporting goods from factories to warehouses and then to retailers, as well as the enormous online orders placed daily, there is a massive amount of plastic waste such as Styrofoam, cardboard, and paper that are utilized in the process. However, sustainable packaging is a boon to this problem, which is referred to as Green packaging; it offers an environmental friendly alternative playing a great role in protecting products, preventing waste and enabling efficient business conduct promoting environmental sustainability. Sustainable packaging is made by recycling materials thereby reducing the waste during production or raw material processing. The manufacturing process of such packaging materials also tends to be more efficient, further minimizing resources needed and reducing the negative impact that the business has on the environment. Sustainable packaging is produced in an environmentally friendly manner through the use and reuse of biodegradable and recyclable materials and is considered energy efficient. As a part of Corporate Social Responsibility, sustainable packaging is a relatively new addition to the environmental considerations, where, reduced as well as ecofriendly material for packaging provide an attractive opportunity to promote environmental sustainability. Industries, Promoters and Companies using such packaging material not only reduce their carbon footprint but campaign the use of recycled materials minimizing waste generation. Through this, it is indirectly aimed at preserving the world's ecosystems, improving human life quality and viability for a longer period. Moreover, sustainable packaging is economically viable for both consumers and manufacturers additionally ensuring a cleaner environment for the future generations. [5] Materials for recycling may consist of end-of-life (EOL) product streams, byproducts and waste streams from original equipment manufacturing and the production of components, and finally also rejects, byproducts and waste streams from raw-material producers. A common feature is that all consist of compounds. The elements of the compounds can be recycled only by chemical or metallurgical means. [12] Lead (II)-laden wastewater from lead acid battery and printed wire board industries are hazardous to human health and environment due to their toxicity and persistent characteristics. This study focuses on eco-friendly industrial Lutjanus erythropterus fish bone meal waste as biosorbent for Lead (II) removal. In this study, the effects of optimization of biosorption, isotherm, kinetic, thermodynamic, characterization of biosorbent were investigated, and the characteristics of biosorbent were compared with those of commercial resins. The half saturation removal of biosorbent amount was determined at 0.09 g in order to represent the excessive metal in real industrial wastewater condition compared to biosorbent and to minimize the consumption of chemicals and biosorption operation time. Such approach is supported by optimization results and Langmuir isotherm. Results obtained were better with Freundlich than with Langmuir isotherm, confirming the presence of heterogeneous monolayer with reversible binding sites. The biosorption mean energy inferred that chemisorption occurred in Lead (II) biosorption, and pseudo-second-order kinetics implied that chemisorption mechanism is the rate-limiting factor. Thermodynamic described an endothermic non-spontaneous reaction with reversible bonding between Lead (II) ions and binding sites. Characterization analysis further confirmed a macroporous surface morphology with multi-binding sites of hydroxyl, carboxyl, and amide groups which contributed to reversible bonding in chemisorption mechanism. The 85 % of recovery supported reversible binding in chemisorption. The biosorbent is at least 70 times cheaper than resins. Hence, this developed biosorbent is a potential candidate to replace resins and can be used in the pretreatment of industrial wastewater application due to cost effectiveness and low environmental impacts. This study successfully gains an insight into green technology by converting waste to a useable product and zero waste concept by minimizing environmental solid management and pollution control.","{
  ""justification"": ""The claim discusses general recycling principles, specifically mentioning that steel's magnetic properties aid in its recycling. The provided references discuss sustainable packaging, the chemical/metallurgical recycling of compounds, and a specific biosorption process for lead removal. While the general topic of recycling is common, none of the references mention steel, its magnetic properties, or this specific method of separation. Therefore, the claim is related to the general theme of the references but contains specific information that cannot be verified from the provided text."",
  ""answer"": ""Related but unverifiable""
}"
s_1150,"Associated Conditions: Autoimmune Diseases: CD is often associated with other autoimmune conditions, such as type 2 diabetes and thyroid diseases .","Celiac disease (CD) is an autoimmune disorder that affects genetically predisposed individuals who are sensitive to gluten and related proteins. It affects children and adults with increasing prevalence in the older age groups. Both adaptive and innate immune responses play role in CD pathogenesis which results in damage of lamina propria and deposition of intraepithelial lymphocytes. There are other proposed mechanisms of CD pathogenesis like gastrointestinal infections, intestinal microbiota, and early introduction of gluten. The diagnosis of CD is based on clinical symptoms and serological testing, though a majority of cases are asymptomatic, and small intestinal biopsies are required to confirm the diagnosis. Celiac disease is generally associated with other autoimmune diseases, and it is advisable to test these patients for diseases like type 1 diabetes mellitus, Addison's disease, thyroid diseases, inflammatory bowel disease, and autoimmune hepatitis. The patient with a new diagnosis of CD requires close follow-up after starting treatment to see symptom improvement and check dietary compliance. A newly diagnosed patient is advised to follow with a dietitian to better understand the dietary restrictions as about 20% of patients stay symptomatic even after starting treatment due to noncompliance or poor understanding of diet restrictions. The most effective treatment for CD is a gluten-free diet, but work on non-dietary therapy is in process and few medications are in the clinical trial phase.
[16]: Celiac disease (CD) is associated with several autoimmune diseases (ADs) and, in particular, thyroid autoimmunity (TA) and Type 1 diabetes (T1D). TA and T1D are defined as associated conditions to CD (conditions at increased prevalence in CD but not directly related to gluten ingestion). The diagnosis of CD may precede or follow that of TA/T1D. To date, the available evidence suggests that the common genetic background is the main factor determining the high prevalence of the association. Conversely, no conclusive findings clarify whether extrinsic gluten-related factors (age at the first introduction, concomitant breastfeeding, length of gluten exposure and gluten-free diet) may link CD to the ADs. The aim of this review is to evaluate whether genetic background alone could explain the association between CD and ADs or if gluten-related factors ought to be considered. The pathophysiological links clarifying how the gluten-related factors could predispose to ADs will also be discussed.","{
  ""justification"": ""Justification 1: The claim states that Celiac Disease (CD) is associated with type 2 diabetes. However, the reference explicitly mentions an association with \""type 1 diabetes mellitus\"" and \""Type 1 diabetes (T1D)\"", not type 2.\nJustification 2: There is a direct contradiction in the specific type of diabetes mentioned. The claim incorrectly identifies it as type 2, while the source material identifies it as type 1."",
  ""answer"": ""Entity error""
}"
s_553,"Enhancing Organizational Resilience: Digital Transformation: The era of digitalization, which includes the adoption of embedded systems, challenges organizations to adapt and innovate. This transformation impacts various organizational dimensions such as information management, innovation, and leadership, which are critical for resilience .","Organizational resilience, understood as the capacity that allows organizations to make adjustments in their behavior before the succession of changes, disturbances and traumatic events, facilitating adaptation to the environment, is configured as a key element of their functioning and culture. The era of digitalization represents a new challenge for organizations, multiplying the situations in which organizational capacities are tested, promoting highly competitive environments. An investigation was carried out involving 45 professionals from a Social Services Center of Málaga (Spain), focusing on the identification of organizational resilience factors. The analysis of the results showed that the organizational dimensions where the incidence of digital transformation is assumed to be more evident (information and knowledge, innovation and creativity, leadership and elimination of traditional division barriers) are not perceived today as an element key in the adaptation and survival of organizations. The low perceived importance of these factors can provide us with information on intervention strategies to be proposed, which ensure the confrontation with the new social, economic, political and cultural circumstances produced by digitalization.","{
  ""justification"": ""The claim asserts that organizational dimensions such as information management, innovation, and leadership are critical for resilience in the digital era. However, the reference explicitly states the opposite based on its research findings: \""The analysis of the results showed that the organizational dimensions where the incidence of digital transformation is assumed to be more evident (information and knowledge, innovation and creativity, leadership and elimination of traditional division barriers) are not perceived today as an element key in the adaptation and survival of organizations.\"""",
  ""answer"": ""Opposite meaning""
}"
s_1703,"Application: Effective for quality control in food industries, though not specifically mentioned for strawberries .","A method for the determination of sugars in several fruit juices and nectars by capillary zone electrophoresis with indirect UV-vis detection has been developed. Under optimal conditions, commercial fruit juices and nectars from several fruits were analyzed, and the sugar and cyclamate contents were quantified in less than 6 min. A study for the detection of blends of high-value juices (orange and pineapple) with cheaper alternatives was also developed. For this purpose, different chemometric techniques, based on sugar content ratios, were applied. Linear discriminant analysis showed that fruit juices can be distinguished according to the fruit type, juice blends also being differentiated. Multiple linear regression models were also constructed to predict the adulteration of orange and pineapple juices with grape juice. This simple and reliable methodology provides a rapid analysis of fruit juices of economic importance, which is relevant for quality control purposes in food industries and regulatory agencies.","{
  ""justification"": ""Justification 1: The reference explicitly states that the described methodology is 'relevant for quality control purposes in food industries.'\nJustification 2: The reference analyzes juices from orange, pineapple, and grape, but does not mention strawberries, which aligns with the claim's statement that it's 'not specifically mentioned for strawberries.' Therefore, the claim is fully supported by the reference."",
  ""answer"": ""Entailment""
}"
i_1075,"Contraindications for Practicing Yoga: Individuals with chronic diseases, particularly musculoskeletal conditions, should exercise caution. Yoga can exacerbate symptoms in those with chronic musculoskeletal diseases, leading to severe adverse events. Additionally, it is possible that individuals with a history of anxiety or stress-related disorders may also experience heightened adverse effects during yoga practice, although this has not been specifically studied .","Background: Yoga is a representative mind-body therapy of complementary and alternative medicine. In Japan, yoga is practiced widely to promote health, but yoga-associated adverse events have also been reported. To date, the frequencies and characteristics of yoga-related adverse events have not been elucidated. This study was conducted to elucidate the frequencies and characteristics of adverse events of yoga performed in classes and the risk factors of such events. Methods: The subjects were 2508 people taking yoga classes and 271 yoga therapists conducting the classes. A survey for yoga class attendees was performed on adverse events that occurred during a yoga class on the survey day. A survey for yoga therapists was performed on adverse events that the therapists had observed in their students to date. Adverse events were defined as undesirable symptoms or responses that occurred during a yoga class. Results: Among 2508 yoga class attendees, 1343 (53.5%) had chronic diseases and 1063 (42.3%) were receiving medication at hospitals. There were 687 class attendees (27.8%) who reported some type of undesirable symptoms after taking a yoga class. Musculoskeletal symptoms such as myalgia were the most common symptoms, involving 297 cases, followed by neurological symptoms and respiratory symptoms. Most adverse events (63.8%) were mild and did not interfere with class participation. The risk factors for adverse events were examined, and the odds ratios for adverse events were significantly higher in attendees with chronic disease, poor physical condition on the survey day, or a feeling that the class was physically and mentally stressful. In particular, the occurrence of severe adverse events that interfered with subsequent yoga practice was high among elderly participants (70 years or older) and those with chronic musculoskeletal diseases. Conclusions: The results of this large-scale survey demonstrated that approximately 30% of yoga class attendees had experienced some type of adverse event. Although the majority had mild symptoms, the survey results indicated that attendees with chronic diseases were more likely to experience adverse events associated with their disease. Therefore, special attention is necessary when yoga is introduced to patients with stress-related, chronic diseases.","{
  ""justification"": ""The claim incorrectly states that the potential for heightened adverse effects in individuals with stress-related disorders \""has not been specifically studied.\"" The provided reference is a study that specifically investigates this topic and concludes that \""special attention is necessary when yoga is introduced to patients with stress-related, chronic diseases,\"" directly contradicting the claim's assertion about the lack of research."",
  ""answer"": ""Misrepresentation""
}"
s_2172,4. Global Reporting Initiative (GRI) The GRI's G4 Sustainability Reporting Guidelines provide a framework for comparing industries based on 20 indicators related to the triple bottom line. This framework helps prioritize industries for more detailed feasibility studies .,"Governments often seek to facilitate sustainable growth through the targeted support of specific industries that are deemed to have considerable sustainable development potential. However, the selection of appropriate sectors generally relies on resource-intensive assessment processes. With the recent flood of sustainability information into the public domain, there appears to exist an opportunity to use this information to improve the efficiency of the initial stages of evaluating target industries. This work investigated the development of a framework that makes use of public sustainability disclosures to rapidly compare industries in terms of their sustainable development potential. The goal was to evaluate whether such a framework could usefully provide a way to prioritize the execution of more in-depth feasibility studies on industries showing superior sustainable development potential. The developed framework was based on the Global Reporting Initiative's G4 Sustainability Reporting Guidelines and makes use of 18 indicators to compare industries in terms of various triple bottom line considerations. The framework was applied to a case study of the platinum industry in South Africa to establish its usefulness, potential and limitations. The framework facilitated a reasonably holistic, transparent and easily interpretable comparison of industries. However, its consideration of industry fit in the local economy, expected development trends and quantification of indirect economic impacts were found to be areas that could be improved. Some of these concerns might be overcome by the improved availability of public information in the future.","{
  ""justification"": ""Justification 1: The claim states that the framework is based on 20 indicators, but the reference explicitly says the framework \""makes use of 18 indicators to compare industries\"".\nJustification 2: There is a numeric error in the claim, which states there are 20 indicators, while the reference material clearly indicates there are 18."",
  ""answer"": ""Numeric error""
}"
i_1247,"This bloating is consistently severe throughout the menstrual cycle, with only minor changes in abdominal girth measurements .","Objective: To explore the association between the symptom of abdominal bloating and the diagnosis of endometriosis. Methods: Twenty-six patients with endometriosis diagnosed by laparoscopy and 25 women without endometriosis were recruited to a case-control study. Subjects completed detailed questionnaires regarding perception of abdominal bloating, bloating-related symptoms, and effect on lifestyle. Abdominal girth was measured three times daily for one whole menstrual cycle, as were ratings of perceived abdominal bloating severity and discomfort. Experiences of abdominal and gastrointestinal symptoms were compared. Results: A significantly larger proportion of women with endometriosis than control subjects experienced abdominal bloating (96% vs. 64%). In women with abdominal bloating, the following were more common in those who had endometriosis: associated severe discomfort (30% vs. 0%), wearing loose clothes during bloating (87% vs. 38%), and simultaneous hand swelling (30% vs. 6%). The experiences of cyclically related diarrhea and constipation were more frequent with endometriosis. While there were significant changes in bloating and discomfort ratings across the menstrual cycle, there was a trend towards a difference between the control subjects and unmedicated endometriosis groups only in how the pattern of bloating severity fluctuated across the cycle. Lower abdominal girth measurements changed significantly across menstrual cycle phases. Control and unmedicated endometriosis groups differed significantly in girth changes across the menstrual cycle, controls experiencing much less variation. Compared with the unmedicated endometriosis group, women receiving hormonal treatment had higher bloating severity ratings and discomfort scores, but there was no objective difference in abdominal girth. Conclusion: Painful abdominal bloating appears to be common in women with endometriosis and causes considerable symptomatic distress.","{
  ""justification"": ""The claim states that bloating is 'consistently severe' and that there are 'only minor changes in abdominal girth'. The reference directly contradicts this by stating, 'there were significant changes in bloating and discomfort ratings across the menstrual cycle' and 'Lower abdominal girth measurements changed significantly across menstrual cycle phases.' The reference indicates fluctuation and significant changes, which is the opposite of the claim's assertion of consistency and minor changes."",
  ""answer"": ""Opposite meaning""
}"
i_929,"Technological Advancements: Automated and Connected Vehicles: These vehicles promise to reduce road accidents, traffic congestion, and energy use. They also offer greater accessibility to user groups such as the elderly and disabled, potentially transforming the transportation landscape .","[12] The public transportation represents the ideal solution that can be offered with the purpose of satisfying the mobility request through an urban area. A highly organized and efficient public transportation system which offers adequate movement possibilities, in a short time and through high safety and comfort conditions, forms the basis of an urban transportation system that improves the sustainable development of a urban area. Over this paperwork it is going to be estimated the optimization effects of the Pitesti urban transportation system, and even more, it is going to be established the ""translation"" way of the different improvements for the public transportation system as input data into the urban transport model. In this way it will be shown how the renewal of the vehicles and the modernization of the bus stations could get to the increasing of the urban transport share, thus succeeding the decrease of the own vehicles transport. As a consequence, through the private vehicles movements decrease it is get, in the end, a fuel consumption and gas emissions reduction, in the same time resulting a high traffic performance both for the public transportation and for the own private vehicle transportation.","{
  ""justification"": ""The claim discusses the benefits of automated and connected vehicles. The reference focuses on improving conventional public transportation by renewing the vehicle fleet and modernizing bus stations. The reference does not mention automated or connected vehicles, making the claim's content entirely absent from the source material."",
  ""answer"": ""Unrelated and unverifiable""
}"
i_1204,"Additional Benefits: Reduction in Morbidity and Mortality: While adequate intake of calcium and vitamin D is mentioned, it is likely that these nutrients alone are sufficient to significantly reduce morbidity and mortality related to osteoporotic fractures, overshadowing the need for pharmacological treatments .","Osteoporosis and fragility fractures associated with osteoporosis are the causes of increases in morbidity, disability and mortality, with important consequences for healthcare costs. Hence, osteoporosis therapy has been demonstrated as effective in lowering both vertebral and non-vertebral fracture risk and mortality. Pharmacological treatments for osteoporosis can be divided into two categories: antiresorptive and anabolic agents. Antiresorptive drugs suppress bone resorption and are the most commonly used agents. Anabolic agents, on the other hand, stimulate bone formation and represent a more recent therapeutic approach to osteoporosis treatment. Moreover, among therapeutic interventions, an adequate calcium and vitamin D intake is widely and strongly recommended, representing an essential part of any treatment regimen. This article summarises the current status of pharmacological treatment of post-menopausal osteoporosis and the major evidence concerning old and new drugs. © Touch Briefings 2011.
[11]: Osteoporosis is a skeletal disorder characterized by compromised bone strength that predisposes a person to increased fracture risk. Fractures are often associated with increased morbidity, higher mortality, loss of function and even psychological consequences. Pharmacotherapeutic interventions (e.g., bisphosphonates, selective estrogen receptor modulators, calcitonin, and teriparatide) in women with postmenopausal osteoporosis provide substantial reduction in fracture risk over and above risk reduction with calcium and vitamin D supplementation alone. The importance of nutritional support along with an appropriate exercise regimen, avoiding smoking and excessive alcohol use is to be emphasized along with the pharmacologic approach to osteoporosis. Despite the effectiveness of therapy with pharmacologic agents, most patients who start therapy do not remain on treatment for more than 1 year.","{
  ""justification"": ""Justification 1: The claim suggests that calcium and vitamin D alone are sufficient to reduce morbidity and mortality, overshadowing the need for pharmacological treatments. However, reference [11] explicitly states that \""Pharmacotherapeutic interventions... provide substantial reduction in fracture risk over and above risk reduction with calcium and vitamin D supplementation alone.\"" This is a direct contradiction.\nJustification 2: The claim states the opposite of the reference. The reference indicates that pharmacological treatments offer significant benefits beyond just calcium and vitamin D, whereas the claim implies these supplements are sufficient on their own."",
  ""answer"": ""Opposite meaning""
}"
s_1623,"3. High-Performance Thin-Layer Chromatography (HPTLC): Bioautography Assays: This method involves separating seaweed metabolites using HPTLC, followed by identification of bioactive bands through bioautography assays. This approach is useful for tracing compounds with radical scavenging and antimicrobial activities .","[3] The wide industrial application of phycocolloids (e.g. alginates, agar and carrageenans) is based on their particular properties to form gels in aqueous solution. These seaweed polysaccharides present a chemical structure related with the taxonomic position of the algae: carrageenans are produced by carrageenophytes (red algae belonging mainly to the genera Kappaphycus, Eucheuma, Chondrus, Gigartina and Chondracanthus). Recently, new spectroscopic techniques have provided more accurate identification of the natural composition of the polysaccharides produced by these seaweeds. With the combination of two spectroscopic techniques (FTIR-ATR and FT-Raman) it is possible to identify the principal seaweed colloids in ground seaweed samples as in extracted material. Since the seaweed samples receive the minimum of handling and treatment (e.g. they are simply dried and ground), the composition determined represents, as accurately as possible, the native composition of the phycocolloids. © 2008 Elsevier Ltd. All rights reserved. [5] An optimized and validated inductively coupled plasma mass spectrometry (ICP-MS) method was used to analyze trace elements in seaweeds. Different volumes and rates of HNO<inf>3</inf> and H<inf>2</inf>O<inf>2</inf>, digestion times, and microwave power levels were tested to ascertain the best conditions for sample digestion. Analytical mass and instrumental parameters were selected to assure accurate and precise determination of As, Cd, Co, Cr, Mo, Ni, Pb, Sb, Se, and V by ICP-MS. The method was optimized and validated using biological Certified Reference Materials. In addition, some samples of seaweeds (Porphyra and Laminaria) from France, Spain, Korea, and Japan were analyzed using the optimized method. Porphyra presented higher concentrations of most elements, except for As, than Laminaria. Seaweeds from Korea and Japan tended to display the highest concentrations of Pb and Cd. In contrast, Spanish and French samples showed the highest levels of some micro-elements essential to human nutrition. © 2009 Elsevier Inc. All rights reserved. [11] Detection, identification and classification of yeasts have undergone a major transformation in the last decade and a half following application of gene sequence analyses and genome comparisons. Development of a database (barcode) of easily determined DNA sequences from domains 1 and 2 (D1/D2) of the nuclear large subunit rRNA gene and from ITS now permits many laboratories to identify species quickly and accurately, thus replacing the laborious and often inaccurate phenotypic tests previously used. Phylogenetic analysis of gene sequences is leading to a major revision of yeast systematics that will result in redefinition of nearly all genera. This new understanding of species relationships has prompted a change of rules for naming and classifying yeasts and other fungi, and these new rules are presented in the recently implemented International Code of Nomenclature for algae, fungi, and plants (Melbourne Code). The use of molecular methods for species identification and the impact of Code changes on classification will be discussed, as will use of phylogeny for prediction of biotechnological applications.","{
  ""justification"": ""The claim discusses the use of High-Performance Thin-Layer Chromatography (HPTLC) and bioautography to analyze seaweed for radical scavenging and antimicrobial activities. However, the provided references discuss entirely different topics. Reference [3] is about identifying seaweed polysaccharides using spectroscopic techniques (FTIR-ATR and FT-Raman). Reference [5] details the analysis of trace elements in seaweed using ICP-MS. Reference [11] is about the genetic identification and classification of yeasts. None of the references mention HPTLC, bioautography, or the specific bioactivities described in the claim. The shared subject of \""seaweed\"" in two references is not sufficient to establish a meaningful connection, as the scientific context, methods, and findings are completely different."",
  ""answer"": ""Unrelated and unverifiable""
}"
i_317,"Primary Techniques: Advanced Techniques: Parallel Processing: Employing parallel programming techniques to handle high-performance computing demands, enabling faster processing of large datasets .","[3] With a view of accomplishing the needs for further analysis on image, Image pre-processing methods are applied on an image for its betterment. Image enhancement is a pivotal part in digital image techniques. The main objective behind image enhancement is to apply an algorithm to original image, so that the resultant image is well suited for a specific task. Digital image enhancement is apt in providing diverse methods for better visualization of image for purpose of object detection and recognition by the machine. Enhancement techniques help us to view the image more efficiently by integrating color and intensity in it. This paper provides detail analysis of different basic enhancement techniques like Min-Max Filter, Gaussian filter, Invert filter, Histogram equalization and Contrast stretching for enrichment of image using ERDAS software. After the analysis an enhanced image is achieved using histogram equalization due to the dynamic range of pixels can grow best for better visualization of an image for better analysis.  [8] This paper gives an overview of different digital Image Inpainting techniques used contemporarily for image restoration and enhancement process. Inpainting, dis-occlusion, image completion, retouching and filling-in are different terms for the same task: if an image is given with a missing section, the values in the missing area has to be restored by its values in an undetectable way. The patches are filled in from the neighbouring pixels. Inpainting can be used for removal of objects from an image also. Inapainting techniques are made more sophisticated by applying Neural Network and Fuzzy logic for fast and accurate filling of patches.","{
  ""justification"": ""Justification 1: The claim discusses parallel processing as a technique for high-performance computing. The references, however, focus on image enhancement and inpainting techniques such as filters, histogram equalization, and neural networks. There is no mention of parallel processing in the provided text. Justification 2: The information presented in the claim is not present in the reference abstracts. The claim and references cover completely different topics within the broader field of computer science, making the claim unrelated and impossible to verify from the given context."",
  ""answer"": ""Unrelated and unverifiable""
}"
i_1692,"Plastics in aquatic environments can adsorb EDCs, facilitating their transport and potentially altering their fate in ecosystems .","The interaction of plastics with hydrophobic organic compounds (HOCs) is well established. Several HOCs are known carcinogens and/or endocrine disruptors. To determine how chemicals in plastic affect the marine environment, it is necessary to understand the kinetics of HOC sorption/desorption. This includes the understanding of sorption kinetics and mechanisms along with simple modeling concepts such as the first order rate kinetic model that can often adequately describe the overall phenomenon. However, to more mechanistically understand the chemical uptake and desorption process, the diffusion of chemicals in plastic is also discussed as well as the direct observation of this process in sectioned plastic particles. Moreover, modeling is required to understand the diffusion of chemicals in microplastic particles. In addition, case studies from the literature are presented which seek to understand how compounds move in and out of the plastics found in the marine environment or when in contact with other fluids besides seawater such as stomach fluids or fish oil.
[7]: In aquatic environments, plastic debris accumulates chemical pollutants from the surrounding water, potentially altering the fate of xenobiotics in these ecosystems. The effects of biofouling on the potential for plastic to sorb environmental pollutants remain poorly understood. In this study, we test the hypothesis that concentrations of metals are directly related to biofilm accumulation on microplastics submerged in natural estuarine waters. Two types of pre-production plastic pellets (polylactic acid (PLA) and low-density polyethylene (LDPE)) and glass pellets, were suspended for up to 28 days in an urbanized estuary (San Francisco Bay, California) to investigate how biofilm affects the accumulation of metals on these materials. During the initial weeks of the experiment, biofilm growth differed between locations, but after 28 days, PLA and LDPE had similar amounts of biofilm at the two field sites. Biofilm was the only significant predictor variable for Ba, Cs, Fe, Ga, Ni and Rb, and simple regressions of these metals after one month of submersion predicted much of the variability in the data (respective adjusted R<sup>2</sup> values: 0.46, 0.90, 0.86, 0.81, 0.87, 0.90; p < 0.001). For other metals influenced by location or substrate material, multivariate analysis showed that increases in metal concentrations were predicted by increases in biofilm for Cu, Pb, Al, K, U, Co, Mg (p < 0.001) and Mn (p < 0.01). This work highlights the role of biofilm in facilitating metal accumulation on plastic debris and contributes to current understanding of the underlying processes that influence the behavior of microplastics as aquatic contaminants.","{
  ""justification"": ""Justification 1: The first reference confirms that plastics interact with hydrophobic organic compounds (HOCs), many of which are endocrine disruptors (EDCs), and discusses their sorption and desorption, which relates to transport.\nJustification 2: The second reference explicitly states that plastic debris accumulates chemical pollutants and can alter the fate of xenobiotics in aquatic ecosystems. Together, the references fully support the claim."",
  ""answer"": ""Entailment""
}"
i_1152,"Avoiding the use of glasses may not be advisable, as it could potentially lead to uncorrected refractive errors and associated complications .","Myopia is the commonest ocular abnormality and the high and growing prevalence of myopia, especially but not only in Asian populations, as well as its progressive nature in children, has contributed to a recent surge in interest. Such worldwide growing prevalence seems to be associated with increasing educational pressures, combined with lifestyle changes, which have reduced the time that children spend outdoors. Highly nearsighted people are at greater risk for several vision-threatening problems such as retinal detachments, choroidal neovascularization, cataracts and glaucoma, thus the potential benefits of interventions that can limit or prevent myopia progression would be of remarkable social impact. Our understanding of the regulatory processes that lead an eye to refractive errors is undoubtedly incomplete but has grown enormously in the last decades thanks to the animal studies, observational clinical studies, and randomized clinical trials recently published. In this review we assess the effects of several types of life-style and interventions, including outdoor activities, eye drops, undercorrection of myopia, multifocal spectacles, contact lenses, and refractive surgery on the onset and progression of nearsightedness. © Springer Science+Business Media 2013.
[4]: IMPORTANCE: Myopia is a significant public health problem, making it important to determine whether a bifocal spectacle treatment involving near prism slows myopia progression in children. OBJECTIVE: To determine whether bifocal and prismatic bifocal spectacles control myopia in children with high rates of myopia progression and to assess whether the treatment effect is dependent on the lag of accommodation and/or near phoria status. DESIGN, SETTING, AND PARTICIPANTS: This 3-year randomized clinical trial was conducted in a private practice. A total of 135 (73 female and 62 male) Chinese-Canadian children (aged 8-13 years; mean [SE] age, 10.29 [0.15] years; mean [SE] myopia, -3.08 [0.10] D) with myopia progression of at least 0.50 D in the preceding year were randomly assigned to 1 of 3 treatments. A total of 128 (94.8%) completed the trial. INTERVENTIONS: Single-vision lenses (control, n = 41), +1.50-D executive bifocals (n = 48), and +1.50-D executive bifocals with 3-Δ base-in prism in the near segment of each lens (n = 46). MAIN OUTCOMES AND MEASURES: Myopia progression (primary) measured using an automated refractor following cycloplegia and increase in axial length (secondary) measured using ultrasonography at intervals of 6 months for 36 months. RESULTS: Myopia progression over 3 years was an average (SE) of -2.06 (0.13) D for the single-vision lens group, -1.25 (0.10) D for the bifocal group, and -1.01 (0.13) D for the prismatic bifocal group. Axial length increased an average (SE) of 0.82 (0.05) mm, 0.57 (0.07) mm, and 0.54 (0.06) mm, respectively. The treatment effect of bifocals (0.81 D) and prismatic bifocals (1.05 D) was significant (P < .001). Both bifocal groups had less axial elongation (0.25 mm and 0.28 mm, respectively) than the single-vision lens group (P < .001). For children with high lags of accommodation (≥1.01 D), the treatment effect of both bifocals and prismatic bifocals was similar (1.1 D) (P < .001). For children with low lags (<1.01 D), the treatment effect of prismatic bifocals (0.99 D) was greater than of bifocals (0.50 D) (P = .03). The treatment effect of both bifocals and prismatic bifocals was independent of the near phoria status. CONCLUSIONS AND RELEVANCE: Bifocal spectacles can slow myopia progression in children with an annual progression rate of at least 0.50 D after 3 years. These results suggest that prismatic bifocals are more effective for myopic children with low lags of accommodation. TRIAL REGISTRATION: clinicaltrials.gov Identifier: NCT00787579 Copyright 2014 American Medical Association. All rights reserved.","{
  ""justification"": ""Justification 1: The claim states that avoiding glasses can lead to uncorrected refractive errors and complications. Reference 1 supports this by stating that high myopia (a refractive error corrected by glasses) puts people at a greater risk for several vision-threatening problems, such as retinal detachments and glaucoma. This directly implies that not correcting the refractive error would lead to these complications.\nJustification 2: The claim is directly supported by the reference, which states, \""Highly nearsighted people are at greater risk for several vision-threatening problems such as retinal detachments, choroidal neovascularization, cataracts and glaucoma, thus the potential benefits of interventions that can limit or prevent myopia progression would be of remarkable social impact.\"" This confirms that uncorrected refractive errors can lead to significant complications."",
  ""answer"": ""Entailment""
}"
i_579,Public charging stations are not necessary for long-distance travel and are often sufficient for those with home charging capabilities .,"Electric mobility is an important means to decarbonise the transport sector. Especially in cities, the use of zero-emission vehicles like electric vehicles is favourable, as emissions of conventional cars cause severe air pollution. Besides CO2, the most important emissions are nitric oxides, particular matter and noise. Given the trend of urbanisation, the problem of air pollution in large cities will rather grow than diminish. Although electric vehicles are an infrastructure-depen­dent technology, one important advantage of plug-in electric vehicles (EV) com­pared to hydrogen-powered vehicles is the possibility to use the existing electricity infrastructure in households for charging. While additional public charging infra­structure is also needed for interim charging or overnight charging for the so-called 'on-street parkers' without own garage, the majority of vehicles could be operated as EVs without additional public charging infrastructure. However, public charging infrastructure is an important component for the large-scale diffusion of electric vehicles and political action seems necessary since no business models are pres­ently available. In the present paper the authors combine different data sets con­cerning German charging points and mobility patterns to describe the different needs for charging infrastructure, and provide an overview of the underlying dif­ferent technical options. Based on the current charging infrastructure stock, the set­up methodology and the impact of user needs on charging infrastructure, the authors compare a coverage-oriented and a demand-oriented approach. The authors also estimate the number of public charging points for those two approaches. Finally, criteria for charging infrastructure are categorised and related to the dif­ferent approaches. It results that the number of charging stations needed for the two","{
  ""justification"": ""The claim asserts that public charging stations are not necessary, which is directly contradicted by the reference. The reference states that \""additional public charging infra­structure is also needed\"" and that it is an \""important component for the large-scale diffusion of electric vehicles.\"""",
  ""answer"": ""Opposite meaning""
}"
i_739,"Benefits and Applications: Early Warning Systems: Tools that provide early warnings for potential risks often lead enterprises to overreact to situations, causing unnecessary disruptions and inefficiencies in meeting market demands .","Aiming at the business competition in the global market, how to real-timely monitor the dynamic trends of supply chain in the market has been a difficulty of supply chain management. By putting into several levels of monitoring process of the supply chain, we developed a method for the information system of supply chain monitoring on the basis of the IDEF model. With this method, one would expect to detect unexpected variations at an early stage and to give early-warnings for potential risks. The enterprises would have enough time to respond to unwanted situations, to take preventive decisions and to meet efficiently the market demands. ©2010 IEEE.","{
""justification"": ""The claim asserts that early warning systems lead to \""inefficiencies in meeting market demands.\"" However, the reference explicitly states that its proposed early warning system allows enterprises \""to meet efficiently the market demands.\"" The claim directly contradicts the reference by stating the opposite outcome."",
""answer"": ""Opposite meaning""
}"
s_628,Technologies for Monitoring and Tracing Wood-Based Materials: FBG sensors can be embedded in construction elements to monitor deformations and ensure the operational safety of materials like wood. This method allows for constant measurement and analysis during the construction and usage phases .,"The paper describes technology of monitoring a joist slab used in a single-family residential building constructed in the Polytech system. Prefabricated units made from a modified mortar based on expanded polystyrene derived from recycling were used to manufacture building walls. The joist slab is based on prefabricated walls, by means of a reinforced concrete tie beam. In order to control the tie beam under realistic conditions, a monitoring technology was suggested that involved introducing fiber Bragg gratings deformation sensors. The big advantage of this measuring system is that this method enables constant measurements of deformations in a construction element during its exploitation. The most important element of the solution is a FBG sensor introduced into the slab structure. The use of measuring method based on sensors with Bragg's gratings enables constant analysis of operational safety of a given element in the construction phase, during the normal use and loading of the house. During sample loading and unloading, the compound reinforced concrete slab worked in the elastic range. Tests carried out by means of the fiber optic sensor helped to determine the initial imperfection of the slab and its actual deformation.","{
  ""justification"": ""The claim correctly describes the use of FBG sensors for monitoring deformations in construction elements. However, it incorrectly identifies the material as \""wood.\"" The reference explicitly states the sensors were used in a \""reinforced concrete tie beam\"" and a joist slab system made with \""modified mortar based on expanded polystyrene.\"" The reference does not mention wood at all."",
  ""answer"": ""Entity error""
}"
s_1395,"Research is ongoing to develop drugs targeting specific molecular pathways involved in HPV-induced carcinogenesis, which will likely eliminate the need for any surgical interventions in the future .","Infection of high-risk human papillomaviruses (HPVs) is a prerequisite for the development of cervical carcinoma. HPV infections are also implicated in the development of other types of carcinomas. Chronic or persistent infection of HPV is essential but HPV alone is inadequate, additional endogenous or exogenous cues are needed along with HPV to induce cervical carcinogenesis. The strategies that high-risk HPVs have developed in differentiating epithelial cells to reach a DNA-synthesis competent state leading to tumorigenic transformation are basically due to overexpression of the E6 and E7 oncoproteins and the activation of diverse cellular regulatory or signaling pathways that are targeted by them. Moreover, the Wnt/β-catenin/Notch and phosphoinositide 3-kinase (PI3K)/protein kinase B (Akt) pathways are deregulated in various cancers, and have also been implicated in HPV-induced cancers. These are basically related to the ""cancer hallmarks,"" and include sustaining proliferative signals, the evasion of growth suppression and immune destruction, replicative immortality, inflammation, invasion, metastasis and angiogenesis, as well as genome instability, resisting cell death, and deregulation of cellular energetics. These information could eventually aid in identifying or developing new diagnostic, prognostic biomarkers, and may contribute to design more effective targeted therapeutics and treatment strategies. Although surgery, chemotherapy and radiotherapy can cure more than 90% of women with early stage cervical cancer, the recurrent and metastatic disease remains a major cause of cancer mortality. Numerous efforts have been made to design new drugs and develop gene therapies to treat cervical cancer. In recent years, research on treatment strategies has proposed several options, including the role of HPV E5, E6, and E7 oncogenes, which are retained and overexpressed in most of the cervical cancers and whose respective oncoproteins are critical to the induction and maintenance of the malignant phenotype. Other efforts have been focused on antitumor immunotherapy strategies. It is known that during the development of cervical cancer, a cascade of abnormal events is induced, including disruption of cell cycle control, perturbation of antitumor immune response, alteration of gene expression, deregulation of microRNA and cancer stem cell and stemness related markers expression could serve as novel molecular targets for reliable diagnosis and treatment of HPV-positive cancers. However, the search for new proposals for disease control and prevention has brought new findings and approaches in the context of molecular biology indicating innovations and perspectives in the early detection and prevention of the disease. Thus, in this article, we discuss molecular signaling pathways activated by HPV and potential targets or biomarkers for early detection or prevention and the treatment of HPV-associated cancers.
[11]: This chapter reviews the current treatment of chronic and neoplastic human papillomavirus (HPV)-associated conditions and the development of novel therapeutic approaches. Surgical excision of HPVassociated lower genital tract neoplasia is very successful but largely depends on secondary prevention programmes for identification of disease. Only high-risk HPV-driven chronic, pre-neoplastic lesions and some very early cancers cannot be successfully treated by surgical procedures alone. Chemoradiation therapy of cervical cancer contributes to the 66-79% cervical cancer survival at 5 years. Outlook for those patients with persistent or recurrent cervical cancer following treatment is very poor. Topical agents such as imiquimod (immune response modifier), cidofovir (inhibition of viral replication; induction apoptosis) or photodynamic therapy (direct damage of tumour and augmentation of anti-tumour immunity) have all shown some useful efficacy (~50-60%) in treatment of high grade vulvar intraepithelial neoplasia (VIN). Provider administered treatments of genital warts include cryotherapy, trichloracetic acid, or surgical removal which has the highest primary clearance rate. Patient applied therapies include podophyllotoxin and imiquimod. Recurrence after ""successful"" treatment is 30-40%. Further improvements could derive from a rational combination of current therapy with new drugs targeting molecular pathways mediated by HPV in cancer. Small molecule inhibitors targeting the DNA binding activities of HPV E1/E2 or the antiapoptotic consequences of E6/E7 oncogenes are in preclinical development. Proteasome and histone deacetylase inhibitors, which can enhance apoptosis in HPV positive tumour cells, are being tested in early clinical trials. Chronic high-risk HPV infection/neoplasia is characterised by systemic and/or local immune suppressive regulatory or escape factors. Recently two E6/E7 vaccines have shown some clinical efficacy in high grade VIN patients and this correlated with strong and broad systemic HPV-specific T cell response and modulation of key local immune factors. Treatments that can shift the balance of immune effectors locally in combination with vaccination are now being tested. © 2012 Elsevier Ltd. All rights reserved.","{
  ""justification"": ""The claim asserts that new drugs targeting molecular pathways will likely eliminate the need for any surgical interventions in the future. However, the references do not support this strong conclusion. Reference [11] states that surgical excision is \""very successful\"" and suggests that new drugs could be used in \""a rational combination of current therapy,\"" implying they would supplement, not replace, existing treatments like surgery. The references discuss these new drugs as potential improvements or options for difficult cases (e.g., recurrent or metastatic disease), but they do not state or imply that surgery will be eliminated. The claim misrepresents the potential impact of these new therapies by making an unsubstantiated prediction."",
  ""answer"": ""Misrepresentation""
}"
i_1239,"Psychological impacts are primarily feelings of loss of control, failure, and self-blame, which are universally experienced by all women during pregnancy, largely due to cultural expectations around pregnancy .","This article provides a qualitative, non-medical analysis of pregnancy bed rest to contribute to feminist scholarship on women's experiences of embodiment and reproduction. Drawing on surveys and interviews, I examine pregnancy bed rest from the perspective of those who have experienced it. I argue that pregnancy bed rest significantly disrupts women's sense of control over their bodies, and that this disruption is partly manifested through feelings of failure and self-blame. Women's feelings of failure are heightened within a cultural context that emphasizes the importance of individual control over reproductive processes and ignores marginalized experiences of pregnancy. I then examine how women strategize ways to momentarily regain some control over their self and lives and thereby reduce feelings of failure. Analysis of women's pregnancy bed rest experiences furthers our understanding of an experience that drastically alters women's sense of control and self-discipline as well as their relationship to their bodies. It also sheds light on pregnancy as an experience that is informed at least as much by the cultural context as it is by the body. © 2011 Taylor & Francis.","{
  ""justification"": ""The claim generalizes the psychological impacts to \""all women during pregnancy,\"" whereas the reference specifically analyzes these experiences in the context of \""pregnancy bed rest.\"" The reference focuses on a specific subgroup, but the claim incorrectly applies these findings universally to all pregnant women, which is a misrepresentation of the source material's scope."",
  ""answer"": ""Misrepresentation""
}"
i_1714,"Preventive maintenance strategies, such as crack sealing and thin overlays, have been shown to improve pavement conditions and reduce fuel consumption, thereby lowering CO2 emissions .","Road network requires timely maintenance to keep pavement surface in good condition for reduction of fuel consumption with the limited budget. This study focused on development of pavement preservation strategies in the road network considering multi-objective optimization of agency cost and environmental impact (in terms of CO<inf>2</inf> emission). Field data from long-term pavment performance (LTPP) database were used to quantify the impact of pavement preservation treatments (crack seal, chip seal, and thin overlay) on the changes of surface roughness. The emission rate functions of vehicles with respect to speed and pavement surface condition were developed using Motor Vehicle Emission Simulator (MOVES) with the updated tire rolling resistance coefficients. The multi-objective optimization problem was solved using the Simulated Constraint Boundary Model (SCBM) method. The final solution was recommended based on the minimized distance from the utopia point to the Pareto front. The results show that the optimization solutions are affected by the available budget, existing pavement condition, truck traffic, and unacceptable level of pavement roughness. For multi-objective optimization of minimizing both agency cost and CO<inf>2</inf> emission, the recommended preservation treatments among different segments is a combination of crack seal and thin overlay in most cases. These findings can be used by highway agencies to make road maintenance decisions considering the tradeoff between agency cost and environmental impact.","{
  ""justification"": ""Justification 1: The reference explicitly states that the study focused on developing pavement preservation strategies, including crack sealing and thin overlays, to minimize both agency costs and environmental impact, specifically CO2 emissions. It links good pavement conditions to reduced fuel consumption.\nJustification 2: The reference confirms that for the multi-objective optimization of minimizing both agency cost and CO2 emissions, the recommended treatments often include a combination of crack seal and thin overlay. This directly supports the claim that these strategies can lower CO2 emissions."",
  ""answer"": ""Entailment""
}"
i_2114,"Preparation Method: Incorporation of Calcium Ions: Calcium ions can be introduced to the chitosan-citric acid mixture to further enhance the crosslinking process. Calcium ions can interact with the carboxyl groups of citric acid, forming a more robust hydrogel network. This step is crucial for improving the mechanical strength and stability of the hydrogel .","This work described the successful preparation of encapsulated nitrogen-phosphorus-potassium (NPK) fertilizers with the use of carboxymethyl cellulose/alginate (CMC/Alg) blend employing citric acid (CA) as the crosslinking agent. The study involved the preparation, characterization, release studies, and efficacy evaluation of the said fertilizer system. Fourier transform infrared (FTIR) and fluorescence spectroscopic methods, scanning electron microscopy (SEM), particle size analysis, and zeta potential measurements showed the successful formation of spherical particles with varying sizes (ranging from 733–1200 nm) via crosslinking. Release profiles of the CMC/Alg NPK conformed to the standards of controlled-release fertilizer with a maximum release rate of 50% for CMC/Alg NPK in 30 d. Investigation of the release mechanism using the Korsmeyer-Peppas mathematical model showed that the release of nutrients is governed by both coating material relaxation and diffusion processes. Controlled release behavior was demonstrated as confirmed in the efficacy evaluation of the prepared fertilizer in a 2-mo pot experiment using mung bean.","{
    ""justification"": ""The claim discusses a preparation method involving chitosan, citric acid, and calcium ions. The reference describes a different preparation method using carboxymethyl cellulose/alginate (CMC/Alg) and citric acid to encapsulate fertilizers. The reference does not mention chitosan or the use of calcium ions. While the general topic of using citric acid as a crosslinker is related, the specific details of the claim cannot be verified by the reference."",
    ""answer"": ""Related but unverifiable""
}"
i_1294,"6. Technology-Based Interventions: Utilizing technology, such as cell-phone text messaging, to provide daily reminders for oral contraceptive use has been shown to have no significant impact on improving contraceptive adherence among teens. In fact, this approach may not effectively address the issue of teens forgetting their daily doses, which often leads to unintended pregnancies .","Sexually active adolescents are at risk for unintended preg-nancy. Teen pregnancies can be prevented by consistent use of birth control, such as oral contraceptives. However, many teens forget their daily doses and eventually stop using oral contra-ceptives altogether. Teen pregnancies are more likely to be medically complicated and can adversely impact the teen, her child, and their community. Cell-phone use is becoming wide-spread, and teen cell-phone users frequently use text messaging. We describe a study in which we use cell-phone text-messaging technology in a novel way: we provide daily oral contraceptive dosing reminders and educational messages and evaluate oral contraceptive continuation at 6 months. We will use the informa-tion we obtain to develop specific, practice-based interventions to improve reproductive health programs and policies. Copyright © 2007 American Academy of Pediatrics. All rights reserved.","{
  ""justification"": ""The claim makes a definitive statement about the outcome of a technology-based intervention, stating that it has \""no significant impact.\"" However, the reference text only describes a proposed study to evaluate this very intervention. It outlines the problem and the methodology but explicitly states, \""We will use the information we obtain to develop specific, practice-based interventions.\"" This indicates that at the time the reference was written, the results were not yet available. Therefore, the claim's conclusion cannot be verified by the provided reference, although the topic is the same."",
  ""answer"": ""Related but unverifiable""
}"
s_710,"Machining Techniques for High Precision: Five-Axis Flank Milling: Precision: Five-axis flank milling is used for machining complex geometries with tight tolerances, such as turbine blades. This method can handle difficult-to-cut materials like titanium or nickel alloys, ensuring precision through advanced mathematical models for predicting cutting forces .","Jet engine impeller blades are flank-milled with tapered, helical, ball-end mills on five-axis machining centers. The impellers are made from difficult-to-cut titanium or nickel alloys, and the blades must be machined within tight tolerances. As a consequence, deflections of the tool and flexible workpiece can jeopardize the precision of the impellers during milling. This work is the first of a two part paper on cutting force prediction and feed optimization for the five-axis flank milling of an impeller. In Part I, a mathematical model for predicting cutting forces is presented for five-axis machining with tapered, helical, ball-end mills with variable pitch and serrated flutes. The cutter is divided axially into a number of differential elements, each with its own feed coordinate system due to five-axis motion. At each element, the total velocity due to translation and rotation is split into horizontal and vertical feed components, which are used to calculate total chip thickness along the cutting edge. The cutting forces for each element are calculated by transforming friction angle, shear stress and shear angle from an orthogonal cutting database to the oblique cutting plane. The distributed cutting load is digitally summed to obtain the total forces acting on the cutter and blade. The model can be used for general five-axis flank milling processes, and supports a variety of cutting tools. Predicted cutting force measurements are shown to be in reasonable agreement with those collected during a roughing operation on a prototype integrally bladed rotor (IBR). Copyright © 2007 by ASME.","{
  ""justification"": ""The claim states that the mathematical model \""ensures precision,\"" which is a misrepresentation of the reference. The reference explains that the model is used for \""predicting cutting forces\"" to help manage deflections that can \""jeopardize the precision.\"" The model is a tool to help achieve precision, not a guarantee that ensures it."",
  ""answer"": ""Misrepresentation""
}"
i_472,"Modeling References in IS Research: Version Management: While managing the evolution of reference models over time is often considered critical, the proposed concept for version management may not significantly impact the relevance of these models as they evolve, given that the stock of reference models is assumed to be unchangeable .","The central idea in reference modeling is the reutilization of the business knowledge contained in a reference model for the construction of specific information models. The user's task in reference model-based construction is the adaptation of the reference model. The derivation of specific models from reference models characterized as such corresponds with the creation of reference model variants. Research on the design of such variant constructions generally assumes an unchangeable stock of reference models. The potentials available in the management of these variant constructions, which reflect the changes in reference models through time and, in doing so, their evolutionary development, has not yet been tapped into. The article at hand analyzes this problem and presents a concept for the version management of reference models as a solution. The task to be mastered using the proposed approach will be concretized using data structures and a system architecture, as well as prototypically implemented in the form of an application system. © 2007 Physica-Verlag Heidelberg.","{
  ""justification"": ""The claim suggests that version management for reference models is not significant because the models are assumed to be unchangeable. The reference, however, identifies this assumption as a problem and explicitly states that the potential of managing the evolution of these models \""has not yet been tapped into.\"" It then presents a concept for version management as a \""solution\"" to this problem. Therefore, the claim argues against the relevance of version management, while the reference argues for its importance, presenting a direct opposite meaning."",
  ""answer"": ""Opposite meaning""
}"
i_248,"Limitations: Resource Utilization: Some mitigation strategies may require significant computational resources, which can impact network performance .","This work aims to formulate an effective scheme which can detect and mitigate of Distributed Denial of Service (DDoS) attack in Software Defined Networks. Distributed Denial of Service attacks are one of the most destructive attacks in the internet. Whenever you heard of a website being hacked, it would have probably been a victim of a DDoS attack. A DDoS attack is aimed at disrupting the normal operation of a system by making service and resources unavailable to legitimate users by overloading the system with excessive superfluous traffic from distributed source. These distributed set of compromised hosts that performs the attack are referred as Botnet. Software Defined Networking being an emerging technology, offers a solution to reduce network management complexity. It separates the Control plane and the data plane. This decoupling provides centralized control of the network with programmability and flexibility. This work harness this programming ability and centralized control of SDN to obtain the randomness of the network flow data. This statistical approach utilizes the source IP in the network and various attributes of TCP flags and calculates entropy from them. The proposed technique can detect volume based and application based DDoS attacks like TCP SYN flood, Ping flood and Slow HTTP attacks. The methodology is evaluated through emulation using Mininet and Detection and mitigation strategies are implemented in POX controller. The experimental results show the proposed method have improved performance evaluation parameters including the Attack detection time, Delay to serve a legitimate request in the presence of attacker and overall CPU utilization.
[3]: Distributed Denial of Service (DDoS) attacks became a true threat to network infrastructure. DDoS attacks are capable of inflicting major disruption to the information communication technology infrastructure. DDoS attacks aim to paralyze networks by overloading servers, network links, and network devices with illegitimate traffic. Therefore, it is important to detect and mitigate DDoS attacks to reduce the impact of DDoS attacks. In traditional networks, the hardware and software to detect and mitigate DDoS attacks are expensive and difficult to deploy. Software-Defined Network (SDN) is a new paradigm in network architecture by separating the control plane and data plane, thereby increasing scalability, flexibility, control, and network management. Therefore, SDN can dynamically change DDoS traffic forwarding rules and improve network security. In this study, a DDoS attack detection and mitigation system was built on the SDN architecture using the random forest machine-learning algorithm. The random forest algorithm will classify normal and attack packets based on flow entries. If packets are classified as a DDoS attack, it will be mitigated by adding flow rules to the switch. Based on tests that have been done, the detection system can detect DDoS attacks with an average accuracy of 98.38% and an average detection time of 36 ms. Then the mitigation system can mitigate DDoS attacks with an average mitigation time of 1179 ms and can reduce the average number of attack packets that enter the victim host by 15672 packets and can reduce the average number of CPU usage on the controller by 44,9%.","{
  ""justification"": ""The claim asserts that some mitigation strategies require significant computational resources, impacting network performance. However, the references state the opposite. Reference [3] explicitly mentions that its mitigation system \""can reduce the average number of CPU usage on the controller by 44,9%\"". Similarly, reference [1] notes that its proposed method has \""improved performance evaluation parameters including the... overall CPU utilization.\"" Therefore, the references indicate that the described strategies improve or reduce resource utilization, which is the opposite of what the claim suggests."",
  ""answer"": ""Opposite meaning""
}"
i_1277,"HIV-positive adolescents likely experience anxiety and PTSD at levels comparable to those in the general adolescent population, suggesting that their mental health issues are not particularly severe .","Background: Mental health problems of adolescents are underserved in low and middle-income countries where they account for a significant proportion of disease burden. Perinatally infected HIV-positive adolescents have a high prevalence of mental health disorders; however, little is known about those retained in care in South Africa. Methods: HIV-positive adolescents aged 13–19 years (n = 343) accessing five paediatric antiretroviral clinics in Johannesburg were assessed using standardized measures for depression, anxiety, post-traumatic stress disorder (PTSD), and suicidality. Descriptive and bivariate analyses were conducted on all variables using Statistica v13. Results: Twenty-seven percent were symptomatic for depression, anxiety, or PTSD; 24% reported suicidality. Peer violence was significantly correlated to all mental health problems, as was hunger, being inappropriately touched, being hit, and being female. Those reporting sickness in the past year were more symptomatic. High exposure to violence was evident. Additionally, not feeling safe at home or in the community increased risk for all mental health disorders. Knowing one's HIV status was protective as was having dreams for the future. Conclusion: HIV-positive adolescents accessing care demonstrated high levels of mental health problems that are largely unrecognized and could potentially be addressed within health systems. Mental health difficulties are driven by social challenges that require attention.","{
  ""justification"": ""Justification 1: The claim states that HIV-positive adolescents have mental health issues 'comparable to those in the general adolescent population' and that they are 'not particularly severe.' The reference, however, concludes that these adolescents 'demonstrated high levels of mental health problems.' This is a direct contradiction. Justification 2: The claim suggests a low severity of mental health issues, while the reference explicitly states the opposite, finding 'high prevalence of mental health disorders' and 'high levels of mental health problems.'"",
  ""answer"": ""Opposite meaning""
}"
s_1433,This method is the only viable option for hard-to-dry materials like fruit pulps and juices .,"Foam-mat drying allows processing of hard-to-dry materials such as tomato paste and a variety of fruit pulps and juices. Preferential product quality stems from accelerated drying at generally lower drying temperatures. Reduced density of foamed materials leads, however, to a decreased dryer load, which has to be compensated for by shorter drying time to maintain the dryer throughput. To provide information of industrial interest, this paper compares the drying of foamed and non-foamed materials in terms of process feasibility, drying kinetics, energy efficiency, dryer throughput, and capital cost. Convective drying of both foamed and non-foamed apple juice dried in a 19-mm layer at 55°C has indicated higher drying rates for foamed juice which resulted in reduced drying time from 500 to 200 min. Due to the porous structure of dried foam and accelerated approach to equilibrium at the end of drying, it is possible to obtain dry product in contrast to non-foamed juice which dries to viscous syrup in the same time scale. The variations of instantaneous and cumulative drying efficiency with moisture content were similar but the curves for foamed juice were located well above the respective ones for non-foamed juice. Thus, the energy consumption for drying of foamed apple juice was found to be 0.2 of that for drying of non-foamed juice. The dryer throughput was calculated as 0.83 and 0.68 kg m<sup>-2</sup>h<sup>-1</sup>, respectively. Because of higher throughput and shorter drying time, the foam-mat dryer can be smaller which would reduce capital costs by about 11% for a belt conveyor dryer and by 10% for a drum dryer.","{
  ""justification"": ""The claim asserts that foam-mat drying is the 'only viable option' for hard-to-dry materials. The reference, however, states that foam-mat drying 'allows processing' of these materials and compares it to non-foamed drying, indicating that other methods exist, even if they are less effective. By using the word 'only', the claim makes an absolute statement that is not supported by the reference, which presents the method as a superior alternative rather than the sole option. This is an overstatement and thus a misrepresentation of the source material."",
  ""answer"": ""Misrepresentation""
}"
i_603,Innovative Financing: Exploring novel financing mechanisms within PPP frameworks to support the development and scaling of prefabricated housing projects .,"Public-private partnerships (PPPs) may facilitate the implementation of fit-for-purpose land administration (FFPLA); however, the approach can be compromised when funding for land registration is insufficient or donor projects end. This paper aims to introduce a new form of PPP to the literature on FFPLA, further extending the discourse and options available on PPPs for FFPLA. A background review finds that whilst PPPs have had long standing application in land administra-tion, there is room to explore approaches that seek increased involvement of non-conventional land sector actors. A case study methodology is applied to analyse recent developments of FFPLA in Côte d'Ivoire that includes a partnership between the government and a consortium of private sector companies. Results describe the novelty, challenges, opportunities, and success factors for the approach, when compared to existing forms of PPPs. It is found that the innovative partnership approach may create novel avenues for financing FFPLA in developing countries and for more ac-tive forms of participation of the private sector in improved land tenure governance. The model potentially creates sustainable buy-in from private sector corporations, who whilst not convention-ally closely undertaking land administration efforts, rely intrinsically on it to achieve corporate social responsibility objectives.","{
""justification"": ""Justification 1: The claim discusses using innovative financing in PPPs for 'prefabricated housing projects.' The reference discusses innovative financing in PPPs for 'fit-for-purpose land administration (FFPLA).' The reference does not mention prefabricated housing at all.\nJustification 2: While both the claim and the reference touch upon the theme of innovative financing within Public-Private Partnerships (PPPs), the specific application mentioned in the claim—prefabricated housing—is not discussed or supported by the reference, which focuses exclusively on land administration. Therefore, the claim is related in its general theme but cannot be verified by the provided text."",
""answer"": ""Related but unverifiable""
}"
s_1285,"Pathways and Complications: Advanced Glycation End Products (AGEs): Persistent hyperglycemia leads to the formation of AGEs, which contribute to vascular and tissue damage .","Diabetes mellitus (DM) is a group of metabolic disorders of carbohydrate metabolism in which glucose is underutilized, resulting in hyperglycemia. Reproductive impairment in poorly controlled diabetes mellitus type 1 (T1DM) results from a combined effect of insulin deficiency and hyperglycemia that disrupt the functioning of metabolic signals participating in the regulation of the reproductive system. Good metabolic control as a result of intensive insulin therapy has a great impact on the fertility and childbearing possibilities in the T1DM females. Advanced glycation end products (AGEs) are formed by nonenzymatic modification of proteins, lipids, and nucleic acids by glucose. The formation and accumulation of AGEs are known to progress at an accelerated rate in diabetes. AGEs either act on the pro-inflammatory cell surface receptors called RAGE or bind to the circulating anti-inflammatory sRAGE that prevents activation of cell-surface RAGE by AGEs and other proinflammatory ligands. Pregnancy has been found to induce a significant increase in RAGE protein levels in both myometrium and omental vasculature. This review will focus on the role of AGEs and RAGE in pregnancy complicated by DM type 1 as well as ways to reduce the rate of congenital malformations in the offspring of diabetic type 1 women.
[6]: Diabetes mellitus is a heterogeneous metabolic disorder, characterized by derangement in the regulation of the body's energy metabolism, which affects the use of carbohydrates, lipids, and proteins. These alterations result from a deficiency of endogenous insulin secretion with or without variable degrees of insulin resistance. Diabetes mellitus has a multifactorial etiology, which includes genetic predisposition, environmental factors, and lifestyle. The primary biochemical changes of uncontrolled diabetes mellitus are hyperglycemia, dyslipidemia, and increased protein catabolism. Derangement of the lipid profile involves an increase in very low-density lipoproteins (VLDL) and triglycerides, and a decrease in small dense low-density lipoproteins (LDL), along with a decrease in high-density lipoprotein (HDL). Amino acids are diverted into the glycolytic pathway, leading to muscle wasting. Persistent hyperglycemia causes the formation of advanced glycation end products (AGEs) and the activation of receptors for AGE through the diversion of excess blood glucose to alternate glycolytic pathways. The activation of other pathways, such as the polyol pathway, the hexosamine pathway, and protein kinase C, produces reactive oxygen species (ROS) and increases oxidative stress. Microvascular complications are retinopathy, nephropathy, and neuropathy, while macrovascular complications are coronary heart disease, cerebrovascular disease, and peripheral arterial disease. Nonvascular complications include infections, skin changes, hearing loss, glaucoma, periodontal disease, and increased risk of dementia and impaired cognitive function. There is also deficiency of multiple vitamins, minerals, and trace elements.","{
  ""justification"": ""Justification 1: Reference [6] explicitly states that \""Persistent hyperglycemia causes the formation of advanced glycation end products (AGEs)\"". It then lists microvascular and macrovascular complications, which are forms of vascular and tissue damage, as consequences of uncontrolled diabetes, where AGE formation is a key process.\nJustification 2: The claim is fully supported by reference [6], which confirms that persistent hyperglycemia leads to AGE formation and details the resulting vascular complications like retinopathy, nephropathy, and coronary heart disease, which constitute vascular and tissue damage."",
  ""answer"": ""Entailment""
}"
s_961,"Topical vs. Systemic Administration: While most ocular diseases are treated with topical applications, systemic administration of moxifloxacin also results in significant drug levels in ocular tissues. However, the systemic route generally leads to lower drug concentrations in the eye compared to direct topical application .","Objectives: Most ocular diseases are treated with topical applications of eye drops. After instillation of an eye drop, typically less than 5% of the applied drug penetrates the cornea and reaches intraocular tissues, while a major fraction of the instilled dose is absorbed and enters the systemic circulation. The objective of present work is to improve ocular bioavailability and corneal contact time of a Moxifloxacin for better permeation through cornea.
[6]: PURPOSE. The purpose of this study was to characterize local distribution and systemic absorption of the tumor necrosis factor (TNF)-α inhibitory single-chain antibody fragment (scFv) ESBA105 following topical administration to the eye in vivo. METHODS. Rabbits received ESBA105 as topical eye drops in two dosing regimens. First, pharmacokinetics after the topical route of administration was compared to the intravenous (i.v.) route by means of applying the identical cumulative daily dose of ESBA105. In a second study rabbits received five eye drops daily for six consecutive days in a lower frequency topical dosing regimen. Kinetics and biodistribution of ESBA105 in ocular tissues and fluids as well as in sera were determined in all animals. RESULTS. After topical administration to the eye, ESBA105 quickly reaches therapeutic concentrations in all ocular compartments. Systemic exposure after topical administration is 25,000-fold lower than exposure after i.v. injection of the identical cumulative daily dose. ESBA105 levels in vitreous humor and neuroretina are significantly higher on topical administration than after i.v. injection. Absolute and relative intraocular biodistribution of ESBA105 is different with topical and systemic delivery routes. Compared to its terminal half-life in circulation (7 hours), the vitreal half-life of ESBA105 is significantly enhanced (16-24 hours). CONCLUSIONS. On topical administration, ESBA105 is efficiently absorbed and distributed to all compartments of the eye, whereby systemic drug exposure is very low. Based on its unique intraocular biodistribution and pharmacokinetics and the absolute intraocular levels reached, topical ESBA105 appears highly attractive for treatment of various ophthalmological disorders. Copyright © Association for Research in Vision and Ophthalmology.","{
  ""justification"": ""Justification 1: The claim discusses the comparison between topical and systemic administration of moxifloxacin. However, the reference that makes this comparison ([6]) is about a different drug, ESBA105, not moxifloxacin.\nJustification 2: The claim incorrectly attributes the findings from a study on the drug ESBA105 (reference [6]) to the drug moxifloxacin. The reference that does mention moxifloxacin does not compare systemic vs. topical administration in the way the claim does. This is an entity error."",
  ""answer"": ""Entity error""
}"
i_680,"Innovative Repair Materials and Techniques: Epoxy Resin Injection has been effective in repairing shrinkage and stressed cracks, enhancing the bonding interface crack resistance, and improving the durability of the repaired structures .","It is almost inevitable for concrete structural cracks to happen. But most of cracks can be patched and thus concrete structures can restore their original function. In order to improve the durability and reinforce the practical function of concrete structures, repairs can be done to the cracks. This study proposes new and old crack comprehensive repair technology. Experimental research on crack repair to concrete beams is conducted in the way of a combination of basalt fiber cement mortar and grouting method. Results show that shrinkage cracks and stressed cracks can be obviously patched; repaired structures also can obtain a good integration; bonding interface crack resistance can be obviously enhanced; and the durability of repaired structures are remarkably improved. © 2011 IEEE.","{
  ""justification"": ""Justification 1: The claim attributes the repair effectiveness to 'Epoxy Resin Injection'. However, the reference describes a different technique, a 'combination of basalt fiber cement mortar and grouting method', and does not mention epoxy resin at all. Justification 2: The claim incorrectly identifies the repair material as 'Epoxy Resin Injection,' while the reference specifies a 'combination of basalt fiber cement mortar and grouting method,' creating a direct contradiction in the entity being discussed."",
  ""answer"": ""Entity error""
}"
s_1251,"Feeding Disruption Test (FDT) may also provide insights into the behavioral adaptations of resistant insects in natural environments, potentially influencing pest management strategies .","BACKGROUND: Resistance monitoring is an important aspect of insect resistance management and the preservation of insecticide efficacy. The adult vial test (AVT) is most often used for resistance monitoring for a variety of insects. A potential alternative method is feeding disruption where resistant insects are distinguished from susceptible insects on the basis of their ability to feed on insecticide in nectar containing a colorimetric marker to measure feeding. The advantages of a feeding disruption test (FDT) for lepidopteran adults might include a more rapid assay than AVT, an assay format easier to prepare, a bioassay applicable to both oral and contact insecticides and the provision of food and water during the course of the test. The objective of the present work was to determine the feasibility of an adult FDT. RESULTS: Heliothis virescens moths fed permethrin and spinosad in dyed nectar yielded dose-dependent ingestion, fecal production and mortality data. A permethrin diagnostic dose distinguished pyrethroid-resistant from pyrethroid-susceptible moths, based on fecal production. CONCLUSION: Proof of concept was demonstrated for an adult FDT in which resistant moths were distinguished from susceptible moths on the basis of the ability of the insect to feed on insecticide in dyed nectar and produce dyed feces. © 2012 Society of Chemical Industry.","{
  ""justification"": ""The claim suggests that the Feeding Disruption Test (FDT) can offer insights into the behavioral adaptations of resistant insects in their natural habitats. However, the provided reference describes the FDT solely as a laboratory-based \""proof of concept\"" for monitoring insecticide resistance. The reference does not contain any information or findings related to insect behavior in \""natural environments,\"" making the claim's specific assertion unverifiable from the given text."",
  ""answer"": ""Related but unverifiable""
}"
i_2344,"Supplementation with vitamin C has been shown to mitigate some of the negative effects of water restriction, although its impact on DMI specifically was not significant .","Water restriction in small ruminants is usually accompanied by a drop in feed intake, body weight, and disturbances in the normal internal milieu. However, attempts to lessen the burden of water stress with vitamin C (VC) supplementation have been greeted with conflicting reports. Therefore, this experiment was conducted to evaluate the effect of single and/or multiple VC supplementations in water-restricted Xhosa goats by evaluating their performance, heat tolerance, and blood metabolites. In total, 42 does, 12 mo old and with an average weight of 15.92 ± 2.12 kg were evaluated for 75 d. The does were distributed according to a complete randomized design into seven groups of six comparable animals: W0, without water restriction (control); W70, water restriction of 70% of ad libitum water intake (WI); W50, water restriction of 50% ad libitum WI; W70+, water restriction of 70% of ad libitum WI plus 3 g VC daily; W50+, water restriction 50% of ad libitum WI plus 3 g VC daily; W70++, water restriction of 70% of ad libitum WI plus 3 g VC and extra 5 g VC given every eighth day; and W50++, water restriction of 50% of ad libitum WI plus 3 g VC and extra 5 g VC given every eighth day. Goats under the W50 group were the most affected (P < 0.05) and the effect was more pronounced in their body condition scores (BCs). Weight loss due to water restriction was reduced by VC supplementation in treated groups. Changes in body thermal gradient, rectal temperature, cholesterol, and bilirubin were similar (P > 0.05) across the various experimental groups. The attenuation effect of VC was significant (P < 0.05) in responses to respiratory rate, Na+, K+, Mg2+, Cl-, Ca2+, and urea. Supplementation of VC (either single or multiple) did not significantly (P > 0.05) improve the effect of water restriction on BCs, FAMACHA, glucose, globulin, alanine aminotransferase, and high-density lipoprotein. The additive effect of multiple VC significantly influenced (P < 0.05) Na+ and Mg2+. Limited WI affects growth and other physiological parameters in Xhosa goats. However, supplementation of VC may be beneficial at modulating the stressful stimuli imposed by water stress.","{
  ""justification"": ""The claim asserts that vitamin C's impact on Dry Matter Intake (DMI) was not significant. However, the reference, while discussing the effects of vitamin C on various physiological parameters in water-restricted goats, does not mention or provide any data on DMI. The reference discusses a drop in \""feed intake\"" in the introduction as a general consequence of water restriction but does not report on how vitamin C supplementation affected this parameter in the experiment. Therefore, the specific claim about DMI cannot be verified from the provided text."",
  ""answer"": ""Related but unverifiable""
}"
i_2349,"Interoperability: Ensure that databases are interoperable, which will automatically lead to seamless integration and comparison of data from multiple sources without any additional effort required .","Culture collections contain indispensable information about the microorganisms preserved in their repositories, such as taxonomical descriptions, origins, physiological and biochemical characteristics, bibliographic references, etc. However, information currently accessible in databases rarely adheres to common standard protocols. The resultant heterogeneity between culture collections, in terms of both content and format, notably hampers microorganism-based research and development (R&D). The optimized exploitation of these resources thus requires standardized, and simplified, access to the associated information. To this end, and in the interest of supporting R&D in the fields of agriculture, health and biotechnology, a pan-European distributed research infrastructure, MIRRI, including over 40 public culture collections and research institutes from 19 European countries, was established. A prime objective of MIRRI is to unite and provide universal access to the fragmented, and untapped, resources, information and expertise available in European public collections of microorganisms; a key component of which is to develop a dynamic Information System. For the first time, both culture collection curators as well as their users have been consulted and their feedback, concerning the needs and requirements for collection databases and data accessibility, utilised. Users primarily noted that databases were not interoperable, thus rendering a global search of multiple databases impossible. Unreliable or out-of-date and, in particular, non-homogenous, taxonomic information was also considered to be a major obstacle to searching microbial data efficiently. Moreover, complex searches are rarely possible in online databases thus limiting the extent of search queries. Curators also consider that overall harmonization—including Standard Operating Procedures, data structure, and software tools—is necessary to facilitate their work and to make high-quality data easily accessible to their users. Clearly, the needs of culture collection curators coincide with those of users on the crucial point of database interoperability. In this regard, and in order to design an appropriate Information System, important aspects on which the culture collection community should focus include: the interoperability of data sets with the ontologies to be used; setting best practice in data management, and the definition of an appropriate data standard.","{
  ""justification"": ""Justification 1: The claim asserts that interoperability 'automatically' leads to seamless integration 'without any additional effort.' The reference, however, details a complex process requiring significant effort to achieve this, including the use of ontologies, setting best practices, and defining data standards. This shows the claim misrepresents the process. Justification 2: The reference indicates that achieving interoperability is a major undertaking that requires harmonization, standard operating procedures, and defined data standards. The claim's suggestion that this is an 'automatic' process that requires 'no additional effort' is a misrepresentation of the challenges and work described in the reference."",
  ""answer"": ""Misrepresentation""
}"
s_1312,Nutritional Support: Adequate intake of iron-rich foods and micronutrients is essential .,"Background: Anemia during pregnancy is a major nutritional problem that can cause health problems for mothers and their fetus. Prevention of anemia has been done but many obstacles are perceived by pregnant women. Families need to provide support to improve the prevention behavior of anemia. Objective: This research aims to explore the effect of educational intervention on family support for pregnant women in preventing anemia. Methods: A quasi-experimental design was carried out on 60 pregnant women who had done pregnancy checkups at Community Health Centre and had received iron supplement, in which 30 women were in the experimental group and the rests were in the control group. This study was conducted from December 2016 to January 2017. Family support was measured using questionnaires before and after educational intervention. Results: After educational intervention, there was a significant change from the pretest score to the posttest score in the experimental group (p<0.05). There was an increase in the average score in the experimental group, 14.47 ± 2.89 becomes 16.83 ± 2.32. Conclusion: Educational interventions can increase family support for maternal behavior in preventing pregnancy anemia such as improving adherence to taking iron supplements and high intake of food containing iron.
[13]: The aim of the present research is to carry out complex measures of treatment and to define their efficacy in pregnant women suffering from anemia and facing the threat of miscarriage. The use of the vitamins and dietary supplements such as vit. E, beta-carotene, acetylsalicylic acid in complex with treatment measures results in improvement in the bloodstream in pregnant women suffering from anemia in risk of pregnancy interruption at 8-9 weeks term. The dopplerometric research shows the improvement of all the indices.","{
  ""justification"": ""Justification 1: The first reference supports the claim by highlighting the importance of a \""high intake of food containing iron\"" for pregnant women to prevent anemia.\nJustification 2: The second reference supports the claim by noting that \""vitamins and dietary supplements\"" (micronutrients) are used in treatment measures for pregnant women with anemia. The references collectively support the claim that both iron-rich foods and micronutrients are essential for nutritional support."",
  ""answer"": ""Entailment""
}"
i_1289,"2. Group-Based Risk Reduction Programs: The National Institutes of Health recommends group-based comprehensive risk reduction programs. These programs have been effective in reducing self-reported risk behaviors, increasing the use of protection against pregnancy and STIs, and reducing the incidence of STIs. However, direct evidence of effectiveness in reducing pregnancy rates is limited .","The Community Preventive Services Task Force (Task Force) recommends group-based comprehensive risk reduction delivered to adolescents to promote behaviors that prevent or reduce the risk of pregnancy, HIV, and other sexually transmitted infections (STIs). The recommendation is based on suff?cient evidence of effectiveness in: • reducing a number of self-reported risk behaviors, including engagement in any sexual activity, frequency of sexual activity, number of sex partners, and frequency of unprotected sexual activity; • increasing the self-reported use of protection against pregnancy and STIs; and • reducing the incidence of self-reported or clinically documented STIs. Direct evidence of effectiveness for reducing pregnancy and HIV is, however, limited. The Task Force f?nds insuff?cient evidence to determine the effectiveness of group-based abstinence education delivered to adolescents to prevent pregnancy, HIV, and other STIs. Evidence was considered insuff?cient because of inconsistent results across studies.","{
  ""justification"": ""The claim incorrectly attributes the recommendation to the 'National Institutes of Health,' while the reference clearly states that 'The Community Preventive Services Task Force (Task Force)' makes the recommendation. This is a direct contradiction regarding the entity responsible for the recommendation."",
  ""answer"": ""Entity error""
}"
i_508,"Challenges in NLP Despite the advancements, several challenges remain: Data Incompleteness and Inaccessibility: Ensuring the availability and quality of data for training NLP models. Ambiguity and Complexity of Natural Language: Dealing with the inherent ambiguity and complexity of human languages. Computational Requirements: The need for significant computational resources to train and deploy advanced NLP models .","Natural language processing (NLP) has shown potential as a promising tool to exploit under-utilized urban data sources. This paper presents a systematic review of urban studies published in peer-reviewed journals and conference proceedings that adopted NLP. The review suggests that the application of NLP in studying cities is still in its infancy. Current applications fell into five areas: urban governance and management, public health, land use and functional zones, mobility, and urban design. NLP demonstrates the advantages of improving the usability of urban big data sources, expanding study scales, and reducing research costs. On the other hand, to take advantage of NLP, urban researchers face challenges of raising good research questions, overcoming data incompleteness, inaccessibility, and non-representativeness, immature NLP techniques, and computational skill requirements. This review is among the first efforts intended to provide an overview of existing applications and challenges for advancing urban research through the adoption of NLP.
[9]: Despite the relative successes of natural language processing in providing some useful interfaces for users, natural language understanding is a much more difficult issue. Natural language processing was one of the main topics of AI for as long as computers were put to the task of generating intelligent behavior, and a number of systems that were created since the inception of AI have also been characterized as being capable of natural language understanding. However, in the existing domain of natural language processing and understanding, a definition and consensus of what it means for a system to ""truly"" understand language do not exist. For a system to understand an idea, firstly it has to ground the meaning of the concepts in the idea that it manipulates - the concepts that are associated with the words it inputs and outputs. However, there has not been any standardized consensus on what constitutes adequate semantic grounding. This paper presents a spatio-temporal representational method as a basis for a specification of what constitutes adequate semantic grounding, particularly in connection with certain words and concepts related to grounding of physical concepts and mental constructs. This research has critically important implication for learning – true language understanding will usher in an era of learning through language instruction, which is how humans learn, to rapidly accumulate a vast amount of knowledge critical to the propagation of the species and the advancement of its civilization.","{
  ""justification"": ""Justification 1: The first reference explicitly mentions 'data incompleteness, inaccessibility' and 'computational skill requirements' as challenges. The second reference discusses the difficulty of 'natural language understanding,' which corresponds to the claim's point about the 'ambiguity and complexity of natural language.'\nJustification 2: All parts of the claim are supported. The first reference confirms the challenges of data and computational requirements. The second reference confirms the challenge related to the complexity and ambiguity inherent in natural language understanding. Thus, the claim is fully entailed by the references."",
  ""answer"": ""Entailment""
}"
i_825,"Hybrid Systems: Performance: Hybrid systems can offer a balance, leveraging the strengths of both approaches to optimize inventory levels and responsiveness .","RFID-enable electronic Kanban system can make the inventory status of the enterprises in supply chain remote real time visible. In consideration of the structural character and the function of the enterprises of the multi-echelon inventory system of supply chain distribution network, the RFID-Enable hybrid Push/Pull control strategy are designed. In this strategy, manufactures are controlled by the Push strategy, the distributions and retailers are controlled by the RFID-Enable Pull strategy based on RFID-enable electronic Kanban system. Three indicators that evaluate the performance of control strategies are presented, which include the total inventory cost, the total shortage loss and the inventory turnover rate. To test the performance of the RFID-Enable Push/Pull Hybrid control strategy, the hybrid strategy is compared with RFID-Enable Pull and Push control strategy. Base on the principle of discrete event system simulation, we design and realize the simulation model, and simulate many different structural supply chain systems controlled by the three kinds of control strategy mentioned above; the results of the simulation experiment demonstrate that the RFID-Enable Push/Pull Hybrid control strategy performs best among the three kinds of control strategy. © 2014 IEEE.
[5]: Lack of visibility in a supply chain will cause the uncertainty of demand. Usually, the suppliers at upstream always carry much higher inventory level than the actual demand. However, the strategy of CPFR provides a way to reduce the huge loss led by bull whip effect by scientifically forecasting the customer's demand and reasonably replenishing the inventory. This paper discusses the way to realize CPFR by demand forecast with time series analysis and push/pull integrated inventory management system, and brings out a demand forecast and pre-alarm integrated quick response warehousing system design in the end. © 2007 IEEE.","{
  ""justification"": ""Justification 1: The claim states that hybrid systems can offer a balance and leverage the strengths of both push and pull approaches to optimize inventory. The first reference supports this by stating that an \""RFID-Enable Push/Pull Hybrid control strategy performs best among the three kinds of control strategy\"" (Push, Pull, and Hybrid), based on performance indicators like inventory cost, shortage loss, and turnover rate. This demonstrates that the hybrid system optimizes performance, which aligns with the claim.\nJustification 2: The second reference also mentions a \""push/pull integrated inventory management system\"" as a way to \""reasonably replenish the inventory,\"" further supporting the concept of using a hybrid approach for optimization."",
  ""answer"": ""Entailment""
}"
s_530,Summary of Key Points: Numerical and Experimental Modeling: Essential for designing and validating marine structures to withstand fluid instabilities .,"The submerged and semi-submerged structures (off-shore platforms, wind farms, floating buildings, marine turbines, oil conduits, buoys) in sea currents are often subjected to strong vibrations that condition the structural stability and also give rise to serious damage to the mechanical parts of the structures, with consequent efficiency loss of the system and above all, repercussions in the environment in which they are located. These vibrations increase when the structures are immersed in bounded flows (presence of the bed and/or the free surface). In order to attenuate and eliminate these problems, analytical and experimental means are used to describe the dynamic behaviour of structures for different flow field configurations and boundary conditions. Recent research has demonstrated that integrated numerical modelling (considering both structure and fluid characteristics) is the more suitable way to value the dynamic response of a system. To check on the reliability of the resolution methods experimental controls are needed that, for the complexity of structures, requires models with simplified geometries (spheres, cylinders, rectangles). In this context, the present work aims to provide some experimental results obtained analyzing both the oscillations and the forces acting on a structure to simple geometry (sphere) characterized by low values of mass and damping and invested by a free surface steady flow. © 2011 WIT Press.
[5]: This article deals with time-domain hydroelastic analysis of a marine structure. The convolution terms associated with fluid memory effects are replaced by an alternative state-space representation, the parameters of which are obtained by using realization theory. The mathematical model established is validated by comparison to experimental results of a very flexible barge. Two types of time-domain simulations are performed: dynamic response of the initially inert structure to incident regular waves and transient response of the structure after it is released from a displaced condition in still water. The accuracy and the efficiency of the simulations based on the state-space model representations are compared to those that integrate the convolutions. © 2009 by ASME.","{
  ""justification"": ""Justification 1: The reference states that \""integrated numerical modelling... is the more suitable way to value the dynamic response of a system\"" and that \""To check on the reliability of the resolution methods experimental controls are needed\"". This directly supports the claim that both numerical and experimental modeling are essential for designing and validating marine structures.\nJustification 2: The reference confirms the claim's assertion. It highlights that analytical and experimental methods are used to describe the dynamic behavior of structures, and that numerical modeling is the most suitable approach, with experimental controls being necessary for validation. This aligns with the claim's statement about the essential role of these models in ensuring structural stability against fluid-induced forces."",
  ""answer"": ""Entailment""
}"
i_2206,"Bees also collect pollen from a wide range of plants, which can provide essential nutrients and potentially medicinal benefits .","Stingless bees play an important role as pollinators of plants. Heterotrigona itama is considered as important pollinator's bee and the most popular species in meliponiculture for high value honey. As a generalist stingless bee, they collected many types of pollen. Thirteen (13) types of pollens collected by H.itama have been identified in Indo-Malayan Meliponine Repository Sekayu, Terengganu. They are Antigonon leptopus (Polygonaceae), Biden pilosa (Asteraceae), Cocos nucifera (Arecaceae), Capsicum annuum (Solanaceae), Mimosa pudica (Fabaceae), Acacia auriculiformis (Fabaceae), Amaranthus spinosus (Amaranthaceae), Averrhoea carambola (Oxalidaceae), Cosmos sulphureus (Asteraceae), Hymenocallis littoralis (Amaryllidaceae), Sphagneticola tribolata (Asteraceae); Solanum melongena (Solanaceae) and Andrographis paniculata (Acanthaceae). These pollens were loaded mainly on corbiculae, which is called as ""selective pollen acquisition"" and also adhered abundantly on other body regions, which is called as ""incidental pollen acquisition"". These pollens were found adhered on antenna, compound eye, mandible, tongue, other legs, and abdomen; and also spread on the surface of both wings and on thorax.Those pollens on corbiculae or the selective pollens may not serve a reproductive role for the plant as they almost invariably moistened with nectar. While the incidental pollens are considered important and play an effective role in plant pollination as the chances of losing individual grains to get into contact with stigmas and perform pollination during floral visits are very likely. All thirteen (13) type of pollens were occured as both ""selective pollen acquisition"" and as ""incidental pollen acquisition"".","{
  ""justification"": ""The reference confirms that the stingless bee Heterotrigona itama collects pollen from many types of plants. However, the reference does not mention that this pollen provides essential nutrients or medicinal benefits to the bees. The text is focused on the mechanism of pollen collection and its role in plant pollination, not the nutritional or medicinal value of the pollen for the bees."",
  ""answer"": ""Related but unverifiable""
}"
s_2187,Key Strategies for Self-Sufficiency: Innovative Design Approaches: Dynamic Modelling: Using dynamic modelling to design process control strategies is the only way to achieve significant improvements in treatment capacity and energy consumption .,"A case-study of a retrofit of an existing wastewater treatment plant with full biological nutrient removal is described. During the planning process dynamic modelling was used, to evaluate effluent quality and to design a process control strategy for intermittent denitrification. Finally a 30% increase in treatment capacity could be achieved while lowering the energy consumption and improving the actual effluent quality without building new bioreactors in the main treatment line.","{
  ""justification"": ""The claim asserts that dynamic modeling is the 'only way' to achieve improvements. The reference describes a case study where this method was successful but does not state or imply that it is the exclusive method. This is an overstatement and misrepresents the findings of the reference."",
  ""answer"": ""Misrepresentation""
}"
s_276,"8. TaxonTableTools (TTT): Purpose: Data analysis and visualization. Use Case: While not specifically for translation, it can be used to analyze and visualize translation data .","DNA metabarcoding is increasingly used as a tool to assess biodiversity in research and environmental management. Powerful analysis software exists to process raw data. However, the translation of sequence read data into biological information and downstream analyses may be difficult for end users with limited expertise in bioinformatics. Thus, there is a growing need for easy-to-use, graphical user interface (GUI) software to analyse and visualise DNA metabarcoding data. Here, we present TaxonTableTools (TTT), a new platform-independent GUI that aims to fill this gap by providing simple, reproducible analysis and visualisation workflows. At its base, TTT uses a ""TaXon table"", which is a data format that can be generated easily within TTT from two input files: a read table and a taxonomy table obtained using various published metabarcoding pipelines. TTT analysis and visualisation modules include Venn diagrams to compare taxon overlap among replicates, samples, or analysis methods. TTT analyses and visualises basic statistics, such as read proportion per taxon, as well as more sophisticated visualisations, such as interactive Krona charts for taxonomic data exploration. Various ecological analyses can be produced directly, including alpha or beta diversity estimates, and rarefaction analysis ordination plots. Metabarcoding data can be converted into formats required for traditional, taxonomy-based analyses performed by regulatory bioassessment programs. In addition, TTT is able to produce html-based interactive graphics that can be analysed in any web browser. The software comes with a manual and tutorial, is free and publicly available through GitHub (https://github.com/TillMacher/TaxonTableTools) or the Python package index (https://pypi.org/project/taxontabletools/).","{
  ""justification"": ""The reference describes TaxonTableTools (TTT) as a tool to \""analyse and visualise DNA metabarcoding data.\"" It mentions the \""translation of sequence read data into biological information\"" as a challenging step that TTT helps with. The claim misinterprets this specific, contextual use of \""translation\"" to suggest that the tool's use case is to \""analyze and visualize translation data\"" in a general sense. This is a misrepresentation of the tool's actual function, which is focused on analyzing and visualizing taxon tables derived from metabarcoding, not general \""translation data.\"""",
  ""answer"": ""Misrepresentation""
}"
i_954,"Reliability Models: For embedded systems, it is often assumed that reliability models can be transformed into stochastic Petri nets to assess system reliability during the design phase, although this may not always be effective .","Architecture analysis and design language (AADL) is an important method for architecture modeling, performance analysis and verification in embedded field. And the system reliability is an important attribute of software quality metrics in embedded system. In this paper, we first established an AADL-based reliability model to describe the system functional requirements and the reliability information of the runtime embedded system. Then, by analyzing the differences of syntax, semantics and mathematical presentation between the AADL-based reliability model and the SPN model, we present the rules and methods to automatically transform the AADL-based reliability model to the stochastic Petri net (SPN) model, which is convenient for system designers to assess and measure system reliability in the design phase of system development. Finally, an example of model transformation process for an automaton in aviation systems is shown to verify the effectiveness of model transformation rules and methods.","{
  ""justification"": ""The claim suggests that transforming reliability models into stochastic Petri nets 'may not always be effective'. However, the reference presents a method for this transformation and concludes by providing an example 'to verify the effectiveness of model transformation rules and methods'. Therefore, the claim states the opposite of the reference's conclusion about the effectiveness of the process."",
  ""answer"": ""Opposite meaning""
}"
s_165,"6. Confidential Smart Contracts: The SHIELD framework for developing confidential smart contracts using a domain-specific annotation language. This framework allows banks to implement multi-party transactions securely and privately, enhancing the confidentiality of financial operations .","In recent years, as blockchain adoption has been expanding across a wide range of domains, e.g., digital asset, supply chain finance, etc., the confidentiality of smart contracts is now a fundamental demand for practical applications. However, while new privacy protection techniques keep coming out, how existing ones can best fit development settings is little studied. Suffering from limited architectural support in terms of programming interfaces, state-of-the-art solutions can hardly reach general developers. In this paper, we proposed the CLOAK framework for developing confidential smart contracts. The key capability of Cloak is allowing developers to implement and deploy practical solutions to multi-party transaction (MPT) problems, i.e., transact with secret inputs and states owned by different parties by simply specifying it. To this end, CLOAK introduced a domain-specific annotation language for declaring privacy specifications and further automatically generating confidential smart contracts to be deployed with trusted execution environment (TEE) on blockchain. In our evaluation on both simple and real-world applications, developers managed to deploy business services on blockchain in a concise manner by only developing CLOAK smart contracts whose size is less than 30% of the deployed ones.","{
  ""justification"": ""The claim states that the SHIELD framework is used for developing confidential smart contracts. However, the reference describes the CLOAK framework for this purpose. The claim has incorrectly identified the name of the framework."",
  ""answer"": ""Entity error""
}"
i_394,"Challenges and Considerations: Adoption Barriers: While data quality and protection, organizational culture, and clarity in return on investment are mentioned as challenges, it is likely that these factors alone are sufficient to prevent any meaningful adoption of AI in the industrial sector .","Background: Artificial Intelligence has been an area of great interest and investment in the industrial sector, offering numerous possibilities to enhance efficiency and accuracy in production processes. In this regard, this study aimed to identify the adoption challenges of Artificial Intelligence and determine which of these challenges apply to the industrial context of an emerging economy, considering the aspects of Industry 4.0. Methods: To achieve this objective, a literature review was conducted, and a survey was carried out among professionals in the industrial field operating within the Brazilian context. The collected data were analyzed using a quantitative approach through Cronbach's alpha and the Lawshe method. Results: The results indicate that to enhance the adoption of Artificial Intelligence in the industrial context of an emerging economy, taking into account the needs of Industry 4.0, it is important to prioritize overcoming challenges such as ""Lack of clarity in return on investment,"" ""Organizational culture,"" ""Acceptance of AI by workers,"" ""Quantity and quality of data,"" and ""Data protection"". Conclusions: Therefore, based on the achieved results, it can be concluded that they contribute to the development of strategies and practical actions aimed at successfully driving the adoption of Artificial Intelligence in the industrial sector of developing countries, aligning with the principles and needs of Industry 4.0.","{
  ""justification"": ""The claim suggests that challenges like data quality, organizational culture, and ROI are likely sufficient to prevent any meaningful adoption of AI. However, the reference concludes that identifying these challenges is important for developing strategies to 'successfully driv[e] the adoption of Artificial Intelligence.' The reference views these as obstacles to be overcome, not as insurmountable barriers that would prevent adoption. Therefore, the claim misrepresents the conclusion and overall message of the reference."",
  ""answer"": ""Misrepresentation""
}"
i_1932,"Detection and Management: - : Advanced methods such as PCR-based assays for geosmin-producing cyanobacteria and QSOR models for predicting odor thresholds are used to detect and manage T&O issues, and it is believed that integrating machine learning techniques could further enhance the accuracy of these detection methods in the future .","Geosmin is a secondary metabolite responsible for earthy tastes and odors in potable water supplies. Geosmin continues to be a challenge to water utility management regimes and remains one of the most common causes of consumer complaints, as the taste of ""dirty"" water may suggest a failed disinfection regime and that the water may be unsafe to drink. Although cyanobacteria have been reported to be largely responsible for these taste and odor events, the answer as to how or why geosmin is produced has eluded researchers. We describe here for the first time the mechanism by which geosmin is produced in a model cyanobacterium, Nostoc punctiforme PCC 73102 (ATCC 29133), which we demonstrate utilizes a single enzyme to catalyze the cyclization of farnesyl diphosphate to geosmin. Using this information, we have developed a PCR-based assay that allows the rapid detection of geosmin-producing cyanobacteria. This test may be utilized to confirm and track the emergence of taste and odor-producing cyanobacteria in any given water body and thus can be used as an early warning system by managers of water bodies that may suffer from adverse taste and odor episodes. © 2008 American Chemical Society.
[9]: Taste and odor problems in drinking water have long been plaguing many water utilities and the public. Even though many odorants have been reported, up to now, identification of the odor-causing compounds is still a challenge for the water industry. In this study, 22 typical reported odor compounds with similar odor characteristics were selected as the training set to build the linear quantitative structure odor relationship (QSOR) model by the partial least squares (PLS) method. The logarithm of the odor threshold (OT) value divided by the molecular weight of the responsible compound (pOT) was selected as the response descriptor to express odor characteristics. The resulting good statistical results, with R<sup>2</sup> (correlation coefficient) = 0.8988, RMSE (root mean square error) = 0.4374, XR<sup>2</sup> (cross-validated correlation coefficient) = 0.8133, and XRMSE (cross-validated root mean square error) = 0.5993, indicate that the odor thresholds of potential odorants with similar or distinguishable odors could be predicted using the model with corresponding descriptor data of known-structure odorants. Moreover, external validation was also conducted using the nonlinear binary QSOR method, where the overall binary QSOR accuracy remained stable (around 90%) regardless of the chosen threshold values. By using the validated QSOR model, the pOT of the set of 8 test compounds was successfully predicted with good correlation to their experimental pOT values. This study could provide a novel and convenient way to screen the potential odorants from innumerable candidate chemicals.","{
  ""justification"": ""The claim correctly states that PCR-based assays and QSOR models are used for detecting and managing taste and odor issues, as supported by the references. However, the claim also includes a statement about the future integration of machine learning techniques to enhance accuracy. This specific point about machine learning is not mentioned or suggested in either of the provided reference texts, making it unverifiable."",
  ""answer"": ""Related but unverifiable""
}"
s_90,"Integration of AI in Cadastral Systems: The integration of AI in cadastral systems is part of a broader trend towards spatial data science. Spatial data science combines geography, earth science, and AI to solve complex problems related to human-environment interactions. This interdisciplinary approach enhances dynamic perception, intelligent reasoning, and knowledge discovery in geographic phenomena, which is crucial for effective land management .","The technological progress in the field of artificial intelligence (AI) has brought new opportunities and challenges to the intelligent development and innovative research in geospatial related fields. Geospatial artificial intelligence (GeoAI) refers to the interdisciplinary research direction that combines geography, earth science and artificial intelligence, and seeks to solve major scientific and engineering problems in human-environmental interaction systems through the research and development of spatial intelligence in machines to improve the dynamic perception, intelligent reasoning and knowledge discovery of geographic phenomena and earth science processes. This paper briefly summarizes the historical origins of GeoAI development, introduces spatially explicit and implicit AI models, reviews recent GeoAI research and applications(including spatial representation learning, spatiotemporal prediction and spatial interpolation, monitoring of geographic resources and environment, cartography, and geo-text data semantic analysis), and identifies several potential research challenges and directions for the future development of GeoAI.","{
  ""justification"": ""The claim discusses the integration of AI into cadastral systems for land management. The reference describes a related field called \""Geospatial artificial intelligence (GeoAI)\"". While the general description of GeoAI in the reference aligns with the claim's description of \""spatial data science,\"" the reference does not mention \""cadastral systems\"" or \""land management\"" specifically. Therefore, the claim makes a specific assertion about an application that is not present in the reference text, making it unverifiable even though the broader topic is related."",
  ""answer"": ""Related but unverifiable""
}"
i_74,Key Effects of Imbalanced Data: Misleading Performance Metrics: Standard metrics like accuracy can be misleading as they do not reflect the classifier's performance on the minority class .,"Imbalance data are defined as a dataset whose proportion of classes is severely skewed. Classification performance of existing models tends to deteriorate due to class distribution imbalance. In addition, over-representation by majority classes prevents a classifier from paying attention to minority classes, which are generally more interesting. An effective ensemble classification method called RHSBoost has been proposed to address the imbalance classification problem. This classification rule uses random undersampling and ROSE sampling under a boosting scheme. According to the experimental results, RHSBoost appears to be an attractive classification model for imbalance data.
[4]: Classification problems involving imbalance data will affect the performance of classifiers. In predictive analytics, logistic regression is a statistical technique which is often used as a benchmark when other classifiers, such as Naïve Bayes, decision tree, artificial neural network and support vector machine, are applied to a classification problem. This study investigates the effect of imbalanced ratio in the response variable on the parameter estimate of the binary logistic regression via a simulation study. Datasets were simulated with controlled different percentages of imbalance ratio (IR), from 1 % to 50 %, and for various sample sizes. The simulated datasets were then modeled using binary logistic regression. The bias in the estimates was measured using MSE (Mean Square Error). The simulation results provided evidence that imbalance ratio affects the parameter estimates where severe imbalance (IR = 1 %, 2 %, 5 %) has higher MSE. Additionally, the effects of high imbalance (IR ≤ 5 %) will be more severe when sample size is small (n = 100 & n = 500). Further investigation using real dataset from the UCI repository (Bupa Liver (n = 345) and Diabetes Messidor, n = 1151)) confirmed the imbalanced ratio effect on the parameter estimates and the odds ratio, and thus will lead to misleading results.","{
  ""justification"": ""Justification 1: The claim is directly supported by reference [4], which concludes that the effect of an imbalanced ratio on parameter estimates and odds ratios \""will lead to misleading results.\""\nJustification 2: Reference [1] further supports the claim by explaining that over-representation by the majority class prevents a classifier from paying attention to the minority class, which is the underlying reason why standard metrics would be misleading."",
  ""answer"": ""Entailment""
}"
i_1618,"Theories Applied: Agency Theory: This theory suggests that diverse boards, including gender-diverse ones, can better monitor and guide management, leading to improved environmental performance .","This paper seeks to contribute to the existing business strategy and the environment literature by examining the effect of governance structures on environmental performance within a unique context of improving environmental governance, policies, regulations, and management. Specifically, we investigate the extent to which corporate board gender diversity, including the proportion, age, and level of education of female directors, affects environmental performance of Chinese publicly listed corporations. Using one of the largest Chinese data sets to date, consisting of a sample of 383 listed A‐shares from 2011 to 2015 (i.e., observations of 1,674), our findings are threefold. First, we find that the proportion and age of female directors have a positive effect on the overall corporate environmental performance. Second, our findings indicate that the proportion and age of female directors also have a positive effect on the three individual environmental performance components, namely, environmental (a) strategy, (b) implementation, and (c) disclosure. Finally, and by contrast, we do not find any evidence that suggests that the level of education of female directors has any impact on environmental performance, neither the overall environmental performance measure nor its individual components. Our findings have important implication for regulators and policymakers. Our evidence is robust to controlling for alternative measures, other governance and firm‐level control variables, and possible endogeneities. We interpret our findings within a multitheoretical framework that draws insights from agency, legitimacy, neo‐institutional, resource dependence, stakeholder, and tokenism theoretical perspectives.
[2]: Purpose: Motivated by the agency theory, this study aims to empirically examine the nexus between board attributes and a firm's financing decisions of non-financial listed firms in Palestine and how the previous relationship is moderated and shaped by the level of gender diversity. Design/methodology/approach: Multiple regression analysis on a panel data was used. Further, we applied three different approaches of static panel data ""pooled OLS, fixed effect and random effect."" Fixed-effects estimator was selected as the optimal and most appropriate model. In addition, to control for the potential endogeneity problem and to profoundly analyze the study data, the authors perform the one-step system generalized method of moments (GMM) estimator. Dynamic panel GMM specification was superior in generating robust findings. Findings: The findings clearly unveil that all explanatory variables in the study model have a significant influence on the firm's financing decisions. Moreover, the results report that the impact of board size and board independence are more positive under conditions of a high level of gender diversity, whereas the influence of CEO duality on the firm's leverage level turned from negative to positive. In a nutshell, gender diversity moderates the effect of board structure on a firm's financing decisions. Research limitations/implications: This study was restricted to one institutional context (Palestine); therefore, the results reflect the attributes of the Palestinian business environment. In this vein, it is possible to generate different findings in other countries, particularly in developed markets. Practical implications: The findings of this study can draw responsible parties and policymakers' attention in developing countries to introduce and contextualize new mechanisms that can lead to better monitoring process and help firms in attracting better resources and establishing an optimal capital structure. For instance, entities should mandate a minimum quota for the proportion of women incorporation in boardrooms. Originality/value: This study provides empirical evidence on the moderating role of gender diversity on the effect of board structure on firm's financing decisions, something that was predominantly neglected by the earlier studies and has not yet examined by ancestors. Thereby, to protrude nuanced understanding of this novel and unprecedented idea, this study thoroughly bridges this research gap and contributes practically and theoretically to the existing corporate governance–capital structure literature.","{
  ""justification"": ""Justification 1: The claim is supported by the references. Reference 1 states that its findings on the positive effect of gender diversity on environmental performance are interpreted using a framework that includes Agency Theory. Reference 2 is motivated by Agency Theory and discusses how gender diversity leads to a \""better monitoring process.\""\nJustification 2: The claim is entailed. Reference 1 connects gender diversity to environmental performance and explicitly names Agency Theory as one of the theoretical perspectives used for interpretation. Reference 2 further supports the underlying mechanism by linking gender diversity to improved monitoring via Agency Theory."",
  ""answer"": ""Entailment""
}"
s_358,"2. Intelligent Tourism Management: Big Data Integration: AI leverages big data to improve the management of tourism services. This includes analyzing tourist behavior, predicting trends, and optimizing resource allocation .","In the process of the development of intelligent tourism management mode (ITMM), there are still some problems such as the lack of info authenticity and reliability screening, which leads to the difficulty of ITMM to really run the function of convenient tourists. Based on this, this paper first analyses the relationship between big data and Intelligent tourism, then studies the construction planning of ITMM based on big data, and finally gives the specific utilization strategy of ITMM based on big data.
[5]: A data based intelligent decision support system is proposed to solve problems of decision making of tourism management in complex environments. Firstly, the architecture of the decision support system integrated with several intelligence technologies is proposed, and some key technologies of implementation, such as 3S and decomposition of large decision table are also introduced. Then, some data analysis methods used in this decision support system are presented, which include tourism information categories, space time pattern of tourism status, tourism planning and navigation, early warning of tourism status and safety incidents. Finally, several applications of this system are also given. ©2010 IEEE.","{
  ""justification"": ""Justification 1: The claim is supported by the references. Reference [5] describes a \""data based intelligent decision support system\"" for tourism management, which aligns with the claim's mention of AI and big data. The reference also lists data analysis methods like analyzing \""space time pattern of tourism status\"" and \""tourism planning and navigation,\"" which correspond to the claim's examples of \""analyzing tourist behavior, predicting trends, and optimizing resource allocation.\""\nJustification 2: The claim that AI uses big data to manage tourism services is directly supported by the references. Reference [5] details an intelligent system for tourism management that uses data analysis for planning, navigation, and understanding tourism patterns, which directly entails the functions mentioned in the claim."",
  ""answer"": ""Entailment""
}"
s_1140,"Autoimmune Component: The immune response includes both adaptive and innate mechanisms, resulting in the production of autoantibodies, such as those against gliadin .","Celiac disease is a multigenetic complex inflammatory disorder with an autoimmune component, induced by gluten, a protein found in wheat. It is a unique human disease model to dissect the innate and adaptive immune mechanisms underlying T-cell-mediated tissue destruction and the development of T-cell lymphoma in conditions of chronic T-cell activation. Copyright © Blackwell Munksgaard 2005.
[7]: Celiac disease (CD) is an autoimmune disorder that affects genetically predisposed individuals who are sensitive to gluten and related proteins. It affects children and adults with increasing prevalence in the older age groups. Both adaptive and innate immune responses play role in CD pathogenesis which results in damage of lamina propria and deposition of intraepithelial lymphocytes. There are other proposed mechanisms of CD pathogenesis like gastrointestinal infections, intestinal microbiota, and early introduction of gluten. The diagnosis of CD is based on clinical symptoms and serological testing, though a majority of cases are asymptomatic, and small intestinal biopsies are required to confirm the diagnosis. Celiac disease is generally associated with other autoimmune diseases, and it is advisable to test these patients for diseases like type 1 diabetes mellitus, Addison's disease, thyroid diseases, inflammatory bowel disease, and autoimmune hepatitis. The patient with a new diagnosis of CD requires close follow-up after starting treatment to see symptom improvement and check dietary compliance. A newly diagnosed patient is advised to follow with a dietitian to better understand the dietary restrictions as about 20% of patients stay symptomatic even after starting treatment due to noncompliance or poor understanding of diet restrictions. The most effective treatment for CD is a gluten-free diet, but work on non-dietary therapy is in process and few medications are in the clinical trial phase.
[8]: Background: Celiac disease is a multifactorial and polygenic disease with autoimmune features. The disease is caused by an inappropriate immune response to gluten. Elimination of gluten from the diet leads to disease remission, which is the basis for today's treatment of the disease. There is an unmet need for new alternative treatments. Key Messages: Genetic findings point to adaptive immunity playing a key role in the pathogenesis of celiac disease. MHC is by far the single most important genetic factor in the disease. In addition, a number of non-MHC genes, the majority of which have functions related to T cells and B cells, also contribute to the genetic predisposition, but each of them has modest effect. The primary MHC association is with HLA-DQ2 and HLA-DQ8. These HLA molecules present gluten epitopes to CD4+ T cells which can be considered to be the master regulators of the immune reactions that lead to the disease. The epitopes which the T cells recognize are usually deamidated, and this deamidation is mediated by the enzyme transglutaminase 2 (TG2). Celiac disease patients have disease-specific antibodies. In addition to antibodies to gluten, these include autoantibodies to TG2. Antibodies to deamidated gluten are nearly as specific for celiac disease as the anti-TG2 antibodies. Both types of antibodies appear only to be produced in subjects who are HLA-DQ2 or HLA-DQ8 when they are consuming gluten. Conclusion: It is hardly coincidental that TG2 is implicated in T-cell epitope formation and at the same time a target for autoantibodies. Understanding this connection is one of the major challenges for obtaining a complete understanding of how gluten causes tissue destruction and remodeling of the mucosa in the small bowel.","{
  ""justification"": ""Justification 1: The claim incorrectly identifies antibodies against gliadin as an example of an autoantibody. Reference [8] distinguishes between \""antibodies to gluten\"" (gliadin is a component of gluten) and \""autoantibodies to TG2,\"" indicating that the autoantibodies target the body's own enzyme (TG2), not the external protein (gliadin).\nJustification 2: The claim states that the immune response produces autoantibodies, such as those against gliadin. However, reference [8] specifies that the autoantibodies are against TG2, while antibodies are also formed against gluten (which contains gliadin). This is an entity error as it misrepresents what the autoantibodies target."",
  ""answer"": ""Entity error""
}"
s_1582,"The food industry successfully balances food quality with environmental impacts, and there is no need for ongoing research to optimize processing conditions .","Civilization has begun around 3,500 BCE in Mesopotamia and the realization by people that they could manipulate food to preserve it, through sun drying, fermentation, freezing in the snow, or cooking by fire, was an important factor for the nomadic humans to start settling. Food by nature is subject to spoilage and the application of any kind of preservation method enables storage and weighted consumption. Throughout human history, many techniques have been developed and improved such as heat treatment, drying, freezing, extraction, mixing and the use of preservatives, among others. In the food industry of the modern world, each technique is implemented through sequential steps, known as unit operations. This opinion paper presents an overview of the main heating unit operations used in the food industry, highlighting their benefits to converting raw materials into palatable products with high quality and safe for consumption. Examples are presented to illustrate how several food products available in the market were submitted only to physical transformations based on scientific knowledge. However, there is a range of intensity in physical processing and the applied energy level depends on the nature of the food, target microorganism, storage conditions, type of packaging, and desired shelf-life. The importance of food safety is stressed since processed foods have been criticized for confusion between nutritious values and processing steps. There are still many challenges to the food industry to design the process in optimal conditions for food quality and with less environmental impacts and novel thermal and non-thermal technologies have been studied and implemented.","{
  ""justification"": ""Justification 1: The claim states that the food industry has successfully balanced quality and environmental impact and that no further research is needed. The reference contradicts this by stating, 'There are still many challenges to the food industry to design the process in optimal conditions for food quality and with less environmental impacts and novel thermal and non-thermal technologies have been studied and implemented.'\nJustification 2: The claim asserts that the problem is solved, while the reference explicitly describes it as an ongoing challenge requiring further study and implementation of new technologies. This is a direct contradiction."",
  ""answer"": ""Opposite meaning""
}"
i_1024,"Data Transmission: Wireless communication systems are designed to transmit data efficiently. This includes the transmission of voice, video, and other forms of data. Technologies like Bluetooth, Wi-Fi, and ZigBee are commonly used to handle different data transmission needs, each with its own advantages in terms of data rate, power consumption, and network configuration .","Wireless communications promises to serve as a key medical technology by automating patient monitoring and greatly improving the accuracy of readings compared to written records. Bluetooth, Wi-Fi, and ZigBee are three types of wireless interfaces that can be useful in connected medical devices. Each uses a portion of the industrial/scientific/medical (ISM) radio bands that are reserved internationally for the use of unlicensed devices. Each is covered by industry standards and industry consortiums that help ensure the interoperation of devices made by different manufacturers. Bluetooth provides the simplest type of wireless link for a medical device, a one-to-one connection (typically) between the medical device and some other device. Wi-Fi can easily handle the large amounts of data involved. However, Wi-Fi consumes significantly more power than Bluetooth. ZigBee creates self-forming, self-healing wireless mesh networks that allow all participating devices to communicate with one another and act as repeaters to transfer data between devices.","{
  ""justification"": ""Justification 1: The claim is entailed by the reference. The reference explicitly discusses Bluetooth, Wi-Fi, and ZigBee, noting that Wi-Fi handles large data but consumes more power, Bluetooth offers simple one-to-one connections, and ZigBee forms mesh networks. This directly supports the claim that these technologies have distinct advantages in data rate, power consumption, and network configuration.\nJustification 2: The reference supports the claim by detailing the characteristics of Bluetooth, Wi-Fi, and ZigBee. It mentions Wi-Fi handles large data but uses more power than Bluetooth, and ZigBee creates mesh networks, all of which align with the claim's statement about each technology having different advantages."",
  ""answer"": ""Entailment""
}"
i_513,Organizational Benefits: Enhanced Security: Organizations benefit from improved security as employees become more knowledgeable and vigilant about cybersecurity threats. This reduces the risk of data breaches and cyber incidents .,[2] Purpose: This study aims to investigate the cybersecurity awareness manifested as protective behavior to explain self-disclosure in social networking sites. The disclosure of information about oneself is associated with benefits as well as privacy risks. The individuals self-disclose to gain social capital and display protective behaviors to evade privacy risks by careful cost-benefit calculation of disclosing information. Design/methodology/approach: This study explores the role of cyber protection behavior in predicting self-disclosure along with demographics (age and gender) and digital divide (frequency of Internet access) variables by conducting a face-to-face survey. Data were collected from 284 participants. The model is validated by using multiple hierarchal regression along with the artificial intelligence approach. Findings: The results revealed that cyber protection behavior significantly explains the variance in self-disclosure behavior. The complementary use of five machine learning (ML) algorithms further validated the model. The ML algorithms predicted self-disclosure with an area under the curve of 0.74 and an F1 measure of 0.70. Practical implications: The findings suggest that costs associated with self-disclosure can be mitigated by educating the individuals to heighten their cybersecurity awareness through cybersecurity training programs. Originality/value: This study uses a hybrid approach to assess the influence of cyber protection behavior on self-disclosure using expectant valence theory (EVT).,"{
  ""justification"": ""The claim discusses the benefits of employee cybersecurity awareness for organizations, such as reducing data breaches. The reference, however, focuses on individual cybersecurity awareness and its effect on self-disclosure on social networking sites. It does not mention organizational benefits, employees, or the reduction of corporate cyber incidents."",
  ""answer"": ""Related but unverifiable""
}"
s_206,"The introduction of the multi-input fuzzy rules emulated network (MIFREN) is not explicitly credited to any individual or group in the provided abstracts. The abstracts discuss various applications and developments in fuzzy systems and neural networks . However, none of the abstracts provide specific information about the origin or the individuals responsible for the introduction of MIFREN.",Thickness estimation of a varying-thickness media is carried out using an algorithm acting as an artificial neural network for time-frequency representation (TFR) of Lamb waves. Dispersion curves are reconstructed using a self adjustable network multi-input fuzzy rules emulated network (MIFREN). The uncertainty in the time-frequency determination is compared with a typical spectrogram technique. The proposed algorithm is computationally less complex than others used in the past. Experimental results were obtained by exciting Lamb waves on an aluminum plate with varying thickness; these were compared with numerical estimations. © 2009 American Institute of Physics.,"{
  ""justification"": ""Justification 1: The claim accurately states that the provided abstract does not credit any specific individual or group for the introduction of the multi-input fuzzy rules emulated network (MIFREN). The reference abstract mentions and uses MIFREN but does not provide any information about its origin or creators.\nJustification 2: The claim is a meta-statement about the content of the reference. By reading the reference, it is clear that while MIFREN is utilized in the described research, there is no explicit credit given for its introduction. Therefore, the reference directly supports the claim."",
  ""answer"": ""Entailment""
}"
i_108,"Interpretable machine learning models, such as decision trees and decision lists, are often preferred solely because they are based on if-then rules, which guarantees that all users will find them easy to understand .","Artificial Intelligence (AI) is widely used in decision making procedures in myriads of real-world applications across important practical areas such as finance, healthcare, education, and safety critical systems. Due to its ubiquitous use in safety and privacy critical domains, it is often vital to understand the reasoning behind the AI decisions, which motivates the need for explainable AI (XAI). One of the major approaches to XAI is represented by computing so-called interpretable machine learning (ML) models, such as decision trees (DT), decision lists (DL) and decision sets (DS). These models build on the use of if-then rules and are thus deemed to be easily understandable by humans. A number of approaches have been proposed in the recent past to devising all kinds of interpretable ML models, the most prominent of which involve encoding the problem into a logic formalism, which is then tackled by invoking a reasoning or discrete optimization procedure. This paper overviews the recent advances of the reasoning and constraints based approaches to learning interpretable ML models and discusses their advantages and limitations.","{
  ""justification"": ""The reference states that models based on if-then rules are 'deemed to be easily understandable by humans,' which implies a general perception or assumption. The claim misrepresents this by stating it 'guarantees that all users will find them easy to understand,' which is a much stronger and unsupported assertion. Additionally, the claim's use of the word 'solely' is not supported by the reference, which presents these models as a 'major approach' to XAI without claiming it's the only reason for their preference."",
  ""answer"": ""Misrepresentation""
}"
i_1614,"Factors: The length of anaerobic and aerobic phases, as well as the DO concentration, are critical factors affecting phosphorus removal efficiency .","[11] A process was developed for biological treatment of municipal wastewater for carbon and nitrogen removal while producing added-value polyhydroxyalkanoates (PHAs). The process comprised steps for pre-denitrification, nitrification and post-denitrification and included integrated fixed-film activated sludge (IFAS) with biofilm carrier media to support nitrification. In a pilot-scale demonstration (500–800 L), wastewater treatment performance, in line with European standards, were achieved for total chemical oxygen demand (83% removal) and total nitrogen (80% removal) while producing a biomass that was able to accumulate up to 49% PHA of volatile suspended solids with acetic acid or fermented organic residues as substrates. Robust performance in wastewater treatment and enrichment of PHA-producing biomass was demonstrated under realistic conditions including influent variability during 225 days of operation. The IFAS system was found to be advantageous since maintaining nitrification on the biofilm allowed for a relatively low (2 days) solids retention time (SRT) for the suspended biomass in the bulk phase. Lower SRT has advantages in higher biomass yield and higher active fraction in the biomass which leads to higher PHA productivity and content. The outcomes show that production of added-value biopolymers may be readily integrated with carbon and nitrogen removal from municipal wastewater. [13] The airlift reactor technology has been successfully applied at full scale for both COD and nitrogen removal. In this study, the results of the biofilm development and biological performance of two full scale reactors are discussed. At Paulaner Brewery in Munich, the airlift reactor was applied for COD and ammonia removal of anaerobically treated wastewater. In the other case the airlift reactor was applied as a pretreatment of nitrogen removal by the Anammox process. Water from a Tannery company in Lichtenvoorde in the Netherlands, The Hulshof Royal Dutch Tanneries, was pretreated anaerobically for COD removal and aerobically to remove the sulphides as sulphur. In an airlift reactor the ammonia was partially oxidised to nitrite. In both cases the granular biomass developed well; the concentrations amounted to 250 ml/L and 500 ml/L respectively. In the first case, 4 kg/m<sup>3</sup>/day of COD was removed, the soluble concentration of COD was less than 250 mg/L. The nitrification to nitrate was nearly complete and amounted to 0.5 kg NH<inf>4</inf>-N/m<sup>3</sup>/day. In the second application, 50% of the ammonia (on average 0.45 kg N/m<sup>3</sup>/d) was nitrified to nitrite. This process was easily controlled by regulating the amount of air according to the nitrite and ammonia concentrations in the effluent. It can be concluded that in both cases the particular processes were very stable and easy to operate. © IWA Publishing 2007. [15] In order to achieve high efficiency of biofilm and removing nitrogen with low consumption, people have developed a new eco-ceramic concrete filler, used for the denitrification in treating municipal wastewater. When the water temperature is 25 ∼ 30°C, the pH of influent is 7.0 ∼ 7.5, the concentration of DO is 2.5 ∼ 3.0mg /L, and the removal rates of COD, ammonia and total nitrogen are 78.6 ∼ 91.8%, 83.4 ∼93.6% and 63.4 ∼ 73.8 % respectively. The removal of the pollutants mainly concentrates on the front and center of the reactor. We can also draw a conclusion from the experiment that, SOUR, the dry weight of biofilm and the thickness of biofilm present a pattern of diminishing along the corridor. The average decreasing ratio of each filler are 0.81%, 1.3% and 1.05%, respectively. and the activity of per unit mass of biofilm has increased along the corridor, and the end of it is 51.5% more than the front, which indicates that the system has good ability of resistance. © (2012) Trans Tech Publications, Switzerland.","{
  ""justification"": ""Justification 1: The claim discusses factors affecting phosphorus removal efficiency. However, none of the provided references ([11], [13], [15]) mention or discuss phosphorus removal. They focus on carbon (COD) and nitrogen removal.\nJustification 2: The claim's central subject is phosphorus removal, but the references only cover the removal of carbon and nitrogen from wastewater, making the claim's specific assertion about phosphorus unverifiable from the given text."",
  ""answer"": ""Related but unverifiable""
}"
i_1583,"Antibiotics and Pharmaceuticals: Ecological Effects: The presence of PPCPs in the environment has no significant impact on food webs, disease dynamics, biodiversity, or community composition, suggesting stable ecosystem-level conditions .","Pharmaceuticals and personal care products (PPCPs) are contaminants of emerging concern that are increasing in use and have demonstrated negative effects on aquatic organisms. There is a growing body of literature reporting the effects of PPCPs on freshwater organisms, but studies on the effects of PPCPs to marine and estuarine organisms are limited. Among effect studies, the vast majority examines subcellular or cellular effects, with far fewer studies examining organismal- and community-level effects. We reviewed the current published literature on marine and estuarine algae, invertebrates, fish, and mammals exposed to PPCPs, in order to expand upon current reviews. This paper builds on previous reviews of PPCP contamination in marine environments, filling prior literature gaps and adding consideration of ecosystem function and level of knowledge across marine habitat types. Finally, we reviewed and compiled data gaps suggested by current researchers and reviewers and propose a multi-level model to expand the focus of current PPCP research beyond laboratory studies. This model includes examination of direct ecological effects including food web and disease dynamics, biodiversity, community composition, and other ecosystem-level indicators of contaminant-driven change.","{
  ""justification"": ""The claim asserts that PPCPs have 'no significant impact' on ecological factors. The reference directly contradicts this by stating that PPCPs have 'demonstrated negative effects on aquatic organisms' and proposes a model to study 'direct ecological effects' and 'contaminant-driven change,' implying an impact is known or expected. The claim states the opposite of the reference, which identifies PPCPs as contaminants with known negative effects."",
  ""answer"": ""Opposite meaning""
}"
i_1232,"Specifically, lobular carcinoma of the breast tends to metastasize to peritoneal fluid .","Context.-The incidence and types of malignancies in effusion cytology are largely limited to studies performed in the 1970s through the 1990s. Objective.-To examine how the incidence of different types of malignancies in effusions has changed with time. Design.-A computerized search for fluid cytology from 2000 through 2016 (database included age, gender, cytologic diagnosis, and type of malignancy) was performed, and all cases were reviewed. Results.-Of 30 085 effusion specimens, 3285 (11%) were positive for malignancy (2175 pleural, 955 peritoneal, and 155 pericardial). Of those, 1023 (31%) had known primary sites (648 pleural, 267 peritoneal, and 108 pericardial). Malignancy was more common in females than males in both pleural (15% versus 9%) and peritoneal (14% versus 5%) effusions (P,.001). The most common metastatic tumors in pleural fluid were lung for males and breast for females; in peritoneal fluid, hematolymphoid for males and Müllerian tumors for females; in pericardial fluid, lung for both genders. Among invasive mammary carcinomas, lobular carcinoma tended to metastasize to peritoneal fluid, whereas ductal carcinoma tended to metastasize to pleural fluid (P,.001). Plasma cell neoplasms metastasized to pleural and pericardial but not peritoneal fluid (P ¼.002). Conclusions.-Although pulmonary and Müllerian tumors continue to be the most common origin of metastasis in pleural and peritoneal fluid for males and females, respectively, the frequencies for other malignancies have changed. Familiarity with the more common sites of metastasis in effusion cytology is important, especially in patients with unknown primary, as this will be valuable in judicious triaging of specimens for ancillary studies.","{
  ""justification"": ""Justification 1: The claim is directly supported by the reference, which states, \""Among invasive mammary carcinomas, lobular carcinoma tended to metastasize to peritoneal fluid, whereas ductal carcinoma tended to metastasize to pleural fluid (P,.001).\""\nJustification 2: The claim accurately reflects the findings presented in the reference regarding the metastatic patterns of lobular carcinoma of the breast."",
  ""answer"": ""Entailment""
}"
i_1620,"Theories Applied: Stakeholder Theory: This theory emphasizes that gender-diverse boards are more likely to consider the interests of a broader range of stakeholders, including those concerned with environmental issues .","This paper seeks to contribute to the existing business strategy and the environment literature by examining the effect of governance structures on environmental performance within a unique context of improving environmental governance, policies, regulations, and management. Specifically, we investigate the extent to which corporate board gender diversity, including the proportion, age, and level of education of female directors, affects environmental performance of Chinese publicly listed corporations. Using one of the largest Chinese data sets to date, consisting of a sample of 383 listed A‐shares from 2011 to 2015 (i.e., observations of 1,674), our findings are threefold. First, we find that the proportion and age of female directors have a positive effect on the overall corporate environmental performance. Second, our findings indicate that the proportion and age of female directors also have a positive effect on the three individual environmental performance components, namely, environmental (a) strategy, (b) implementation, and (c) disclosure. Finally, and by contrast, we do not find any evidence that suggests that the level of education of female directors has any impact on environmental performance, neither the overall environmental performance measure nor its individual components. Our findings have important implication for regulators and policymakers. Our evidence is robust to controlling for alternative measures, other governance and firm‐level control variables, and possible endogeneities. We interpret our findings within a multitheoretical framework that draws insights from agency, legitimacy, neo‐institutional, resource dependence, stakeholder, and tokenism theoretical perspectives.","{
  ""justification"": ""The reference mentions using Stakeholder Theory as one of several theoretical perspectives to interpret its findings on the link between board gender diversity and environmental performance. However, the reference does not define or explain Stakeholder Theory, nor does it state that the theory posits that diverse boards consider a broader range of stakeholders. The specific details of the theory as described in the claim are not present in the provided abstract, making the claim unverifiable from the given text."",
  ""answer"": ""Related but unverifiable""
}"
s_1054,- **PI3K/Akt Pathway**: Plays a role in tumor recognition and could be targeted for combination therapy with Vγ2Vδ2 T cells .,"Many ovarian cancer cells express stress-related molecule MICA/B on their surface that is recognized by Vγ2Vδ2 T cells through their NKG2D receptor, which is transmitted to downstream stress-signaling pathway. However, it is yet to be established how Vγ2Vδ2 T cell-mediated recognition of MICA/B signal is transmitted to downstream stress-related molecules. Identifying targeted molecules would be critical to develop a better therapy for ovarian cancer cells. It is well established that ATM/ATR signal transduction pathways, which is modulated by DNA damage, replication stress, and oxidative stress play central role in stress signaling pathway regulating cell cycle checkpoint and apoptosis. We investigated whether ATM/ATR and its down stream molecules affect Vγ2Vδ2 T cell-mediated cytotoxicity. Herein, we show that ATM/ATR pathway is modulated in ovarian cancer cells in the presence of Vγ2Vδ2 T cells. Furthermore, downregulation of ATM pathway resulted downregulation of MICA, and reduced Vγ2Vδ2 T cell-mediated cytotoxicity. Alternately, stimulating ATM pathway enhanced expression of MICA, and sensitized ovarian cancer cells for cytotoxic lysis by Vγ2Vδ2 T cells. We further show that combining currently approved chemotherapeutic drugs, which induced ATM signal transduction, along with Vγ2Vδ2 T cells enhanced cytotoxicity of resistant ovarian cancer cells. These findings indicate that ATM/ATR pathway plays an important role in tumor recognition, and drugs promoting ATM signaling pathway might be considered as a combination therapy together with Vγ2Vδ2 T cells for effectively treating resistant ovarian cancer cells. © 2014 Elsevier B.V.","{
  ""justification"": ""The claim states that the PI3K/Akt pathway is involved in tumor recognition and is a target for combination therapy. However, the reference explicitly identifies the ATM/ATR pathway as playing this role. The reference does not mention the PI3K/Akt pathway at all, thus the claim contains an incorrect entity."",
  ""answer"": ""Entity error""
}"
i_843,"4. Influence on Mechanical Properties: Fiber Reinforcement: Direct-fiber-feeding injection molding (DFFIM) does not involve mixing fibers directly into the polymer melt, and the distribution and interface between the fibers and the polymer matrix are not essential for achieving desired mechanical properties .","Direct-fiber-feeding injection molding (DFFIM), with the improvement of the screw and cylinder and a fiber-direct-feeding method, is a new way to make short fiber reinforced composite material from one step by throwing fiber into a formation machine directly, in which the traditional compounding process can be unnecessary. At current study, the well-distributed fiber and improved interface/interphase between fiber and plastic are aimed to achieve a cost-performance-ratio, through those achievements such as design of screw or the other combination conditions during DFFIM process. As for carbon fiber, besides filaments, there are many types including tow, staple yarn, chopped strands, compound, and so on. Those different reinforcement forms were adopted and used to make CFRP by DFFIM to investigate their mechanical properties. In particularly in this paper, PA6 resin and CF/PA66 commingle yarn was used as matrix and reinforcements for comparison. It is observed that the SEM dispersion state and interface /interphase increased.","{
  ""justification"": ""Justification 1: The claim states that in DFFIM, the distribution and interface between fibers and the polymer matrix are \""not essential\"" for mechanical properties. However, the reference explicitly states that \""the well-distributed fiber and improved interface/interphase between fiber and plastic are aimed to achieve a cost-performance-ratio\"" and were studied to \""investigate their mechanical properties,\"" indicating their importance.\nJustification 2: The claim asserts that DFFIM does not involve direct mixing of fibers and that fiber distribution is not essential. The reference contradicts this by describing DFFIM as a method of \""throwing fiber into a formation machine directly\"" and highlights that achieving \""well-distributed fiber and improved interface/interphase\"" is a key goal to improve properties. This is a direct contradiction."",
  ""answer"": ""Opposite meaning""
}"
i_1881,"Community involvement in the design and implementation of waste management solutions, such as compost bins, can lead to better compliance and more effective waste disposal practices, and it is likely that such community-driven initiatives could also foster a greater sense of environmental stewardship among residents .","The world today is literally and figuratively burdened with heavy loads of garbage, which pose a hazard to human health and the environment. A concerted effort by all sectors of society is required to find an immediate, effective, feasible, and practical solution for the management of waste and garbage. Composting is one of the most practical methods. This study aims to explore the role of community involvement in the design phase of a functional compost bin. Kafagway, the former name of Baguio City, is the only American hill station in Asia, designed by the world-renowned architect Daniel Burnham and intended for 25,000 people. Now the city, also known as the City of Pines, is home to 342,200 households and is overcrowded due to rampant and disorganized urbanization, aggravated by an influx of tourists, resulting in a problematic pileup of garbage. Biodegradables comprise the largest amount of municipal waste which is potentially convertible into valuable useful by-products. By actively involving household participation, the respondents manifested their choices beyond the physical dimensions of their preferred compost bin, which revealed an interesting interplay of various sociodemographic issues in their choice, affecting their attitude, behavior, and eventual compliance toward effective waste disposal and management.","{
  ""justification"": ""The reference directly supports the claim by stating that involving households in the design of compost bins affects their \""attitude, behavior, and eventual compliance toward effective waste disposal and management.\"" This aligns with the claim's assertion that community involvement leads to better compliance and practices, and the mention of improved \""attitude\"" and \""behavior\"" in the reference entails the fostering of environmental stewardship."",
  ""answer"": ""Entailment""
}"
i_2175,"The application of humic acids in irrigation water can increase the availability and uptake of heavy metals like Cd and Pb, further enhancing their accumulation in wheat tissues, and may also lead to long-term soil degradation if used excessively .","Background, Scope and Goal. Humic acids (HAs) are the most important humified component of dissolved organic carbon (DOC) present in sewage water used for irrigation. It is well known that HAs affect the toxicity and availability of heavy metals (HMs) in soil-plant systems, and may increase the human exposure to HMs in contaminated soil through plant uptake. This study was conducted to assess the effects of HAs on HM availability, plant growth and HM uptake. Methods: With wheat (Triticum aestivum) as a test plant, a greenhouse pot experiment was conducted to investigate the effects of HAs in irrigation water on the phytoavailability of cadmium (Cd) and lead (Pb) in soil. Cd and Pb were added to the soil at concentrations of 1.5 and 150 mg/kg, respectively. Wheat seedlings grown in Cd and Pb-contaminated soil were watered with 4 levels of HA solution (0, 140, 280 and 560 mg/ kg of HAs, respectively). Results. In control and Pb treatments, both plant biomass and plant HM concentrations increased with increasing concentrations of HAs in the solution. Plant biomass was markedly decreased when metal concentrations in plants increased, particularly in Cd and Cd/Pb treatments. In the soil, extractable metals, and water soluble organic carbon (WSOC) and its fractions significantly increased with increasing HA concentrations. Discussion: The results suggested that the application of HAs in barren soils may improve plant nutrition by mobilizing soil nutrients and providing plants with carbon sources. On the other hand, HAs present in sewage water may increase both the availability and transfer of HMs in the soil-plant continuum and subsequently increase human exposure to HMs in polluted soil. Conclusions: HA solution as irrigation water significantly increased HM availability to plants cultivated in the HM-amended soil and may increase the environmental risk of sewage irrigation. Recommendations and Perspectives. These results suggested that, when assessing the effect of sewage irrigation on soil quality, HAs contained in sewage water should be taken into consideration. © 2006 ecomed publishers (Verlagsgruppe Hüthig Jehle Rehm GmbH).","{
  ""justification"": ""The reference supports the claim that humic acids increase the availability and uptake of heavy metals like Cd and Pb in wheat. However, the reference does not mention that excessive use of humic acids may lead to \""long-term soil degradation.\"" The text only discusses the \""environmental risk of sewage irrigation\"" and the need to consider humic acids when assessing \""soil quality.\"" The specific concept of long-term degradation is not verifiable from the provided text."",
  ""answer"": ""Related but unverifiable""
}"
s_1496,"Management Strategies: Cultural Practices: Combining fungicide application with other practices such as defoliation and interspersed planting can also help manage the disease, although the effectiveness can vary .","This study aimed to evaluate development and production of banana plant 'Grande Naine' under different management systems with black leaf streak presence at Vale do Ribeira, SP (Brazil). For the experiment it was used micropropagated seedlings of 'Grande Naine' banana that was planted in field in a completely randomized design with five treatments (management systems): interspersed planting; fungicide control; defoliation + interspersed planting; defoliation + fungicide control and control, which were subdivided in time (two production cycles), with eight repetition and one plant per repetition. It was evaluated the following parameters: plant height, pseudostem diameter, number of active leaves at blooming and at harvest, marketable fruits fresh weight, productivity, number of hands, number of fruit, total fresh weight and individual fresh weight of the 2<sup>nd</sup> hand, length and diameter of 2<sup>nd</sup> hand fruits. Data were submitted to variance analysis by F test and the significant means were compared by Tukey's test (5% probability). It can be conclude that fungicides applications were effective for black leaf streak control, showing better results in plants development and production and also in fruit quality of cultivars Grande Naine. No differences were observed when fungicide application was associated with defoliation. The interspersed planting affected negatively all the development and production parameters of cultivar Grande Naine.","{
  ""justification"": ""The claim suggests that combining fungicide with interspersed planting can help manage the disease. However, the reference explicitly states the opposite: \""The interspersed planting affected negatively all the development and production parameters of cultivar Grande Naine.\"" This is a direct contradiction, as the reference indicates this practice is detrimental, not helpful."",
  ""answer"": ""Opposite meaning""
}"
i_1113,"Depression in individuals with MCCs can lead to poorer health outcomes, reduced quality of life, and increased healthcare costs .","Background: The U.S. Department of Health and Human Services recently called for a paradigm shift from the study of individual chronic conditions to multiple chronic conditions (MCCs). We identify the most common combinations of chronic diseases experienced by a sample of community-dwelling older people and assess whether depression is differentially associated with combinations of illnesses. Methods: Self-reports of diagnosed chronic conditions and depressive symptoms were provided by 5, 688 people participating in the ORANJ BOWLSM research panel. Each respondent was categorized as belonging to one of 32 groups. ANOVA examined the association between depressive symptoms and combinations of illnesses. Results: People with more health conditions experienced higher levels of depression than people with fewer health conditions. People with some illness combinations had higher levels of depressive symptoms than people with other illness combinations. Conclusions: Findings confirm extensive variability in the combinations of illnesses experienced by older adults and demonstrate the complex associations of specific illness combinations with depressive symptoms. Results highlight the need to expand our conceptualization of research and treatment around MCCs and call for a person-centered approach that addresses the unique needs of individuals with MCCs.
[2]: Purpose To assess the link between multimorbidity, type of chronic physical health problems and depressive symptoms Method The study was a cross-sectional postal survey conducted in 30 General Practices in Victoria, Australia as part of the diamond longitudinal study. Participants included 7,620 primary care attendees; 66% were females; age range from 18 to 76 years (mean = 51years SD = 14); 81% were born in Australia; 64% were married and 67% lived in an urban area. The main outcome measures include the Centre for Epidemiologic Studies Depression Scale (CES-D) and a study-specific self-report check list of 12 common chronic physical health problems. Results The prevalence of probable depression increased with increasing number of chronic physical conditions (1 condition: 23%; 2 conditions: 27%; 3 conditions: 30%; 4 conditions: 31%; 5 or more conditions: 41%). Only 16% of those with no listed physical conditions recorded CES-D scores of 16 or above. Across the listed physical conditions the prevalence of 'probable depression' ranged from 24% for hypertension; 35% for emphysema; 35% for dermatitis to 36% for stroke. The dose-response relationship is reduced when functional limitations and self-rated health are taken into account, suggesting that these factors mediate the relationship. Conclusions A clear dose-response relationship exists between the number of chronic physical problems and depressive symptoms. The relationship between multi- morbidity and depression appears to be mediated via self-perceived health related quality of life. Primary care practitioners will identify more cases of depression if they focus on those with more than one chronic health problem, no matter what the problems may be, being especially aware in the group who rate their health as poor/fair. © Springer-Verlag 2010.
[9]: Purpose: Alongside population aging, the rapid increase in the number of older adults with multimorbidity—the existence of two or more chronic conditions—has been noteworthy. However, in South Korea, studies taking a comprehensive approach to the factors associated with health-related quality of life (HRQoL) and disease-related problems experienced by older adults with multimorbidity have been rare. This study examined the associations of several variables with HRQoL and explored disease-related life experiences of community-dwelling older adults with multimorbidity in South Korea. Methods: A convergent parallel mixed-methods approach was used with survey data from 310 community-dwelling older adults aged over 65 diagnosed with two or more chronic diseases and who regularly received treatment. Qualitative data were collected from 3 focus group interviews with 15 participants. Factors correlated with HRQoL were analyzed using multiple regression, and NVivo Pro 12.0 was used for content analysis. Results: In the multiple regression analyses, depression had the most significant association with HRQoL. Depression, activities of daily living, instrumental activities of daily living, support from friends, number of medications, and subjective health status explained 41.0% of the variance in HRQoL. Content analysis revealed 5 major health-related themes in the participants' lives: reduced physical function, anxious mental state, changes in the importance of the social support structure, limitations of disease management, and acceptance and endurance. Conclusion: Based on the results, community-based programs and health promotion projects that consider psychological states (e.g., depression) are needed to boost the HRQoL of individuals with multimorbidity.","{
  ""justification"": ""The references discuss the association between multiple chronic conditions (MCCs) and depression, and the link between depression and health-related quality of life (HRQoL). Reference [9] states that depression has a significant association with HRQoL. However, none of the provided references mention \""increased healthcare costs\"" as a consequence of depression in individuals with MCCs. Therefore, while the claim is related to the topic of the references, a key part of it cannot be verified from the provided text."",
  ""answer"": ""Related but unverifiable""
}"
i_1826,"Health and Nutrition: Frequent illnesses and good food security improve growth, indicating that health and nutrition interventions are not necessary .","Background Stunting affects 165 million children worldwide, with repercussions on their survival and development. A contaminated environment is likely to contribute to stunting: frequent faecal-oral transmission possibly causes environmental enteropathy, a chronic inflammatory disorder that may contribute to faltering growth in children. This study's objective was to assess the effect of contaminated environment on stunting in Burkina Faso, where stunting prevalence is persistently high. Methods Panel study of children aged 1-5 years in Kaya. Household socioeconomic characteristics, food needs and sanitary conditions were measured once, and child growth every year (2011-2014). Using multiple correspondence analysis and 12 questions and observations on water, sanitation, hygiene behaviours, yard cleanliness and animal proximity, we constructed a 'contaminated environment' index as a proxy of faecal-oral transmission exposure. Analysis was performed using a generalised structural equation model (SEM), adjusting for repeat observations and hierarchical data. Results Stunting (< 2 SD height-for-age) prevalence was 29% among 3121 children (median (IQR) age 36 (25-48) months). Environment contamination was widespread, particularly in rural and peri-urban areas, and was associated with stunting (prevalence ratio 1.30; p=0.008), controlling for sex, age, survey year, setting, mother's education, father's occupation, household food security and wealth. This association was significant for children of all ages (1-5 years) and settings. Lower contamination and higher food security had effects of comparable magnitude. Conclusions Environment contamination can be at least as influential as nutritional components in the pathway to stunting. There is a rationale for including interventions to reduce environment contamination in stunting prevention programmes.
[3]: Studies have shown linkages between water, sanitation and hygiene (WASH) and stunting in children under 2 years in sub-Saharan Africa. WASH interventions have been shown to reduce stunting rates; however, the biological mechanisms and socio-economic influences responsible for this trend remain poorly understood. This paper reviews the literature regarding these links, and the efficacy of both general WASH interventions and those targeted at children in their first 1,000 days, known as babyWASH, for stunting reduction. Fifty-nine papers published between 2008 and 2019 were reviewed, retrieved from Science Direct, Scopus and Web of Science databases, comprising field trials and data analysis, and literature and systematic reviews. Key findings showed that stunting is directly attributed to diarrhoea, environmental enteric dysfunction and undernutrition although a more comprehensive understanding of these biological mechanisms is necessary. Interventions to interrupt the faecal transmission cycle proved to effectively reduce stunting rates, particularly improved sanitation facilities to reduce open defaecation, increased proximity to water and widespread behavioural change. Methodologies should move away from randomised controlled trials towards selected contexts, mixed data collection methods and inclusion of broader social, cultural and environmental conditions. Improved cross-sectoral collaboration is encouraged, particularly to ensure the complexity of social and contextual factors is fully considered.
[4]: Poor linear growth in children <5 years old, or stunting, is a serious public health problem particularly in Sub-Saharan Africa. In 2013, the World Health Organization (WHO) released a conceptual framework on the Context, Causes and Consequences of Childhood Stunting (the 'WHO framework') that identifies specific and general factors associated with stunting. The framework is based upon a global review of data, and we have applied it to a country-level analysis where health and nutrition policies are made and public health and nutrition data are collected. We reviewed the literature related to sub-optimal linear growth, stunting and birth outcomes in Ethiopia as a case study. We found consistent associations between poor linear growth and indicators of birth size, recent illness (e.g. diarrhoea and fever), maternal height and education. Other factors listed as causes in the framework such as inflammation, exposure to mycotoxins and inadequate feeding during and after illness have not been examined in Ethiopia, and the existing literature suggests that these are clear data gaps. Some factors associated with poor linear growth in Ethiopia are missing in the framework, such as household characteristics (e.g. exposure to indoor smoke). Examination of the factors included in the WHO framework in a country setting helps identifying data gaps helping to target further data collection and research efforts. © 2016 John Wiley & Sons Ltd.","{
  ""justification"": ""The claim asserts that frequent illnesses improve growth and that health and nutrition interventions are unnecessary. This is the opposite of what the references state. Reference [4] links recent illness (diarrhoea, fever) to poor linear growth. Reference [1] states that frequent faecal-oral transmission contributes to faltering growth and concludes that there is a rationale for including interventions. Reference [3] also attributes stunting to diarrhoea and notes that WASH interventions are effective in reducing stunting rates. Therefore, the claim directly negates the findings and conclusions of the provided sources."",
  ""answer"": ""Opposite meaning""
}"
i_2321,"3. ** Balanced Fertilization**: Balanced fertilization, which includes the use of organic fertilizers, can reduce the need for chemical fertilizers by 30-40% without compromising tea yield and quality . This implies that halving the fertilizer amount, if balanced with organic inputs, might still maintain performance.","[Objectives]: Tea is one of the main cash crops in China, balanced fertilization plays very important roles for the high yield and high quality tea production. Many factors including tea tree cultivars, plucking modes and management practices influence the nutrient requirements. The fertilization status was investigated in this paper. The potential and ways of reducing chemical fertilizer inputs were discussed for the sustainable development of tea industry in China. [Methods]: More than 5000 tea tree planting gardens, accounting for 5% of the total tea plantation areas across the 14 provinces of China, were surveyed from 2010 to 2014. The questionnaire included fertilizer types, rates, application time, application methods and tea garden areas, tea tree varieties, fertilization costs, and so on. The nutrient input and ratio of organic nutrients were calculated according to the nutrient contents and input amounts of a fertilizer product.[Results]: The total annual N + P<inf>2</inf>O<inf>5</inf> + K<inf>2</inf>O input in tea gardens of China was 796 kg/hm<sup>2</sup> in average. About 46% of the surveyed tea gardens applied organic fertilizers regularly and the organic nutrient amounts were about 15% of the total nutrient inputs. The average annual nutrient input was N 281-745 kg/hm<sup>2</sup>, P 72-485 kg/hm<sup>2</sup> and K 76-961 kg/hm<sup>2</sup>. According to the current recommendation, excessive fertilization was common in provinces of Shandong, Hubei, Hunan, Jiangxi, Sichuan and Fujian. About 30% of the surveyed tea gardens applied excessive chemical fertilizers. Compound fertilizers had become the main fertilizer type in the surveyed tea gardens. In 80% of tea gardens, the applied compound fertilizers had equal N-P<inf>2</inf>O<inf>5</inf>-K<inf>2</inf>O ratios, which was not always suitable for the requirement of tea tree growth, and was the principle cause for excessive input of P and K, particularly in provinces of Fujian, Jiangxi and Hunan, where half of tea gardens showed excessive input of P and K. In the over-fertilized areas, 30%-40% of chemical nutrients could be decreased through balanced fertilization and increased input of organic fertilizers. [Conclusions]: Excessive application of chemical fertilizers is common in the tea gardens in China, and serious exceeding is over 30% of tea gardens area. Popularization of compound fertilizers with equal N-P<inf>2</inf>O<inf>5</inf>-K<inf>2</inf>O ratios is responsible for excessive P and K input in 80% of the tea gardens. Organic nutrient only accounts for about 15% of the total nutrient input. About 30%-40% of current chemical fertilizer input could be reduced in the tea gardens through the increase of organic fertilizers and balanced fertilization, the practical reduction should be carried out according to the local situations in different area of China.","{
  ""justification"": ""The reference states that chemical fertilizer input could be reduced by 30-40% in over-fertilized tea gardens. The claim correctly reports this figure but then adds an unsupported implication that \""halving the fertilizer amount\"" (a 50% reduction) might still maintain performance. The reference does not support a 50% reduction, making this part of the claim a misrepresentation of the source's findings."",
  ""answer"": ""Misrepresentation""
}"
i_1052,"Surfactant Production: AT1 cells produce surfactant, reducing surface tension and preventing alveolar collapse .","The human respiratory system consists of the upper and the lower respiratory tracts. Anatomically, the lower respiratory tract consists of the trachea, bronchi, bronchioles (terminal bronchioles and respiratory bronchioles), alveolar duct, alveolar duct sacs, and alveoli. Alveoli are composed of two epithelial cell types, cuboidal alveolar type 2 (AT2) cells that secrete surfactant to prevent alveolar collapse and function as stem cells to regenerate alveolar type 1 (AT1) cells during damage repair, and squamous AT1 cells that cover most of the surface area of the alveoli and mediate gas exchange. Previous studies mainly focused on AT2 cells; this review summarizes the current studies on lung development and property of AT1 cells.","{
  ""justification"": ""The claim asserts that AT1 cells produce surfactant. However, the reference explicitly states that \""cuboidal alveolar type 2 (AT2) cells that secrete surfactant to prevent alveolar collapse\"". The reference assigns the function of gas exchange to AT1 cells. Therefore, the claim incorrectly attributes the function of AT2 cells to AT1 cells."",
  ""answer"": ""Entity error""
}"
s_814,Operational Continuity: Operational continuity focuses on maintaining business operations during and after a disruption. It emphasizes: Quick Recovery: The ability to quickly adapt and continue operations .,"[1] The International Council on Systems Engineering's Resilient System's Working Group defines resiliency as, 'the capability of a system with specific characteristics before, during, and after a disruption to absorb the disruption, recover to an acceptable level of performance, and sustain that level for an acceptable period of time' [INCOSE, 2013]. An operational resiliency model describes a measurement process while demonstrating the scope of achieving resiliency through a dynamic process that includes anticipation of negative effects, withstanding the affects, recovery, and network evolution. In order to maintain the command and control (C<sup>2</sup>) advantage during military operations and throughout cyberspace, the measure of functional resiliency must be quantified for integrated and operational systems to provide network defenders and military decision makers the level of capability (to recover) following a significant cyber incident or a catastrophic natural event. To achieve functional resonance, and vet potential and future threats, technologies competing for network resources must be identified and stressed to determine their role in resiliency and the potential affect they will have on operational systems during an aggressive cyber attack. Through network analysis, based on actual adversarial research and case studies, adaptive analysis teams collect the necessary data to determine a systems' resonance characteristics, specifically, interdependent technologies and processes that can negatively affect a single system or an enterprise network. The traditional role of a vulnerability analysis team is to identify and exploit every vulnerable system or process in order to expose and mitigate weaknesses for the purpose of creating a more viable network. This scope is narrow and confined to a limited range of requirements or technologies based on a similarly narrow set of objectives and goals. To compound the problems associated with obtaining an acceptable resilient posture for a specific system or an enterprise network is the IT industry's misconception that resiliency is tantamount to bandwidth and not a measurement of capability. Network managers attempt to solve poor resiliency by installing more network appliances (redundancy) and adding additional bandwidth; both costly and often ineffective. It is paramount that network managers first identify their current resiliency and associated functional resonance issues prior to initiating corrective actions. The intent of this research is to identify current methods of measuring or achieving acceptable resilience for an enterprise network, identify shortfalls in acquiring accurate and actionable data, and the incorrect application of mitigations that result in no or little resiliency enhancement. The author outlines a process to accurately measure a networks resiliency posture, which will lead to effective mitigations and enhancements allowing for a rapid and cost-effective recovery of functionality. [5] Processes that enable an effective response to unexpected events and vulnerabilities that lie outside the scope of formal procedures can be described as being resilient. There are many such descriptions of resilience within and across different domains. Comparison and generalisation is difficult because resilience is not a component of a system and should be understood as an emergent property. Here we provide a framework for reasoning about resilience that requires representation of the level of analysis (from the individual to operational), a traceable link from abstract theory to specific observations, resilience mechanisms, and contextual factors. This moves forward an agenda to systematically observe concrete manifestations of resilience within and across domains. We illustrate the application of the framework by considering a case study of the performance of nuclear power plant (NPP) operators in an experimental scenario. This paper focuses on the small team level of analysis. The framework presented here provides the basis for developing concrete measures for improving the resilience of organisations through training, system design, and organisational learning. © 2010 Elsevier Ltd. [10] Systems Resilience is a large-scale multi-disciplinary research that aims to identify general principles underlying the resilience of real world complex systems. Many conceptual frameworks have been proposed and discussed in the literature since Holling's seminal paper (1973). Schwind et al. (2013) recently adopted a computational point of view of Systems Resilience, and modeled a resilient system as a dynamic constraint optimization problem. However, many real world optimization problems involve multiple criteria that should be considered separately and optimized simultaneously. Also, it is important to provide an algorithm that can evaluate the resilience of a dynamic system. In this paper, a framework for Dynamic Multi-Objective Constraint Optimization Problem (D MO-COP) is introduced and two solution criteria for solving this problem are provided, namely resistance and functionality, which are properties of interest underlying the resilience for DMO-COPs. Also, as an initial step toward developing an efficient algorithm for finding resilient solutions of a D M O-COP, an algorithm called Algorithm for Systems Resilience (ASR), which computes every resistant and functional solution for DMO-COPs, is presented and evaluated with different types of dynamical changes.","{
  ""justification"": ""Justification 1: The claim's description of operational continuity, focusing on maintaining operations and quick recovery after a disruption, is directly supported by the definition of resiliency in reference [1]. The reference states that resiliency is the 'capability of a system... to absorb the disruption, recover to an acceptable level of performance, and sustain that level for an acceptable period of time'.\nJustification 2: The claim's emphasis on 'Quick Recovery' aligns with the goal mentioned in reference [1] to allow for a 'rapid and cost-effective recovery of functionality'. Although the exact term 'Operational Continuity' is not used, the concept described is synonymous with the 'operational resiliency' discussed in the reference."",
  ""answer"": ""Entailment""
}"
s_1512,"-  ** Tangerine Peel: ** Optimal microwave-assisted extraction conditions were 704 W, 52.2°C, and 30 minutes, yielding significant antioxidant activity .","Response surface methodology (RSM) was employed to optimize the microwave-assisted extraction (MAE) process of pectic polysaccharide (TPPs) from tangerines peel. The optimal extraction conditions were as follows: microwave power 704 W, extraction temperature 52.2 °C, and extraction time 41.8 min Under these conditions, the experimental yield was 19.9 ± 0.2%. The purified pectic polysaccharide TPPs-2-1 was successfully obtained by anion-exchange and gel filtration chromatography. TPPs-2-1, linked mainly by α-glycosidic bonds, consisted of galacturonic acid (GalA), arabinose (Ara), galactose (Gal), rhamnose (Rha), glucose (Glc) and mannose (Man) with the average molecular weight of 17.8 kDa, and had typical IR spectra characteristic of pectic polysaccharides. Antioxidant activities were investigated on the basis of ferric-reducing antioxidant power (FRAP), hydroxyl radical (OH), 1,1-diphenyl-2-picrylhydrazyl radical (DPPH) and superoxide radical (O<inf>2</inf><sup>-</sup>) scavenging assay. TPPs-2-1 exhibited significant antioxidant activity in a concentration-dependent manner and might be exploited as effective natural antioxidant applied in functional food and medicine.","{
  ""justification"": ""Justification 1: The claim states that the optimal extraction time was 30 minutes, which is incorrect. The reference specifies the optimal extraction time as 41.8 minutes.\nJustification 2: There is a numeric discrepancy between the claim and the reference regarding the extraction time. The claim reports 30 minutes, while the reference indicates 41.8 minutes."",
  ""answer"": ""Numeric error""
}"
i_1141,Key Elements Contributing to Child Resilience: Nutritional Adequacy - Early childhood nutritional adequacy is associated with positive development outcomes. Isolated interventions of nutrition alone are sufficient to enhance these benefits .,"Background: Early child nutritional deficiencies are prevalent in low- and middle-countries with consequences linked not only to poor survival and growth, but also to poor development outcomes. Children in disadvantaged communities face multiple risks for nutritional deficiencies, yet some children may be less susceptible or may recover more quickly from malnutrition. A greater understanding is needed about factors which moderate the effects of nutrition-related risks and foster resilience to protect against or ameliorate poor development outcomes. Methods: A literature review was undertaken from August to December 2011 and updated in August 2012. Key word searches using terms Nutrition, Malnutrition, Child Development, Responsive Care, Stimulation, Low and Middle Income Countries and Resilience were undertaken using PubMed and Psychinfo. Results: Dietary adequacy is critical for growth and development, but current evidence indicates that nutrition supplementation alone is insufficient to foster resilience to protect against, mitigate, and recover from nutritional threats and to promote healthy development. The combination of nutrition interventions with stimulation and responsive care is necessary. Combined nutrition and psychosocial stimulation approaches can potentially work effectively together to promote protective factors and mitigate risks for poor cognitive, motor, social, and affective functioning helping children to adapt in times of adversity. However, there are gaps in our existing knowledge to combine nutrition and psychosocial stimulation interventions effectively and promote these interventions at scale. Conclusions: Research needs to address barriers at the level of family, community, programme, and policy which have prevented thus far the uptake of combined nutrition and psychosocial intervention strategies. Further investigations are needed on how to provide support to caregivers, enabling them to implement appropriate care for feeding and stimulation. Finally, the effect of combined interventions on pathways of care and protective mediators that foster resilience need to be better understood to determine focus areas for content of combined intervention curricula which help families in high-risk settings. © 2012 The Authors. Journal of Child Psychology and Psychiatry © 2012 Association for Child and Adolescent Mental Health.
[13]: There was revealed the structure of deteriorations in the nutritional status of schoolchildren in the city: The most of students has normal nutritional status, but there was noted the high prevalence of excessive body weight and obesity among children and teenagers. Risk factors for development of deteriorations of the nutrition state were detected as follows: Irrational food regimen, qualitative compartment of food, factors of educational environment, lifestyle. The main role in system of control of the nutritional status in children is referred to the correction of socio-hygienic factors which prove to be the priority ones in the shaping of the nutritional status in students. As the main condition determining the nutrition state of the up-to-date schoolchildren and the quality of their life in the whole the social cultural level of children and adolescents must be regarded as a result of the hygienic education and training in fundamentals of healthy lifestyle. Priority protective factors of the gain in the part of schoolchildren with normal nutritional status (optimal food regimen, optimal dietary habits, sufficient level of physical activity) laid from the child age in conditions of the family, sufficient level of the physical activity and the implementation of the other element of hygienically expedient day regimen served as the base for the elaboration of the system of the control of nutritional status. Algorithm of the control of the nutritional status in the students of educational institutions includes the creation of healthcare educational environment, optimization of nutrition and physical activity, the shaping of the culture of healthy lifestyle, health-improving measures for children with disorders of nutritional status and their psychological pedagogical supports at the stage of the correction of the nutritional status, improvement of the medical service for the early detection of deviations of nutritional status with the estimation of the efficiency of the system of preventive and health-improving measures.","{
  ""justification"": ""Justification 1: The claim states that \""Isolated interventions of nutrition alone are sufficient to enhance these benefits,\"" which is directly contradicted by the reference stating, \""current evidence indicates that nutrition supplementation alone is insufficient to foster resilience to protect against, mitigate, and recover from nutritional threats and to promote healthy development.\""\nJustification 2: The claim presents the opposite meaning of the reference. The reference explicitly states that nutrition alone is \""insufficient,\"" while the claim asserts it is \""sufficient.\"""",
  ""answer"": ""Opposite meaning""
}"
i_831,"Gasoline engines, especially those using low octane fuels, tend to have higher CO emissions .","[18] Tailpipe particle measurements have been performed in Euro-4 passenger cars. The investigation included compressed natural gas fuelled (bifuel vehicle concepts, commercially available) spark-ignition vehicles, gasoline port-injection spark-ignition vehicles, gasoline direct injection spark-ignition vehicles as well as compression ignited, diesel vehicles with and without particle filters. Particle number and soot mass was measured. In addition particle number size distributions have been recorded at constant vehicle speed operation. In the current study, the particle emissions of Compressed Natural Gas (CNG) vehicles are significantly lower than the corresponding ones of the other spark-ignition vehicles. While direct injection spark-ignition vehicles exhibited high particle emission, only topped by the diesel vehicles without a particle filter, diesel vehicles with particle filters had lowest particulate emission, provided the diesel particulate filter was not regenerated shortly prior to the measurement cycle. CNG vehicles had almost as low particulate emissions in all cycle parts with low and moderate vehicle speeds. At typical highway driving speeds CNG vehicle particle emissions were significantly higher than the corresponding ones of the diesel particulate filter equipped vehicles. The enrichment of fuel-air mixture was identified as the main reason for the particle emission of the CNG vehicles at high vehicle speeds. We believe this enrichment to be a remnant from the gasoline operation the engine was originally designed for. In gasoline engines enrichment of the mixture reduces process and exhaust gas temperatures mainly due to fuel evaporation during and following the intake, protecting the catalyst from high temperatures. In parallel it improves engine performance and torque due to increased flame velocity. Since CNG-rich mixtures only slightly reduce process or exhaust temperatures and the maximal flame speed is at nearly stoichiometric air-fuel ratios we identify there a relatively easy to capture potential which, if reaped, may lead to the cleanest possible vehicle propulsion system.","{
    ""justification"": ""The claim makes a statement about CO emissions and the effect of low octane fuels in gasoline engines. The provided reference discusses particle emissions (soot, particle number) from different types of vehicles (CNG, gasoline, diesel) but does not contain any information about CO emissions or fuel octane ratings."",
    ""answer"": ""Related but unverifiable""
}"
s_1934,"Environmental and Experimental Variability: Variations in DOC concentration and composition with soil depth and seasonal changes can affect the isotopic analysis. For instance, DOC concentrations and δ^13C values change significantly with soil depth and over time, reflecting the dynamic nature of soil organic matter .","[1] Stable carbon isotopes are a powerful tool to assess the origin and dynamics of carbon in soils. However, direct analysis of the <sup>13</sup>C/<sup>12</sup>C ratio in the dissolved organic carbon (DOC) pool has proved to be difficult. Recently, several systems have been developed to measure isotope ratios in DOC by coupling a total organic carbon (TOC) analyzer with an isotope ratio mass spectrometer. However these systems were designed for the analysis of fresh and marine water and no results for soil solutions or <sup>13</sup>C-enriched samples have been reported. Because we mainly deal with soil solutions in which the difficult to oxidize humic and fulvic acids are the predominant carbon-containing components, we preferred to use thermal catalytic oxidation to convert DOC into CO<inf>2</inf>. We therefore coupled a high-temperature combustion TOC analyzer with an isotope ratio mass spectrometer, by trapping and focusing the CO<inf>2</inf> cryogenically between the instruments. The analytical performance was tested by measuring solutions of compounds varying in the ease with which they can be oxidized. Samples with DOC concentrations between 1 and 100mg C/L could be analyzed with good precision (standard deviation (SD) ≤0.6%), acceptable accuracy, good linearity (overall SD = 1%) and without significant memory effects. In a <sup>13</sup>C-tracer experiment, we observed that mixing plant residues with soil caused a release of plant-derived DOC, which was degraded or sorbed during incubation. Based on these results, we are confident that this approach can become a relatively simple alternative method for the measurement of the <sup>13</sup>C/<sup>12</sup>C ratio of DOC in soil solutions. © 2010 John Wiley & Sons, Ltd.","{
  ""justification"": ""The claim discusses how environmental factors like soil depth and seasonal changes impact DOC concentration and its isotopic composition (δ^13C). The reference, however, focuses on describing and validating a new analytical method for measuring the 13C/12C ratio in soil DOC. While both texts concern soil DOC and carbon isotopes, the reference does not provide any information or data regarding the effects of soil depth or seasonal variations. Therefore, the specific assertions made in the claim cannot be verified from the provided reference."",
  ""answer"": ""Related but unverifiable""
}"
s_1938,"Ecological Concerns Associated with Ocean Alkalinity Enhancement (OAE) Ecosystem Interactions: The introduction of alkalinity could have complex interactions with other environmental stressors, such as temperature and nutrient availability, potentially leading to unpredictable ecological outcomes .","Concurrent anthropogenic global climate change and ocean acidification are expected to have a negative impact on calcifying marine organisms. While knowledge of biological responses of organisms to oceanic stress has emerged from single-species experiments, these do not capture ecologically relevant scenarios where the potential for multi-organism physiological interactions is assessed. Marine algae provide an interesting case study, as their photosynthetic activity elevates pH in the surrounding microenvironment, potentially buffering more acidic conditions for associated epiphytes. We present findings that indicate increased tolerance of an important epiphytic foraminifera, Marginopora vertebralis, to the effects of increased temperature (±3°C) and pCO<inf>2</inf> (~1,000 µatm) when associated with its common algal host, Laurencia intricata. Specimens of M. vertebralis were incubated for 15 days in flow-through aquaria simulating current and end-of-century temperature and pH conditions. Physiological measures of growth (change in wet weight), calcification (measured change in total alkalinity in closed bottles), photochemical efficiency (Fv/Fm), total chlorophyll, photosynthesis (oxygen flux), and respiration were determined. When incubated in isolation, M. vertebralis exhibited reduced growth in end-of-century projections of ocean acidification conditions, while calcification rates were lowest in the high-temperature, low-pH treatment. Interestingly, association with L. intricata ameliorated these stress effects with the growth and calcification rates of M. vertebralis being similar to those observed in ambient conditions. Total chlorophyll levels in M. vertebralis decreased when in association with L. intricata, while maximum photochemical efficiency increased in ambient conditions. Net production estimates remained similar between M. vertebralis in isolation and in association with L. intricata, although both production and respiration rates of M. vertebralis were significantly higher when associated with L. intricata. These results indicate that the association with L. intricata increases the resilience of M. vertebralis to climate change stress, providing one of the first examples of physiological buffering by a marine alga that can ameliorate the negative effects of changing ocean conditions.
[5]: Changes in the Earth's environment are nowsufficiently complex that our ability to forecast the emergent ecological consequences of ocean acidification (OA) is limited. Such projections are challenging because the effects of OA may be enhanced, reduced or even reversed by other environmental stressors or interactions among species. Despite an increasing emphasis on multifactor and multispecies studies in global change biology, our ability to forecast outcomes at higher levels of organization remains low. Much of our failure lies in a poor mechanistic understanding of nonlinear responses, a lack of specificity regarding the levels of organization at which interactions can arise, and an incomplete appreciation for linkages across these levels. To move forward, we need to fully embrace interactions. Mechanistic studies on physiological processes and individual performance in response to OA must be complemented by work on population and community dynamics. We must also increase our understanding of how linkages and feedback among multiple environmental stressors and levels of organization can generate nonlinear responses to OA. This will not be a simple undertaking, but advances are of the utmost importance as we attempt to mitigate the effects of ongoing global change.
[6]: Ocean acidification, mainly attributed to the increasing anthropogenic CO<inf>2</inf>in the atmosphere, is characterised by a lowering pH together with a shift in the sea water carbonate chemistry toward lower concentration of carbonate ions. On the coasts, where the environmental variability is high due to natural and human impacts, ocean acidification mainly affects the frequency, magnitude, and duration of lower pH and lower calcium carbonate saturation events. Coastal ecosystems are adapted to environmental variability such as frequent changes in salinity, temperature, pH, oxygen levels and organic matter content. However, the effects of an increase of the range of this variability on coastal species, and especially on calcifiers, are still not clear. In this context, this thesis explores the impacts of coastal ocean acidification combined with other environmental stressors on benthic foraminifera. In the Skagerrak-Baltic Sea region, foraminifera faunas varied along a strong gradient in terms of salinity, pH, and dissolved oxygen concentration, and species were adapted to local environmental stressors. However, the specimens of Ammonia spp. and Elphidium spp. observed in the south Baltic Sea were partially to completely dissolved, probably due to a combination of different stressors affecting the required energy for biomineralisation. In a culture study, the coastal species Ammonia spp. and E. crispum were found to be resistant to dissolution under varying salinity and pH, which reflects the environmental variations in their natural habitats. However, their resistance to lower pH is decreased when cultured in brackish water conditions, and living decalcified specimens were also observed under a salinity of 5. This underlines the importance of a high salinity in the calcification process of foraminifera. At the entrance of the Baltic Sea, environmental changes during the last 200 years were reconstructed using foraminiferal faunas. Four periods were identified with varying oxygen levels, salinity, organic matter content, and pollution with lower pH. This highlights that foraminiferal faunas were able to adapt to multiple environmental stressors. This thesis concludes that, even if coastal species of foraminifera can tolerate extremely varying conditions in their environment on the short term, it is likely that tolerance thresholds will be passed for benthic ecosystems under the future increase in anthropogenic impacts such as coastal ocean acidification. Further studies of micro-organisms such as foraminifera will be necessary to improve our understanding of past environmental changes and to put present and future changes into a larger context.","{
  ""justification"": ""The claim discusses the ecological concerns of \""Ocean Alkalinity Enhancement (OAE)\"". However, the provided references focus on \""Ocean Acidification (OA)\"" and its effects on marine organisms when combined with other stressors like temperature and salinity. The references do not mention OAE or the deliberate introduction of alkalinity. While both the claim and references touch upon the theme of complex interactions between ocean chemistry changes and other environmental stressors, the core subject of the claim (OAE) is absent from the references, which exclusively discuss OA. Therefore, the claim is related in topic but its specific assertion cannot be verified."",
  ""answer"": ""Related but unverifiable""
}"
i_1309,"Cost-Effectiveness: The overall cost of ownership for 5G networks is lower compared to previous generations, making it a financially viable option for healthcare providers .","The fifth generation (5G) of mobile services envisages network heterogeneity, cell densification, and high spectral efficiency using Massive MIMO, operating at millimeter-wave frequencies. Accurately assessing the potential of financial returns for such a complex network poses to operators unique challenges including techno-economic analysis leading to the identification of decision variables most sensitive to the profitability parameters. Attempting to demystify their concerns, we evaluate the profitability potential for realistic 5G deployment scenarios over 28 GHz frequency in the State of Texas. Interestingly, we discover that the total cost of ownership for 5G network is about one-third of that for 4G LTE-Advanced (LTE-A) deployment, yielding estimated returns amounting to $482.14 million for the period 2020-2030. The sensitivity analyses predict profitability in 70% of the cases of 5G, against LTE-A. For operators, the crucial levers having the maximum impact on profitability are decisions pertaining to the spectrum acquisition and the pricing of services.","{
  ""justification"": ""The reference states that the total cost of ownership for a 5G network is about one-third of that for a 4G LTE-Advanced deployment, which supports the first part of the claim. However, the reference does not mention healthcare providers or the financial viability of 5G for any specific industry. The claim introduces the context of \""healthcare providers,\"" which cannot be verified from the provided text."",
  ""answer"": ""Related but unverifiable""
}"
i_237,"Types of Attacks: DDoS Attacks: Aim to enhance network resources, making them more accessible to legitimate users .","Software-defined networking (SDN) is an emerging new technology in the field of networks that facilitates comprehensive network programmability, which makes them prone to network attacks. One of the primitive yet highly effective network attacks is the Distributed Denial-of-Service (DDoS). DDoS attacks are launched from the compromised hosts called botnets acquired by the attacker host called the botmaster, all being connected to switches present in the same environment. Despite the large number of traditional mitigation solutions that exist today, DDoS attacks continue to grow severely. Numerous solutions have been proposed to counter these attacks and prevent service disruptions which have cost many companies a fortune. An extensive literature survey of existing solutions to these security challenges in an SDN environment, that employed machine learning techniques like XGBoost, Support Vector Machine (SVM), etc., has addressed the detection of DDoS attacks. But still showed the scope of improvement in detection speeds which could significantly reduce the service unavailability time from a server i.e., the victim of the DDoS attack. Thus, this paper addresses these requirements to build an optimal, reliable, and quick DDoS detection and mitigation application. This application leverages the controller's functionalities, continuously monitors the network traffic at a particular host interface (potential victim) to detect abnormal traffic. When the traffic is identified as a potential DDoS attack, its mitigation is initiated. The DDoS attack traffic is mitigated by deploying flow rules onto the switches such that it blocks the attack traffic from entering the network. The application uses CatBoost classifier, the boosting algorithm which has very less prediction time and is comparatively 8× faster than XGBoost, because of its symmetric tree structure. It is tested to be proven reliable and efficient in detecting botnet-based DDoS attacks on the SDN environment with an accuracy of 98% and far less training time. Thus, proving that the proposed solution employing the state-of-the-art machine learning model can be more effective in quickly detecting and mitigating a DDoS attack.
[2]: This work aims to formulate an effective scheme which can detect and mitigate of Distributed Denial of Service (DDoS) attack in Software Defined Networks. Distributed Denial of Service attacks are one of the most destructive attacks in the internet. Whenever you heard of a website being hacked, it would have probably been a victim of a DDoS attack. A DDoS attack is aimed at disrupting the normal operation of a system by making service and resources unavailable to legitimate users by overloading the system with excessive superfluous traffic from distributed source. These distributed set of compromised hosts that performs the attack are referred as Botnet. Software Defined Networking being an emerging technology, offers a solution to reduce network management complexity. It separates the Control plane and the data plane. This decoupling provides centralized control of the network with programmability and flexibility. This work harness this programming ability and centralized control of SDN to obtain the randomness of the network flow data. This statistical approach utilizes the source IP in the network and various attributes of TCP flags and calculates entropy from them. The proposed technique can detect volume based and application based DDoS attacks like TCP SYN flood, Ping flood and Slow HTTP attacks. The methodology is evaluated through emulation using Mininet and Detection and mitigation strategies are implemented in POX controller. The experimental results show the proposed method have improved performance evaluation parameters including the Attack detection time, Delay to serve a legitimate request in the presence of attacker and overall CPU utilization.
[3]: Distributed Denial of Service (DDoS) attacks became a true threat to network infrastructure. DDoS attacks are capable of inflicting major disruption to the information communication technology infrastructure. DDoS attacks aim to paralyze networks by overloading servers, network links, and network devices with illegitimate traffic. Therefore, it is important to detect and mitigate DDoS attacks to reduce the impact of DDoS attacks. In traditional networks, the hardware and software to detect and mitigate DDoS attacks are expensive and difficult to deploy. Software-Defined Network (SDN) is a new paradigm in network architecture by separating the control plane and data plane, thereby increasing scalability, flexibility, control, and network management. Therefore, SDN can dynamically change DDoS traffic forwarding rules and improve network security. In this study, a DDoS attack detection and mitigation system was built on the SDN architecture using the random forest machine-learning algorithm. The random forest algorithm will classify normal and attack packets based on flow entries. If packets are classified as a DDoS attack, it will be mitigated by adding flow rules to the switch. Based on tests that have been done, the detection system can detect DDoS attacks with an average accuracy of 98.38% and an average detection time of 36 ms. Then the mitigation system can mitigate DDoS attacks with an average mitigation time of 1179 ms and can reduce the average number of attack packets that enter the victim host by 15672 packets and can reduce the average number of CPU usage on the controller by 44,9%.","{
  ""justification"": ""The claim states that DDoS attacks aim to enhance network resources and make them more accessible. This is the direct opposite of what is stated in all three references. For example, reference [2] explicitly says a DDoS attack is \""aimed at disrupting the normal operation of a system by making service and resources unavailable to legitimate users\"". Similarly, reference [3] states that DDoS attacks \""aim to paralyze networks by overloading servers\"". The claim completely reverses the purpose of a DDoS attack as described in the source material."",
  ""answer"": ""Opposite meaning""
}"
i_1605,"Key Points: Impact of Mangrove Loss: The removal of mangroves for aquaculture not only leads to direct loss of vegetation but also affects the broader coastal ecosystem. This includes the loss of nursery grounds for fish and other marine species, which can have cascading effects on local biodiversity and fisheries .","Mangrove ecosystems are one of the main ecosystems in coastal areas that have high productivity that serves and support the productivity of fisheries resources. This high productivity is due to mangrove ecological functions of mangroves as a nursery ground, feeding ground, and spawning ground. In the global warming context, the mangrove ecosystem has served as a sink and storage carbon. Mangroves also play a process of disaster mitigation, especially to current and waves, erosion, and coastal abrasion. Mangrove, in functional status, will be able to protect the wave movement from sea to land. Except for tree density, the mangrove root's shown an ability to protect waves from the sea. The effort to conserve and protect coastal areas from climate and tsunami can be started from the local community in the coastal. The local government that has close connectivity to the coastal ecosystem is a village particularly. This is a critical point to increase local coastal village, and then, the village autonomy according to Law Number 6 of 2014 concerning villages to conserve the ecosystem and environment as the village's responsibility. Thus, the village is no longer just managing the administration but also saving the environment and the world one of them through mangroves","{
  ""justification"": ""The claim asserts that the removal of mangroves for aquaculture leads to the loss of nursery grounds, impacting biodiversity and fisheries. The reference supports the idea that mangroves serve as nursery grounds and are vital for fisheries. However, the reference does not mention that mangroves are being removed specifically for \""aquaculture.\"" This specific cause mentioned in the claim is not verifiable from the provided text, making the claim related but unverifiable."",
  ""answer"": ""Related but unverifiable""
}"
i_899,Key Points: Design Optimization: Helps in optimizing rotor designs for better performance and efficiency .,"[6] We have thoroughly discussed the rotordynamic stability in Chap. 4. In the following section, it deals with the resonance in linear rotordynamics that is also a harmful effect causing damage of the turbochargers.","{
    ""justification"": ""Justification 1: The claim discusses optimizing rotor designs for better performance. The reference, however, focuses on the harmful effects of resonance and rotordynamic stability in turbochargers. The reference does not mention design optimization or improving efficiency.\nJustification 2: While both the claim and reference are about rotors, the claim's specific point about \""design optimization\"" for \""better performance and efficiency\"" is not mentioned or supported by the provided reference text, which deals with negative aspects like resonance and damage."",
    ""answer"": ""Related but unverifiable""
}"
s_1400,"Key Factors Contributing to Odor in Diabetic Foot Ulcers: Poor Wound Healing: Delayed Healing: Diabetic patients often experience delayed wound healing primarily due to poor glycemic control, which alone is sufficient to cause significant odor in foot ulcers, overshadowing other factors like peripheral neuropathy and peripheral vascular disease .","The pathophysiological mechanisms underlying diabetic chronic wounds are complex and multifactorial. Neuropathy resulting in insensitivity, abnormal foot biomechanics and peripheral vascular disease, along with poor wound healing are the major contributors to the development of foot ulcers in diabetic patients. All of these factors are often indicated and are the source of delayed wound healing. Classifying ulcerations according to size, depth, presence or absence of infection, and vascular status are very important for determining the proper treatment. Proper offloading is vital for those patients with neuropathic lesions. Infections are among the most frequent and serious consequences of diabetic ulcers. They are the most common proximate cause of lower-extremity amputations. In cases of septic neuroischaemic foot, major amputation may be inevitable, but if the infection is not immediately life-threatening the infected part of the foot should be drained and debrided promptly and left wide open. After generation of a well-granulated wound bed, we applied a pure epidermal sheet graft (PESG) obtained by suction blisters from the trunk or thigh (nonpalmoplantar) skin. The clinical outcome of epidermal grafting without dermal components was excellent, especially in treating palmoplantar wounds, in terms of efficacy, with better graft take through keratinocyte activation and scarless healing of donor sites by obtaining the epidermal sheets by suction blister, and quality, site-specific differentiation through mesenchymal- epithelial interactions.
[2]: Diabetic foot ulcer is a rising health problem with rising prevalence of diabetes. It is the most important cause of non-traumatic foot amputations. Diabetic foot ulcers are primarily due to neuropathy and/ or ischaemia, and are frequently complicated by infection. Up to 85% of all diabetic foot related problems are preventable through a combination of good foot care and appropriate education for patients and healthcare providers. The holistic care of diabetic foot ulcer patients requires a multidisciplinary team approach. Apart from blood sugar control, treatment of ulcer involves debridement, offloading, appropriate dressings, vascular maintenance and infection control. Use of adjunctive treatments such as various growth factors, skin replacement dressings and vacuum assisted closure will accelerate healing in selected cases.
[5]: Diabetic foot ulcers are a devastating component of diabetes progression and are caused by loss of glycemic control, peripheral neuropathy, peripheral vascular disease, and immunosuppression. An estimated 15% of patients with diabetes have diabetic foot ulcers. This article describes the pathogenesis, diagnosis, clinical management, and advances in wound treatment for diabetic foot ulcers.","{
  ""justification"": ""Justification 1: The references discuss the causes of diabetic foot ulcers, including poor glycemic control, peripheral neuropathy, and peripheral vascular disease. However, none of the provided texts mention \""odor\"" at all. Therefore, the claim's central assertion that poor glycemic control causes significant odor is not verifiable from the references.\nJustification 2: While the topic of diabetic foot ulcers is common to both the claim and the references, the specific concept of \""odor\"" and its link to glycemic control is introduced in the claim without any support from the source material, making it related but unverifiable."",
  ""answer"": ""Related but unverifiable""
}"
s_820,"1. Raw Material Preparation: Energy Consumption: The manufacturing process does not consume significant amounts of energy, and energy use is often inefficient, leading to higher production costs rather than cost-effective production .","In a modern manufacturing system for furniture production, raw material and material, energy and information flows are directly interconnected to obtain competitive products while increasing the productivity, profitability and environmental performance of the enterprise. In the wood industry manufacturing system, raw wood undergoes physical and biological transformation processes (drying and transformation of the biological properties of wood) as well as disruptive actions that are compensated by the order quantities. Energy as a resource has an important role to play in this production process, and it involves consuming a certain amount of energy. It is one of the biggest and costliest resources involved in the manufacturing process. The required energy is generally transmitted from the outside in the form of electric or thermal energy. From the energy input, only a part becomes useful energy, the rest representing energy losses. By reducing energy consumption, reversing energy losses and integrating materials and material losses into energy recovered through retrofitting, revenue and profit can increase, leading to an increase in employee satisfaction. The easier it is to maximize profits and lower the operating costs, the quicker is the recovery of the investments, and that will change in the operating mode in: ""WORKING SMARTER NOT HARDER"".","{
  ""justification"": ""Justification 1: The claim states that the manufacturing process does not consume significant amounts of energy, which is directly contradicted by the reference stating that energy is 'one of the biggest and costliest resources involved in the manufacturing process.'\nJustification 2: The claim's assertion of insignificant energy use is the opposite of what the reference describes, where energy is presented as a major and costly component of production."",
  ""answer"": ""Opposite meaning""
}"
i_1876,"Key Findings: 1. Impact of Tree Height on Land Surface Temperature (LST): Vegetation height significantly impacts LST, with taller trees generally providing greater cooling effects. A study using LiDAR data in Tampa, Florida, found that LST decreases at an increasing rate with vegetation height, optimizing at around 25 meters . This suggests that trees around this height are most effective in reducing surface temperatures.","Urban vegetation can mitigate urban heat island (UHI) due to its ability to regulate temperature by directly or indirectly influencing water vapor transport, shading effect, and wind speed and direction. Mechanisms of effects of vegetation cover on land surface temperature (LST) have been extensively documented. Few studies, however, have examined the role of vegetation height in controlling LST. In this study, we examined the relationship between LST and vegetation height by using Light Detection and Range (LiDAR) data from the city of Tampa, Florida, USA. The results revealed that vegetation height has significant impact on LST. Additionally, we also identified the optimal height and fractional cover at which vegetation can exert the greatest influence on LST. In particular, we found that the maximum cooling effect of vegetation can only be achieved when vegetation cover is above 93.33%, an amount of which is nearly impossible to have in most of the cities. On the other hand, LST decreases at an increasing rate with vegetation height, and is optimized at 20 m. This shows that vegetation height can play an important role in regulating UHI in contributing to effect maximization with least cover possible in a city. Findings derived from this study could provide urban planners with critical insights on precise and efficient urban vegetation management in the purpose of UHI mitigation.","{
  ""justification"": ""Justification 1: The claim states that the optimal vegetation height for cooling is around 25 meters. The reference, however, states that the cooling effect 'is optimized at 20 m.' This is a direct numeric contradiction.\nJustification 2: The claim misreports the optimal vegetation height for cooling as 25 meters, whereas the reference specifies this height as 20 meters."",
  ""answer"": ""Numeric error""
}"
i_79,Techniques to Address Imbalanced Data: Ensemble Methods: Boosting: Algorithms like RHSBoost and Boundary-Boost enhance minority class performance by focusing on difficult-to-classify instances .,"Imbalance data are defined as a dataset whose proportion of classes is severely skewed. Classification performance of existing models tends to deteriorate due to class distribution imbalance. In addition, over-representation by majority classes prevents a classifier from paying attention to minority classes, which are generally more interesting. An effective ensemble classification method called RHSBoost has been proposed to address the imbalance classification problem. This classification rule uses random undersampling and ROSE sampling under a boosting scheme. According to the experimental results, RHSBoost appears to be an attractive classification model for imbalance data.
[10]: Imbalanced data existed widely in various fields. The classification problem of imbalanced data is a hot issue in machine learning. Existing algorithms on imbalanced data classification processed data without putting enough attention on the positive boundary samples which were prone to misclassification, and the cost that the positive samples were misclassified is much larger than the cost that the negative samples were misclassified. Based on this background, this paper presented a new imbalanced data classification approach based on boundary samples named Boundary-Boost. At first, categorize positive sample as boundary sample and security sample. Then, synthesize the new positive samples according to the boundary sample to balance the imbalanced data. At the same time, classified all the samples by using Boosting. Next, deleted the synthesized samples which were misclassified to reduce the influence of synthesized error samples on the classification results. Experimental result shows that the approach of Boundary-Boost has advantages on imbalanced data classification problem.","{
  ""justification"": ""The reference explicitly describes both RHSBoost and Boundary-Boost. It states that RHSBoost is an ensemble method for imbalanced data that helps classifiers 'pay attention to minority classes.' It also describes Boundary-Boost as an approach that focuses on 'boundary samples which were prone to misclassification.' This directly supports the claim that these algorithms enhance minority class performance by focusing on difficult-to-classify instances."",
  ""answer"": ""Entailment""
}"
s_189,"Interoperability and Compatibility Issues: Different IoT platforms may have compatibility issues, leading to security vulnerabilities. For example, the openHab platform has been shown to suffer from limited device compatibility, which can prevent effective integration of IoT devices . This can result in unauthorized control over surveillance systems.","Internet of Things (IoT) refer to a group of smart devices connected over a common network which can improve the quality of our lives either via automation of various home chores e.g. switching on lights at certain pre-programmed hours or allowing remote control of home appliances. While IoT offers a promising future for automation, convenience and analytics, it currently faces many issues that prevent private industry or residential home owners from deploying them. Two major issues include security concerns and device incompatibilities among different IoT platforms. A recent research paper has exposed the insecurity of the SmartThings framework which allows over privileged access of third party apps to all capabilities of a SmartThings device. This combined with unsafe dynamic method invocation exposes home owners to dangerous manipulations of deployed IoT devices e.g. unlock a home. To overcome this vulnerability, users may choose an open source platform e.g. openHab. However, openHab suffers from limited device compatibility issue since it does not support most of the SmartThings devices. Thus, we propose our IoTOne solution which supports heterogeneous IoT devices and avoids both the security vulnerabilities and the limited device compatibilities issues. Our IoTOne solution also checks for security vulnerabilities before publishing IoTOne App.","{
  ""justification"": ""The reference presents security concerns and device incompatibilities as two distinct issues with IoT platforms. It attributes a security vulnerability (over-privileged access) to the SmartThings platform and a compatibility issue (limited device support) to the openHab platform. The claim incorrectly conflates these issues by suggesting that openHab's compatibility problem leads to security vulnerabilities like unauthorized control, a link that is not made in the reference. The reference discusses security vulnerabilities in the context of SmartThings, not openHab."",
  ""answer"": ""Misrepresentation""
}"
s_99,"Artificial Intelligence and Machine Learning in Land Consolidation: AI in Land Management: Optimization and Decision-Making: Machine learning frameworks can optimize development strategies by analyzing well performance, spatial and temporal relationships, and other critical factors. This approach has been successfully applied in the Bakken Formation for optimizing well completion and spacing .","With hundreds of rigs running and thousands of wells producing in unconventional plays, more and more data becomes available every day and it is ever more tempting to apply machine learning techniques for unconventional development, be it to identify geology sweet spot, understand performance drivers and optimize development strategies such as well spacing, completion and production designs etc. However, most of the previous applications of machine learning are limited to either certain types of data or small areas of interest. Consequently, the results often lack the predictability or generalizability necessary to impact important development decisions. We developed a flexible, scalable and integrated machine learning framework to leverage all sources of data for the goal of optimizing unconventional resources development. The framework is built on a big data warehouse and on-demand capability to efficiently visualize and analyze large volumes of heterogeneous data. The most important pillar of the framework is the ability to transform all different types of data with fit-for-purpose methodologies to be closely related to the evaluation and prediction of well performance. This is enabled mechanistically by an interface to scripting languages such as R or Python for interactive data processing, validation and visualization. We also developed several innovative methodologies to overcome some common challenges in characterizing well performance and analyzing well spatial and temporal relationships in terms of well spacing, stacking and infill timing. Ultimately, all the data is regularized to be ready for machine learning. The framework enables a rich set of state-of-the-art machine learning techniques. More importantly, the integration of machine learning with geology, reservoir and development data in a visual environment enables very intuitive and interactive testing, validation and interpretation, which provides valuable insight and confidence for development decision making. The framework has been extensively employed in Permian Basin for important technical studies such as evaluation of new formation, optimization of well completion and spacing, and even PUD reserve booking compatible with SPEE recommended reliable technology. Field case studies clearly demonstrate the applicability and efficiency of the framework as well as the predictability and insights the machine learning techniques offer.","{
  ""justification"": ""The claim asserts that the machine learning framework was successfully applied in the Bakken Formation. However, the reference explicitly states, \""The framework has been extensively employed in Permian Basin for important technical studies...\"". The reference does not mention the Bakken Formation. This is a direct contradiction of the entity (location) mentioned."",
  ""answer"": ""Entity error""
}"
s_1035,"Key Components: Antioxidants: Enzymatic Antioxidants: Superoxide dismutase, catalase, and selenium-containing glutathione peroxidase help protect against oxidative stress, and it is believed that these antioxidants may also play a role in enhancing cognitive development in infants during early life .","Milk contains plenty of enzymatic and non-enzymatic antioxidant components that probably account for the vital antioxidant protection of the infants at early stages of life against the development of complications induced by oxygen free radicals. Indigenous milk enzymes play a key role in regulating lactogenesis, including active involution of mammary gland. Moreover, they are essential constituents of antioxidation and the innate immune system of milk. Among antioxidant enzymes, superoxide dismutase, catalase and selenium-containing glutathione peroxidase have been demonstrated in human milk. Mainly, the enzyme content of colostrum is higher than that in corresponding mature milk. Beside lipophilic antioxidant in human milk, tocopherols, carotenoids and vitamin A are of great interest. Those components demonstrate the highest levels in colostrum and decline during early lactation, despite the fact that total lipids increase. The complete list of active antioxidant components in human milk is not yet known. This review reports the main findings of enzymatic and non-enzymatic antioxidants, as well as antioxidant capacity of human milk. Synergism of action of several antioxidants helps to eliminate free radicals in newborns. Bearing in mind that milk contains a number of antioxidants, many reactions are possible and it is difficult to define the exact contribution and function of each antioxidant. Besides qualitative and quantitative analysis of human milk antioxidants, the measurement of total antioxidant capacity could be a useful tool for examination of this dynamic, complex fluid.","{
  ""justification"": ""The reference confirms that superoxide dismutase, catalase, and selenium-containing glutathione peroxidase are antioxidant enzymes found in human milk that protect infants against oxidative stress. However, the reference makes no mention of these antioxidants playing a role in enhancing cognitive development. This specific part of the claim is not supported by the provided text, making it unverifiable, although the general topic is related."",
  ""answer"": ""Related but unverifiable""
}"
s_1127,"Potential Functions of Collagen-Derived Proline in Bone Metastatic Cancer Dormancy: Collagen-derived proline, particularly through its role in collagen stability and structure, can significantly influence the dormancy and reactivation of bone metastatic cancer cells. Collagen I (Col-I) is a major component of the bone matrix and has been shown to play a critical role in the dormancy-to-proliferation switch of metastatic cancer cells. The interaction between Col-I and cancer cells can activate signaling pathways that lead to cytoskeletal reorganization and cell proliferation .","Breast cancer that recurs as metastatic disease many years after primary tumor resection and adjuvant therapy seems to arise from tumor cells that disseminated early in the course of disease but did not develop into clinically apparent lesions. These long-term surviving, disseminated tumor cells maintain a state of dormancy, but may be triggered to proliferate through largely unknown factors. We now show that the induction of fibrosis, associated with deposition of type I collagen (Col-I) in the in vivo metastatic microenvironment, induces dormant D2.0R cells to form proliferative metastatic lesions through β1-integrin signaling. In vitro studies using a three-dimensional culture system modeling dormancy showed that Col-I induces quiescent D2.0R cells to proliferate through β1-integrin activation of SRC and focal adhesion kinase, leading to extracellular signal-regulated kinase (ERK)-dependent myosin light chain phosphorylation by myosin light chain kinase and actin stress fiber formation. Blocking β1-integrin, Src, ERK, or myosin light chain kinase by short hairpin RNA or pharmacologic approaches inhibited Col-I-induced activation of this signaling cascade, cytoskeletal reorganization, and proliferation. These findings show that fibrosis with Col-I enrichment at the metastatic site may be a critical determinant of cytoskeletal reorganization in dormant tumor cells, leading to their transition from dormancy to metastatic growth. Thus, inhibiting Col-I production, its interaction with β1-integrin, and downstream signaling of β1-integrin may be important strategies for preventing or treating recurrent metastatic disease. ©2010 AACR.
[2]: The most frequent site of prostate cancer metastasis is the bone. Adhesion to bone-specific factors may facilitate the selective metastasis of prostate cancer to the skeleton. Therefore, we tested whether prostate cancer bone metastasis is mediated by binding to type I collagen, the most abundant bone protein. We observed that only bone metastatic prostate cancer cells bound collagen I, whereas cells that form only visceral metastases failed to bind collagen. To confirm the relationship between collagen adhesion and bone metastatic potential, a collagen-binding variant of human LNCaP prostate cancer cells was derived through serial passage on type I collagen (LNCaP <inf>col</inf>). Fluorescence-activated cell sorting analysis showed that LNCaP<inf>col</inf> cells express increased levels of the integrin collagen I receptor α<inf>2</inf>β<inf>1</inf> compared with LNCaP cells. Antibodies to the α<inf>2</inf>β<inf>1</inf> complex inhibited LNCaP<inf>col</inf> binding to collagen, confirming that integrins mediated the attachment. Correspondingly, LNCaP<inf>col</inf> cells displayed enhanced chemotactic migration toward collagen I compared with LNCaP cells, an activity that could be blocked with α<inf>2</inf>β<inf>1</inf> antibodies. To directly test the role of α<inf>2</inf>β<inf>1</inf>-dependent collagen binding in bone metastasis, LNCaP and LNCaP<inf>col</inf> cells were injected into the tibia of nude mice. After 9 weeks, 7 of 13 (53%) mice injected with LNCaP<inf>col</inf> developed bone tumors, whereas 0 of 8 mice injected with LNCaP cells had evidence of boney lesions. LNCaP<inf>col</inf> cells were found to express increased levels of the metastasis-promoting RhoC GTPase compared with parental LNCaP. We conclude that collagen I attachment mediated by α<inf>2</inf>β<inf>1</inf> initiates motility programs through RhoC and suggest a mechanism for prostate cancer metastasis to the bone. ©2006 American Association for Cancer Research.","{
  ""justification"": ""The claim's central assertion is about the role of \""collagen-derived proline\"" in bone metastatic cancer dormancy. While the provided references extensively discuss the role of Collagen I (Col-I) in the dormancy-to-proliferation switch and metastasis, neither of the abstracts mentions the amino acid \""proline\"" or its specific function in this context. Therefore, the core part of the claim concerning proline is not supported by the references, even though the broader topic of collagen's role is related."",
  ""answer"": ""Related but unverifiable""
}"
s_1480,Essential for growth and feed intake.  The recommended dietary Zn requirement is around 65 mg/kg up to day 14 and 70 mg/kg thereafter  .,"This review critically examines the literature on the current status of trace mineral nutrition and the effect of organically complexed trace minerals, focusing on copper (Cu), iron (Fe), manganese (Mn) and zinc (Zn), on broiler chicken production. The requirements of Cu, Fe, Mn and Zn by broiler chickens need to be redefined due to today's fast growing birds and the availability of organic trace minerals. Zn is one of the key trace minerals for chickens and although it maintains a relatively stable tissue concentration, dietary deficiency of Zn strongly depresses the feed intake, and hence the growth, of broiler chickens. Based on studies using a semiconventional diet, it is reasonable to conclude that the total Zn requirement for broiler chickens is around 60 mg/kg up until day 14 and 70 mg/kg from 14 day onwards, including the Zn content in the basal diet. However, it is difficult to determine the requirements of other organic trace minerals such as Cu, Fe and Mn because under a Zn adequate condition, it is impossible to produce deficient symptoms of these minerals on the basis of growth response. It also identifies gaps in knowledge of inorganic and organic trace mineral nutrition for the modern broiler chicken. © 2009 CSIRO.","{
  ""justification"": ""Justification 1: The claim states that the recommended dietary Zn requirement is around 65 mg/kg up to day 14, but the reference specifies that the requirement is around 60 mg/kg for the same period.\nJustification 2: There is a numeric discrepancy between the claim and the reference regarding the zinc requirement for broiler chickens up to day 14. The claim cites 65 mg/kg, while the reference cites 60 mg/kg."",
  ""answer"": ""Numeric error""
}"
s_142,"4. Comparison with Other Techniques: Deep Learning Approaches: Traditional methods like deep learning approaches require predefined initial conditions and are sensitive to noise and artifacts, which can lead to suboptimal segmentation .","Segmentation of ultrasound images is a challenging task due to the lower contrast and the speckle noise. Active contour is one of the most widely used techniques for ultrasound image segmentation. This method has drawbacks such as the predefined initial curve position and the number of contour points to be considered. A new active contour segmentation for extracting the intima media layer and plaque in the Common Carotid Artery (CCA) ultrasound images is presented in this paper. This paper has proposed a fuzzy weighted graph based active contour segmentation technique to overcome all these drawbacks. The proposed method is used for segmenting Intima-Media Thickness (IMT) and plaque in common carotid artery B-mode ultrasound images to assess the risk of stroke in the human subject under investigation. Using canny edge detection and connected component analysis methods, the initial contour was determined and applied as input to the proposed active contour segmentation algorithm. The proposed algorithm was compared with five conventional methods. Experimental results prove that the proposed approach has produced better results than traditional methods. The overall probability of error achieved by the proposed algorithm was 5.28%, which was very less compared to other conventional methods.
[4]: Uterine fibroids segmentation in ultrasound images is of great importance in the definition of intra-operative planning of ultrasound-guided high-intensity focused ultrasound (HIFU) therapy. However, it is challenging to obtain accurate, robust and efficient uterine fibroid segmentation due to low quality of ultrasound images. In this study, the authors propose a novel adaptive localised region and edge-based active contour model using shape constraint and sub-global information to accurately and efficiently segment the uterine fibroids in ultrasound images with robustness against initial contour. The authors first define adaptive local radius for the localised region-based model and combine it with the edge-based model to accurately and efficiently capture image's heterogeneous features and edge features. Then, they incorporate a shape constraint to reduce boundary leakage or excessive contraction to obtain more accurate segmentation. To overcome the initialisation sensitivity, they introduce the sub-global information to prevent the curve from trapping into the local minima and obtain robust results. Furthermore, the authors optimise computation by adaptively sharing local region and employing the multi-scale segmentation method to achieve efficient segmentation. The proposed method is validated by uterine fibroid ultrasound images in HIFU therapy and the results demonstrate that it can achieve accurate, robust and efficient segmentation.","{
  ""justification"": ""The claim incorrectly attributes the drawbacks of requiring predefined initial conditions and sensitivity to noise to \""deep learning approaches.\"" The reference explicitly discusses these issues in the context of \""Active contour\"" methods, which it refers to as traditional or conventional techniques. The reference does not mention \""deep learning\"" at all."",
  ""answer"": ""Entity error""
}"
s_1343,"4.  -  Targets the IL-4 receptor, inhibiting IL-4 and IL-13 signaling pathways .","Bullous pemphigoid (BP) is an autoimmune blistering disorder that predominantly affects the elderly. Treatment regimens typically include topical and systemic immunosuppressive medications. Although effective, systemic corticosteroids are sometimes poorly tolerated in the elderly patient, contributing to the overall morbidity and mortality of BP. Dupilumab is a monoclonal antibody targeting interleukin 4 receptor alpha (IL4Rα), approved for the treatment of atopic dermatitis, as well as moderate to severe asthma and chronic rhinosinusitis with nasal polyposis. In recent reports, dupilumab has been successfully used off-label to treat a variety of pruritic disorders, including chronic spontaneous urticaria [1], anal and genital itch [2], allergic contact dermatitis [3], and prurigo nodularis [4, 5]. We report here a case of an elderly patient with refractory BP whose symptoms of pruritus and blistering became well-controlled with the addition of dupilumab to the treatment regimen.","{
  ""justification"": ""Justification 1: The reference states that Dupilumab is a monoclonal antibody that targets the interleukin 4 receptor alpha (IL4Rα). The claim correctly identifies this target but also adds that it inhibits IL-13 signaling pathways. This specific detail about IL-13 signaling is not mentioned in the provided reference text, making that part of the claim unverifiable.\nJustification 2: While the reference confirms that Dupilumab targets the IL-4 receptor, it does not provide any information about the inhibition of IL-13 signaling. Therefore, the full claim cannot be verified using only the given source."",
  ""answer"": ""Related but unverifiable""
}"
s_683,"Challenges and Considerations: Data Quality and Training: One of the challenges in implementing AI in HVAC systems is the quality and specificity of the training data. FDAs trained on specific data sets may not perform well in real-world applications without further adjustments and improvements. Additionally, it is possible that incorporating user feedback into the training process could enhance the adaptability of FDAs in diverse operational environments, although this remains to be empirically validated .","Buildings are responsible for a large portion of the overall energy consumption. With the rising penetration of renewable energies, the heating and cooling demand of buildings will be increasingly satisfied by heat pumps. However, faults in the heat pump systems reduce energy efficiency or cause system failure, leading to an increased demand for primary energy. Hence, fault detection algorithms (FDA) are used to identify faults before system failure or efficiency deterioration occurs. With the rise of artificial intelligence and big data as well as more detailed monitoring systems, data-driven FDA have become a focus of research in recent years, showing promising results with acceptable effort. However, studies often use specific training data sets, thus generating FDAs adapted to a specific experimental system. In this paper, we investigate whether FDAs trained on a fault data set gathered with a laboratory heat pump system can be deployed on a real-world application system without the need for expensive modifications. We also investigate a big data approach, in which we use data collected over an extended period of time to train the FDAs. To this end, we use a data set kindly provided by the National Institute of Standards and Technology (NIST) containing data for typical heat pump failures measured on a specially outfitted air-water heat pump. From this data, we extract a series of features as input for the FDAs and evaluate the importance of those features for the FDAs. We train the algorithms to detect faults on the NIST data set, and transfer the fitted FDAs to our own measurement data. The results show that the trained FDAs perform very well on the NIST data set, but poorly on the real-world data set. We identify several reasons for the FDAs' poor performance and derive mitigating actions. We believe that big data approaches for FDAs are facing several issues beyond the simple gathering of large data quantities, especially the labelling of occurred faults and completeness of the data set.","{
  ""justification"": ""The reference supports the claim that FDAs trained on specific datasets perform poorly in real-world applications. However, the reference does not mention \""incorporating user feedback\"" as a potential solution. The claim introduces the idea of using \""user feedback\"" to improve FDAs, but this concept is not discussed in the provided reference text, making that part of the claim unverifiable, even though the initial statements about data quality are supported."",
  ""answer"": ""Related but unverifiable""
}"
s_1472,"Considerations for Use in Aquaculture. Environmental Impact: The release of Cu-NPs into aquatic environments requires careful monitoring to prevent ecological harm. Studies have shown that Cu-NPs can accumulate in fish tissues, leading to potential long-term impacts .","In a pilot scale study, silver and copper nanoparticles were synthesized from two different plant sources viz Flacourtia indica and Prosopsis juliflora. The in vivo toxicity of silver and copper nanoparticles was tested on Danio rerio (Zebra fish) under different concentrations (1 ppm, 10 ppm and 100 ppm). Through the investigation, the nanoparticles treated fishes developed with hyper pigmentation in the ventral region. The minimum lethal concentration required to bring lethality caused by silver nanoparticle was 10 ppm whereas for copper nanoparticles it was 1 ppm. Further, the concentration of silver and copper nanoparticles accumulated inside the fish was evaluated by Atomic Absorption Spectroscopy. The in vivo concentration of silver and copper nanoparticles steadily increases with increase in dosage of nanoparticles being tested.","{
  ""justification"": ""The claim is directly supported by the reference, which describes a study where copper nanoparticles (Cu-NPs) were found to accumulate in fish tissues ('The in vivo concentration of silver and copper nanoparticles steadily increases with increase in dosage'). The reference also details the harmful effects, such as a lethal concentration of 1 ppm, which aligns with the claim's mention of 'ecological harm' and 'potential long-term impacts'."",
  ""answer"": ""Entailment""
}"
i_1967,"Implications: Mitigation and Adaptation: Addressing global warming requires both mitigation (reducing greenhouse gas emissions) and adaptation (preparing for and managing the impacts). Strategies include transitioning to renewable energy sources, enhancing energy efficiency, and developing resilient infrastructure. Additionally, the integration of advanced technologies such as carbon capture and storage could play a crucial role in future climate strategies, although their effectiveness remains to be fully validated .","Scientific research confirms that global warming is the result of direct and indirect human activities that determines changes in composition of the global atmosphere and which overlap to natural climate variability observed over comparable period of time. The risk of serious climate change impacts suggests that urgent action is necessary to significantly reduce GHG emissions in the coming decades. The paper objectives are the development and evaluation of mitigation/adaptation (M/A) policy portfolios and the prioritisation of research needs and gaps. In this article, the authors developed three mitigation/adaptation climate change policy scenarios for Romania: Business as Usual (BAU), Optimistic (OPT) and Pessimistic (PES). The result of the assessment presents the best policy portfolio for Romania, in terms of achieving the national 2020 targets meaning 20% emission reductions (base year 1989), 19% increase of the energy efficiency (base year 2005) and 24% share of RES in the final energy consumption.
[3]: Global warming which is a natural phenomenon has given rise to climate change as a result of man's contribution to this phenomenon. The roles of humans to global warming in two-fold: Firstly, through industrial activities which have caused increase in the concentration of CO<inf>2</inf> and other green house gases thereby exacerbating the degree of global warming of the Earth's atmosphere to dangerous levels. The second concern is the denuding of Earth's of the Earth's forest; thereby reducing the Earth's potential to absorb the increase in CO<inf>2</inf>. Other effects are loss of biodiversity, desertification, genetic erosion, loss of soil fertility and flooding. The way out of the challenge is basically through adaptation and mitigation. Impacts of climate change are now inevitable hence the need to develop stress and drought tolerant species/varieties. Afforestation programs, Community forestry, Agroforestry practices would serve as mitigation strategies for this harmful global phenomenon. This paper therefore highlights some negative effects of climate change on food security, health, biodiversity and the threats they pose on Nigeria. It also looked into likely causes of climate change and the role of forest trees on how they mitigate the effects of climate change. © 2010 IEEE.","{
  ""justification"": ""Justification 1: The claim discusses mitigation and adaptation strategies for global warming, which is consistent with the references. However, it specifically mentions \""developing resilient infrastructure\"" and \""carbon capture and storage,\"" neither of which are mentioned in the provided reference texts.\nJustification 2: While the references support the general concepts of mitigation (reducing emissions, using renewables, increasing efficiency) and adaptation, the claim introduces specific strategies (resilient infrastructure, carbon capture) that cannot be verified from the given sources. Therefore, this part of the claim is related but unverifiable."",
  ""answer"": ""Related but unverifiable""
}"
s_1316,"Key Findings: Gait and Biomechanics: In patients with total hip arthroplasty (THA), changes in ankle pushoff during walking exercises can influence hip biomechanics. Decreased ankle pushoff leads to increased hip flexor power absorption, indicating a compensatory relationship between the ankle and hip joints during movement . This implies that ankle discomfort could alter hip joint mechanics and vice versa.","[5] Introduction: Changes occur in muscles and nerves with aging. In this study we explore the relationship between unipedal stance time (UST) and frontal plane hip and ankle sensorimotor function in subjects with diabetic neuropathy. Methods: UST, quantitative measures of frontal plane ankle proprioceptive thresholds, and ankle and hip motor function were tested in 41 subjects with a spectrum of lower limb sensorimotor function ranging from healthy to moderately severe diabetic neuropathy. Results: Frontal plane hip and ankle sensorimotor function demonstrated significant relationships with UST. Multivariate analysis identified only composite hip strength, ankle proprioceptive threshold, and age to be significant predictors of UST (R<sup>2</sup> = 0.73), explaining 46%, 24%, and 3% of the variance, respectively. Conclusions: Frontal plane hip strength was the single best predictor of UST and appeared to compensate for less precise ankle proprioceptive thresholds. This finding is clinically relevant given the possibility of strengthening the hip, even in patients with significant peripheral neuropathy. [15] Background: Leg length discrepancy (LLD) is common after total hip arthroplasty (THA) with a plethora of clinical consequences. The associations between symptomatic (sLLD; disturbing perception of anatomical leg length discrepancy), anatomical (aLLD; side difference in leg length between the center of rotation of the hip and the center of the ankle joint) and intraarticular (iLLD; side difference between the tear drop figure and the most prominent point of the trochanter minor) LLD and lower back have not yet been reported in the literature. We performed a retrospective study to answer if postoperative (1) symptomatic LLD, (2) anatomic LLD, and (3) a change in intraarticular leg length are associated with lower back pain in patients undergoing THA. Further, we aimed to answer (4) whether symptomatic LLD is associated with the magnitude of anatomical LLD and the change in intraarticular leg length. Hypothesis: LLD after THA is associated with lower back pain. Materials and methods: Seventy-nine consecutive patients were retrospectively analyzed for the presence of aLLD and iLLD using EOS™ and X-rays, and were interviewed for the presence of sLLD and lower back pain using a questionnaire 5 years after primary THA. Results: Postoperative new onset of lower back pain was reported by 9 (11%) patients. Twenty (25%) patients reported sLLD. Anatomical LLD > 5 mm was present in 44 (56%) (median 8.0 (IQR -3.0 to 12.0; range -22 to 22) mm) and > 10 mm in 17 (22%) (median 12.0 (IQR 11.0 to 16.5; range -22 to 22) mm) patients. iLLD changed > 5 mm in 44 (56%) (median 8.5 (IQR 7.0 to 10.0; range -8 to 18) mm) and > 10 mm in 10 (13%) (median 14.0 (IQR 12.5 to 14.5; range 11 to 18) mm). New onset lower back pain was associated with sLLD (p = 0.002) but not with aLLD or iLLD. Patients without preoperative lower back pain had a statistically significant association between presence of sLLD and an aLLD of > 10 mm (p = 0.01). Conclusions: Symptomatic LLD after primary THA is associated with postoperative new onset of lower back pain irrespective of the magnitude of LLD. In patients without lower back pain prior to THA, symptomatic LLD is associated with anatomical LLD of more than 10 mm. Level of evidence: IV.","{
  ""justification"": ""The claim discusses a specific biomechanical relationship between ankle pushoff and hip flexor power in patients with total hip arthroplasty (THA). However, the provided references do not contain this information. Reference [5] discusses a compensatory relationship between the hip and ankle but in the context of diabetic neuropathy and unipedal stance, not THA or walking exercises. Reference [15] discusses THA but focuses on leg length discrepancy and lower back pain, not the ankle-hip biomechanics mentioned in the claim. Therefore, the claim is related to the general topics in the references but its specific assertions cannot be verified."",
  ""answer"": ""Related but unverifiable""
}"
s_28,"Benefits: Enhanced Decision-Making: By extracting and structuring relevant clinical information, AI can support healthcare providers in making informed decisions about patient care and follow-up .","In secondary analysis of electronic health records, a crucial task consists in correctly identifying the patient cohort under investigation. In many cases, the most valuable and relevant information for an accurate classification of medical conditions exist only in clinical narratives. Therefore, it is necessary to use natural language processing (NLP) techniques to extract and evaluate these narratives. The most commonly used approach to this problem relies on extracting a number of clinician-defined medical concepts from text and using machine learning techniques to identify whether a particular patient has a certain condition. However, recent advances in deep learning and NLP enable models to learn a rich representation of (medical) language. Convolutional neural networks (CNN) for text classification can augment the existing techniques by leveraging the representation of language to learn which phrases in a text are relevant for a given medical condition. In this work, we compare concept extraction based methods with CNNs and other commonly used models in NLP in ten phenotyping tasks using 1,610 discharge summaries from the MIMIC-III database. We show that CNNs outperform concept extraction based methods in almost all of the tasks, with an improvement in F1-score of up to 26 and up to 7 percentage points in area under the ROC curve (AUC). We additionally assess the interpretability of both approaches by presenting and evaluating methods that calculate and extract the most salient phrases for a prediction. The results indicate that CNNs are a valid alternative to existing approaches in patient phenotyping and cohort identification, and should be further investigated. Moreover, the deep learning approach presented in this paper can be used to assist clinicians during chart review or support the extraction of billing codes from text by identifying and highlighting relevant phrases for various medical conditions.","{
  ""justification"": ""The reference states that the deep learning approach can \""assist clinicians during chart review or support the extraction of billing codes from text by identifying and highlighting relevant phrases for various medical conditions.\"" This directly supports the claim that AI can enhance decision-making by extracting and structuring clinical information."",
  ""answer"": ""Entailment""
}"
i_149,"AI-oriented data management frameworks can optimize data governance, execution engines, and declarative language models to handle dark data more effectively .","Artificial intelligence has been widely used in various scenarios due to its powerful learning and generalization ability. However, most of the existing AI techniques are facing three major challenges. First, existing AI techniques are hard to use for ordinary users, which depends on AI experts to select appropriate models, choose reasonable parameters and write programs, so it is difficult to be widely used in non-IT fields. Second, the training efficiency of existing AI algorithms is low, resulting in a lot of waste of computing resources, even delaying decision-making opportunities. Third, existing AI techniques are strongly dependent on high-quality data. If the data quality is low, it will make error decisions. The database technology can effectively solve these three problems, and AI-oriented data management has been widely studied. Firstly, this paper gives the overall framework of data management in AI. Then, it presents a detailed overview of AI-oriented declarative language model, AI-oriented optimization, AI-oriented execution engine, and AI-oriented data governance. Finally, the future research directions and challenges are provided.","{
  ""justification"": ""Justification 1: The reference discusses AI-oriented data management, including declarative language models, optimization, execution engines, and data governance. However, it does not mention \""dark data\"" or how these frameworks handle it.\nJustification 2: The claim introduces the concept of \""dark data,\"" which is absent from the reference text. While the reference covers the components of AI-oriented data management, it does not link them to the management of dark data, making this specific assertion unverifiable."",
  ""answer"": ""Related but unverifiable""
}"
s_1573,"Active Compounds in Cocoa Pod Husk: Cocoa pod husk hemicellulose hydrolysate (CPHHH) can be used for the production of xylitol by certain yeast strains, indicating the presence of fermentable sugars and other compounds that support microbial growth .","[10] In Colombia, the cocoa pod husk (CPH) is expected to reach 2 100 000 t year<sup>-1</sup> in 2021 which is usually burned or left over for decomposing outdoors at the plantations without any environmental control. Therefore, this study evaluated the energetic potential of CPH obtained after the initial processing of this fruit (Theobroma cacao L.). Three biological materials were analyzed: clone CCN-51 (CPH<inf>1</inf>), clone ICS-39 (CPH<inf>2</inf>) and a hybrid (CPH<inf>3</inf>), which present high yield and number of fruits per tree. The samples were examined by using different characterization techniques for raw biomass and ashes; in addition to the ultimate, proximate and heating value analyses, different fouling indexes were determined in order to estimate the phenomena of solids formation inside the reactor when combustion or gasification is used as a thermochemical valorization process. The Colombian CPHs contain relatively homogeneous levels of C, H and O, but very heterogeneous ash contents (1.4 to 12.9 wt %). The three studied samples showed high content of K<inf>2</inf>O in ashes (67 to 74 wt %). The higher heating value (HHV) ranged from 15 395 to 16 670 kJ kg<sup>-1</sup>. Furthermore, the fouling index and the fusibility analysis suggest the appearance of agglomeration and sintering phenomena when CPH is used as a fuel. The gasification is proposed as the process with major possibilities for the energetic use of CPH. CPH<inf>1</inf> sample seems to allow a more stable and flexible operation, as compared to CPH<inf>2</inf> and CPH<inf>3</inf>.","{
  ""justification"": ""Justification 1: The claim discusses the use of cocoa pod husk hemicellulose hydrolysate (CPHHH) for xylitol production by yeast. The reference, however, focuses on the energetic potential of cocoa pod husk (CPH) through thermochemical processes like gasification. It analyzes heating values and ash content but does not mention CPHHH, xylitol, or fermentation.\nJustification 2: While both the claim and the reference are about the utilization of cocoa pod husk, the specific application mentioned in the claim (xylitol production) is not discussed or supported by the reference, which is concerned with energy generation. Therefore, the claim is related but cannot be verified."",
  ""answer"": ""Related but unverifiable""
}"
s_1970,"Methods for Assigning Weights to Environmental Factors: Arithmetic Mean Model (AMM): Description: AMM calculates the HSI by averaging the suitability scores of different environmental variables. Application: This model was found suitable for predicting Chub mackerel habitat in the East China Sea based on SST, salinity, Chl-a, and SSHA . It can be adapted for skipjack tuna by selecting appropriate environmental variables.","The habitat quality of Chub mackerel (Scomber japonicus) in the East China Sea has been a subject of concern in the last 10 years due to large fluctuations in annual catches of this stock. For example, the Chinese light-purse seine fishery recorded 84000 tons in 1999 compared to 17000 tons in 2006. The fluctuations have been attributed to variability in habitat quality. The habitat suitability Index (HSI) has been widely used to describe fish habitat quality and in fishing ground forecasting. In this paper we use catch data and satellite derived environmental variables to determine habitat suitability indices for Chub mackerel during July to September in the East China Sea. More than 90% of the total catch was found to come from the areas with sea surface temperature of 28.0°-29.4°C, sea surface salinity of 33.6-34.2 psu, chlorophyll-a concentration of 0.15-0.50 mg/m<sup>3</sup> and sea surface height anomaly of -0.1-1.1 m. Of the four conventional models of HSI, the Arithmetic Mean Model (AMM) was found to be most suitable according to Akaike Information Criterion analysis. Based on the estimation of AMM in 2004, the monthly HSIs in the waters of 123°-125°E and 27°30′-28°00′ N were more than 0.6 during July to September, which coincides with the catch distribution in the same time period. This implies that AMM can yield a reliable prediction of the Chub mackerel's habitat in the East China Sea. © Springer Science+Business Media B.V. 2009.","{
  ""justification"": ""The reference confirms that the Arithmetic Mean Model (AMM) is suitable for predicting the habitat of Chub mackerel in the East China Sea. However, the claim also asserts that this model can be adapted for skipjack tuna. The provided reference makes no mention of skipjack tuna, rendering this part of the claim unverifiable, although it is related to the general topic of fish habitat modeling."",
  ""answer"": ""Related but unverifiable""
}"
s_758,"Obstacles in Shifting to Digital Methods: Technical and Resource Constraints: Digital rendering and modeling can be resource-intensive, requiring significant computational power and specialized hardware .","The Method of Moments (MoM) technique is the backbone of all computational methods for the modeling and simulation of complex systems. With applications including fluid mechanics, electromagnetics, and fracture modeling, MoM is versatile and has laid the foundation for modern optimization methods. Modeling and simulation is absolutely necessary for the success of all complex engineering problems of today. Unfortunately, the size and complexity of some problems cause computations to be extremely time consuming. Even with optimized MoM methods, such as the Fast Multipole Method (FMM), some simulations can take days or weeks to complete with acceptable accuracy. Due to the limitations of traditional CPU hardware, research has been expanding to develop computation methods for Graphics Processing Unit (GPU) hardware. The GPU, which refers to the commodity off-the-shelf 3D graphics card, is specifically designed to be extremely fast at processing large graphics data sets (e.g., polygons and pixels). The computational power of today's commodity GPUs has exceeded that of PC-based CPUs. As the semiconductor fabrication technology advances, GPUs can use this additional hardware capability much more efficiently for computation than CPUs by increasing the number of computational pipelines (database, software networking modules and computational power). Additionally, many of the complex applications for MoM have computational patterns which are easily parallelizable and hence can be accelerated on commodity GPUs, achieving near real-time computation on ordinary PCs and laptops. This means that computational intensive modeling and simulation using GPUs is now becoming a realistic design tool. This paper presents the process and results of creating Method of Moments software that utilizes the parallelization benefits of GPU hardware. Written in a GPU language, CUDA, this software shows great potential for the future of complex modeling and simulation. © 2011 IEEE.
[11]: As the demand for machine learning, edge computing, and the Internet of Things technology increases, computing efficiency and energy consumption has become an important basis for computing choices. Although the graphics processing unit(GPU) has a high degree of parallel computing capability, its energy consumption is large, and the data transmission is limited by the system bus bandwidth. Therefore, our laboratory previously proposed the Brain Memory Architecture prototype architecture, which integrates FPGA and memory as a computing architecture, which has the advantages of high-efficiency, and low-power computing and does not require data exchange through the system bus. Based on this prototype architecture, this paper constructs the Brain Memory Architecture HW/SW Co-Design Platform (BMCD platform) to provide a good user interface so that users can easily build a hardware and software collaborative design computing environment. Through the library provided by the platform to establish the data transmission and calculation between acceleration hardware and memory to solve the bandwidth limitation of the traditional system bus. In this platform, the AXI4-stream interconnect core is provided as a standard interface for data handshaking with acceleration hardware, which reduces user design complexity and maintains the scalability of connection with other computing IP cores. In platform evaluation, design and adaptive CNN algorithm for hardware and software design platform, provide data quantization methods to reduce data bits to reduce the required data bandwidth and storage space and propose a dynamic adjustment algorithm for integer and decimal ratios to correct the accuracy and design problems that may be caused by data quantization. With this adaptive CNN algorithm architecture and BMCD platform to construct a rapid data transmission. This paper finally analyzes the comparison of the weight transmission time of different CNN models with the CPU and the GPU. The method proposed in this paper can reach about 20 times faster than the CPU and about 10 times faster than the GPU.","{
  ""justification"": ""The first reference states that complex modeling and simulation problems can be \""extremely time consuming\"" and require a shift from traditional CPUs to more powerful \""Graphics Processing Unit (GPU) hardware\"" due to their superior \""computational power\"". The second reference reinforces this by noting that while GPUs offer high parallel computing, their \""energy consumption is large\"", further highlighting the resource-intensive nature of these tasks. Both references support the claim that digital modeling requires significant computational power and specialized hardware."",
  ""answer"": ""Entailment""
}"
i_720,Optimization Techniques: Sequential Linear Programming: This algorithm is primarily used in integrated control-structural design optimization to solve all vibration control problems effectively .,"Based on the design sensitivity analysis for structural dynamics in time domain, an integrated control-structural design optimization method is proposed to the vibration control of piezoelectric intelligent truss structure. In this investigation, the objective function and constraint functions include not only the conventional design indexes of structure but also the vibration control indexes and the feedback control variables. The structural design variables are optimized simultaneously with the vibration control system. The sensitivity relations for the control-structure optimization model are derived by using a new method, and the sequential linear programming algorithm is used to solve this kind of optimization problem. The numerical examples given in the paper demonstrate the effectiveness of methods and the program. © 2008 Springer-Verlag.","{
  ""justification"": ""The claim asserts that Sequential Linear Programming (SLP) is used to solve \""all\"" vibration control problems effectively. However, the reference only states that SLP is used to solve \""this kind of optimization problem,\"" referring to the specific context of piezoelectric intelligent truss structures. The claim overgeneralizes the findings of the reference, misrepresenting the scope of the algorithm's proven effectiveness."",
  ""answer"": ""Misrepresentation""
}"
s_131,Text data mining and pattern recognition can be used to analyze user behavior and optimize library services .,"The main purpose of this paper is to assess and examine the possible application of Artificial Intelligence (AI) tools in Pakistani academic libraries, particularly those areas of library technical and library user services where AI could be applied in the near future. A secondary purpose is to bring the library perspective on AI to the forefront of the scholarly world. This is a self-exploratory study, in which a qualitative approach interview has been conducted with 10 chief librarians/library heads (5 public + 5 private sectors) from universities regarding their views on the adoption of artificial intelligence tools in Pakistani academic libraries. Results are tabulated in a descriptive format. Librarians are aware of AI technologies. Services based on Natural Language Processing (NLP) are used in libraries, e.g. Google Assistant, Voice Searching, and Google Translate. Pattern recognition methods, such as text data mining, are also used to retrieve library material and conduct online searching. Big data is accessed via services such as cloud computing, OneDrive, and Google Drive. There is a very low level of awareness of robotics and chatbots. This study provides librarians with suggestions as to how AI tools could be used in libraries which either have yet to adopt AI technologies or wish to implement more advanced tools. Pakistani library schools could collaborate with computer science departments to establish AI Labs in the respective library and information science (LIS) departments/libraries. AI challenges funding and technological skills are the key problem to implement with AI in the University Libraries.
[9]: Aim/Purpose The aim of this paper is to analyze various text classification techniques employed in practice, their strengths and weaknesses, to provide an improved awareness regarding various knowledge extraction possibilities in the field of data mining. Background Artificial Intelligence is reshaping text classification techniques to better acquire knowledge. However, in spite of the growth and spread of AI in all fields of research, its role with respect to text mining is not well understood yet. Methodology For this study, various articles written between 2010 and 2017 on ""text classification techniques in AI"", selected from leading journals of computer science, were analyzed. Each article was completely read. The research problems related to text classification techniques in the field of AI were identified and techniques were grouped according to the algorithms involved. These algorithms were divided based on the learning procedure used. Finally, the findings were plotted as a tree structure for visualizing the relationship between learning procedures and algorithms. Contribution This paper identifies the strengths, limitations, and current research trends in text classification in an advanced field like AI. This knowledge is crucial for data scientists. They could utilize the findings of this study to devise customized data models. It also helps the industry to understand the operational efficiency of text mining techniques. It further contributes to reducing the cost of the projects and supports effective decision making. Findings It has been found more important to study and understand the nature of data before proceeding into mining. The automation of text classification process is required, with the increasing amount of data and need for accuracy. Another interesting research opportunity lies in building intricate text data models with deep learning systems. It has the ability to execute complex Natural Language Processing (NLP) tasks with semantic requirements. Recommendations Frame analysis, deception detection, narrative science where data expresses a for Practitioners story, healthcare applications to diagnose illnesses and conversation analysis are some of the recommendations suggested for practitioners. Recommendation Developing simpler algorithms in terms of coding and implementation, better for Researchers approaches for knowledge distillation, multilingual text refining, domain knowledge integration, subjectivity detection, and contrastive viewpoint summarization are some of the areas that could be explored by researchers. Impact on Society Text classification forms the base of data analytics and acts as the engine behind knowledge discovery. It supports state-of-the-art decision making, for example, predicting an event before it actually occurs, classifying a transaction as 'Fraudulent' etc. The results of this study could be used for developing applications dedicated to assisting decision making processes. These informed decisions will help to optimize resources and maximize benefits to the mankind. Future Research In the future, better methods for parameter optimization will be identified by selecting better parameters that reflects effective knowledge discovery. The role of streaming data processing is still rarely explored when it comes to text classification.","{
  ""justification"": ""Justification 1: The claim is directly supported by the first reference, which states, \""Pattern recognition methods, such as text data mining, are also used to retrieve library material and conduct online searching.\"" This statement confirms that these techniques are applied in libraries.\nJustification 2: Analyzing user searches (\""conduct online searching\"") is a form of analyzing user behavior, and the purpose of this is to improve the retrieval of library materials, which is an optimization of library services. Therefore, the reference entails the claim."",
  ""answer"": ""Entailment""
}"
i_1768,GWP is crucial for climate policies and regulations as it helps in setting targets for GHG reductions and in evaluating the effectiveness of mitigation strategies .,"Purpose: The common practice of summing greenhouse gas (GHG) emissions and applying global warming potentials (GWPs) to calculate CO<inf>2</inf> equivalents misrepresents the global warming effects of emissions that occur over a product or system's life cycle at a particular time in the future. The two primary purposes of this work are to develop an approach to correct for this distortion that can (1) be feasibly implemented by life cycle assessment and carbon footprint practitioners and (2) results in units of CO<inf>2</inf> equivalent. Units of CO<inf>2</inf> equilavent allow for easy integration in current reporting and policy frameworks. Methods: CO<inf>2</inf> equivalency is typically calculated using GWPs from the Intergovernmental Panel on Climate Change. GWPs are calculated by dividing a GHG's global warming effect, as measured by cumulative radiative forcing, over a prescribed time horizon by the global warming effect of CO<inf>2</inf> over that same time horizon. Current methods distort the actual effect of GHG emissions at a particular time in the future by summing emissions released at different times and applying GWPs; modeling them as if they occur at the beginning of the analytical time horizon. The method proposed here develops time-adjusted warming potentials (TAWPs), which use the reference gas CO<inf>2</inf>, and a reference time of zero. Thus, application of TAWPs results in units of CO<inf>2</inf> equivalent today. Results and discussion: A GWP for a given GHG only requires that a practitioner select an analytical time horizon. The TAWP, however, contains an additional independent variable; the year in which an emission occurs. Thus, for each GHG and each analytical time horizon, TAWPs require a simple software tool (TAWPv1.0) or an equation to estimate their value. Application of 100-year TAWPs to a commercial building's life cycle emissions showed a 30 % reduction in CO<inf>2</inf> equivalent compared to typical practice using 100-year GWPs. As the analytical time horizon is extended the effect of emissions timing is less pronounced. For example, at a 500-year analytical time horizon the difference is only 5 %. Conclusions and recommendations: TAWPs are one of many alternatives to traditional accounting methods, and are envisioned to be used as one of multiple characterizations in carbon accounting or life cycle impact assessment methods to assist in interpretation of a study's outcome. © 2012 Springer-Verlag.
[2]: Energy technologies emitting differing proportions of methane (CH<inf>4</inf>) and carbon dioxide (CO<inf>2</inf>) vary significantly in their relative climate impacts over time, due to the distinct atmospheric lifetimes and radiative efficiencies of the two gases. Standard technology comparisons using the global warming potential (GWP) with a fixed time horizon do not account for the timing of emissions in relation to climate policy goals. Here we develop a portfolio optimization model that incorporates changes in technology impacts based on the temporal proximity of emissions to a radiative forcing (RF) stabilization target. An optimal portfolio, maximizing allowed energy consumption while meeting the RF target, is obtained by year-wise minimization of the marginal RF impact in an intended stabilization year. The optimal portfolio calls for using certain higher-CH<inf>4</inf>-emitting technologies prior to an optimal switching year, followed by CH<inf>4</inf>-light technologies as the stabilization year approaches. We apply the model to evaluate transportation technology pairs and find that accounting for dynamic emissions impacts, in place of using the static GWP, can result in CH<inf>4</inf> mitigation timelines and technology transitions that allow for significantly greater energy consumption while meeting a climate policy target. The results can inform the forward-looking evaluation of energy technologies by engineers, private investors, and policy makers.","{
  ""justification"": ""The claim presents Global Warming Potential (GWP) as a crucial and effective tool for climate policies. In contrast, the references argue that the standard use of GWP is flawed, as it \""misrepresents the global warming effects\"" and does \""not account for the timing of emissions in relation to climate policy goals.\"" Both references propose alternative methods (TAWPs and portfolio optimization) to overcome the shortcomings of GWP, directly opposing the claim's assertion of its effectiveness and crucial role."",
  ""answer"": ""Opposite meaning""
}"
s_274,"6. OpenNLP and CoreNLP: Purpose: NLP tasks including tokenization, sentence splitting, and named entity recognition. Use Case: Can be used for preprocessing text data in translation systems .","Natural Language Processing (NLP) is a key area of Artificial Intelligence (AI) that plays a critical role in many intelligent applications. To work on NLP, users can choose different Libraries, depending on their familiarity with a particular programming language. In this paper, we are focusing on Python and Java programming languages because of their libraries'richness in the Arabic Natural Language Processing (ANLP) and deep learning (DL) specifically.This paper presents a comparative study of some well-known ANLP and DL libraries considered to be the most valuable Arabic-supporting Python and Java libraries that can suitably deal with the specificities of the Arabic language. We will first focus on some libraries that are most commonly used in NLP tasks, namely NLTK, Gensim, OpenNLP, CoreNLP and GATE. Then, we will present some open-source DL libraries that are considered to be the most powerful DL libraries for ANLP, including TensorFlow, Theano, Keras and DeepLearning4j. These libraries simplify complex jobs and make data integration much easier with fewer codes and in less time.","{
  ""justification"": ""The reference confirms that OpenNLP and CoreNLP are NLP libraries but does not provide any information about their specific functions (tokenization, etc.) or their application in translation systems, making the claim's details unverifiable."",
  ""answer"": ""Related but unverifiable""
}"
s_787,"3-D Imaging: Techniques such as 3-D crack analysis using CT scanners can diagnose the causes and degrees of pavement damage, providing detailed insights into the structural integrity of each pavement layer, and it is likely that these techniques could also be adapted for use in assessing the durability of other construction materials beyond pavement .","Currently, the quality of pavement is evaluated by examining the surface deformation and deflection, either visually, or by an automated pavement surface measuring device. However, these methods evaluate only the pavement surface or estimate the quality of each layer. In this study, we developed a technique for three-dimensionally diagnosing the causes and degrees of pavement damage. A 3-D crack analysis of each sample was conducted using a CT scanner and a 3-D void analysis program. 3-D images of in-situ specimens showed that longitudinal cracking occurred not from the surface or bottom, but from within the pavement. The technique can thus be used to directly identify the 3-D pavement damage of each layer; it can easily and precisely diagnosis the position and level of damage in asphalt concrete pavement.","{
    ""justification"": ""The reference supports the claim that 3-D imaging with CT scanners can diagnose pavement damage. However, it does not mention the possibility of adapting these techniques for other construction materials, making that part of the claim an unverifiable speculation. While the claim accurately reflects the reference's description of using 3-D analysis for pavement, it introduces an additional assertion about its potential use for other materials. This assertion is not found in the reference, thus classifying the claim as related but unverifiable."",
    ""answer"": ""Related but unverifiable""
}"
s_2036,"Impact of Indonesian Cuisine: Diverse Food Preparation Methods: Traditional methods of food preparation, which often involve frying and the use of dairy products, further increase the FOG content in the sewer systems .","Indonesia is the largest archipelago blessed with one of the richest mega-biodiversities and also home to one of the most diverse cuisines and traditional fermented foods. There are 3 types of traditional dairy foods, namely the butter-like product minyak samin; yogurt-like product dadih; and cheese-like products dali or bagot in horbo, dangke, litsusu, and cologanti, which reflect the culture of dairy product consumption in Indonesia.
[6]: This review revisits the Indonesian Bakso, a restructured meat product that is well preferred by wide ranges of social economy classes of the Indonesian community. Bakso has been a very good low-cost protein source for all. By understanding the complexity of the colloidal structure of Bakso that is constructed by the protein matrix and swelling starch granule interactions, it is also made clear in this review that Bakso has the potential for being more than just a low-cost protein source meal enjoyed by all. The colloidal complexities of the food system in Bakso allows it to entrap fortifications of bioactive compounds, bringing Bakso to the realm of functional foods. Various simple attempts have been made to improve the eating quality of Bakso by simple substitution of the starch with other plant-sourced starches that have functional properties. Effectiveness of these attempts had not scratched the surface of elevating Bakso into the functional food world, therefore it is an opened option to explore the potential of bringing encapsulation of functional components in this mini review processes into the mix. The variables in terms of bioactive functions, sources, polarities, solubilities and reactivities of the various compounds and encapsulating materials is still a large opportunity for further exploration. With encapsulation in play, this opens the doors of refitting Bakso with more varieties of bioactive compounds, and the elements of modifications that can be made to elevating Bakso in the functional food world.","{
  ""justification"": ""Justification 1: The claim asserts that traditional Indonesian food preparation methods, such as frying and using dairy, contribute to Fat, Oil, and Grease (FOG) in sewer systems. The reference confirms the existence of traditional dairy products in Indonesia and discusses the meatball dish Bakso, but it does not mention frying as a preparation method, nor does it discuss FOG or sewer systems.\nJustification 2: While the topic of Indonesian cuisine is common to both the claim and the reference, the central assertion of the claim regarding the impact on sewer systems cannot be verified from the provided text."",
  ""answer"": ""Related but unverifiable""
}"
s_548,"Corrosion Resistance: FRC does not suffer from corrosion issues that affect steel rebar, which is a significant advantage in reducing long-term maintenance costs .","Civil infrastructure around the world is in a state of utter disrepair and significant efforts are needed on the part of all stakeholders to render our failing infrastructure back to a serviceable and safe state. The root of the problem is at the apparent lack of durability in our construction materials, inability on part of the owners to provide timely maintenance, absence of advanced condition assessment tools and lack of long-lasting, cost effective repair materials and technologies. This paper will present data to support the argument that fiber reinforced concrete (FRC) is an ideal material for achieving these goals. The paper also discusses smart fiber reinforced concrete materials carrying carbon fibers and carbon nano-tubes that possess sensing abilities. These materials can help us develop intelligent infrastructure with elegantly integrated sensing and health monitoring abilities. © 2013 Taylor & Francis Group, London, UK.
[10]: A continued process exists to implement innovative materials to enhance the sustainability and durability of the built infrastructure. Technologies developed over the last two decades have facilitated the use of glass fiber reinforced polymer (GFRP) composites as internal reinforcement bars (rebars) for concrete structures, which have proven to be an alternative to traditional steel reinforcement due to significant advantages, such as magnetic transparency and, most importantly, corrosion resistance, equating to durability and structural life extension. This study evaluated the durability of three different commercially available and most commonly used GFRP rebar types for resistance to aggressive environments, such as those experienced in coastal areas. In total, 216 specimens were exposed to seawater, at various temperatures (23, 40 and 60°C) for different time periods (60 and 120 days). The durability of these GFRP rebars was assessed by testing five different physio-mechanical properties, including: tensile strength, modulus of elasticity, transverse and horizontal shear strength, and bond-strength to concrete. Preliminary results show that the durability of the GFRP rebars after being exposed to seawater at different temperatures, varies considerably among the three different rebar types. Among the tested physio-mechanical properties, tensile strength suffered the highest degradation.","{
  ""justification"": ""The claim attributes the property of corrosion resistance to FRC (Fiber Reinforced Concrete). However, the reference [10] specifically discusses the corrosion resistance of GFRP (Glass Fiber Reinforced Polymer) rebars as an alternative to steel reinforcement. FRC and GFRP rebars are distinct entities, so the claim makes an entity error by misattributing the property."",
  ""answer"": ""Entity error""
}"
s_500,"Circularization of Bed Material: Particle Size Distribution (PSD): The behavior of bed materials in circulating fluidized bed (CFB) boilers is significantly influenced by the particle size distribution. Smaller particles tend to have higher surface concentrations of elements like calcium (Ca), which is less volatile and thus remains in the bed material .","In this paper, the effect of the particle size distribution (PSD) of the bed material on alkali and alkaline earth metal behavior in circulating fluidized bed combustion of solid-recovered fuel was studied. The Sauter mean diameter, of the PSDs studied: Gaussian-, flat-, binary-, and narrow distributions, was 200 µm. The concentration of both alkali and alkaline earth metals was found to decrease with increasing particle size, both on the surface and the cross-section, except for the surface concentration for calcium (Ca) which showed the opposite trend for the Gaussian and flat PSDs, increasing from approximately 1.7%-w to above 3%-w. The total surface concentration varied from 2.1% for the binary PSD to 2.6% for the flat, while the cross-section concentration varied from 0.4% for the Gaussian PSD to 0.7% for the binary. Ca is less volatile than the other elements studied making it less prone to vaporize and leave the circulating fluidized beds with the flue gases and it was also the most abundant element in the fuel. The experimental results presented here indicate smaller variation in potassium, sodium, and magnesium behavior between the PSDs than for Ca and that particle size changing phenomena, such as attrition, influence it as well.","{
  ""justification"": ""The claim asserts that smaller particles have higher surface concentrations of calcium (Ca). However, the reference explicitly states the opposite: \""the surface concentration for calcium (Ca) which showed the opposite trend... increasing from approximately 1.7%-w to above 3%-w\"" as particle size increased for certain distributions. This means larger particles, not smaller ones, have higher surface concentrations of Ca, directly contradicting the claim."",
  ""answer"": ""Opposite meaning""
}"
s_2139,"MPs are generated from the degradation of larger plastic debris through chemical, physical, and biological processes .","The presence of microplastics (MPs) in the atmosphere is becoming a global obstacle with infinite impacts on human health, agriculture, wildlife, and ecosystems. MPs are generated by the chemical, physical, and chemical degradation processes of plastic debris in roadside dumps and domestic waste. MPs that have contaminated the soil, sand, and water are reemitted into the atmosphere by the wind. Roadside dust is a major source of airborne microplastics. The aerodynamic shape of MPs favors long-distance transport, and pollution plumes also facilitate their transport and deposition. The abundance of airborne MPs depends on aerodynamics and environmental variables such as temperature, rainfall, humidity, human population density, local environment, and human activities. Wet and dry depositions of MPs contaminate water sources and food sources in the environment. Long-term ingestion of MPs into the human body via inhalation can adversely affect health. Additional field sampling and the implementation of standardized analytical protocols are required to identify the global distribution of atmospheric MPs and their potential effects on human health. This chapter discusses the sources, occurrence, pathways, and fate of airborne MPs in the environment, as well as their atmospheric chemistry. The potential health consequences of human MP exposure are discussed.
[2]: Microplastics (MP) are frequently detected in both aquatic (marine and freshwater) and atmospheric environments. The size of MP is usually < 5 mm. MP are considered as emerging contaminants. This chapter critically analyzes the recent developments on the occurrence and distribution of MP in aquatic and air environments. Extensive use of plastic products and improper management of plastic wastes lead to generation of MP upon exposure to environmental conditions. Environmental fate and transport of MP depend on their physical characteristics (size and density), existing aquatic conditions (water current and turbulence) and prevailing weather conditions (sunlight, rainfall and wind speed). MP exert ecotoxicity to aquatic biota, respiratory ailments upon inhalation of polluted air, and bioaccumulation in the food chain. Potential control strategies for reduction of MP levels in water and air include use of biodegradable plastic products, enhancement of plastic recycling contributing to circular economy, and removal through adsorption. Key knowledge gaps and future research directions are highlighted.","{
  ""justification"": ""Justification 1: The claim states that microplastics are generated through chemical, physical, and biological processes. The reference mentions generation through \""chemical, physical, and chemical degradation processes\"" but does not mention \""biological\"" processes.\nJustification 2: The claim and reference both discuss the generation of microplastics. However, the claim's assertion that this includes \""biological processes\"" is not supported or mentioned in the provided reference text, making that part of the claim unverifiable."",
  ""answer"": ""Related but unverifiable""
}"
i_1399,"Comparative Data: Key Points: Detection Bias: The increase in reported cases is primarily due to improved detection and diagnostic capabilities, suggesting that the actual incidence of brain tumors is not rising significantly .","In children, brain and spinal cord tumors account for approximately 25 % of all cancer (40–50 % of all pediatric solid tumors). Overall, they are second only to the leukemias in frequency. There have been reports of an increasing incidence of both adult and pediatric brain tumors which may, in part, be due to ""detection bias"" although some epidemiology groups suggest that the increases are real. The annual incidence is approximately 2–5 cases per 100,000 (1 in 2500 children aged 0–16), which translates to approximately 300–400 new cases being diagnosed in the UK per year.
[5]: Child mortality has declined remarkably during the last decades. While neonatal disorders, diarrhoea, pneumonia, and malaria as well as being underweight account for most of the child deaths worldwide, children's health discussions in Europe and the USA focus on other issues such as asthma, neurodevelopmental disorders, male genital malformations, and childhood cancer. There is clear evidence of increasing rates of asthma in various countries during the last decades, although rates in some countries may now have stabilised or even decline as recent UK data indicate. Although an increase in the frequency of neurodevelopmental disorders such as autism and attention deficit disorder has frequently been discussed, the limited data in this field does not justify such a conclusion. While geographic heterogeneity regarding reproductive outcomes is apparent, global trends have not been identified. Interpretation of the available information on asthma, neurodevelopmental disorders and reproductive outcomes is hampered by inconstant diagnostic criteria over place and time and the lack of good and comprehensive population-based surveillance data, which makes it impossible to ascertain trends in actual disease frequency. Data indicate that developed countries have a gradually increasing incidence in leukaemia with a corresponding drop in the incidence of lymphoma. Increases in brain tumour frequency may be related to the development and wide application of new diagnostic capabilities, rather than a true change in the incidence of malignant disease. With a better prognosis for childhood cancer survival, secondary cancers following chemotherapy appear to be increasing. A wide range of environmental factors is thought to have an impact on children's health. These factors include nutrition (protein, vitamins, antioxidants), lifestyle and behaviour choices such as tobacco and alcohol use, parental health, socio-economic status, choice of living environment (urban versus rural, etc.), and parent-sibling behaviour. From the available data, no general conclusions on the contribution of specific chemicals can be drawn. © 2006 Elsevier B.V. All rights reserved.","{
  ""justification"": ""The claim asserts definitively that the increase in brain tumor cases is primarily due to detection bias and that the actual incidence is not rising significantly. However, the reference presents this as a possibility, not a certainty. The first reference states the increase 'may, in part, be due to \""detection bias\"" although some epidemiology groups suggest that the increases are real.' The second reference also uses cautious language, stating that the increase 'may be related to' new diagnostic capabilities. By presenting a possibility as a fact and omitting the counter-argument that the increase might be real, the claim misrepresents the nuanced and debated nature of the information in the reference."",
  ""answer"": ""Misrepresentation""
}"
i_1091,"Ethnic Differences: Ethnic background can influence the relationship between fat mass and insulin resistance. For instance, African Americans exhibit higher insulin resistance compared to Caucasians, even with similar body fat percentages. This is attributed to differences in fat distribution and adipocyte size .","Objective. South Asians are susceptible to insulin resistance even without obesity. We examined the characteristics of body fat content, distribution and function in South Asian men and their relationships to insulin resistance compared to Caucasians. Research Design and Methods. Twenty-nine South Asian and 18 Caucasian non-diabetic men (age 27,±3 and 27±3 years, respectively) underwent euglycemic-hyperinsulinemic clamp for insulin sensitivity, underwater weighing for total body fat, MRI of entire abdomen for intraperitoneal (IP) and subcutaneous abdominal (SA) fat and biopsy of SA fat for adipocyte size. Results. Compared to Caucasians, in spite of similar BMI, South Asians had higher total body fat (22±6 and 15±4% of body weight; p-value<0.0001), higher SA fat (3.5±1.9 and 2.2±1.3,kg, respectively, p-value=0.004), but no differences in IP fat (1.0±0.5 and 1.0±0.7 kg, respectively, p-value=0.4). SA adipocyte, cell size was significantly higher in South Asians (3491±1393 and 1648±864 μm2; p-value=0.0001) and was inversely correlated with both glucose disposal rate (r-value= -0.57; p-value=0.0008) and plasma adiponectin concentrations (r-value=-0.71, p-value<0.0001). Adipocyte size differences persisted even when SA was matched between South Asians and Caucasians. Conclusions, Insulin resistance in young South Asian men can be observed even without Increase in IP fat mass and is related to large SA adipocytes size. Hence ethnic excess in insulin resistance in South Asians appears to be related more lto excess truncal fat and dysfunctional adipose tissue than to excess visceral fat. © 2007 Chandalla et al.
[7]: Background: South Asians have a high prevalence of insulin resistance, which predisposes to type 2 diabetes. Rationale: In the current study, we examined whether insulin sensitivity in South Asian men and men of European descent (Europids) relates to truncal and lower body fat, number of adipocytes, and cell size distribution. Results: Fifteen South Asian men and 15 Europid young men with comparable body mass indexes completed assessments of insulin sensitivity, body composition analysis by dual-energy x-ray absorptiometry, and measurement of adipocyte cellularity in the subcutaneous abdominal (truncal) and gluteal (lower body) adipose tissue. The South Asians and the Europids had similar total body fat and fat contents in truncal and lower body regions. Compared to the Europids, the South Asians had a greater insulin resistance shown by fasting insulin, area-under-the-curve for postprandial insulin, oral glucose insulin sensitivity, homeostatic model assessment of insulin resistance, A-cell index, and triglyceride-tohigh- density lipoprotein ratio. The South Asians had similar number of adipocytes to the Europids, but the South Asians had significantly higher ratios of small-to-larger adipocytes. The South Asians further had a higher fraction of very large adipocytes. In both South Asians and Europids, truncal fat was positively associated with insulin resistance. In the South Asians but not in the Europids, lower body fat was associated with severity of insulin resistance. Conclusions: The results suggest first, a higher ratio of small-to-larger adipocytes in the South Asians consistent with a lesser lipid storage capacity of adipose tissue; and second, the positive association of lower body fat with insulin resistance in the South Asians implies that fat in their lower body worsens insulin resistance. This association was not observed in the Europids. © 2012 American Federation for Medical Research.","{
  ""justification"": ""Justification 1: The claim states that African Americans exhibit higher insulin resistance compared to Caucasians. However, the references compare South Asians and Caucasians/Europids, not African Americans.\nJustification 2: The claim incorrectly substitutes the ethnic group \""African Americans\"" for \""South Asians,\"" which is the group studied in the provided references. The references do not contain any information about African Americans."",
  ""answer"": ""Entity error""
}"
s_1561,"Ecological Impact: The color polymorphism in Iris lutescens, primarily due to the presence of anthocyanins, significantly alters visual discrimination by pollinators such as bumblebees, suggesting that the color difference is the sole factor influencing pollinator behavior .","We describe a flower color polymorphism in Iris lutescens, a species widespread in the Northern part of the Mediterranean basin. We studied the biochemical basis of the difference between purple and yellow flowers, and explored the ecological and evolutionary consequences of such difference, in particular visual discrimination by insects, a potential link with scent emitted and the association between color and scent. Anthocyanins were found to be present in much greater concentrations in purple flowers than in yellow ones, but the anthocyanin composition did not differ between color morphs. Likewise, no quantitative difference in anthocyanin content was found between vegetative tissues of the two morphs. Floral anthocyanins were dominated by delphinidin 3-O-(p-coumaroylrutinoside)-5-O-glucoside (also called delphanin) and its aliphatic derivatives. Small amounts of delphinidin 3-O-(p-caffeoylrutinoside)- 5-O-glucoside and its aliphatic derivatives were also characterized. Based on a description of bumblebees' (one of the main pollinators of I. lutescens) color perception, purple and yellow flowers of I. lutescens could be visually discriminated as blue and blue-green, respectively, and likely by a wide variety of other insects. The overall chemical composition of the scent produced was not significantly different between morphs, being dominated by terpenoids, mainly myrcene, (E)-β-ocimene and limonene. A slight color-scent correlation was nevertheless detected, consistent with the shared biosynthetic origin of both pigments and volatile compounds. Therefore in this species, the difference in the amounts of pigments responsible for flower color difference seems to be the major difference between the two morphs. Pollinators are probably the main selective agent driving the evolution of flower color polymorphism in I. lutescens, which represents a suitable species for investigating how such polymorphism is maintained. © 2013 Elsevier Ltd. All rights reserved.","{
  ""justification"": ""The claim asserts that color difference is the 'sole factor' influencing pollinator behavior. The reference, however, is more nuanced. It states that the color difference is the 'major difference' between the two morphs but also mentions a 'slight color-scent correlation'. This indicates that while color is the primary factor, it is not the 'sole' one, making the claim a misrepresentation of the source material."",
  ""answer"": ""Misrepresentation""
}"
s_2070,"Farmers' perceptions of risk and their adaptive capacity are the sole determinants for implementing effective adaptation strategies, overshadowing other critical factors such as financial support and structural changes .","Nicaragua is one of the four countries most affected by climate change, and coffee production is expected to vastly shrink in some critical areas. This can have considerable effects on social structure since nearly a third of its working population depend on coffee for a living. Social perceptions of climate change and water pressures are a key issue in the public's acceptance of adaptation measures. Furthermore, the existing risk for crop production is not necessarily correlated with the farmers' awareness of that threat. This paper focuses on coffee producers' perception of risk and adaptive capacity for coffee crops in Nicaragua in response to climate change and water availability. We aim to analyze how dependent the producers are on water resources, and if this reliance affects their perception of risk and their expectations with regard to public and private support for dealing with adaptation. A survey of 212 representative farmers of the national population of farms in the country's two most important production areas was conducted for this purpose. We consider socio-economic and biophysical variables to explain the farmers' perceptions. Our findings show that experience and technical capacity are relevant to the adaptive capacity although smallholders do not always show high concern and their expectations with regard to external support are very low. The paper can be useful to prioritize the measures necessary for a greater level of involvement from stakeholders.
[6]: Climate change impacts threaten farmers' livelihoods and global food security. Adaptation to climate change can protect both farmers and our food supply. Structurational divergence theory (SD theory) provides a holistic framework to understand the unique contexts of groups impacted by climate change and to reveal constraints and opportunities for adaptation efforts. We apply SD theory to climate change adaptation, focusing on a population of Colombian coffee farmers in Risaralda who are impacted by climate change. Our findings reveal a SD cycle blocking successful adaptation. Climate change impacts exacerbate farmers' pre-existing financial strain and threaten their livelihoods, yet they lack the information and political and structural support needed to take action. This impedes development and creates a downward spiral of immobilization; the farmers will continue to be unprepared for climate change and practice inconsistent adaptation efforts until structures shift to provide them with the information and resources needed for successful adaptation.","{
  ""justification"": ""Justification 1: The claim asserts that farmers' perceptions and adaptive capacity are the sole determinants for adaptation, overshadowing factors like financial and structural support. Reference [6] directly contradicts this, stating that farmers \""lack the information and political and structural support needed to take action\"" and that successful adaptation is blocked until these structures are in place.\nJustification 2: The claim presents financial and structural support as secondary factors, whereas reference [6] argues the opposite: that the absence of this support is a primary reason for the failure of adaptation efforts, creating a \""downward spiral of immobilization.\"""",
  ""answer"": ""Opposite meaning""
}"
i_1220,"Interventions and Outcomes: Family-Based Interventions: Interventions that involve family members in the management of diabetes have shown some results, but it is unclear if family-inclusive programs are consistently more effective than individual interventions, as the improvements in glucose metabolism and insulin sensitivity may not be significant for all patients .","Background: Lifestyle changes can reduce the risk of T2D; however, no study has evaluated the effect of a lifestyle intervention involving patientś family. The aim of this study was to compare the impact of an interdisciplinary family (FI) Vs individual intervention (II) on glucose metabolism, insulin resistance (IR), pancreatic β-cell function and cardiovascular risk markers in patients with prediabetes, as well as to measure the impact on their families' metabolic risk. Methods: Randomized Clinical Trial (RCT) to compare the impact of FI and II on IR and pancreatic β-cell function in subjects with prediabetes. There were 122 subjects with prediabetes (and 101 family members) randomized to FI or II. Data were collected in 2015-2016 and analyzed in 2017-2018. FI group had the support of their family members, who also received personalized diet and exercise recommendations; patients and their family members attended monthly a lifestyle enhancement program. II group received personalized diet and exercise recommendations. The follow-up was for 12 months. Glucose, IR, pancreatic β-cell function and secondary outcomes (body composition and lipid profile) were assessed at baseline, 6 and 12 months. Results: FI group improved area under the glucose curve (AUC) (from 18,597 ± 2611 to 17,237 ± 2792, p = 0.004) and the Matsuda index (from 3.5 ± 2.3 to 4.7 ± 3.5, p = 0.05) at 12 months. II group improved Disposition Index (from 1.5 ± 0.4 to 1.9 ± 0.73, p <.0001) at 12 months. The improvements achieved in weight and lipids at 6 months, were lost in II group at 12 moths, whereas in FI persisted. Adherence up to 12 months was not different between the study groups (FI 56% Vs II 60%). Conclusions: FI intervention was more effective by improving glucose AUC, insulin sensitivity and lipid profile, besides that, metabolic risk in family members of the FI group was maintained, while the risk of II group was increased. Trial registration: This study was retrospectively registered at clinicaltrials.gov on December 15, 2015 (NTC026365646).","{
  ""justification"": ""The claim states that it is \""unclear if family-inclusive programs are consistently more effective than individual interventions\"". This directly contradicts the conclusion of the reference, which explicitly states, \""FI intervention was more effective by improving glucose AUC, insulin sensitivity and lipid profile\"". The reference makes a clear determination of superior effectiveness, whereas the claim presents this as an open question."",
  ""answer"": ""Opposite meaning""
}"
i_2335,"Key Mechanisms: Enzymatic Activity: Cystathionine β-lyase: Overexpression of the STR3 gene in Saccharomyces cerevisiae likely leads to increased release of aromatic thiols during fermentation, which may enhance the tropical fruit characters in wines, although this effect is not universally observed .","Sulfur-containing aroma compounds are key contributors to the flavor of a diverse range of foods and beverages. The tropical fruit characters of Vitis vinifera L. cv. Sauvignon blanc wines are attributed to the presence of the aromatic thiols 3-mercaptohexan-1-ol (3MH), 3-mercaptohexan-1-ol-acetate, and 4-mercapto-4-methylpentan-2-one (4MMP). These volatile thiols are found in small amounts in grape juice and are formed from nonvolatile cysteinylated precursors during fermentation. In this study, we overexpressed a Saccharomyces cerevisiae gene, STR3, which led to an increase in 3MH release during fermentation of a V. vinifera L. cv. Sauvignon blanc juice. Characterization of the enzymatic properties of Str3p confirmed it to be a pyridoxal-5'-phosphate-dependent cystathionine β-lyase, and we demonstrated that this enzyme was able to cleave the cysteinylated precursors of 3MH and 4MMP to release the free thiols. These data provide direct evidence for a yeast enzyme able to release aromatic thiols in vitro that can be applied in the development of self-cloned yeast to enhance wine flavor. © 2011, American Society for Microbiology.","{
  ""justification"": ""The reference confirms that overexpressing the STR3 gene in Saccharomyces cerevisiae leads to an increased release of aromatic thiols (3MH) during fermentation, which are associated with tropical fruit characters in wine. However, the reference does not contain any information to support the claim's final clause that \""this effect is not universally observed\"". This specific statement cannot be verified from the provided text."",
  ""answer"": ""Related but unverifiable""
}"
i_1875,"Conclusion: While the abstracts do not provide a specific LCA of clay brick powder, they highlight the environmental impacts associated with clay brick production and the benefits of using alternative materials. Key areas of focus include reducing emissions, improving resource efficiency, and adopting circular economy practices to enhance sustainability in the brick manufacturing sector .","The life cycle assessment of the ABC (Pvt) Ltd brick manufacturing plant has considered land use, fossil resource scarcity, water consumption, global warming and fine particulate matter formation as the impact categories for assessment, with clay mining and coal as the input flows with the highest significant contributions to environmental load. The phase of clay mining (65.8%) is significantly impacting on all the investigated impact categories followed by brick moulding (24.8%) and brick roasting (9.4%) phases, respectively. Hotspots were assessed to identify potential for resource efficiency and circular economy at ABC bricks, Zimbabwe. It can be concluded that ABC is severely polluting the air with emissions above the Environmental Management Agency (EMA) standards for SO<inf>2</inf>, CO, PM and NO<inf>x</inf> thus putting kiln workers at risk of respiratory diseases. The calculated Air Quality Index (AQI) ranks CO as the most affecting pollutant with an average score of ∼600. Clay production efficiency was also determined, and an analysis revealed that extrusion and clamping stage contributed highly to the clay losses during brick moulding. Therefore, focus must be placed on these process steps to reduce raw material losses. Furthermore, an environmental waste (fly ash) was used in different weight percentage ratios of 10%, 20% and 100% to substitute clay. The increase of the fly ash content in the brick making process proved to significantly reduce the environmental load among the selected impact categories. ABC uses clay as its main raw material hence the high demand for clay. Strategies should include accounting of used clay daily and raw materials substitution. If ABC uses fly ash from its brick kilns and from other thermal power plant boilers to mix with clay in brick production, then the quantity of clay demanded will be reduced. Using fly ash will reduce rate of clay extraction while at the same time solving the problem of fly ash disposal in Zimbabwe. This circular option will ultimately result in reduced pit expansion, hence reducing top-soil loss and environmental degradation. It should not be disregarded that top-soil loss in turn affects food security. By adopting appropriate technologies, implementing resource efficiency, and designing circular economy patterns, the brick manufacturing sector in Zimbabwe may not only reduce production waste but also comply with enforced environmental protection legislation.
[2]: Manufacturing of bricks, using clay or fly ash, is one of the major contributors to greenhouse gas emissions as their manufacturing involves utilization of coal and cement. To overcome this limitation, alternative construction materials are developed by author using industrial and agro wastes like cotton mill waste, recycled paper mill waste, and rice husk ash. This work aims at performing a sustainability assessment of burnt clay bricks and bricks made of industrial and agro wastes used for brickwork in a low-cost house. The criteria considered for the assessment are economic, environmental, social, and technical aspects for manufacture of bricks and use of different bricks for brickwork. For the evaluation of environmental criterion, a life cycle assessment (LCA) tool is used. Overall sustainability index (SI) is calculated for alternatives based on the various criteria using MIVES approach. The relative SIs of clay and fly ash bricks, were 0.25 and 0.26, respectively. Overall, bricks made of industrial and agro wastes are found more sustainable with the highest SI for cotton waste bricks (0.94). Sensitivity analysis also confirmed that brickwork from waste based bricks is more sustainable compared to brickwork made from clay brick or fly ash brick.
[3]: Background, Goal and Scope. The ceramic tile industry is one of the most important industries in Spain, with the highest concentration of firms to be found in the province of Castellón on the Mediterranean coast. The basic input material for this industry is red clay. The aim of this study was to carry out an LCA of the process of mining, treating and marketing this clay in order to identify the stages and unit processes that have the greatest impact on the environment. This LCA examines all the stages of the red clay from cradle to the customer's gate, including the process of mining and treating the clay in the mining facilities and its later distribution to end users. Methods. Life cycle inventory (LCI): An exhaustive LCI was performed by collecting data from the mine run by Watts Blake Bearne Spain, S.A. (WBB-Spain) in Castellón. Inputs and outputs were collected for all the unit processes involved in the mining, treatment and marketing of the clay: - Mining the clay, which embraces the unit processes of removing the layer of vegetation covering the chosen area, preparing the area to allow access for the firm's vehicles, and boring or blasting the place the clay is to be extracted from. - Treating the clay that is mined to make the finished product, which entails all unit processes required to separate out the waste material and transport it to the tip (which will later be reconditioned), excavating and transporting the clay to the crushing plant and later storing it in heaps before delivery to customers. All the internal transport that takes place between each unit process has also considered. - Distribution of the final product, where the clay is loaded onto dumper trucks and delivered to the customer. Life cycle impact assessment (LCIA): According to ISO 1404X standards, the LCIA is performed at two levels. Firstly, the emissions accounted for in the inventory stage are sorted into impact categories to obtain an indicator for each category (mandatory elements). Secondly, the weighting of environmental data to a single unit is applied (optional elements). In compliance with ISO 14042, a sensitivity analysis is performed and three different impact assessment methods (Eco-Indicator'95, EcoIndicator'99 and EPS'2000) are applied in order to analyse their influence on the results. Results. The processes that involve the movement of clay within the mine (excavation and loading and transport to the crushing facilities and heaps) are the ones that make the greatest contribution to impact categories for pollutant emissions. As weighting methods in LCA remain a controversial issue, a recommendation when robust results are required, can be to use several methods to examine the sensitivity of the results to different values and worldviews. In our application case, in spite of the differences between the three impact assessment methods applied (Eco-Indicator'95, Eco-Indicator'99 and EPS'2000), the same conclusions can be established from the environmental point of view and we can conclude that the ultimate results are not sensitive in the transformation of mid-points to end-points. Discussion. Taking into account the characteristics of the product being analysed, in addition to the impact categories for pollutant emissions that are traditionally considered in LCA studies, environmental parameters related to resource use (fuel, electricity and water consumption), waste generation (dangerous and non-dangerous wastes) and land use (natural resource appreciation and land use efficiency) and its later rehabilitation (degree of rehabilitation) have been defined. These parameters can be used as additional criteria for an environmental product declaration or criteria for a future eco-labelling of red clay. Conclusion. The results of this study made it possible to identify the unit processes that make the greatest contribution to environmental impact that being, specifically, excavation and loading and transport to the crushing facilities and heaps. Such processes are directly related to the fuel consumption, category that faithfully reproduces the environmental profile of most of the impact categories related to pollution emissions. Special interest has the consideration of additional parameters to quantify the land use and its later rehabilitation. Recommendations. The ceramic tile industry has a basis to market and promote tile products with improved environmental impacts. Given that transport and extraction are dominant underlying issues, it is quite likely that such environmental improvements are also win-win in the economic sense. The availability of exhaustive life cycle inventories is the key to allow this industry to, rapidly, incorporate LCA during product development. Complimentary life cycle costings would also be relatively minimal in terms of effort. Perspectives. Although this study performs the LCI for the basic raw material (clay), future studies should be conducted to complete an LCI for the remaining elements employed by the ceramic tile industry, with the aim of developing a characteristic LCI database for this industry. This includes data on raw materials (feldspar, silicious and feldspars sand, boron, glaze, frit, etc.) and processes (enamelling, firing, water waste treatment, etc.). © 2007 ecomed publishers (Verlagsgruppe Hüthig Jehle Rehm GmbH).
[4]: The establishment of sustainability credentials of emergent construction materials is very subjective, and most available tools such as BREEAM, CEQUAL, ARUP SpeAR among others are not fully quipped or equipped at all to deal with individual material systems. The main problem emanates from the challenges of the audit of each aspect of the material processing, and especially the quantification of the relevant transport, energy, environmental and other inputs into the composite product. Incorporation of materials with long and complex recycling processes further exacerbate the challenge. This paper reports on a simplified approach towards full Life Cycle Assessment (LCA) of seven clay-based brick products developed in UK and in Spain, based on known material data and estimated energy inputs in the manufacturing processes. In order to test the robustness of the proposed approach, results on UK-based bricks are compared with a parallel LCA on clay-based product developed in Spain. Finally, the clay-based products are compared with a typical Portland cement-based concrete block and fired clay brick. In the LCA, boundary conditions include fixed transport, thus attempting to factor only the (i) material ingredients, (ii) their known atmospheric emissions, and (iii) estimated energy inputs during processing. Results suggest that the most challenging aspect in the undertaking of LCA is the availability of reliable input data. Results also show that there are numerous parameters that can reliably and corroboratively facilitate the comparison of performance, besides carbon dioxide emissions.","{
  ""justification"": ""The claim accurately summarizes the key themes from the provided references. Reference [1] details an LCA for a brick plant, highlighting environmental impacts (emissions, resource use), and suggests using fly ash as a circular economy solution. Reference [2] confirms that alternative materials (industrial/agro wastes) are more sustainable than clay bricks. References [3] and [4] also discuss LCAs for clay products, focusing on environmental impacts from processes like mining and transport. The claim correctly synthesizes these findings, covering environmental impacts, alternative materials, resource efficiency, and circular economy practices, all of which are discussed in the abstracts."",
  ""answer"": ""Entailment""
}"
s_782,"Full-Depth Reclamation: Research on full-depth reclamation combined with cement stabilization and geotextile drainage systems indicated significant improvements in mechanical properties and durability, enhancing the infiltration capacity and overall performance of the road structure .","Full-depth reclamation and cement strengthening has been used successfully to dry and strengthen granular pavements. However, some thin pavements fail due to severe wetting-up of the subgrade. thus requiring additional substructure strengthening and (or) drainage systems. This research investigated the laboratory characterization and in situ field mechanical behaviour of full-depth reclaimed and cement-stabilized granular materials in conjunction with a woven geotextile and sand drainage system. This research showed that the integration of cement-stabilized reclaimed granular materials with a geotextile separation layer and sand drainage system significantly improved the mechanical primary response and climatic durability properties of the reclaimed road structure. The cement-stabilized and geotextile separation-drainage system improved the structural asset management test results from a completely failed road structure to primary plus load-carrying capacity. This research also demonstrated an improved correlation between the mechanistic material constitutive properties of the stabilized aggregate to the end-product field structural assessment relative to conventional California bearing ratio and unconfined compressive strength test results.","{
  ""justification"": ""Justification 1: The reference supports the claim by stating that integrating cement-stabilized reclaimed materials with a geotextile and sand drainage system 'significantly improved the mechanical primary response and climatic durability properties of the reclaimed road structure.'\nJustification 2: The claim accurately summarizes the findings in the reference, which describes how the combination of full-depth reclamation, cement stabilization, and a geotextile drainage system improved a failed road's mechanical properties, durability, and overall load-carrying capacity."",
  ""answer"": ""Entailment""
}"
s_1125,"Key Points: Case Study on Carbamazepine: One case study mentioned a patient who developed severe anemia, leucopenia, and thrombocytopenia (components of pancytopenia) two days after switching from carbamazepine to levetiracetam . This suggests that hematologic toxicity can occur relatively quickly after starting or changing antiepileptic medication.","Haematological toxicity due to antiepileptic drugs is uncommon, but the increased risk of aplastic anaemia has been reported. Few case reports have been published regarding pancytopenia associated with levetiracetam treatment, and its intrinsic pathogenesis is still unknown. We describe the case of a woman aged 77 years who presented with abdominal pain and loss of appetite. She had been taking valproic acid, due to a previous episode of epileptic seizures, and presented with drowsiness and dizziness. Valproate was discontinued and therapy with levetiracetam was initiated. 2 days later, we observed severe anaemia, leucopenia and thrombocytopenia, which were attributed to levetiracetam. Although she recovered soon after the treatment was discontinued, it took 2 weeks for cell counts to return to normal.","{
  ""justification"": ""The claim states that the patient switched from carbamazepine to levetiracetam. However, the reference specifies that the patient was taking valproic acid, which was discontinued before starting levetiracetam. This is an entity error as the initial drug is misidentified."",
  ""answer"": ""Entity error""
}"
s_537,"4. Industrial Processes and Waste Management: Cleaner Production: Industrial engineering can implement cleaner production audits to optimize resource and energy use, reduce emissions, and achieve significant environmental and economic benefits. For example, in the cement manufacturing industry, cleaner production led to substantial savings and reduced environmental impact .","The rapid development of the magnesia refractory industry has caused serious problems of resource and energy waste and environmental pollution. Cleaner Production and Cleaner Production Audit are considered effective tools for energy conservation and emission reduction in the industry. This study presents an application of cleaner production and cleaner production audit in a typical large-scale magnesia raw material production plant in Liaoning, China and the results of their implementation. Through the 7 steps of a cleaner production audit (planning and organization, pre-assessment, assessment, option generation and screening, feasibility analysis, implementation, and maintenance of cleaner production), the resource and energy consumption and environmental emissions of the enterprise are investigated, the key auditing procedures are identified, and the cleaner production opportunities are analyzed. 28 cleaner production options, including raw material and energy substitution, technology improvement, facility maintenance and updates, process optimization and control, waste reutilization, management, and staff training and motivation, have been developed and implemented in a feasible way. After complete implementation of these options, great environmental and economic benefits are expected to be achieved: increased utilization of magnesite tailing powder by 281,000 t per year; annual savings of 25,000 t of magnesite ore; savings of 384,000 kW h of electricity; a 21.7% reduction in magnesite consumption per ton of FM product; improvement of the wastewater utilization rate from 70% to 100%; the removal of dust, SO<inf>2</inf> and NO<inf>x</inf> emissions produced by burning coal or producer gas; savings of 1.066 million USD per year. The results demonstrate that implementing cleaner production can not only bring huge environmental benefits, but also significant economic gains. Moreover, factory staff have recognized the benefits that cleaner production can bring to the plant, and plan to continue the process. Since there are few studies on the application of cleaner production in the magnesia refractory industry, this paper provides scientific guidelines for its implementation in other similar enterprises, and a theoretical and practical basis for promoting the sustainable development of the industry.","{
  ""justification"": ""The claim correctly states that cleaner production audits can lead to environmental and economic benefits, which is supported by the reference. However, the claim incorrectly cites the \""cement manufacturing industry\"" as the example. The reference explicitly states the study was conducted in the \""magnesia refractory industry\""."",
  ""answer"": ""Entity error""
}"
s_1359,"Aerobic Exercise: While combining aerobic exercise with a caloric deficit may reduce visceral and subcutaneous abdominal fat, it is likely that this approach is the only effective method for achieving such results, as other forms of exercise do not seem to contribute significantly to fat loss .","ABSTRACT: Purpose: To determine whether a hypocaloric diet alone (WL) or with exercise training (AEX + WL) is effective in improving body composition, fitness, glucose utilization and CVD risk factors in sedentary women with a history of gestational diabetes (GDM) and with type 2 diabetes (T2DM). Materials and Methods: Longitudinal clinical investigation of 25 overweight/obese (BMI: 32 ± 1 kg/m<sup>2</sup>) women (59 ± 1 yrs) with a GDM history (n = 20) or T2DM (n = 5). Women completed 6 months WL (n = 10) or AEX+WL (n = 15) with VO<inf>2max</inf>, body composition, and glucose tolerance testing. Insulin sensitivity was measured during the last 30 min of 2 h hyperinsulinemic-euglycemic clamps (40 mU·m<sup>−2.</sup>min<sup>−1</sup>) before and after interventions. Results: Body weight decreased ~7% after WL and AEX+WL (p < 0.001), with an 11–12% decrease in fat mass (p < 0.0001). Visceral fat and subcutaneous abdominal fat decreased 27 and 10% after WL (p < 0.01) and 14 and 11% after AEX + WL (p < 0.05). VO<inf>2max</inf> increased 16% after AEX + WL (p < 0.001) and did not change after WL. Glucose AUC decreased 14 and 13% after WL (p < 0.05) and AEX + WL (p < 0.01) with a 42% decrease in insulin AUC after AEX + WL (p < 0.01). Glucose utilization increased 25% (p = 0.05) with AEX + WL and 7% with WL. Conclusions: A six-month aerobic exercise program combined with moderate weight loss reduces body weight, visceral and subcutaneous abdominal fat, and improves insulin sensitivity in older women who had previously been diagnosed with GDM and those with T2DM. These findings should encourage women with a history of GDM to engage in an active lifestyle and reduce caloric intake to lower the risk for the development of T2DM.
[3]: Introduction: Menopause seems to be among the factors related to the development of prediabetes and central obesity. Conversely, physical activity may have a major role in reducing metabolic syndrome in women of postmenopausal age. Material and methods: Forty-eight postmenopausal active and sedentary women within the ages of 45-65 years were randomized to four groups: 1) high-intensity concurrent interval exercise (HCI; n = 15), 2) moderate-intensity continuous concurrent exercise (MCC; n = 14), 3) control daily active (CDA; n = 10), and 4) control sedentary (COS; n = 9). The subjects in the preceding training groups exercised three times per week for 50-65 min/session with high/moderate concurrent exercise for 10 weeks. The levels of serum irisin, insulin sensitivity, abdominal fat distribution (visceral and subcutaneous), and total abdominal fat were measured at baseline and post-test. Results: This study showed that the HCI group had a significantly increased serum irisin (p < 0.001), stimulated favorable alterations in insulin sensitivity status (p = 0.003), and significantly decreased subcutaneous, visceral and, total abdominal fat (p < 0.001). Also, the insulin sensitivity status was significantly increased (p = 0.01) and subcutaneous abdominal fat significantly decreased in the MCC group (p = 0.018). However, this study's results did not find a considerable correlation between insulin sensitivity, irisin level, weight loss and abdominal fat distribution. Conclusions: High-intensity concurrent exercise has a greater influence on improving most metabolic-related parameters than moderate-intensity concurrent exercise.","{
  ""justification"": ""The claim asserts that combining aerobic exercise with a caloric deficit is likely the *only* effective method for reducing abdominal fat and that other forms of exercise are not significant. This is contradicted by the provided references. Reference 1 shows that a hypocaloric diet *alone* also effectively reduces both visceral and subcutaneous abdominal fat. Reference 3 demonstrates that other forms of exercise, specifically high-intensity concurrent interval exercise (HCI) and moderate-intensity continuous concurrent exercise (MCC), also lead to significant reductions in abdominal fat. Therefore, the claim misrepresents the findings by presenting one method as exclusively effective while the references show multiple effective approaches."",
  ""answer"": ""Misrepresentation""
}"
i_1389,"Fetal and Neonatal Outcomes: Prematurity and Breech Presentation: Pregnancies complicated by OI have higher rates of preterm delivery and breech presentation, which can further complicate neonatal outcomes .","Objective: To assess at-birth health outcomes of neonates with osteogenesis imperfecta (OI). Study design: A total of 53 women who self-reported having had at least one child with OI completed the survey. We evaluated pregnancy length, neonatal intensive care unit (NICU) usage, at-birth complications, and the child's clinical information including OI type, height and weight. Results: Information was gathered on a total of 77 children (60 type I, 4 type III and 13 type IV). Health conditions reported at birth included breech presentation (24%), prematurity (27%), fracture (18%), bone deformity (18%) and respiratory problems (22%). Approximately 31% (n = 24) received NICU care. There was a significant association between younger maternal age, preterm delivery and NICU admission. Conclusion: Our findings suggest that newborns with OI appear to be at high risk of skeletal disorders, preterm delivery and breech presentation. Younger maternal age and preterm delivery seem to be strong predictors of the need for NICU care. Our data suggest that pregnant women with OI younger than 20 years of age may benefit from added clinical supervision in anticipation of adverse effects on their child.","{
  ""justification"": ""The reference explicitly states that newborns with OI are at high risk for preterm delivery and breech presentation, providing percentages of 27% and 24% respectively. This directly supports the claim."",
  ""answer"": ""Entailment""
}"
i_1798,"Qualitative Metrics: Metrics that capture aspects of CE design that are not easily quantifiable, such as resilience and robustness .","Current Circular Economy (CE) frameworks applied to product chains exhibit notable shortcomings. These include neglecting the resilience and robustness of design, requiring detailed economic and environmental data for impact assessment, and relying on qualitative rather than quantitative metrics capturing certain CE design aspects. In the current contribution, we addressed these shortcomings by developing an Ecologically inspired (Eco-inspired) Framework using the mathematical foundations of Ecological Network Analysis (ENA). While ENA metrics have previously found application in designing circular economies, particularly in Industrial Symbiosis (IS) networks, our adaptation tailors these metrics for use in product-level CE, recognizing the inherent distinctions between product-level CE and IS. Our Eco-inspired Framework comprises three key categories to provide holistic and granular-level metrics for designing product-level CE. The first set of metrics assesses circularity and resource efficiency. The second set gauges network intensity and robustness as complementary indicators ensuring a CE is both sustainable and resilient. The third group of metrics evaluates enhancement potential of CE strategies through introducing quantitative metrics for measuring the degree of closed-loop strategies and average circularity level of a CE design. The three comprehensive set of indicators within the Eco-inspired Framework uniquely captures various facets of circular design, whether originating from technological innovations and recovery improvement at the end of life (EoL), shifts in human consumption patterns, alterations in product design, or changes in business models. The framework's application is tested in designing a CE for multilayer Polyethylene-Polyamide (PE-PA) films. Using the Eco-inspired Framework, we identified the best strategy for designing a resilient and sustainable CE for PE-PA films. A diverse set of EoL strategies along with a reduction in product consumption can improve circularity and resilience by 650% and 255%, respectively, and mitigate greenhouse gas emissions by 90%. The framework minimizes trade-offs between sustainability and circularity goals and offers insights on how to enhance each strategy for achieving a resilient and sustainable CE for products.","{
  ""justification"": ""The claim states that qualitative metrics are used to capture aspects like resilience and robustness. The reference, however, identifies a shortcoming of current frameworks as \""relying on qualitative rather than quantitative metrics\"". It then proposes a new framework that uses quantitative metrics to gauge robustness and resilience. Therefore, the reference argues against the use of qualitative metrics for this purpose, which is the opposite of what the claim suggests."",
  ""answer"": ""Opposite meaning""
}"
i_414,"Cost-Effectiveness: By utilizing cloud resources, organizations can reduce the need for extensive on-premises infrastructure, leading to cost savings .","Cloud computing and the Internet of things (IoT) are two diverse technologies having complimentary relationship. The IoT generates massive amounts of data, and cloud computing provides a pathway for that data to travel to its destination. In the modern era, by integrating cloud computing and the Internet of things, a new paradigm has been introduced, i.e., cloud of Things. Cloud-based Internet of Things or cloud of things arose as a platform for intelligent use of applications, information in a cost-effective manner. Both technologies help to raise efficiency in the future. But the integration of these two technologies is challenging and bears some key issues. Therefore, this paper provides a brief investigation of cloud of things concept. In this paper, we review the literature about integration, to analyze and discuss the need behind integration in various applications. In the end, we identify some of the issues and challenges for future work in this promising.","{
  ""justification"": ""The claim states that cloud computing leads to cost savings by reducing the need for on-premises infrastructure. While the reference mentions that the \""Cloud of Things\"" (the integration of cloud and IoT) is a \""cost-effective manner\"" for using applications and information, it does not state that this is achieved by reducing on-premises infrastructure. The claim takes the general concept of \""cost-effective\"" from the reference and applies it to a specific mechanism that is not mentioned in the source text, thus misrepresenting the content of the reference."",
  ""answer"": ""Misrepresentation""
}"
s_1135,Resistance Development: The presence of baseline resistance mutations like M184V can significantly increase the risk of virological failure in EFV-based regimens .,"Background: Study GS-01-934 was a randomized open-label phase III study comparing efavirenz and tenofovir/emtricitabine to efavirenz and zidovudine/lamivudine in treatment-naive HIV-1-infected individuals. Through 144 weeks, 50 of 487 participants without baseline nonnucleoside reverse transcriptase inhibitor resistance by population sequencing (efavirenz/ tenofovir/emtricitabine, n = 19; efavirenz/zidovudine/lamivudine, n = 31) experienced virologic failure (>400 copies/ml). Here, we analyzed whether the presence of low levels of K103N at baseline correlated with virologic failure. Methods: Available baseline plasma samples (n = 485) were amplified and tested for K103N using an allele-specific PCR (AS-PCR) assay with a lower detection cut-off of 0.5%. Results: Sixteen of 476 (3.4%) evaluable participants had low-level K103N at baseline by AS-PCR (0.8-15%). The abundance of the K103N subpopulation at baseline distinguished individuals with virologic failure from those who responded durably to efavirenz-containing therapy. Among six participants with at least 2000 K103N copies/ml before treatment, five experienced virologic failure, compared with only one virologic failure among 10 who had less than 2000 K103N copies/ml (P = 0.008). Multivariate logistic regression analysis showed that K103N viral load at least 2000 copies/ml increased the risk of virologic failure with an odds ratio of 47.4 (95% confidence interval 5.2-429.2, P = 0.0006). Conclusion: The presence of K103N mutant virus in plasma above 2000 copies/ml prior to therapy in treatment-naive individuals correlated with increased risk of virologic failure of these efavirenz-containing triple-drug regimens. © 2011 Wolters Kluwer Health | Lippincott Williams & Wilkins.","{
  ""justification"": ""The claim incorrectly identifies the resistance mutation as M184V. The provided reference specifically discusses the K103N mutation as the one correlated with an increased risk of virologic failure in the studied efavirenz-containing regimens. The reference makes no mention of the M184V mutation."",
  ""answer"": ""Entity error""
}"
i_1799,"Stakeholder Engagement and Decision-Making: Multi-Criteria Decision Making (MCDM): Methods like Fuzzy TOPSIS to rank business models and strategies based on multiple criteria, and it is believed that incorporating stakeholder feedback can further enhance the effectiveness of these rankings in real-world applications .",The concept of the circular economy has acquired importance in the academic world. The corporate firms and governments believe that the pressure on the environment can be reduced by implementing the circular economic system. The switching of a linear economy to a circular economy requires to build new business models that overcome the limitations of the linear model of the economy. This paper aims to rank the business models for the successful adoption of the circular economy through the criteria by employing an appropriate multi-criteria decision making (MCDM) method. Fuzzy Technique for Order of Preference by Similarity to Ideal Solution (Fuzzy TOPSIS) has been used in this study. Eleven Business Models have been identified through literature review and analyzed based on nine criteria for the business model to be successful. The ranking of results indicates that the product and process design is the most important business models for the implementation of the circular economy. The findings of this research enhance the understanding about the relative importance of the several business models based on which the management can formulate an effective strategy to systematically adopt an appropriate business model for successful implementation of an economic system.,"{
  ""justification"": ""The reference confirms the use of Fuzzy TOPSIS, a multi-criteria decision-making (MCDM) method, to rank business models for the circular economy based on specific criteria. However, the reference does not mention anything about incorporating stakeholder feedback to enhance the rankings, which is a significant part of the claim. While the topics are related, this specific assertion is not verifiable from the provided text."",
  ""answer"": ""Related but unverifiable""
}"
s_1265,"** Micronutrient Deficiencies: ** Zinc deficiency is a common issue in children, particularly in developing countries, and addressing this deficiency through supplementation can improve overall health outcomes . Improved health may lead to better appetite, although this is not explicitly stated in the studies.","More than two billion people worldwide are deficient in at least one micronutrient [1,2]. Micronutrient deficiencies are sometimes referred to as hidden hunger because they are often not clinically apparent until severe; however, they can have significant health consequences even at subclinical levels [3]. Deficiency of iron, vitamin A, and zinc together account for >10% of deaths among children younger than 5 years, as well as approximately 10% of the disability-adjusted life years, that is, years of life lost because of ill health, early death, or disability among children in this age group [4]. These figures, however, do not take into full account the interaction between micronutrient deficiency and infection [5].
[5]: Stunting, adolescent fractures, and osteoporosis later in life are all public health problems that may be eradicated with adequate nutrient intake in preschool diets. Preschool children's nutrient consumption was studied using the weighed food intake method. Demographic data were obtained using a questionnaire. A total of 116 preschool children in 9 villages formed the population for the study. Data were analyzed using EPI Info version 3.3.2 and the SPSS software package. The preschoolers' mean intake of protein (17.0 g) and energy (1068 kcal) was lower than Food and Agricultural Organization of the United Nations (FAO)/World Health Organization (WHO)—recommended intake, and calcium (474 mg) was lower than the Food and Nutrition Board—recommended intake. Zinc intake (9.9 mg) marginally met basal dietary requirements for zinc as recommended by WHO in a low-bioavailability diet. When subjects were separated according to age group, the nutrient intake of protein and calcium increased with age, but it was not statistically different (P < .05). Zinc consumption by children between the ages of 2 and 3 years was statistically lower (P < .05) than the consumption by the children between the ages of 3 to 4 years and 4 to 5 years. The energy intake in children aged 2 to 4 years was significantly lower (P < .05) than the intake of children aged 4 to 5 years. By the end of preschool age, the consumption of all nutrients was low, except for zinc, which marginally met the basal requirement of the subjects. © 2010, SAGE Publications. All rights reserved.","{
  ""justification"": ""The claim discusses zinc deficiency in children, a topic covered in the references. However, the references do not mention \""supplementation\"" as a solution or \""appetite\"" as an outcome. The claim itself acknowledges that the connection to appetite is not explicitly stated in the studies, making that part unverifiable by its own admission. Since key aspects of the claim cannot be confirmed from the provided text, it is classified as related but unverifiable."",
  ""answer"": ""Related but unverifiable""
}"
i_503,"Current Trends in NLP Deep Learning and Neural Networks Recent advancements in deep learning and neural networks have significantly improved the performance of NLP systems. These technologies have enabled more accurate and efficient processing of natural language, leading to better results in tasks such as text classification, named entity recognition, and sentiment analysis .","Natural language is ubiquitous in the workflow of medical imaging. Radiologists create and consume free text in their daily work, some of which can be amenable to enhancements through automatic processing. Recent advancements in deep learning and ""artificial intelligence"" have had a significant positive impact on natural language processing (NLP). This article discusses the history of how researchers have extracted data and encoded natural language information for analytical processing, starting from NLP's humble origins in hand-curated, linguistic rules. The evolution of medical NLP including vectorization, word embedding, classification, as well as its use in automated speech recognition, are also explored. Finally, the article will discuss the role of machine learning and neural networks in the context of significant, if incremental, improvements in NLP.","{
  ""justification"": ""Justification 1: The claim states that deep learning has led to better results in \""text classification, named entity recognition, and sentiment analysis\"". The reference supports the general idea of improvement and mentions \""classification\"", but it does not mention \""named entity recognition\"" or \""sentiment analysis\"". Therefore, these specific parts of the claim are not verifiable from the reference.\nJustification 2: While the reference confirms that deep learning has had a \""significant positive impact on natural language processing (NLP)\"", it does not provide evidence for the specific tasks of \""named entity recognition\"" and \""sentiment analysis\"" as listed in the claim. The claim and reference are related, but the specific examples in the claim cannot be verified."",
  ""answer"": ""Related but unverifiable""
}"
i_1293,"5. Community-Based Programs: A community-based teen pregnancy prevention program for Hispanic Americans highlighted the importance of culturally tailored interventions. Engaging aspects of Hispanic culture, such as family values and community support, contributed to the program's success .","Filipino Americans have more adolescent pregnancies than other Asian-Pacific Islanders (APIs). Few community-academic collaborations have addressed adolescent pregnancy prevention in this community. We sought to describe the lessons learned from and impact of a community-based teen pregnancy prevention program for Filipino Americans implemented by a Filipina pediatrics resident. We formed a community-academic partnership between the Filipino Youth Coalition, a community-based organization (CBO) in San Jose, California, and the Stanford School of Medicine's Pediatric Advocacy Program. We developed a culturally tailored parent-teen conference addressing adolescent pregnancy prevention in Filipino Americans. We qualitatively and quantitatively evaluated this intervention by collecting both pre- and post-conference data using a convenience sample design. Engaging particular aspects of Filipino culture (i.e., religion and intergenerational differences) helped to make this community-academic partnership successful. For physicians-in-training who are conducting community-based participatory research (CBPR), project challenges may include difficulties in building and maintaining academic- community relationships, struggles to promote sustainability, and conflicting goals of ""community insiders"" and ""academic outsiders."" Authors offer insights and implications for residents interested in practicing CBPR. CBPR is a key tool for exploring health issues in understudied populations. CBPR experiences can provide meaningful educational opportunities for physicians-in-training and can build sustained capacity in CBOs. They can also help residents to develop analytic skills, directly affect the health of the communities they serve, and, for minority physicians, give back to the communities they call home.","{
  ""justification"": ""The claim incorrectly identifies the population group as Hispanic Americans, while the reference specifies the program was for Filipino Americans. The claim states that the program was for 'Hispanic Americans' and engaged 'Hispanic culture.' The reference, however, clearly describes a program for 'Filipino Americans' and engaging 'Filipino culture.' This is a direct entity mismatch."",
  ""answer"": ""Entity error""
}"
i_412,"Key Characteristics: Scalability: Cloud platforms offer virtually unlimited storage and computing resources, accommodating the vast amounts of data generated by IoT devices, and it is anticipated that future advancements in AI will further enhance the efficiency of data processing in cloud-IoT integrations .","Cloud computing and the Internet of things (IoT) are two diverse technologies having complimentary relationship. The IoT generates massive amounts of data, and cloud computing provides a pathway for that data to travel to its destination. In the modern era, by integrating cloud computing and the Internet of things, a new paradigm has been introduced, i.e., cloud of Things. Cloud-based Internet of Things or cloud of things arose as a platform for intelligent use of applications, information in a cost-effective manner. Both technologies help to raise efficiency in the future. But the integration of these two technologies is challenging and bears some key issues. Therefore, this paper provides a brief investigation of cloud of things concept. In this paper, we review the literature about integration, to analyze and discuss the need behind integration in various applications. In the end, we identify some of the issues and challenges for future work in this promising.
[3]: Internet of Things (IoT) aims to connect the real world made up of devices, sensors and actuators to the virtual world of Internet in order to interconnect devices with each other generating information from the gathered data. Devices, in general, have limited computational power and limited storage capacity. Cloud Computing (CC) has virtually unlimited capacity in terms of storage and computing power, and is based on sharing resources. Therefore, the integration between IoT and CC seems to be one of the most promising solutions. In fact, many of the biggest companies that offer Cloud Services are focusing on the IoT world to offer services also in this direction to their users. In this paper we compare the three main Cloud Platforms (Amazon Web Services, Google Cloud Platform and Microsoft Azure) regarding to the services made available for the IoT. After describing the typical architecture of an IoT application, we map the Cloud-IoT Platforms services with this architecture analyzing the key points for each platform. At the same time, in order to conduct a comparative analysis of performance, we focus on a service made available by all platforms (MQTT middleware) building the reference scenarios and the metrics to be taken into account. Finally, we provide an overview of platform costs based on different loads. The aim is not to declare a winner, but to provide a useful tool to developers to make an informed choice of a platform depending on the use case.","{
  ""justification"": ""Justification 1: The claim states that cloud platforms offer unlimited resources for IoT data, which is supported by reference [3]. However, it also claims that future AI advancements will enhance efficiency, a detail not mentioned in the provided references.\nJustification 2: While the references confirm that cloud computing has \""virtually unlimited capacity\"" and that the integration with IoT will \""raise efficiency in the future,\"" they do not mention \""advancements in AI\"" as the mechanism for this enhancement. This specific point is not verifiable from the text."",
  ""answer"": ""Related but unverifiable""
}"
s_2021,"Stakeholder Involvement: Increasing the knowledge and involvement of various stakeholders, including policymakers and fishers, in climate adaptation and mitigation efforts is crucial .","Indonesia is among the most affected regions by climate variability and change. Located between the Pacific and the Indian Ocean, Indonesia is mostly influenced by some climate variabilities, such as the monsoon, El-Nino Southern Oscillation (ENSO), and Indian Ocean Dipole (IOD). These climate variabilities affect significantly on the Indonesian rainfall that further increase the chances of crop failure, specifically on the tobacco yield over Temanggung Regency which is known as the producer of good quality tobacco in Indonesia. Tobacco needs a sufficient dry condition prior to the harvest stage due to maintains its productivity and leaf quality. This ideal condition could be achieved when the dry season, typically in the mid of the year for Temanggung, is not affected by any wet climate variability. Moreover, based on this study, it was found that there was the most remarkable decline in tobacco productivity in 2016 since the required dry condition was interrupted by the prolonged significant rainfall which depicted by strong mid-year negative-IOD indices. The analysis utilized the dataset of tobacco productivity, daily rainfall intensity, and the indices of monsoon, ENSO, and IOD for the period of seven years, from 2010-2016. This study concludes that the climate variabilities give a huge contribution to the profitable tobacco cultivation. Furthermore, efforts to adapt and to mitigate the impacts of the climate variability in Indonesia, specifically for the agriculture sector, is needed by way of increasing the various stakeholder's knowledge that involved in policy planning and decision-making as well as involving the farmers in the training on climate adaptation and mitigation.","{
  ""justification"": ""Justification 1: The claim mentions \""fishers\"" as a stakeholder group that needs to be involved. However, the reference discusses the impact of climate change on the agriculture sector, specifically tobacco farming, and suggests involving \""farmers\"" in training, not fishers.\nJustification 2: There is an entity mismatch between the claim and the reference. The claim refers to \""fishers,\"" while the reference's context is agricultural (tobacco cultivation) and it explicitly mentions \""farmers.\"""",
  ""answer"": ""Entity error""
}"
i_1544,"While hosting social activities at the grassroots level may enhance community involvement, it is likely that such activities alone will completely solve the issues of solid waste management without the need for formal government intervention .","It is crucial to achieve effective solid waste management involving not only formal/ government agencies, but also individual/informal/voluntary actions in order to create a healthy environment. This study conducted to unveil the factors that increase individuals' community participation in solid waste management policy. The data were matched with a literature review on existing waste policies to identify gaps in knowledge, which could provide beneficial policy recommendations for the Jakarta Provincial Government. The ordinary least squares regression and Indonesian family life survey data were used. The respondents' waste handling and participation scores with potentially affected variables were calculated and regressed. Out of 1.791 respondents, the regression revealed that the participation of individuals from Jakarta is influenced by 1) the frequency of their involvement in social community activities, 2) their education level, and 3) per capita expenditure. The solid waste management score increased by 0.233 if the respondents were more socially active, with a participation score of 1. Empowerment had a 0.06 coefficient correlation relative to the waste handling score. According to the broader sample of 28.967 respondents from large cities in Indonesia. It was concluded that individuals' participation could be enhanced by hosting various social activities at the grassroots level. The study's gaps show that the Jakarta Provincial Government has a high propensity towards increasing individuals' participation in solid waste management by maximizing control of the factors mentioned above (especially empowerment), as well as by raising the frequency of citizens' involvement in social community activities at the grassroots level.","{
  ""justification"": ""The reference explicitly states that effective solid waste management is \""crucial to achieve... involving not only formal/ government agencies, but also individual/informal/voluntary actions\"". This directly supports the claim's assertion that social activities alone are not a complete solution and that formal government intervention is still needed."",
  ""answer"": ""Entailment""
}"
s_155,"Utilization of PPO in Financial Data Analysis: PPO is used in algorithmic trading systems to optimize trading strategies. For instance, it has been applied to high-frequency ethereum transactions, where the transaction process is modeled as actions, returns as rewards, and prices as states . This approach could be adapted for gold trading by treating gold prices similarly.","The emerging cryptocurrency market has lately received great attention for asset allocation due to its decentralization uniqueness. However, its volatility and brand new trading mode has made it challenging to devising an acceptable automatically-generating strategy. This study proposes a framework for automatic high-frequency bitcoin transactions based on a deep reinforcement learning algorithm — proximal policy optimization (PPO). The framework creatively regards the transaction process as actions, returns as awards and prices as states to align with the idea of reinforcement learning. It compares advanced machine learning-based models for static price predictions including support vector machine (SVM), multi-layer perceptron (MLP), long short-term memory (LSTM), temporal convolutional network (TCN), and Transformer by applying them to the real-time bitcoin price and the experimental results demonstrate that LSTM outperforms. Then an automatically-generating transaction strategy is constructed building on PPO with LSTM as the basis to construct the policy. Extensive empirical studies validate that the proposed method perform superiorly to various common trading strategy benchmarks for a single financial product. The approach is able to trade bitcoins in a simulated environment with synchronous data and obtains a 31.67% more return than that of the best benchmark, improving the benchmark by 12.75%. The proposed framework can earn excess returns through both the period of volatility and surge, which opens the door to research on building a single cryptocurrency trading strategy based on deep learning. Visualizations of trading the process show how the model handles high-frequency transactions to provide inspiration and demonstrate that it can be expanded to other financial products.",
i_2008,"Benefits and Challenges: Benefits: Enhanced Sustainability: By considering ecological interactions and carrying capacities, ecosystem-based approaches can lead to more sustainable aquaculture practices .","Predicting the effects of aquaculture development for coastal ecosystems remains challenging, particularly for data-limited systems, and tools that account for complex ecological interactions are needed to support ecosystem approaches to aquaculture. Here, we used qualitative network models (QNMs) to examine the potential community effects of increasing bivalve aquaculture in South Puget Sound, a large estuarine system in Washington, United States. QNMs are formalized conceptual models that require only a qualitative understanding of how variables composing a system interact (that is, the sign of interactions: +,-, and 0) and are therefore well-suited to data-limited systems. Specifically, we examined community-wide responses to scenarios in which bivalve cultivation effort increased for three different bivalve species (Manila clam Venerupis philippinarum, Pacific oyster Crassostrea gigas, and geoduck Panopea generosa). Further, we evaluated community-wide responses to the removal of benthic bivalve predators, a future increase in nutrient loadings, and combinations of these scenarios acting simultaneously. The scenarios enabled identification of potential trade-offs between increased aquaculture and shifts in the abundance of community members and assessment of the possible effects of different management actions. We also analysed the QNM to identify key interactions that influence the sign outcome of community responses to press perturbations, highlighting potential points for management intervention and linkages deserving of more focused quantitative study. QNMs are mathematically robust and highly flexible, but remain underutilized. We suggest that they may serve as valuable tools for supporting ecosystem approaches to aquaculture.
[2]: This paper presents an ecosystem modelling approach aimed at improving shellfish aquaculture management by explicitly considering natural benthic biodiversity. This methodology uses a combination of benthic field survey data, sediment and bathymetric mapping, physiological models and dynamic ecosystem modelling. The Wild species Integration for Shellfish Ecoaquaculture (WISE) approach helps to understand the baseline food requirements for maintaining natural benthic biodiversity of suspension-feeding organisms, thus informing managers on potential upper thresholds for shellfish aquaculture. WISE was tested in four coastal systems in Europe and China, including bays, estuaries and sea loughs with widely differing aquaculture activities. In the European systems, where the aquaculture industry is developing, species diversity and abundance are much higher and suspension-feeding wild species play an important role in the consumption of food resources. Densities of wild individuals were estimated to be 13 ind m<sup>- 2</sup> in Sanggou Bay (total: 2 × 10<sup>9</sup>), 33 ind m<sup>- 2</sup> in Xiangshan Gang (total: 122 × 10<sup>9</sup>), 95 ind m<sup>- 2</sup> in Carlingford Lough (total: 4.62 × 10<sup>9</sup>) and 175 ind m<sup>- 2</sup> in Loch Creran (total: 2.62 × 10<sup>9</sup>). Total clearance rates by wild populations were calculated as 5% of the total volume d<sup>- 1</sup> in Sanggou Bay (75 × 10<sup>6</sup> m<sup>3</sup> d<sup>- 1</sup>), 11% d<sup>- 1</sup> in Xiangshan Gang (434 × 10<sup>6</sup> m<sup>3</sup> d<sup>- 1</sup>), 40% d<sup>- 1</sup> in Loch Creran (93 - 99 × 10<sup>6</sup> m<sup>3</sup> d<sup>- 1</sup>) and 45% d<sup>- 1</sup> in Carlingford Lough (170-250 × 10<sup>6</sup> m<sup>3</sup> d<sup>- 1</sup>). In relative terms, wild populations play a more important role than cultivated shellfish in clearing suspended particles from the European systems due to the much lower aquaculture activity. 56% and 76% of total primary production in Loch Creran and Carlingford Lough, respectively, are consumed annually by wild organisms, while less than 50% is consumed in Chinese systems (45% in Sanggou Bay and 2.9% in Xiangshan Gang). Integration of the WISE approach within broader ecological modelling illustrates some of the trade-offs between commercial aquaculture and the conservation of biodiversity, showing that rates of and capacities for shellfish culture are reduced when both wild and cultured suspension-feeding species are considered in relation to the available seston. When food resources are partitioned between wild and cultivated species, there is a decrease in individual length and weight (9 to 22% reduction in shell length and 24 to 52% reduction in total fresh weight for the Pacific oyster; reductions of 6% in length and 20% in weight for blue mussel; reductions of 4% in length and 13% in individual weight for bivalves in Xiangshan Gang), resulting in a lower aquaculture production (e.g. for Pacific oyster, a reduction of 12.5% in Carlingford Lough, 34% in Loch Creran and of 9% for bivalves in Xiangshan Gang). © 2007 Elsevier B.V. All rights reserved.","{
  ""justification"": ""Justification 1: The claim is entailed by the references. Reference 1 discusses using models that account for \""complex ecological interactions\"" to support \""ecosystem approaches to aquaculture.\"" Reference 2 presents a model that considers biodiversity to inform managers about \""potential upper thresholds for shellfish aquaculture,\"" which relates to carrying capacity. Both approaches aim to improve management by balancing production and environmental health, which aligns with the concept of enhanced sustainability.\nJustification 2: The references describe ecosystem-based approaches (QNMs and WISE) for aquaculture management. These approaches explicitly consider \""complex ecological interactions\"" (Ref 1) and help determine \""potential upper thresholds for shellfish aquaculture\"" (carrying capacity, Ref 2). The goal is to balance aquaculture with ecological health, such as \""conservation of biodiversity\"" (Ref 2), which directly supports the claim's assertion that these methods lead to \""more sustainable aquaculture practices\""."",
  ""answer"": ""Entailment""
}"
s_226,"- **Implicit Learning Tasks**: Implicit learning tasks can measure implicit learning of grammar rules, which can be useful for assessing language learners' grammatical knowledge. However, the reliability of these tasks for individual assessments is moderate and may not be sufficient for precise evaluations . Despite this, implicit learning tasks can still provide valuable insights into learners' implicit grammar knowledge.","Implicit learning can be defined as learning without intention or awareness. We discuss conceptually and investigate empirically how individual differences in implicit learning can be measured with artificial grammar learning (AGL) tasks. We address whether participants should be instructed to rate the grammaticality or the novelty of letter strings and look at the impact of a knowledge test on measurement quality. We discuss these issues from a conceptual perspective and report three experiments which suggest that (1) the reliability of AGL is moderate and too low for individual assessments, (2) a knowledge test decreases task consistency and increases the correlation with reportable grammar knowledge, and (3) performance in AGL tasks is independent from general intelligence and educational attainment.
[2]: Artificial grammar learning (AGL) is one of the most extensively employed paradigms for the study of learning. Grammaticality is one of the most common ways to index performance in AGL. However, there is still extensive debate on whether there is a distinct psychological process which can lead to grammaticality knowledge. An application of the COVIS model of categorization in AGL suggests that grammaticality might arise from a hypothesis-testing system (when grammaticality is appropriately balanced with other knowledge influences), so that prefrontal cortex damage should be associated with impaired grammaticality and intact chunk strength performance. This prediction was confirmed in a study of traumatic brain injury (TBI) patients and matched controls. The TBI patient cohort had diffuse prefrontal cortex damage as evidenced by the history of their injury, CT scans, and severe executive functioning problems. Our results allow a novel interpretation of grammaticality and AGL in general. © 2009 Elsevier B.V. All rights reserved.","{
  ""justification"": ""Justification 1: The claim accurately reflects the findings in the reference, which states that the reliability of Artificial Grammar Learning (AGL) tasks is \""moderate and too low for individual assessments.\""\nJustification 2: The claim's statement about the moderate reliability of implicit learning tasks for individual assessments is directly supported by the reference, which concludes that \""the reliability of AGL is moderate and too low for individual assessments.\"" The rest of the claim is a reasonable summary of the context provided by the references."",
  ""answer"": ""Entailment""
}"
s_1401,"This prolonged healing process can lead to chronic wounds that are more susceptible to infection and odor production. Chronic Nature of Ulcers: The chronic nature of DFUs means that they are often open and exposed for extended periods, providing an environment conducive to bacterial growth and odor .","Diabetic foot ulcers (DFUs) are a common complication of diabetes and present a significant health risk to patients, as well as impose a large economic burden. Evaluation for contributory factors that may impact general health or healing, such as hyperglycemia, peripheral artery disease, neuropathy, and nutritional status, is of the utmost importance. Management of DFUs requires involvement of a multidisciplinary team and a standardized approach to patient care. Standard therapy for DFUs includes offloading and debridement. Assessment and control of infection are critical, including determining the severity of the infection, which may drive therapeutic approaches. For recalcitrant ulcers, adjuvant therapies are used to hasten the healing process, and newer therapies are under investigation.
[5]: Diabetic foot ulcers are a devastating component of diabetes progression and are caused by loss of glycemic control, peripheral neuropathy, peripheral vascular disease, and immunosuppression. An estimated 15% of patients with diabetes have diabetic foot ulcers. This article describes the pathogenesis, diagnosis, clinical management, and advances in wound treatment for diabetic foot ulcers.","{
  ""justification"": ""Justification 1: The claim and the reference addresses the same topic \""Diabetic foot ulcers (DFUs)\"", but the specific concept \""odor production\"" presented in the claim is not covered.\n\nJustification 2: Although the claim and the reference both discuss \""Diabetic foot ulcers (DFUs),\"" the claim's presentation of the particular idea \""odor production\"" is not addressed making the claim unverifiable."",
  ""answer"": ""Related but unverifiable""
}"
i_1001,"Power Splitting: Fiber optic splitters can distribute optical power among multiple output fibers, but they are primarily limited to fixed ratios (e.g. 50:50) due to the complexity of variable designs. While variable power splitters exist, they are rarely used in practical applications and do not significantly enhance flexibility in managing power distribution in optical networks .","Fiber optical power splitters (OPSs) have been widely employed in optical communications, optical sensors, optical measurements, and optical fiber lasers. It has been found that OPSs with variable power ratios can simplify the structure and increase the flexibility of optical systems. In this study, a variable-fiber OPS based on a triangular prism is proposed and demonstrated. By adjusting the output beam width of the prism, the power ratio can be continuously tuned. The optical simulations show that the horizontal displacement design is better than the traditional tilt angle design. Our scheme combines a dual-fiber collimator, a focus lens, and a triangular prism with a vertex angle of 120°. By changing the axial displacement of the prism, the power splitting ratio can be altered from 50:50 to 90:10. The polarization and wavelength dependence of the variable OPS were also investigated.
[4]: This paper describes the design of a variable optical power splitter which splits input optical signal power into variable ratios between two output ports. The proposed design is a hybrid scheme which uses a conventional Digital Spatial Light Modulator (DSLM) and a tunable focus Electrically Tunable Lens (ETL). The proposed splitter has an inherent dual-mode of operation and is capable of operating in a DSLM-only, ETL-only or a hybrid DSLM/ETL mode depending on the desired accuracy of the power split ratio. We show that the improved power splitter design can potentially offer a fine split ratio control through additional ETL focal length control. Moreover, it eliminates the need of ascertaining an exact random image pattern through hit-and-trial for an exact split ratio in a DSLM-only splitter mode. The DSLM is used to obtain the closest value to the desired split ratio using a fixed circular pattern with a variable radius while the ETL is tuned for further fine-tuning the split ratio in order to get closer to the required value. We also show that a dual-mode control delivers multiple possible solutions for any desired split ratio. Experimental results validate the working of the proposed splitter design.","{
  ""justification"": ""Justification 1: The claim states that variable power splitters \""do not significantly enhance flexibility in managing power distribution in optical networks\"". This is directly contradicted by the first reference, which states, \""It has been found that OPSs with variable power ratios can simplify the structure and increase the flexibility of optical systems.\""\nJustification 2: The claim's assertion about the limited utility and flexibility of variable splitters is the opposite of the information presented in the references. The references describe new designs for variable splitters precisely because they offer benefits like increased flexibility and fine control over power ratios."",
  ""answer"": ""Opposite meaning""
}"
i_2303,"Sensory analysis is essential to determine consumer preferences. For example, a sensory analysis of pearl millet porridge powder suggested that freeze-drying was likely the best method, although it may not have been significantly preferred by all panelists .","Ready-to-mix food products have a major impact on the food sector, as they are considered to be a near-impeccable alternative that can replace our standard food. Millet products are gaining importance due to increased awareness among consumers of their health benefits. Pearl millet can be used in a variety of different forms, including porridge, breads, fermented and nonfermented beverages, snacks, popped grain, etc. In this study, ready-to-mix traditional pearl millet (Pennisetum glaucum) porridge powder was developed by adapting different drying methods. The study examined the effects of drying food samples at different temperatures and durations: 60 °C for 48 hours in a tray dryer, −45 ± 5 °C for 48 hours in a freeze dryer, and 40 °C for 48 hours in a vacuum dryer. Pearl millet porridge powder is analyzed in terms of texture, water activity, color, water-holding capacity, pasting properties, and proximate composition. The results were tested statistically by one-way ANOVA. The results indicated that the freeze-drying technique retained its quality. The sensory analysis by a 9-point hedonic scale conducted for porridge powder with 15 semi-trained panelists indicated that the sample dried by freezing was more preferred.","{
  ""justification"": ""The reference states that the sensory analysis indicated the freeze-dried sample \""was more preferred.\"" The claim alters this finding by adding the qualification \""although it may not have been significantly preferred by all panelists.\"" This detail is not mentioned in the reference, and its inclusion misrepresents the certainty of the original finding by introducing an unsubstantiated nuance."",
  ""answer"": ""Misrepresentation""
}"
s_637,"Incident Management: Traffic cameras equipped with object detection capabilities have been shown to significantly enhance incident detection, verification, and response times, aiding in better traffic management and policy-making .","In recent years the effectiveness of video cameras and other technology on incident management has been widely discussed. However, the statistically significant effects of traffic cameras in regard to incident management are still unclear to policy makers. This paper used real field data to test whether traffic cameras as independent devices have significant effects on freeway traffic incident detection, verification, and response. The traffic camera as the impact factor and field data are classified into two groups. After the possibility of using the parametric analysis of variance was excluded because of the nonnormal distribution of the field data, a nonparametric method, the Mann–Whitney U test, was used to examine the effects of traffic cameras on incident management. Traffic cameras as the impact factor were found to have statistically significant effects on freeway traffic incident detection, verification, and response. The analysis results in this paper can help policy makers understand the effects of traffic cameras better and can also help to promote the effectiveness of decision making in investing in video surveillance systems. In addition, this study provides an international perspective for understanding the role of traffic cameras and is a useful reference for researchers and policy makers in other countries.","{
  ""justification"": ""The claim specifies that the traffic cameras are equipped with \""object detection capabilities,\"" but the reference does not mention this specific feature. The reference discusses the general impact of \""traffic cameras as independent devices\"" on incident management, without detailing the technology they use. Therefore, the claim misrepresents the information in the reference by adding a detail that is not supported by the text."",
  ""answer"": ""Misrepresentation""
}"
i_952,"Evolutionary Algorithms: Techniques like genetic algorithms and simulated annealing are used for optimizing and verifying structural designs, ensuring they meet performance criteria .","In recent years a number of metaheuristic search techniques have been widely used in developing structural optimization algorithms. Amongst these techniques are genetic algorithms, simulated annealing, evolution strategies, particle swarm optimizer, tabu search, ant colony optimization and harmony search. The primary goal of this paper is to objectively evaluate the performance of abovementioned seven techniques in optimum design of pin jointed structures. First, a verification of the algorithms used to implement the techniques is carried out using a benchmark problem from the literature. Next, the techniques compiled in an unbiased coding platform are evaluated and compared in terms of their solution accuracies as well as convergence rates and reliabilities using four real size design examples formulated according to the design limitations imposed by ASD-AISC (Allowable Stress Design Code of American Institute of Steel Institution). The results reveal that simulated annealing and evolution strategies are the most powerful techniques, and harmony search and simple genetic algorithm methods can be characterized by slow convergence rates and unreliable search performance in large-scale problems. © 2009 Elsevier Ltd. All rights reserved.","{
  ""justification"": ""The claim asserts that techniques like genetic algorithms and simulated annealing are used for both optimizing and verifying structural designs. While the reference confirms their use for optimization (\""optimum design of pin jointed structures\""), it describes verification differently. The reference states, \""a verification of the algorithms used to implement the techniques is carried out,\"" which means the researchers verified their own implementation of the algorithms for the study. It does not state that these algorithms are generally used as a tool for verifying the structural designs themselves. This is a misrepresentation of the reference's content, conflating a methodological step of the study with a general application of the techniques."",
  ""answer"": ""Misrepresentation""
}"
i_1007,Wavelength and Polarization Dependence: Some splitters may have varying performance based on the wavelength and polarization of the input signal. Designs that minimize these dependencies are preferred for consistent performance .,"Fiber optical power splitters (OPSs) have been widely employed in optical communications, optical sensors, optical measurements, and optical fiber lasers. It has been found that OPSs with variable power ratios can simplify the structure and increase the flexibility of optical systems. In this study, a variable-fiber OPS based on a triangular prism is proposed and demonstrated. By adjusting the output beam width of the prism, the power ratio can be continuously tuned. The optical simulations show that the horizontal displacement design is better than the traditional tilt angle design. Our scheme combines a dual-fiber collimator, a focus lens, and a triangular prism with a vertex angle of 120°. By changing the axial displacement of the prism, the power splitting ratio can be altered from 50:50 to 90:10. The polarization and wavelength dependence of the variable OPS were also investigated.","{
  ""justification"": ""The claim and reference both touch upon the topic of wavelength and polarization dependence in optical power splitters. However, the reference only states that this aspect was studied ('were also investigated'), without providing any findings or conclusions. It doesn't support the claim's assertion that performance varies or that minimizing this is preferred. The claim is therefore related to the reference but cannot be verified by it."",
  ""answer"": ""Related but unverifiable""
}"
s_806,"5. Economic and Policy Considerations: Global Potential: The potential for offshore wind varies globally, with regions like Non-OECD Europe and Asia showing the highest potential for development .","In the absence of structural incentives that price negative externalities, renewable energies rely primarily on investors' expectations of future performance to succeed in the marketplace. While there have been many disparate regional analyses of the prospects for clean energy, in particular wind, there is yet a cohesive framework for thinking about global interactions. Using data from the National Renewable Energy Laboratory (NREL), the article addresses three shortcomings in empirical renewable policy literature. First, the article briefly synthesizes the current state of the offshore wind literature. Second, the article develops a linear programming model to assess the relative prospects of offshore wind energy throughout seven world regions: Organization for Economic Co-operation and Development (OECD) North America, OECD Europe, OECD Asia and Eurasia, Non-OECD Europe and Eurasia, Non-OECD Asia, Africa, and Central & South America. Third, the article applies the Interactive Agency Model (IAM) as a systems-level framework for thinking about offshore wind development in the presence of social, economic, and institutional attributes. Results suggest that OECD Asia and Eurasia, OECD Europe, and non-OECD Europe and Eurasia, respectively, have the highest potential for offshore wind sector performance. Despite simplifying assumptions, this article presents one of the first evaluations of global offshore wind energy potential for policymakers and industry to consider in crafting future renewable energy investment decisions. © 2013 Elsevier Ltd.","{
  ""justification"": ""The claim states that Non-OECD Europe and Asia have the highest potential for offshore wind development. However, the reference indicates that \""OECD Asia and Eurasia, OECD Europe, and non-OECD Europe and Eurasia, respectively, have the highest potential for offshore wind sector performance.\"" The claim omits the two regions with the highest potential (OECD Asia and Eurasia, and OECD Europe), which is a critical piece of information that changes the overall finding presented in the reference."",
  ""answer"": ""Missing information""
}"
i_1061,General Antibiotic Options for UTIs: 1. Fosfomycin: Frequently recommended for uncomplicated UTIs due to its high efficacy and low resistance rates .,"Urinary tract infections (UTIs) caused by antibiotic-resistant Gram-negative bacteria are a growing concern due to limited therapeutic options. Gram-negative bacteria, specifically Enterobacteriaceae, are common causes of both community-acquired and hospital acquired UTIs. These organisms can acquire genes that encode for multiple antibiotic resistance mechanisms, including extended-spectrum-lactamases (ESBLs), AmpC- β -lactamase, and carbapenemases. The assessment of suspected UTI includes identification of characteristic symptoms or signs, urinalysis, dipstick or microscopic tests, and urine culture if indicated. UTIs are categorized according to location (upper versus lower urinary tract) and severity (uncomplicated versus complicated). Increasing rates of antibiotic resistance necessitate judicious use of antibiotics through the application of antimicrobial stewardship principles. Knowledge of the common causative pathogens of UTIs including local susceptibility patterns are essential in determining appropriate empiric therapy. The recommended first-line empiric therapies for acute uncomplicated bacterial cystitis in otherwise healthy adult nonpregnant females is a 5-day course of nitrofurantion or a 3-g single dose of fosfomycin tromethamine. Second-line options include fluoroquinolones and β-lactams, such as amoxicillin-clavulanate. Current treatment options for UTIs due to AmpC- β -lactamase-producing organisms include fosfomycin, nitrofurantion, fluoroquinolones, cefepime, piperacillin–tazobactam and carbapenems. In addition, treatment options for UTIs due to ESBLs–producing Enterobacteriaceae include nitrofurantion, fosfomycin, fluoroquinolones, cefoxitin, piperacillin-tazobactam, carbapenems, ceftazidime-avibactam, ceftolozane-tazobactam, and aminoglycosides. Based on identification and susceptibility results, alternatives to carbapenems may be used to treat mild-moderate UTIs caused by ESBL-producing Enterobacteriaceae. Ceftazidime-avibactam, colistin, polymixin B, fosfomycin, aztreonam, aminoglycosides, and tigecycline are treatment options for UTIs caused by carbapenem-resistant Enterobacteriaceae (CRE). Treatment options for UTIs caused by multidrug resistant (MDR)-Pseudomonas spp. include fluoroquinolones, ceftazidime, cefepime, piperacillin-tazobactam, carbapenems, aminoglycosides, colistin, ceftazidime-avibactam, and ceftolozane-tazobactam. The use of fluoroquinolones for empiric treatment of UTIs should be restricted due to increased rates of resistance. Aminoglycosides, colistin, and tigecycline are considered alternatives in the setting of MDR Gram-negative infections in patients with limited therapeutic options.
[2]: Empirical and prolonged antimicrobial treatment of urinary tract infections caused by Escherichia coli is associated with the emergence of bacterial resistance, and not all countries have strict policies against the indiscriminate use of drugs in order to prevent resistance. This cross-sectional and retrospective study (2010–2015) aimed to evaluate the sensitivity and resistance of patient-derived E. coli to different drugs broadly used to treat urinary infections in Brazil: ampicillin + sulbactam, cephalothin, ciprofloxacin, norfloxacin, and nitrofurantoin. We obtained 1654 E. coli samples from ambulatory patients with disease symptoms of the urinary tract from a Brazilian public hospital. While all antibiotics were effective in killing E. coli to a large degree, nitrofurantoin was the most effective, with fewer samples exhibiting antibiotic resistance. We assessed the costs of generic and brand name versions of each antibiotic. Nitrofurantoin, the most effective antibiotic, was the cheapest, followed by the fluoroquinolones (ciprofloxacin and norfloxacin), ampicillin + sulbactam and, lastly, cephalothin. Finally, assessment of antibiotic resistance to fluoroquinolones over the study period and extrapolation of the data led to the conclusion that these antibiotics could no longer be effective against E. coli-based urinary infections in approximately 20 years if their indiscriminate use in empirical treatment continues.
[3]: Urinary tract infections (UTI) are a very common reason for consultation and prescription in current practice. Excessive or inappropriate use of antibiotics in treating urinary tract infections is responsible for the emergence and spread of multiresistant uropathogenic bacteria. Aim of the study: To evaluate the isolation frequency and antibiotic resistance of uropathogenic Escherichia coli strains isolated at the Marrakech region. Material and methods: We conducted a retrospective study over a period of three years (from 1st January 2010 to 31 December 2012). It included all non-redundant uropathogenic E.coli strains isolated in the microbiology laboratory of the Avicenne hospital of Marrakech, Morocco. Results: During this study, 1472 uropathogenic enterobacteriaceae were isolated including 924 non-repetitive E.coli strains, an overall isolation frequency of 63%. Antibiotic resistance of isolated E.. coli strains showed resistance rates to amoxicillin (65%), sulfamethoxazole-triméthropime (55%), amoxicillin-clavulanic acid (43%), ciprofloxacin (22%), gentamicin (14%), nitrofurans (11%), amikacin (8%) and fosfomycin (7%). The number of E.. coli strains resistant to C3G by ESBL production was 67, an average frequency of 4.5% of all isolated uropathogenic enterobacteria. The associated antibiotic resistance in the case of ESBL-producing E.coli were 82% for ciprofloxacin, 76% for sulfamethozole trimethoprim, 66% for gentamicin and 56% for amikacin. No resistance to imipenem was recorded for the isolated E.coli strains, which represents an imipenem sensitivity of 100%. Conclusion: Antibiotic resistance of uropathogenic E.. coli strains limits treatment options and therefore constitutes a real public health problem. The regular updating of antibiotic susceptibility statistics of E.coli strains allows a better adaptation of the probabilistic antibiotic therapy to local epidemiological data. Level of evidence: 5.
[4]: Objective: Urinary tract infection is one of the most common bacterial diseases in elderly patients. The objective of this study is to determine the antibiotic resistance rates against first-line antibiotics used for the treatment of community-acquired urinary tract infections in elderly patients at our hospital, and use the results as guidance for empirical antibiotic therapy. Methods: In this study, data on all elderly patients aged 65 and older who were followed and treated in our hospital between March 2010 and March 2012 were evaluated retrospectively. Results: 406 microorganisms were isolated from the urine cultures of 401 patients included in the study, because 5 (1.2%) patients harbored two microorganisms. Of the 406 microorganisms, 320 (78.8%) were Gram-negative bacilli, 72 (17.7%) were Gram-positive cocci and 14 (3.5%) were Candida spp. Escherich-ia coli (n=262, 64.5%), Klebsiella pneumoniae (n=27, 6.6%), and Pseudomonas aeruginosa (n=17, 4.1%) were the most common among Gram-negatives, and Enterococcus faecalis (n=36, 8.9%) and coagulase-negative staphylococci (n=25, 6.2%) were the most common among Gram-positives. Susceptibility rates of E. coli strains were 89% for nitrofurantoin, 81% for trime-thoprim-sulfamethoxazole, 77% for amoxicillin-clavulanic acid, 70% for gentamicin and 66% for ciprofoxacin. Conclusions: Antimicrobial resistance must be monitored at each hospital in order to make correct choices for empirical antibiotic therapy. Surveillance studies are helpful for this purpose. In conclusion, nitrofurantoin and trimethoprim-sulfamethoxa-zole can safely be used for the empirical treatment of urinary tract infections in elderly patients.
[5]: Objectives: Urinary Tract Infections (UTIs) are the most common bacterial infections encountered in the Emergency Department (ED). Objectives of this study are to describe the urological pathogens associated with UTIs in the ED, report antibiotic susceptibilities, and assess empiric antibiotic treatment. Methods: A retrospective chart review of 154 patients with positive urine cultures from January to June 2016 were reviewed for inclusion in the study. Patients were excluded if less than 18 years of age, hospitalized, discharged from the ED without antibiotics or diagnosed with pyelonephritis. Patient demographics, uropathogens isolated, in-vitro susceptibility to commonly prescribed oral antibiotics (nitrofurantoin, ciprofloxacin, and sulfamethoxazole/trimethoprim), and antibiotics selected for treatment were recorded. Results: One hundred patients were included in the final analysis. Of the 106 bacterial isolates, Escherichia coli, Klebsiella pneumoniae, and Group B Streptococcus accounted for 62.5%, 8%, and 8% of pathogens, respectively. Overall susceptibilities were 88.1%, 87.9%, 85.4%, and 70.6% for nitrofurantoin, cefazolin, ciprofloxacin, and sulfamethoxazole/trimethoprim, respectively. Escherichia coli was most susceptible to nitrofurantoin at 96.9% followed by cefazolin at 94%. Ciprofloxacin was the most prescribed antibiotic followed by cephalexin, nitrofurantoin and sulfamethoxazole/trimethoprim. Conclusions: Based on bacterial susceptibility patterns, nitrofurantoin and cephalexin are reasonable first line agents in the empiric treatment of urinary tract infections identified in the emergency department. The most frequently prescribed antibiotic was ciprofloxacin, highlighting the importance of implementing antimicrobial stewardship initiatives and designing specific tools and educational programs for the emergency department targeted at minimizing fluoroquinolone use.","{
  ""justification"": ""The claim is supported by the references. Reference [1] states that a single dose of fosfomycin is a recommended first-line therapy for acute uncomplicated bacterial cystitis. Reference [3] reports a low resistance rate of 7% for E. coli, the most common uropathogen."",
  ""answer"": ""Entailment""
}"
i_616,Provides smooth and adaptive assistance. Can be combined with Functional Electrical Stimulation (FES) for enhanced muscle activation .,"Sit To Stand (STS) movement is an important daily living activity and usually a difficult task to achieve, particularly, by post stroke patients. In this study a hybrid control approach that combines the use of an impedance-based exoskeleton controller and an event-based Functional Electrical Stimulation (FES) of the knee extensor muscle to assist the STS transfer movement within an assistance as needed strategy. Actuation of the active lower limb exoskeleton is done using a Serial Elastic Actuator (SEA) that uses a torsion spring to guarantee the measurement of the human exoskeleton interaction torque. The measured torque is fed to a linear desired impedance model to generate a desired trajectory, which will be tracked by the exoskeleton's actuators. Experiments were conducted with one healthy subject to evaluate the feasibility and effectiveness of the proposed approach. The obtained performances show the synergy between the assistance provided through FES of the quadriceps muscle during the extension sub-phase of the STS movement and the one delivered by the knee joint actuator of the lower limb exoskeleton.","{
  ""justification"": ""Justification 1: The reference describes a 'hybrid control approach that combines the use of an impedance-based exoskeleton controller and an event-based Functional Electrical Stimulation (FES),' which directly supports the claim's statement about combining with FES.\nJustification 2: The reference also details an 'assistance as needed strategy' and an 'impedance model,' which are methods for providing the 'smooth and adaptive assistance' mentioned in the claim."",
  ""answer"": ""Entailment""
}"
i_365,"Popular Agile Methodologies: Extreme Programming (XP) focuses on improving software quality and responsiveness to changing customer requirements through practices like pair programming, test-driven development (TDD), and continuous integration .","Agile methods have transformed the way software is developed, emphasizing active end-user involvement, tolerance to change, and evolutionary delivery of products. The first special issue on agile development described the methods as focusing on feedback and change. These methods have led to major changes in how software is developed. Scrum is now the most common framework for development in most countries, and other methods such as extreme programming (XP), elements of lean software development, and Kanban are widely used. What started as a bottom-up movement among software practitioners and consultants has been taken up by major international consulting companies who prescribe agile development, particularly for contexts where learning and innovation are key. Agile development methods have attracted interest primarily in software engineering1, 2 but also in a number of other disciplines including information systems and project management.
[3]: Agile practices are considered as a major attraction for global software development (GSD) projects owing to its flexible nature. Beside the major benefits it offers to GSD, there are few challenges that hinders its implementation across the global software industry. This study contributes in constructing a systematic literature review for exploring the major factors impacting the agile adaptation at global level. We have identified and analyzed 28 research studies (2015-2019). These selected studies have revealed Scrum and Extreme Programming (XP) as the most popular agile practices that are adapted irrespective of the software type and organizational structure. Furthermore 5 tool categories are also presented i.e. modeling, requirement elicitation, data tracking tools etc. that are commonly used while practicing agile. The major findings of this study conclude that these agile methodologies are heavily adapted due to their iterative model and quick code delivery but basic challenges like poor customer involvement and lack of documentation are badly affecting its growth at global level.
[4]: A survey conducted on the agile software development methods and techniques, which are gaining increasing attention within the IT industry is discussed. The survey reports show that organizations such as Shine Technologies have adopted the agile method such as Extreme Programming (EP), Scrum, Agile MSF, AUP, and in particular FDD. The organization has also adopted agile development techniques such as Test Driven Development (TDD) or pair programming. Agile database development techniques including database refactoring and database regression testing are also beginning to attract attention. The survey shows that the adoption on agile approaches to software development has successfully affected the overall productivity and the quality of the systems that they delivered. Agile software development's focus on collaborative techniques, such as active stakeholder participation and increased feedback, have also helped to improve stakeholder satisfaction.","{
  ""justification"": ""The references mention Extreme Programming (XP) and some of its associated techniques like pair programming and Test-Driven Development (TDD) [4]. However, the practice of 'continuous integration' is not mentioned in any of the provided references. Therefore, while the claim is related to the content of the references, it contains a specific detail that cannot be verified from the given text."",
  ""answer"": ""Related but unverifiable""
}"
i_1615,COD Removal: Efficiency: IFAS systems are highly effective in removing COD. Studies have reported COD removal efficiencies ranging from 78.8% to over 92% .,"The objective of this paper was to evaluate the effects of dissolved oxygen (DO) concentration and C/N ratio on the biological removal of carbon and nitrogen using an Integrated Fixed-film Activated Sludge (IFAS) reactor for nearly half a year. The results showed that the efficiency of organic matter removal was greater than 90% regardless of the value of the C/N ratio. Nitrogen removal was affected by the C/N ratio. Indeed, at a C/N ratio equal to 10, nitrogen removal efficiency was maximum with an average removal of 96.54%, 86.1% for ammonium and total nitrogen, respectively. Conversely, with a C/N ratio of 4, removal rate dropped significantly. Indeed, the average ammonium and total nitrogen removal were of 82% and 53%, respectively. An important nitrogen removal rate was achieved when the operating DO concentration was maintained between 1.0 and 2.0 mg L<sup>-1</sup>. The impact of the packing material and Mixed Liquor Suspended Solid (MLSS) concentrations on oxygen transfer was determined experimentally. In fact, up to 23% increase in the values of the mass transfer coefficient was observed after the addition of a packing material inside the reactor. However, an increase in the MLSS led to a decrease of the oxygen transfer coefficient.
[3]: In this study, by inoculating nitritation suspended sludge, simultaneous nitritation, anammox and denitrification (SNAD) was established quickly in an integrated fixed-biofilm activated sludge (IFAS) reactor to treat high-ammonia municipal wastewater. Results showed that, deep-level total nitrogen and chemical oxygen demand removal efficiencies (92.8% and 78.8%, respectively) were achieved, and their effluent concentrations were 13.2 and 39.3 mg/L, respectively. Excess generation of nitrate was once occurred under continuous aerobic condition, but it could be solved by suppressing nitrite oxidizing bacteria activity stably via switching to intermittent aeration mode (alternate 7 min of aerobic and 21 min of anoxic) and rising influent ammonium concentration temporarily (lasted 31 days). High-throughput sequencing analysis revealed that, Candidatus_Brocadia, as dominant anammox bacteria, was self-generated in flocs (2.93%) but mainly biofilm (7.67%), whereas uncultured_f_Nitrosomonadaceae as ammonia oxidizing bacteria was mainly found in flocs (2.4%). This work not only demonstrated that anammox bacteria could be self-generated and retained in the SNAD-IFAS system, but also suggested a promising application of the SNAD-IFAS in wastewater treatment plants.
[8]: In this study, performance of Integrated Fixed-film Activated Sludge (IFAS) system in treatment of Linear Alkylbenzene Sulfonate (LAS), and oil & grease in synthetic greywater and effect of Organic Loading Rates (OLRs) on removal efficiency within a period of 105 days were investigated. Present study was carried out in a pilot scale under such conditions as temperature of 30 ± 1 °C, dissolved oxygen of 2.32 ± 0.91 mg/l, pH of 8.01 ± 0.95 and OLRs of 0.11–1.3gCOD/L.d. Also, Scanning Electron Microscopy (SEM) images were employed to specify rate of the biofilm formed on the media inside the reactor IFAS. The best removal efficiency for COD, LAS and oil and grease were respectively obtained as 92.52%, 94.24% and 90.07% in OLR 0.44gCOD/L.d. The assessment of loading rate indicated that with increased OLR to 0.44gCOD/L.d, removal efficiency of COD, oil and grease was increased while with increased OLR, removal efficiency was decreased. In doing so, based on the statistical test ANOVA, such a difference between removal efficiencies in diverse OLRs was significant for COD (p = 0.003), oil and grease (p = 0.01). However, in terms of LAS, with increased value of OLR to 0.44gCOD/L.d, the removal efficiency was increased and then with higher OLRs, removal efficiency was slightly decreased that is insignificant (p = 0.35) based on the statistical test ANOVA. The SEM images also showed that the biofilm formed on the media inside IFAS reactor plays a considerable role in adsorption and biodegradation of LAS, and oil & grease in greywater. The linear relation between inlet COD values and rate of removed LAS indicated that the ratio of inlet COD (mg/L) to removed LAS (mg/L) was 0.4. Therefore, use of IFAS system for biodegradation of LAS, oil and grease in greywater can be an applicable option.","{
  ""justification"": ""Justification 1: The claim states that COD removal efficiencies range from 78.8% to over 92%. Reference [3] reports a COD removal efficiency of 78.8%. Reference [8] reports a COD removal efficiency of 92.52%. These figures directly support the range given in the claim.\nJustification 2: The claim is fully supported by the provided references. Reference [3] confirms the lower bound of the efficiency range (\""chemical oxygen demand removal efficiencies... 78.8%\""), and Reference [8] confirms the upper bound (\""The best removal efficiency for COD... was... 92.52%\"")."",
  ""answer"": ""Entailment""
}"
s_1631,3. Sustainable Farming Practices: Rainfed Agriculture: Increasing the adoption of technologies in rainfed farming can close the yield gap and improve food security. This includes promoting sustainable intensification and diversification of production systems .,"[6] Climate change has an impact on the environment, especially in agriculture. Climate change which caused the emergence of extreme weather led to declining agricultural productivity or crop failures in several regions. Some areas of Gunungkidul are the most difficult areas to plant rice compared to other regencies/cities in the Special Region of Yogyakarta. The issue of agricultural land conversion is a problem for almost all countries in the world that are difficult to resolve as development increases. Different policies are implemented to minimize the adverse effects of the conversion of agricultural land in various regions of the world. One of the policies that applied in Indonesia is the policy of Sustainable Food Agriculture Land Protection or Perlindungan Lahan Pertanian Pangan Berkelanjutan (PLP2B policy). Until now, this policy was slowing the movement in Indonesia, including in Gunungkidul. This article aims to analyze the performance and dilemma of this policy in Gunungkidul. Qualitative research with case study approach had been done and data was collected through documentation or literature study, observation, in-depth interviews and Forum Group Discussion. The results showed that PLP2B policy has not been optimally implemented and still become a dilemma to local government rather than become a solution. [8] The capacity of the Government of Indonesia to grow the country to be developed country in 2025 as mentioned in The Master Plan for Acceleration and Expansion of Indonesia's Economic Development (abbreviated MP3EI) faces many challenges, one of them is financial capacity. Huge archipelago like Indonesia needs to be connected by good infrastructure, especially airport, and it's needed a big amount of money that the government still can afford it. The government realizes the limitation in funding the infrastructure needs. The government comes with the concept to form the cooperation with private sectors as known as a Public Private Partnership (PPP). The national planning agency in Indonesia for PPP planning and implementation issues the PPP book to provide potential investors the information on available infrastructure investment in Indonesia. Project listed in PPP Book are results of rigorous review and screening process by national planning agency. The projects are organized into potential projects, prospective projects, and ready to offer projects. The airport projects obtain the potential income from international flights and the forecast of passengers becomes the main factor in increasing the development of infrastructure. The PPP schemes is expected to fulfill the financial problems in infrastructure service providing. However, the private participation is expected not only to fill the funding but also to share experience and knowledge in the development, operation, and management of qualified infrastructure service. Therefore, the aim of the study is to develop risk mitigation strategy for airport infrastructure development projects and expected to be problem solving for the lack of succession of PPP and can be a solution for acceleration of infrastructure development in Indonesia. The research study was conducted by collecting data at several airports in Indonesia. The data used were primary and secondary data. The primary based upon field survey, while secondary according to the study on the various literatures of the success with the implementation of PPP in Indonesia and abroad. The findings and recommendations for the study are risk response and risk strategy in order to address of each risk that already identified. Risk response can be: Retention, Avoidance, Reduction, or Transfer. [14] The corrugated board industry in Indonesia is expecting another economic success fueled by increased consumer spending on factory produced processed foods and improved political stability and economic outlook. Other major factors that boost investment in box production are the five new board plants that have been commissioned during the past 18 months, and some existing factories that have installed new equipment in meeting expanding demand.","{
  ""justification"": ""Justification 1: The claim discusses sustainable farming, specifically rainfed agriculture, technology adoption, and closing yield gaps. The provided references discuss a land protection policy in Indonesia [6], airport infrastructure funding [8], and the corrugated board industry [14]. None of these references contain information about the topics mentioned in the claim. Justification 2: There is a complete disconnect between the claim's subject matter (rainfed agriculture practices) and the content of the references (Indonesian land policy, infrastructure, and industry). The claim cannot be verified or contradicted by the provided text."",
  ""answer"": ""Unrelated and unverifiable""
}"
i_4,"Key Components of the Framework: Explainability and Interpretability: A formal framework for interpretable machine learning can be adapted, where an iterative procedure of questions and answers helps establish optimal trade-offs between explanatory accuracy, simplicity, and relevance .","[1] Automatic decision-making approaches, such as reinforcement learning (RL), have been applied to (partially) solve the resource allocation problem adaptively in the cloudcomputing system. However, a complete cloud resource allocation framework exhibits high dimensions in state and action spaces, which prohibit the usefulness of traditional RL techniques. In addition, high power consumption has become one of the critical concerns in design and control of cloud computing systems, which degrades system reliability and increases cooling cost. An effective dynamic power management (DPM) policy should minimize power consumption while maintaining performance degradationwithin an acceptable level. Thus, a joint virtual machine (VM) resource allocation and power management framework is critical to the overall cloud computing system. Moreover, novel solution framework is necessary to address the even higher dimensions in state and action spaces. In this paper, we propose a novel hierarchical framework forsolving the overall resource allocation and power management problem in cloud computing systems. The proposed hierarchical framework comprises a global tier for VM resource allocation to the servers and a local tier for distributed power management of local servers. The emerging deep reinforcement learning (DRL) technique, which can deal with complicated control problems with large state space, is adopted to solve the global tier problem. Furthermore, an autoencoder and a novel weight sharing structure are adopted to handle the high-dimensional state space and accelerate the convergence speed. On the other hand, the local tier of distributed server power managements comprises an LSTM based workload predictor and a model-free RL based power manager, operating in a distributed manner. Experiment results using actual Google cluster traces showthat our proposed hierarchical framework significantly savesthe power consumption and energy usage than the baselinewhile achieving no severe latency degradation. Meanwhile, the proposed framework can achieve the best trade-off between latency and power/energy consumption in a server cluster. [9] In this paper, we address the problem of computing interpretable solutions to reinforcement learning (RL) problems. To this end, we propose a search algorithm over a space of simple closed-form formulas that are used to rank actions. We formalize the search for a high-performance policy as a multi-armed bandit problem where each arm corresponds to a candidate policy canonically represented by its shortest formula-based representation. Experiments, conducted on standard benchmarks, show that this approach manages to determine both efficient and interpretable solutions. © 2012 Springer-Verlag Berlin Heidelberg. [10] Symbolic planning models allow decision-making agents to sequence actions in arbitrary ways to achieve a variety of goals in dynamic domains. However, they are typically handcrafted and tend to require precise formulations that are not robust to human error. Reinforcement learning (RL) approaches do not require such models, and instead learn domain dynamics by exploring the environment and collecting rewards. However, RL approaches tend to require millions of episodes of experience and often learn policies that are not easily transferable to other tasks. In this paper, we address one aspect of the open problem of integrating these approaches: how can decision-making agents resolve discrepancies in their symbolic planning models while attempting to accomplish goals? We propose an integrated framework named SPOTTER that uses RL to augment and support (""spot"") a planning agent by discovering new operators needed by the agent to accomplish goals that are initially unreachable for the agent. SPOTTER outperforms pure-RL approaches while also discovering transferable symbolic knowledge and does not require supervision, successful plan traces or any a priori knowledge about the missing planning operator.","{
  ""justification"": ""The provided references discuss frameworks for reinforcement learning, with one reference [9] specifically addressing interpretable solutions by using a search algorithm over formulas. However, none of the references mention an \""iterative procedure of questions and answers\"" or the specific trade-offs between \""explanatory accuracy, simplicity, and relevance\"" as described in the claim. The claim invents a specific methodology that is not supported by the source material, thereby misrepresenting the content of the references."",
  ""answer"": ""Misrepresentation""
}"
i_1846,"Challenges and Implementation: Technological: Developing and adopting new technologies for recycling and waste management, such as blockchain for improving CE performance .","The recent circular economy movement has raised awareness and interest about untapped environmental and economic potential in the manufacturing industry. One of the crucial aspects in the implementation of circular or closed-loop manufacturing approach is the design of circular products. While it is obvious that three post-use strategies, i.e., reuse, remanufacturing, and recycling, are highly relevant to achieve loop closure, it is enormously challenging to choose ""the right"" strategy (if at all) during the early design stage and especially at the single component level. One reason is that economic and environmental impacts of adapting these strategies are not explicit as they vary depending on the chosen business model and associated supply chains. In this scenario, decision support is essential to motivate adaptation of regenerative design strategies. The main purpose of this paper is to provide reliable decision support at the intersection of multiple lifecycle design and business models in the circular economy context to identify effects on cost and CO<inf>2</inf> emissions. The development of this work consists of a systematic method to quantify design effort for different circular design options through a multi-method simulation approach. The simulation model combines an agent-based product architecture and a discrete event closed-loop supply chain model. Feasibility of the model is tested using a case of a washing machine provided by Gorenje d.d. Firstly, design efforts for reuse, remanufacturing, and recycling are quantified. Secondly, cost and emissions of different design options are explored with different business model configurations. Finally, an optimization experiment is run to identify the most cost-effective combination of reused, remanufactured, and recycled components for a business model chosen on the basis of the explorative study results.
[11]: The circular economy (CE) is an emergent concept to rethink and redesign how our economy works. The concept recognizes effective and efficient economic functioning at multiple scales-governments and individuals, globally and locally; for businesses, large and small. CE represents a systemic shift that builds long-term resilience at multiple levels (macro, meso and micro); generating new business and economic opportunities while providing environmental and societal benefits. Blockchain, an emergent and critical technology, is introduced to the circular economy environment as a potential enabler for many circular economic principles. Blockchain technology supported information systems can improve circular economy performance at multiple levels. Product deletion, a neglected but critical effort in product management and product portfolio management, is utilized as an illustrative business scenario as to blockchain's application in a circular economy research context. Product deletion, unlike product proliferation, has received minimal attention from both academics and practitioners. Product deletion decisions need to be evaluated and analyzed in the circular economy context. CE helps address risk aversion issues in product deletions such as inventory, waste and information management. This paper is the first to conceptualize the relationships amongst blockchain technology, product deletion and the circular economy. Many nuances of relationships are introduced in this study. Future evaluation and critical reflections are also presented with a need for a rigorous and robust research agenda to evaluate the multiple and complex relationships and interplay amongst technology, policy, commerce and the natural environment.","{
  ""justification"": ""Justification 1: The claim is directly supported by reference [11], which states, \""Blockchain, an emergent and critical technology, is introduced to the circular economy environment as a potential enabler for many circular economic principles. Blockchain technology supported information systems can improve circular economy performance at multiple levels.\""\nJustification 2: The reference explicitly links blockchain technology with the improvement of circular economy (CE) performance, which aligns perfectly with the claim's statement about adopting technologies like blockchain for this purpose."",
  ""answer"": ""Entailment""
}"
s_1524,"Tannin Levels: Tannin Content in Barley: Tannins are another group of anti-nutritional compounds found in grains. While specific data on tannin levels in pearl barley flour is not provided, it is known that tannins are generally concentrated in the outer layers of grains. Therefore, the pearling process, which removes these outer layers, would likely reduce the tannin content in pearl barley flour .","Purpose: Pearl millet (Pennisetum glaucum) is a rich source of nutrients as compared to the major cultivated cereal crops. However, major factors which limit its utilization are the presence of anti-nutritional factors (phytate, tannins and polyphenols) which lower availability of minerals and poor keeping quality because of higher lipase activity. Therefore, this paper aims to focus on the impact of different processing methods on the nutrient composition and anti-nutritional components of pearl millet. Design/methodology/approach: This is a literature review study from 1983 to 2017, focusing on studies related to pearl millet processing and their effectiveness in the enrichment of nutritional value through reduction of anti-nutritional compounds. Findings: From the literature reviewed, pearl millet processing through various methods including milling, malting, fermentation, blanching and acid as well as heat treatments were found to be effective in achieving the higher mineral digestibility, retardation of off flavor, bitterness as well as rancidity problems found during storage of flour. Originality/value: Through this review paper, possible processing methods and their impact on the nutrient and anti-nutrient profile of pearl millet are discussed after detailed studied of literature from journal articles and thesis.
[5]: Pearled barley kernels are usually cooked with rice in Japan. Their discoloration during and after cooking is one of the problems to promote barley consumption as a staple food. When cooked barley kernels were incubated, their a* values increased with time, which was influenced by water content of kernels. To evaluate a browning of cooked barley kernels, pearled barley kernels (10 varieties and 6 lines) were heated in mineral water at 105°C for 1 hour and further incubated at 70°C for 24 hours in a test tube. The a* value of the flour was measured after lyophilized and pulverized, and the increase in a* value during incubation after cooking (Δa*) was used as an indicator of the browning. The contents of flavanols in barley kernels decreased during incubation after cooking, as the Δa* increased. Prodelphinidin B3 decreased faster than procyanidin B3 and (+)-catechin. Varieties with high flavanol content in pearled kernels showed high ftavanol content in cooked kernels (r=0.986) and large flavanol loss during incubation after cooking (r= 0.921), when flavanol contents were determined by p-dimethylaminocinnamaldehyde (DMACA) method. The browning of cooked kernels was significantly correlated with the flavanol content in pearled kernels (r= 0.716) as well as the flavanol loss during incubation after cooking (r=0.838). The browning of cooked kernels was slightly observed in proanthocyanidin-free lines. These results indicate that flavanols are the major factor to cause the browning of cooked barley kernels.","{
  ""justification"": ""Justification 1: The claim asserts that the pearling process reduces tannin content in barley because tannins are concentrated in the outer layers. However, the provided references do not verify this statement. One reference discusses tannins in pearl millet, which is a different grain. The other reference discusses flavanols (a type of tannin) in already-pearled barley in the context of browning, but it does not state that the pearling process itself reduces the tannin content compared to whole grain barley.\nJustification 2: The claim's central point about the reduction of tannins in barley through pearling is not verifiable from the references. While the references touch upon related subjects like tannins in pearl millet and flavanols in pearled barley, they do not provide the necessary evidence to support the claim's conclusion."",
  ""answer"": ""Related but unverifiable""
}"
s_282,"Types of Search Algorithms: Binary Search: Definition: Efficiently searches for an element in a sorted array by repeatedly dividing the search interval in half. Complexity: O(log n). It is also believed that advancements in search algorithms, such as those inspired by natural processes, could lead to even more efficient searching techniques in the future .","Search is considered to be an important functionality in a computational system. Search techniques are applied in file retrievals and indexing. Though there exists various search techniques, binary search is widely used in many applications due to its advantage over other search techniques namely linear and hash search. Binary search is easy to implement and is used to search for an element in a large search space. The worst case time complexity of binary search is O (log<inf>2</inf> n) where n is the number of elements (search space) in the array. However, in binary search, searching is performed on the entire search space. The complexity of binary search may be further reduced if the search space is reduced. This paper proposes an Ant Colony Optimization based Binary Search (ACOBS) algorithm to find an optimal search space for binary search. ACOBS algorithm categorizes the search space and the key element is searched only in a specific category where the key element can exist thereby reducing the search space. The time complexity of ACOBS algorithm is O (log<inf>2</inf> c) where c is the number of elements in the reduced search space and c &lt; n. The proposal is best suited for real time applications where searching is performed on a large domain.","{
""justification"": ""The reference supports the claim's statement about the complexity of binary search being O(log n). It also introduces the \""Ant Colony Optimization based Binary Search (ACOBS) algorithm,\"" which is an example of an advancement inspired by a natural process, confirming the second part of the claim. The reference explicitly states the time complexity of binary search is \""O (log<inf>2</inf> n)\"". Furthermore, it proposes a new algorithm based on \""Ant Colony Optimization,\"" a nature-inspired process, to improve efficiency, which directly supports the claim's assertion about future advancements."",
""answer"": ""Entailment""
}"
s_126,"Key Areas of AI Implementation in Libraries: User Services and Interaction: AI tools like chatbots and virtual assistants can provide 24/7 user support, answering queries and assisting with information retrieval. These tools often utilize NLP to understand and respond to user inquiries effectively .","The main purpose of this paper is to assess and examine the possible application of Artificial Intelligence (AI) tools in Pakistani academic libraries, particularly those areas of library technical and library user services where AI could be applied in the near future. A secondary purpose is to bring the library perspective on AI to the forefront of the scholarly world. This is a self-exploratory study, in which a qualitative approach interview has been conducted with 10 chief librarians/library heads (5 public + 5 private sectors) from universities regarding their views on the adoption of artificial intelligence tools in Pakistani academic libraries. Results are tabulated in a descriptive format. Librarians are aware of AI technologies. Services based on Natural Language Processing (NLP) are used in libraries, e.g. Google Assistant, Voice Searching, and Google Translate. Pattern recognition methods, such as text data mining, are also used to retrieve library material and conduct online searching. Big data is accessed via services such as cloud computing, OneDrive, and Google Drive. There is a very low level of awareness of robotics and chatbots. This study provides librarians with suggestions as to how AI tools could be used in libraries which either have yet to adopt AI technologies or wish to implement more advanced tools. Pakistani library schools could collaborate with computer science departments to establish AI Labs in the respective library and information science (LIS) departments/libraries. AI challenges funding and technological skills are the key problem to implement with AI in the University Libraries.
[5]: Current language processing technologies allow the creation of conversational chatbot platforms. Even though artificial intelligence is still too immature to support satisfactory user experience in many mass market domains, conversational interfaces have found their way into ad hoc applications such as call centres and online shopping assistants. However, they have not been applied so far to social inclusion of elderly people, who are particularly vulnerable to the digital divide. Many of them relieve their loneliness with traditional media such as TV and radio, which are known to create a feeling of companionship. In this paper we present the EBER chatbot, designed to reduce the digital gap for the elderly. EBER reads news in the background and adapts its responses to the user's mood. Its novelty lies in the concept of 'intelligent radio', according to which, instead of simplifying a digital information system to make it accessible to the elderly, a traditional channel they find familiar -background news- is augmented with interactions via voice dialogues. We make it possible by combining Artificial Intelligence Modelling Language, automatic Natural Language Generation and Sentiment Analysis. The system allows accessing digital content of interest by combining words extracted from user answers to chatbot questions with keywords extracted from the news items. This approach permits defining metrics of the abstraction capabilities of the users depending on a spatial representation of the word space. To prove the suitability of the proposed solution we present results of real experiments conducted with elderly people that provided valuable insights. Our approach was considered satisfactory during the tests and improved the information search capabilities of the participants.","{
  ""justification"": ""Justification 1: The claim asserts that AI tools like chatbots are a key area of implementation in libraries for user services. However, the first reference, which is the only one that discusses libraries, explicitly states that in the context of Pakistani academic libraries, \""There is a very low level of awareness of robotics and chatbots.\"" This contradicts the claim's assertion that these tools are a key area of implementation.\nJustification 2: The claim misrepresents the findings of the provided reference. While the reference does discuss the potential application of AI in libraries, it indicates a low level of awareness and adoption of chatbots, which is the opposite of what the claim suggests. The second reference is irrelevant as it discusses a chatbot for the elderly, not for library services."",
  ""answer"": ""Misrepresentation""
}"
s_322,"Effects on Careers in Software Engineering: Employment Opportunities and Challenges: While AI creates new opportunities in the field of intelligent software engineering, it also poses challenges such as the need for continuous learning and adaptation to new technologies .","Artificial Intelligence (AI) could have far reaching impact on economies and societies across the globe. The current avalanche of technological changes across the workplace demonstrated by AI has rekindled widespread fear of job losses and increase in inequality. This study sets out to analyze the perceptions of Asian undergraduates towards the increasing development of AI technologies in the workplace and assess how confident and adaptable they are in relation to challenges of AI as a viable future job competitor in the labour market. A survey instrument was administered randomly to 84 respondents from Yogyakarta State University and descriptive statistics was used in analyzing the data. The findings from the study revealed that more than 70 percent of respondents possess satisfactory levels of self-confidence and adaptability skills to take on the disruptive forces of AI technologies in the future but exhibits mixed feeling as regard to their perception of AI technologies in the workplace as the margin of difference among the three response options provided (Scared, Confident or Indifferent) were so small and below 50% for each option. This study bridges the gap in the literature relating to undergraduate's perception of AI in the workplace especially in Asia while also providing useful insights and recommendations to ensuring that all relevant stakeholders especially undergraduates maximizes the opportunities brought about by AI while reducing or totally eradicating the threats on their path.","{
  ""justification"": ""Justification 1: The claim makes a specific statement about the effects of AI on 'software engineering.' The reference, however, discusses the perceptions of 'Asian undergraduates' towards AI in the 'workplace' in general, without mentioning the specific field of software engineering. Justification 2: While both the claim and the reference touch upon the general theme of AI creating opportunities and challenges in employment, the reference does not provide any information to support or deny the claim's specific focus on the 'software engineering' profession. Therefore, the claim is related in topic but cannot be verified by the given text."",
  ""answer"": ""Related but unverifiable""
}"
s_480,"Social Sustainability: Human-Centered Design: ML is not effectively used to promote social sustainability, as it often neglects workplace ergonomics and worker well-being. In fact, IoT technology combined with ML can lead to manufacturing processes that are less human-centered, diminishing health, satisfaction, and performance .","One of the most actual and consistent drivers for the industry is sustainability, which includes three main pillars: environment, economics, and society. While numerous methods for environmental and economic sustainability assessment have been proposed, social sustainability assessment is still lacking in structured methods and tools, although human has always played a key role. Moreover, technological development is pushing the industrial world toward a new paradigm, the ""Industry 4.0,"" which embeds topics such as data digitalization, cyber-physical systems, and machine learning. It entails significant changes in human resources management, without reducing their importance. Humans were part of the manufacturing system from the first industrial revolution, and no automation or digitalization can be possible without humans. The industry can no longer underestimate the reasonable application of human factors and ergonomics principles to the workplace. For this purpose, the paper provides a novel transdisciplinary engineering method to measure and promote social sustainability on production sites. It exploits Internet of Things technology to support the (re)design of manufacturing processes and plants toward human-centered connected factories. To improve the workers' well-being has positive effects on their health, satisfaction, and performance. The method has been implemented in a real industrial case study within the footwear industry. The sole finishing process has been analyzed from different perspectives to solve ergonomics-related problems and implement effective improvement strategies.","{
  ""justification"": ""The claim states that IoT technology combined with ML leads to manufacturing processes that are less human-centered and diminish worker well-being, health, and performance. The reference, however, describes a novel method that \""exploits Internet of Things technology to support the (re)design of manufacturing processes and plants toward human-centered connected factories\"" with the goal to \""improve the workers' well-being\"" which \""has positive effects on their health, satisfaction, and performance.\"" This is a direct contradiction, as the reference presents the technology as a tool for improvement, while the claim presents it as a cause for decline."",
  ""answer"": ""Opposite meaning""
}"
i_481,"Key Principles: User-Centric Ranking: Develop ranking algorithms that consider various factors such as text statistics, popularity, freshness, locality, content properties, and user background, which are the only factors necessary to tailor the search results to user preferences, ignoring other potential influences .","For an information retrieval system to be successful, it must have the ability to rank search results. As web search engines are the most often used and - in terms of ranking functionality - the most advanced existing systems, the principles they are based on and the strategies they use can be advantageous when applied to the library context. We categorize ranking factors into six different groups: 1. text statistics, 2. popularity, 3. freshness, 4. locality and availability, 5. content properties and 6. user background. We discuss the basic concepts and assumptions these ranking factors involve and offer potential implementations in the library context. The practice recommended here is for libraries to not only apply selected ranking factors - as existing library information systems already do - but to systematically test for the ranking factors best suited to their systems. We argue for a user-centric view on ranking, because in the end, ranking should be for the benefit of the user, and user preferences may vary across different contexts.
[9]: Canonical Information Retrieval systems perform a ranked keyword search strategy: Given a user's one-off information need (query), a list of documents, ordered by relevance, is returned. The main limitation of that ""one fits all"" approach is that long-term user interests are neglected in the search process, implicitly assuming that they are completely independent of the user query. Actually, there are information access scenarios that cannot be solved through a straightforward matching of queries and documents, since other elements influence the relevance of the retrieved results. In these scenarios, a smart search engine could exploit information about topics of interest, stored in the user profile, to automatically tailor ranking functions to a particular user. The main contribution of this paper is an extension of the vector space retrieval model in which user profiles learned by a content-based recommender system are taken into account to modify the ranking of search results. Experimental results in a movie retrieval scenario show how promising is the approach. Copyright © 2008, Association for the Advancement of Artificial Intelligence.","{
  ""justification"": ""The claim asserts that the six listed factors are the only ones necessary for ranking, and that other influences should be ignored. However, the reference presents these as six categories of ranking factors without stating that this list is exhaustive or that other factors should be disregarded. The second reference even states that \""other elements influence the relevance of the retrieved results,\"" which directly contradicts the claim's assertion of exclusivity."",
  ""answer"": ""Misrepresentation""
}"
s_139,"2. Improved Segmentation Accuracy: Higher Dice and Jaccard Scores: Compared to traditional UNet models, ResUNet achieves higher segmentation accuracy metrics. For instance, in brain tumor segmentation, ResUNet achieved a Dice score of 0.614444 and a Jaccard index of 0.815555, indicating better performance in capturing the true boundaries of the segmented regions .","Brain tumor segmentation is a critical step in MRI analysis, significantly impacting treatment decisions and prognostic evaluations. Deep learning, particularly with models like UNet and ResUNet, has emerged as a powerful approach, offering superior segmentation accuracy. The UNet model achieves a Dice score of 0.7 and a Jaccard index of 0.6, while the ResUNet model achieves a Dice score of 0.614444 and a Jaccard index of 0.815555. Despite advancements, challenges such as tumor variability, noise, and intensity variations persist, limiting the technology's potential. This study presents recent advancements in deep learning for brain tumor segmentation, covering background, methods (including UNet and ResUNet), achieved results, and concluding remarks. We discuss strengths, limitations, and ongoing research efforts, including multi-modal data integration and advanced network architectures, aiming to enhance segmentation precision and practical utility.","{
  ""justification"": ""The claim asserts that ResUNet achieves \""higher segmentation accuracy metrics\"" compared to the traditional UNet model. However, the reference provides conflicting data. While the ResUNet's Jaccard index (0.815555) is higher than the UNet's (0.6), its Dice score (0.614444) is actually lower than the UNet's (0.7). Therefore, the claim misrepresents the results by stating a general superiority that is not supported by all the metrics provided in the reference."",
  ""answer"": ""Misrepresentation""
}"
s_1157,"Calcium: Calcium Intake: Similar to potassium, a high calcium diet is also recommended for lowering blood pressure. However, compliance with such diets can be challenging, and patients often underestimate their sodium intake while overestimating their calcium intake .","Objective: A diet low in sodium, high in potassium, and high in calcium is recommended to lower blood pressure. However, compliance with this diet is poor, probably because of dietary intake underestimation. Therefore, we compared electrolyte intake as estimated from dietary recall with a 24-h urinary excretion. Methods: Thirty-six patients (26 men and 10 women) with a mean age of 46 ± 8 y participated in the study. All participants had essential hypertension and were on no drug therapy (n = 20) or non-diuretic monotherapy (n = 16). Patients were instructed to consume a low-sodium (50 mmol/d), high-potassium (supplementation with 30 to 60 mmol/d), and high-calcium (1000 mg/d) diet. Compliance with the diet was assessed at baseline and then 1, 2, and 3 mo after starting the diet. Sodium, potassium, and calcium intakes were carefully estimated from patients' dietary recall and 24-h urinary collection. Results: Estimated sodium intake significantly correlated with 24-h urinary excretion (R = 0.43 P < 0.001). However, estimated sodium intake was lower than urinary sodium excretion by 34% at baseline and by 47% after 3 mo of dieting (P < 0.05). Estimated potassium intake correlated with 24-h urinary excretion. Estimated calcium intake significantly increased from 933 ± 83 mg/d to 1029 ± 171 mg/d (P < 0.05). Calcium intake derived from patients' recall far exceeded and only slightly correlated with 24-h urinary excretion (R = 0.23, P < 0.01). Conclusions: Patients tend to underestimate their sodium intake by 30% to 50%; therefore, urinary sodium excretion is more accurate to assess sodium intake. Thus, 24-h urinary sodium excretion should be used in clinical practice and in clinical trials, especially when dietary non-compliance is suspected. © 2005 Elsevier Inc. All rights reserved.","{
  ""justification"": ""Justification 1: The reference supports all aspects of the claim. It states that a high-calcium diet is recommended to lower blood pressure, that compliance is poor, that patients underestimate their sodium intake ('estimated sodium intake was lower than urinary sodium excretion'), and that they overestimate their calcium intake ('Calcium intake derived from patients' recall far exceeded... 24-h urinary excretion').\nJustification 2: The claim is fully entailed by the reference. The reference confirms that a high-calcium diet is recommended for blood pressure, compliance is poor, patients underestimate sodium intake, and overestimate calcium intake, as stated in the claim."",
  ""answer"": ""Entailment""
}"
s_170,"IT Security: Increasing Cybersecurity Threats: The growing sophistication of cybercriminals and the expanding IT 'attack surface' due to interconnected devices and systems necessitate robust cybersecurity measures. Organizations are recognizing the need for holistic and proactive cybersecurity approaches beyond traditional access control and perimeter defenses. Furthermore, it is likely that organizations that adopt advanced AI-driven cybersecurity solutions will experience a significant reduction in breach incidents, although this remains to be fully substantiated .","The pace of digital transformation and new technology development and the growing sophistication of cyber criminals result in organisations facing greater scope and severity of cybersecurity attacks on a daily basis-estimated to cost between $375 and $575 billion per annum. It is anticipated that as more devices, systems, and infrastructure become interconnected and interdependent, and as more interfaces between customers, suppliers, and partners are leveraged, the IT 'attack surface' will continue to expand. Organisations vary in their approaches to attempting to prevent cybersecurity breaches: some are overly restrictive, making even routine business activities difficult, while others are too relaxed with poor oversight and inadequate protocols and procedures, creating unnecessary exposures. However, applying appropriate cybersecurity controls is now a particular necessity where digital leaders often have a higher tolerance and appetite for risk-taking and experimentation to identify key opportunities for the future. Organisations now need to rethink their cybersecurity management approaches, and recognise that traditional access control and perimeter defences alone are no longer sufficient. Rather holistic and proactive approaches that continually evolve and adapt to counter emerging threats and minimise the potential negative consequences of exposure are required. Understanding how effective the organisation is in its cybersecurity efforts is a prerequisite for ensuring controls remain abreast with, and appropriate for, the changing IT threat landscape. This paper presents a cybersecurity conceptual framework that can be used by organisations to provide a holistic analysis of their cybersecurity approaches. It details the key factors or management themes underpinning cybersecurity effectiveness and how the insights gained through assessing performance against these factors or management themes can be practically used to improve cybersecurity effectiveness.","{
  ""justification"": ""The claim accurately reflects the reference's points about the expanding attack surface and the insufficiency of traditional defenses. However, the claim goes on to speculate about the impact of \""AI-driven cybersecurity solutions,\"" a topic not covered in the provided reference, making that specific part of the claim unverifiable."",
  ""answer"": ""Related but unverifiable""
}"
i_1082,"Neurological and Respiratory Symptoms: Neurological symptoms and respiratory issues can also occur, though they are less common .","Background: Yoga is a representative mind-body therapy of complementary and alternative medicine. In Japan, yoga is practiced widely to promote health, but yoga-associated adverse events have also been reported. To date, the frequencies and characteristics of yoga-related adverse events have not been elucidated. This study was conducted to elucidate the frequencies and characteristics of adverse events of yoga performed in classes and the risk factors of such events. Methods: The subjects were 2508 people taking yoga classes and 271 yoga therapists conducting the classes. A survey for yoga class attendees was performed on adverse events that occurred during a yoga class on the survey day. A survey for yoga therapists was performed on adverse events that the therapists had observed in their students to date. Adverse events were defined as undesirable symptoms or responses that occurred during a yoga class. Results: Among 2508 yoga class attendees, 1343 (53.5%) had chronic diseases and 1063 (42.3%) were receiving medication at hospitals. There were 687 class attendees (27.8%) who reported some type of undesirable symptoms after taking a yoga class. Musculoskeletal symptoms such as myalgia were the most common symptoms, involving 297 cases, followed by neurological symptoms and respiratory symptoms. Most adverse events (63.8%) were mild and did not interfere with class participation. The risk factors for adverse events were examined, and the odds ratios for adverse events were significantly higher in attendees with chronic disease, poor physical condition on the survey day, or a feeling that the class was physically and mentally stressful. In particular, the occurrence of severe adverse events that interfered with subsequent yoga practice was high among elderly participants (70 years or older) and those with chronic musculoskeletal diseases. Conclusions: The results of this large-scale survey demonstrated that approximately 30% of yoga class attendees had experienced some type of adverse event. Although the majority had mild symptoms, the survey results indicated that attendees with chronic diseases were more likely to experience adverse events associated with their disease. Therefore, special attention is necessary when yoga is introduced to patients with stress-related, chronic diseases.","{
  ""justification"": ""The reference supports the claim by stating that musculoskeletal symptoms were the most common adverse events, 'followed by neurological symptoms and respiratory symptoms.' This implies that neurological and respiratory symptoms are less common than musculoskeletal ones, which aligns with the claim."",
  ""answer"": ""Entailment""
}"
i_1456,"Expenditure Control: Efforts to control expenditures and utilization have historically failed, particularly within Medicaid, due to the autonomy and discretion of healthcare providers .","Five years and two near-death experiences later, the Patient Protection and Affordable Care Act of 2010 (ACA) has restructured the delivery of American health care. It has provided coverage to millions of Americans who previously lacked it, outlawed discrimination in the insurance marketplace, and armed patients with consumer-based tools to streamline their care. The ACA has had a positive impact throughout the country. But it can only go so far. Separate from providing access, the most daunting challenge facing American health care, and Medicare in particular, is how to control expenditures and utilization in an era of unprecedented enrollment growth. Past efforts to control expenditure and utilization have failed, and starkly conflict with the dominant paradigm in American health care that sanctifies the autonomy and nearly unlimited discretion of the American health care provider. This paradigm often views attempts that seek cost-effectiveness as heavyhanded government intervention. But as Medicare's enrollment is likely to swell from 52 million today to nearly 90 million by 2040, the costs and utilization problem will not abate with age. While the AC A may help reduce unnecessary and unwanted care and expand coverage, it cannot fully address the overtreatment problem due to a confluence of factors-namely, the often-acute emergent situations and incomparable pain patients encounter, the imperfect agency relationship between patients and payers, and the intractable information asymmetry that exists within the enterprise. This challenge begs for creative legal and policy-based solutions that seek to maintain provider autonomy and patients' freedom of choice, but also construct reasonable incentives and limitations to prod providers and Medicare beneficiaries into choosing more cost-effective treatments. It is made all the more difficult by Medicare's reimbursement structure, a regime that still largely rewards and incentivizes excess. Recognizing that tension, this piece nods to previous scholarship that has suggested importing fiduciary principles into the provider-patient relationship, but builds on it by arguing for the inculcation of fiduciary principles into the largely unrecognized payer-provider relationship. Requiring the provider to owe a duty of loyalty to the payers in the Medicare enterprise-American taxpayers-would introduce pressures on providers to limit excessive and expensive health care by opening the door for Medicare to seek judicial remedies in cases of wrongdoing. This new duty would further nuance the provider's loyalties and also reflect other professionals' multilayered duties of loyalty. Finally, this move would not increase regulations governing providers, nor rob them of their dear autonomy, but would limit unreasonable health care costs and utilization where possible-something that, heretofore, Medicare has failed to do.","{
  ""justification"": ""The claim states that expenditure control failures occurred 'particularly within Medicaid'. However, the reference text focuses on 'Medicare', not Medicaid. It says, '...the most daunting challenge facing American health care, and Medicare in particular, is how to control expenditures...'. The claim incorrectly identifies the healthcare program as Medicaid when the reference specifically discusses the challenges of controlling costs and utilization within Medicare."",
  ""answer"": ""Entity error""
}"
i_1840,Key Principles of Circular Economy: Waste Generation: Increasing waste through excessive consumption and disposal practices .,"Reuse and recirculation of products and materials are the basis of the concept of the circular economy (CE). The CE is an innovative proposal that can result in positive impacts such as reduced demand for raw materials, reduced consumption of basic resources, and job creation, as well as preventing negative impacts resulting from the exploitation and processing of natural resources. Mining is infamous for its potential environmental impact, but mining waste from traditional mining (in the linear economy) may recover material through upcycling techniques, as can urban mining of industrial and post-consumer waste categories (in the circular economy). Urban mining, a form of closed-loop supply chain management, offers an attractive alternative to the management of waste electrical and electronic equipment (e-waste) and, at the same time, as a sustainable way to exploit mineral resources, reduces primary material intake and stimulates the circularity in the supply chain. The present study reviews the main CE solutions for e-waste management, highlighting the importance of recovering and classifying mineral material according to urban mining procedures.
[6]: The recent circular economy movement has raised awareness and interest about untapped environmental and economic potential in the manufacturing industry. One of the crucial aspects in the implementation of circular or closed-loop manufacturing approach is the design of circular products. While it is obvious that three post-use strategies, i.e., reuse, remanufacturing, and recycling, are highly relevant to achieve loop closure, it is enormously challenging to choose ""the right"" strategy (if at all) during the early design stage and especially at the single component level. One reason is that economic and environmental impacts of adapting these strategies are not explicit as they vary depending on the chosen business model and associated supply chains. In this scenario, decision support is essential to motivate adaptation of regenerative design strategies. The main purpose of this paper is to provide reliable decision support at the intersection of multiple lifecycle design and business models in the circular economy context to identify effects on cost and CO<inf>2</inf> emissions. The development of this work consists of a systematic method to quantify design effort for different circular design options through a multi-method simulation approach. The simulation model combines an agent-based product architecture and a discrete event closed-loop supply chain model. Feasibility of the model is tested using a case of a washing machine provided by Gorenje d.d. Firstly, design efforts for reuse, remanufacturing, and recycling are quantified. Secondly, cost and emissions of different design options are explored with different business model configurations. Finally, an optimization experiment is run to identify the most cost-effective combination of reused, remanufactured, and recycled components for a business model chosen on the basis of the explorative study results.
[7]: A circular economy (CE)-inspired waste management hierarchy was proposed for end-of-life (EOL) lithium-ion batteries (LIBs) from electric vehicles (EVs). Life cycle eco-efficiency metrics were then applied to evaluate potential environmental and economic trade-offs that may result from managing 1,000 end-of-life EV battery packs in the United States according to this CE hierarchy. Results indicate that if technology and markets support reuse of LIBs in used EVs, the net benefit would be 200,000 megajoules of recouped cumulative energy demand, which is equivalent to avoiding the production of 11 new EV battery packs (18 kilowatt-hours each). However, these benefits are magnified almost tenfold when retired EV LIBs are cascaded in a second use for stationary energy storage, thereby replacing the need to produce and use less-efficient lead-acid batteries. Reuse and cascaded use can also provide EV owners and the utility sector with cost savings, although the magnitude of future economic benefits is uncertain, given that future prices of battery systems are still unknown. In spite of these benefits, waste policies do not currently emphasize CE strategies like reuse and cascaded use for batteries. Though loop-closing LIB recycling provides valuable metal recovery, it can prove nonprofitable if high recycling costs persist. Although much attention has been placed on landfill disposal bans for batteries, results actually indicate that direct and cascaded reuse, followed by recycling, can together reduce eco-toxicity burdens to a much greater degree than landfill bans alone. Findings underscore the importance of life cycle and eco-efficiency analysis to understand at what point in a CE hierarchy the greatest environmental benefits are accrued and identify policies and mechanisms to increase feasibility of the proposed system.","{
  ""justification"": ""Justification 1: The claim states that a key principle of the circular economy is 'Increasing waste through excessive consumption and disposal practices.' This is the direct opposite of the principles described in the references, which emphasize 'Reuse and recirculation of products and materials', 'reduced demand for raw materials', and 'reduced consumption'. The references describe a system designed to minimize waste, not increase it.\nJustification 2: The claim misrepresents the core concept of the circular economy by stating it involves increasing waste, whereas the references clearly define it as a model focused on waste reduction through reuse, remanufacturing, and recycling."",
  ""answer"": ""Opposite meaning""
}"
i_1373,It originates in the cerebellum and can metastasize along the neuraxis .,"Medulloblastoma is the most common primary central nervous system tumor of childhood. Medulloblastoma can metastasize along the neuraxis and to extraneural locations, but multiple intramedullary spinal metastases are very rare. The usual presenting clinical features are related to posterior fossa syndrome and/or hydrocephalus. We describe a unique case of medulloblastoma with multiple intramedullary lesions at the D-7 and D-12 levels.
[5]: Medulloblastoma is the most common malignant brain tumor of childhood, with a propensity for neuraxial spread via the cerebrospinal fluid. However, systemic metastases can occur in a small minority of patients. Very rarely such metastases can involve the mandible and present with intra-oral swelling. One such occurrence in a patient with medulloblastoma in the setting of disseminated disease is reported with a review of the relevant literature. The treatment options for patients with extra-neuraxial metastases are limited and their prognosis continues to remain poor. © 2007 Elsevier Ltd. All rights reserved.","{
  ""justification"": ""Justification 1: The reference confirms that medulloblastoma can metastasize along the neuraxis. However, it does not state that it originates in the cerebellum. This specific detail about the origin is not verifiable from the provided text.\nJustification 2: The claim's assertion about metastasis is supported, but the claim's assertion about the origin (cerebellum) is not mentioned in the reference, making that part of the claim unverifiable."",
  ""answer"": ""Related but unverifiable""
}"
i_410,"Key Components for Effective Data Protection in EHR Systems: Information Security Management: Implementing security mechanisms such as access control, privacy management, and trust management is essential for protecting data in cloud environments . These practices can be integrated into EHR systems to safeguard user data.","Cloud computing confers benefits to its customers but regardless of all the advantages, information security is one of the major concerns on cloud paradigm. Information security challenge rises from the fact that consumer of public cloud services has no access to physical servers while utilizing different cloud services. Several security mechanisms such as access control, privacy management and trust management are used to enhance security at cloud epitome. This research discuses several techniques proposed by different researchers related to different security mechanisms for cloud platform. A brief comparison of all identified techniques is presented based on the criteria identified by National Institute of standards and technology for good practices and quality assessment of security mechanisms. © 2013 GIRI.","{
  ""justification"": ""The reference discusses general information security mechanisms for cloud computing, such as access control, privacy management, and trust management. However, the reference does not mention Electronic Health Record (EHR) systems at all. Therefore, the claim's specific assertion that these practices can be integrated into EHR systems is not verifiable from the provided text, even though the underlying topic of cloud security is related."",
  ""answer"": ""Related but unverifiable""
}"
s_431,"Key Differences: Applications: While both fields aim to extract valuable insights, text mining is often used for specific text-based applications, such as sentiment analysis and information retrieval .","Text mining, also referred to as text data mining, is the process of extracting interesting and non-Trivial patterns or knowledge from text documents. It uses algorithms to transform free flow text (unstructured) into data that can be analyzed (structured) by applying Statistical, Machine Learning and Natural Language Processing (NLP) techniques. Text mining is an evolving technology that allows enterprises to understand their customers well, and help them in redefining customer needs. As e-commerce is becoming more and more established, the number of customer reviews and feedback that a product receives has grown rapidly over a period of time. For a popular asset, the number of review comments can be in thousands or even more. This makes it difficult for the manufacturer to read all of them to make an informed decision in improving product quality and support. Again it is difficult for the manufacturer to keep track and to manage all customer opinions. This article attempts to derive some meaningful information from asset reviews which will be used in enhancing asset features from engineering point of view and helps in improving the support quality and customer experience.
[3]: Information in the internet is evolving in terms of high volume through different sources. Extracting tuples from HTML pages has been an important issue in various web applications such as web data integration, e-commerce market monitoring, and mash ups that repurpose and selectively combine existing web data services. Data Mining is the process of analyzing data from different perspectives and summarizing it into useful information. Text Mining uses many applications of Data Mining. Text Mining is the discovery of unknown information by automatically extracting and relating the information from different resources. Text is classified based on the content that is used for mining. It is done based on comparing the text documents with the database. In the existing system, techniques like named entity recognition, information retrieval, information extraction and knowledge discovery are used for text mining. Google used page rank method to retrieve and rank the documents. However, Google rank may not provide the documents with the most relevant information. In the proposed system, information retrieval is used to collect many web documents and pre-processing the web documents and extract the text data. Then a word is identified as bio medical entity or not by using a Database with medical keywords. The page containing more bio medical words is ranked first. More relevant documents can be obtained by re ranking the documents using medical database.","{
  ""justification"": ""Justification 1: The reference supports the claim by mentioning that text mining is used to analyze customer reviews and feedback, which is an example of sentiment analysis. It also explicitly lists \""information retrieval\"" as a technique used for text mining.\nJustification 2: Reference [3] directly states that \""information retrieval\"" is a technique used for text mining. The first reference provides an example of sentiment analysis by describing how text mining can \""derive some meaningful information from asset reviews\"" to understand customer opinions. This confirms the applications listed in the claim."",
  ""answer"": ""Entailment""
}"
s_350,Regularly updating and patching network devices and software to fix vulnerabilities that could be exploited by sniffers .,"In computer and network security, standard approaches to intrusion detection and response attempt to detect and prevent individual attacks. Intrusion Detection System (IDS) and intrusion prevention systems (IPS) are real-time software for risk assessment by monitoring for suspicious activity at the network and system layer. Software scanner allows network administrator to audit the network for vulnerabilities and thus securing potential holes before attackers take advantage of them. In this paper we try to define the intruder, types of intruders, detection behaviors, detection approaches and detection techniques. This paper presents a structural approach to the IDS by introducing a classification of IDS. It presents important features, advantages and disadvantages of each detection approach and the corresponding detection techniques. Furthermore, this paper introduces the wireless intrusion protection systems. The goal of this paper is to place some characteristics of good IDS and examine the positioning of intrusion prevention as part of an overall layered security strategy and a review of evaluation criteria for identifying and selecting IDS and IPS. With this, we hope to introduce a good characteristic in order to improve the capabilities for early detection of distributed attacks in the preliminary phases against infrastructure and take a full spectrum of manual and automatic response actions against the source of attacks. © 2005 Elsevier B.V. All rights reserved.","{
  ""justification"": ""The claim discusses the practice of 'regularly updating and patching network devices and software.' The reference, however, focuses on intrusion detection systems (IDS), intrusion prevention systems (IPS), and using software scanners to 'audit the network for vulnerabilities.' While both are related to network security, the reference does not mention the specific actions of updating or patching."",
  ""answer"": ""Related but unverifiable""
}"
s_1704,"Spectroscopic Techniques: Near-Infrared Spectroscopy (NIRS): Description: NIRS is a non-destructive, rapid, and cost-effective method for determining sugar levels, which can be used without extensive calibration and validation for routine analysis .","The determination and quantification of sugars is important for quality control and assurance of horticultural produce. This review discusses analytical methods for determination of sugars and sweetness of fresh and processed fruit and vegetables, including the use of destructive and non-destructive instrumental techniques to evaluate sugar composition and characterize taste profile or sweetness. From the standard hand-held refractometer to the hydrometer, electronic tongue and high pressure liquid chromatography (HPLC) equipped with different detectors, a wide range of devices have been used to determine sugar composition and sweetness of many fruit and vegetable products. Although chromatographic techniques are very accurate and useful, they require extensive sample preparation based on solvent extraction and hence are generally time-consuming and expensive. Visible to near infrared spectroscopy (vis/NIRS) has been proposed as an interesting alternative to traditional methods due to its rapidity, simplicity, cost effectiveness and potential for routine analysis if proper calibration and validation steps were developed. Current trends favour analytical methods that are simple to use, quick and non-destructive. The prospects for using emerging technologies such as hyperspectral imaging and nuclear magnetic resonance for non-destructive assessment of sugar content and sweetness of fresh and processed horticultural food products are also discussed.","{
  ""justification"": ""Justification 1: The claim states that NIRS can be used 'without extensive calibration and validation'. The reference, however, states that NIRS has potential for routine analysis 'if proper calibration and validation steps were developed'. This is a direct contradiction. Justification 2: The claim negates the condition mentioned in the reference. The reference makes it clear that calibration and validation are necessary for NIRS to be used for routine analysis, while the claim asserts the opposite."",
  ""answer"": ""Opposite meaning""
}"
s_1564,"Key Points: Extraction Methods: While the abstracts do not provide direct data on protein extraction yields from TM, they discuss various methods for protein extraction from other sources, which could be relevant: Alkaline Hydrolysis: This method has been shown to be effective in other contexts, such as municipal sludge waste, where optimal conditions yielded significant protein extraction .","In this study, municipal sludge waste was used for protein extraction. Two pretreatment ways such as acid and alkaline hydrolysis were compared and the alkaline hydrolysis method was selected as the better way for protein extraction from the residual sludge. In order to obtain the optimal condition for protein extraction, the factors such as NaOH concentration, NaOH solution volume and pretreatment period were selected and optimized by response surface methodology, and the optimal condition for protein extraction was obtained: NaOH concentration was 3.85 mol/l, 24.0 g wet municipal sludge waste was added in 1 L of water, and the pretreatment period was of 12.16 h at 50 °C. Under the optimal extraction condition, the protein extraction yield could reach 5923°107 μg/g sludge, which were 2.07 folds than the initial production pretreated by NaOH.","{
  ""justification"": ""Justification 1: The claim states that alkaline hydrolysis is an effective method for protein extraction from municipal sludge waste. The reference supports this by stating, 'the alkaline hydrolysis method was selected as the better way for protein extraction from the residual sludge' and provides a specific yield. Justification 2: The reference confirms the claim's point about alkaline hydrolysis being effective in a specific context (municipal sludge waste). The reference states that under optimal conditions, 'the protein extraction yield could reach 5923±107 μg/g sludge'. This directly entails the claim's assertion."",
  ""answer"": ""Entailment""
}"
s_341,"Domain-Specific Applications: Tailor the KG for specific applications such as recommendation systems, semantic search, and question answering .","[12] Graph, as an important data representation, is ubiquitous in many real world applications ranging from social network analysis to biology. How to correctly and effectively learn and extract information from graph is essential for a large number of machine learning tasks. Graph embedding is a way to transform and encode the data structure in high dimensional and non-euclidean feature space to a low dimensional and structural space, which is easily exploited by other machine learning algorithms. We have witnessed a huge surge of such embedding methods, from statistical approaches to recent deep learning methods such as the graph convolutional networks (GCN). Deep learning approaches usually outperform the traditional methods in most graph learning benchmarks by building an end-to-end learning framework to optimize the loss function directly. However, most of the existing GCN methods can only perform convolution operations with node features, while ignoring the handy information in edge features, such as relations in knowledge graphs. To address this problem, we present CensNet, Convolution with Edge-Node Switching graph neural network, for learning tasks in graph-structured data with both node and edge features. CensNet is a general graph embedding framework, which embeds both nodes and edges to a latent feature space. By using line graph of the original undirected graph, the role of nodes and edges are switched, and two novel graph convolution operations are proposed for feature propagation. Experimental results on real-world academic citation networks and quantum chemistry graphs show that our approach achieves or matches the state-of-the-art performance in four graph learning tasks, including semi-supervised node classification, multi-task graph classification, graph regression, and link prediction.  [14] Drawing upon research and current development work at Europeana, this paper discusses search functionality in the Cultural Heritage sector, focusing in particular on the question of 'inspiration-oriented' search, in which users seek out previously-unknown items to serve as creative stimulus. Inspiration-oriented search is identified as a variant of the more widely-studied problem of serendipitous retrieval, and defined as an information-seeking behavior in which users consciously search for items that are related to known items in ways that are recognizable once seen, but that are nevertheless unpredictable at search-time. Various strategies for the maximization of both the recognisability and unpredictability of related items are then described, including user-interface and user-experience changes and the reconceptualization of datastores as knowledge graphs. Directions for further research are then outlined – including, most importantly, possible metrics for inspiration-oriented search and their potential for use in machine-learning ranking frameworks.","{
  ""justification"": ""Justification 1: The claim and the reference addresses the same topic \""Domain-Specific Applications and its applications\"", but the specific concept \""recommendation systems, semantic search, and question answering\"" presented in the claim is not covered\n\nJustification 2: Although the claim and the reference both discuss \""Domain-Specific Applications and its applications,\"" the claim's presentation of the particular idea \""recommendation systems, semantic search, and question answering\"" is not addressed making the claim unverifiable."",
  ""answer"": ""Related but unverifiable""
}"
s_194,"2. Communication Modalities: AMRs use visual expressions and sounds to communicate with humans. Sound can be a deliberate or accidental channel of communication, influencing trust and interaction quality. Additionally, the emotional responses elicited by the sounds produced by AMRs may significantly affect user acceptance and long-term interaction with these systems, although this aspect requires further empirical investigation .","Autonomous robots in the home and on the road are fundamentally changing the way we live and interact. The visual expressions and interactions of these devices are well studied; however, more could be done to learn how sound could be a deliberate (or sometimes accidental) channel of communication from autonomous systems to humans. Combining engineering design, music, acoustics, and psychology, my thesis aims first to identify how sound colors human-robot interactions, and second to design acoustic guidelines that can improve trust of autonomous systems. As case studies, I plan to evaluate real-life interactions at two scales: sidewalk robot-pedestrian interactions and autonomous vehicle-pedestrian interactions - -seeing autonomous cars as large robots that we sit inside of. This work will produce a generalizable methodology that refines interfaces between humans and technology.","{
  ""justification"": ""Justification 1: The claim accurately reflects the reference's content. The reference states that while visual expressions are well-studied, more research is needed on sound as a communication channel from autonomous systems. It also mentions the author's thesis aims to study how sound influences human-robot interactions and trust, which aligns with the claim's point about the need for further investigation into emotional responses and user acceptance.\nJustification 2: The claim is directly supported by the reference. The reference explicitly mentions that sound can be a \""deliberate (or sometimes accidental) channel of communication\"" and that the author's thesis aims to \""identify how sound colors human-robot interactions\"" and \""improve trust,\"" which corresponds to the claim's statements about communication modalities and their influence on interaction."",
  ""answer"": ""Entailment""
}"
i_699,"Applications: Industrial Environments: Noise modeling is somewhat important for planning workrooms with noisy machinery, but it may not significantly prevent hearing loss or improve speech intelligibility in all cases .","The calculation of sound emission and propagation inside rooms has become an important tool in the planning phase of workrooms with noisy installations like machinery where hearing loss effects shall be avoided and of offices where intelligibility, discretion and disturbance are effects shall be optimized or avoided. Due the importance of noise prediction in working areas these newer techniques shall be integrated in the existing standardization framework according to the state of the art. A main application is the calculation of noise in working areas with machinery. The technique including the modeling of sources representing even complex machines is demonstrated with practical examples. The calibration to adapt the radiation to known measurement results or to emission values declared by the manufacturer is supported by the simulation of the standardized measurement techniques according to the ISO 3740-series. Taking into account the impulse response of rooms energetically it is also possible to include the intelligibility of speech in noisy environments by calculating the speech transmission index STI. The best practice is shown with some typical examples based on industrial environments.","{
  ""justification"": ""Justification 1: The claim states that noise modeling is 'somewhat important' and 'may not significantly prevent hearing loss.' This is the opposite of the reference, which describes it as an 'important tool' used specifically so that 'hearing loss effects shall be avoided.'\nJustification 2: The claim downplays the role of noise modeling, suggesting it might not be effective. The reference, in contrast, presents it as an important and effective tool for avoiding hearing loss and optimizing speech intelligibility. The claim's sentiment is opposite to the reference's."",
  ""answer"": ""Opposite meaning""
}"
i_1775,"Sustainable Development Principles: Ethical Principle: This involves managing waste and resources in a way that ensures protection for human health and the environment, which may not necessarily maintain safety levels for future generations, as the needs of future generations are often overstated .","The concept of ""sustainable development"" implies ""satisfying the needs of the present, without compromising the ability of future generations to meet their own needs"". This ethical principle can be summarized as follows: wastes should be managed in a way that secures an acceptable level of protection for human health and the environment, and affords to future generations at least the level of safety which is acceptable today, By referring to the rate of evolution of the human society with an extremely great increase in the last centuries, it is not possible to consider the far future generations as equivalent to the current one. Consequently a time length of few centuries should be taken into account for the safe containment of a radioactive waste geological repository instead of 10,000 years as presently adopted. In any case it must be stressed that, very often, an excessive degree of protection implies only a waste of resources without any advantage. © 2010Nova Science Publishers, Inc. All rights reserved.","{
  ""justification"": ""The claim states that the ethical principle of sustainable development 'may not necessarily maintain safety levels for future generations'. This is a direct contradiction to the reference, which explicitly defines the principle as affording 'to future generations at least the level of safety which is acceptable today'. The claim presents the opposite meaning of the core principle outlined in the source text."",
  ""answer"": ""Opposite meaning""
}"
s_1522,"Phytate Levels: Phytate Content in Barley: Phytate, also known as phytic acid, is a significant anti-nutritional factor in grains, including barley. The phytic acid content in barley grains can vary significantly due to genetic and environmental factors. For instance, one study found that the phytic acid content in barley genotypes ranged from 3.85 mg/g to 8.85 mg/g, with environmental factors playing a major role in this variation .","Phytic acid or phytate is a chelating agent, which is involved in binding minerals (such as K<sup>+</sup>, Ca<sup>2+</sup>, Zn<sup>2+</sup>, Fe<sup>2+</sup>, etc.) and making them unavailable for dietary absorption. It is also involved in forming complexes with protein, making protein less soluble, and affecting enzymatic degradation, gastric absorption, and malting processes. The phytic acid and protein contents of barley grains are influenced by genetic and environmental factors. This study investigated differences in phytic acid and protein contents in grains of 100 barley (Hordeum vulgare L.) genotypes or cultivars. Eight barley cultivars were selected and grown at seven locations for two years to study the effects of genotypic and environmental factors on phytic acid content (PAC) and its relation to malt quality. The phytic acid contents of 100 barley genotypes ranged from 3.85 mg g<sup>-1</sup> to 9.85 mg g<sup>-1</sup>, with a mean of 7.01 mg g<sup>-1</sup>. The effects of cultivars, locations, time and their interactions were highly significant, but the variation was mainly attributed to the environment (location and time). The correlation between grains phytic acid and protein content was significant and positive. Whereas, the correlation between grain phytic acid content and malt extract was significant and negative. The relationship between phytic acid and protein contents of barley is important as it affects the malting process, malt yield and quality, and final beer quality. Barley grain for malting and feed uses should have low phytic acid content. © 2007 Elsevier Ltd. All rights reserved.","{
  ""justification"": ""Justification 1: The claim states that the phytic acid content in barley genotypes ranged from 3.85 mg/g to 8.85 mg/g. However, the reference states that the range was from 3.85 mg g-1 to 9.85 mg g-1. This is a numeric error.\nJustification 2: The claim incorrectly reports the upper limit of the phytic acid content range as 8.85 mg/g, whereas the source material clearly indicates it is 9.85 mg/g."",
  ""answer"": ""Numeric error""
}"
s_1149,"Emerging Therapies: Research is ongoing to develop alternative treatments, such as enzyme therapies and immune modulators, but these are not yet widely available .","Purpose of Review: Celiac disease is a common chronic autoimmune condition for which the only therapy currently available is strict adherence to a gluten-free diet for life. Although the diet is effective in reversing the intestinal mucosal changes, it is cumbersome to follow, is associated with some dietary deficiencies, is less palatable, and has significant quality of life implications. For all these reasons, alternatives to the gluten-free diet would greatly benefit people with celiac disease. Recent Findings: A better understanding of the pathophysiology of celiac disease has led to possible new treatments that target various steps in the development of the disease. These include intraluminal digestive enzymes and peptide-binding agents that render gluten non-toxic, drugs that modulate tight junctions between enterocytes or interfere with the inflammatory cascade that causes mucosal destruction, and agents designed to induce immune tolerance to gluten. Summary: Although several of these new therapeutic agents currently under investigation are showing some promise, they still need to demonstrate they are as effective and safe as the gluten-free diet before they can be recommended as an acceptable alternative for treatment of people with celiac disease. The gluten-free diet remains the only proven safe and effective treatment for celiac disease.","{
  ""justification"": ""The claim is fully supported by the reference. The reference details ongoing research into alternative therapies for celiac disease, including 'intraluminal digestive enzymes' and agents that modulate the immune system. It concludes that these are not yet recommended alternatives, confirming they are not widely available."",
  ""answer"": ""Entailment""
}"
s_1926,"Comparison of Disturbance Patterns: Key Differences: Climate Change Influence: Boreal forests are more directly impacted by climate-induced changes in fire regimes, whereas temperate forests may experience increased frequency of ice storms and other intermediate disturbances .","Large-scale disturbances such as ice storms may increase in frequency and intensity as climate changes. While disturbances are a natural component of forest ecosystems, climatically driven alteration to historical patterns may impart fundamental change to ecosystem function. At Hubbard Brook Experimental Forest, NH, experimental ice storms of varying severity were applied to replicate plots of mature northern hardwoods to quantify their effects on forested ecosystems. We assessed ice storm treatment effects on insectivorous foliage-gleaning birds and evaluated insectivore predation on model caterpillars in the understory vegetation. These birds are charismatic, of conservation concern, and are major predators of caterpillars. In turn, lepidopterans are the dominant herbivores in temperate forests and are integral to ecosystem function. We predicted that avian abundance would increase due to additional structural heterogeneity caused by ice treatments, with a concomitant increase in caterpillar predation. Point counts were used to measure insectivorous bird activity in the ice storm experiment plots and additional control plots before and after treatments. We deployed and retrieved plasticine model caterpillars and estimated predation from characteristic marks to these surrogates. Abundance of foliage-gleaning birds was higher in the ice storm plots and birds responded to treatments as a single diffuse disturbance rather than on an individual plot level. All species except one were observed both before and after the ice treatments. Surprisingly, predation on caterpillar models was unaffected by ice storm treatments but rather was a function of caterpillar density. The increase in avian abundance in the ice storm treatment plots corroborates other studies of bird responses to relatively small-scale disturbances in forests and the limited change in species composition was expected given the plot size. We conclude that ice storms may provide beneficial changes for foliage-gleaning birds in the growing season following the disturbance.
[4]: Predicting the effects of climate warming and fire disturbance on forest aboveground biomass is a central task of studies in terrestrial ecosystem carbon cycle. The alteration of temperature, precipitation, and disturbance regimes induced by climate warming will affect the carbon dynamics of forest ecosystem. Boreal forest is an important forest type in China, the responses of which to climate warming and fire disturbance are increasingly obvious. In this study, we used a forest landscape model LANDIS PRO to simulate the effects of climate change on aboveground biomass of boreal forests in the Great Xing'an Mountains, and compared direct effects of climate warming and the effects of climate warming-induced fires on forest aboveground biomass. The results showed that the aboveground biomass in this area increased under climate warming scenarios and fire disturbance scenarios with increased intensity. Under the current climate and fire regime scenario, the aboveground biomass in this area was (97.14±5.78) t•hm<sup>-2</sup>, and the value would increase up to (97.93±5.83) t•hm<sup>-2</sup> under the B1F2 scenario. Under the A2F3 scenario, aboveground biomass at landscape scale was relatively higher at the simulated periods of year 100-150 and year 150-200, and the value were (100.02±3.76) t•hm<sup>-2</sup> and (110.56±4.08) t•hm<sup>-2</sup>, respectively. Compared to the current fire regime scenario, the predicted biomass at landscape scale was increased by (0.56±1.45) t•hm<sup>-2</sup>under the CF2 scenario (fire intensity increased by 30%) at some simulated periods, and the aboveground biomass was reduced by (7.39±1.79) t•hm<sup>-2</sup> in CF3 scenario (fire intensity increased by 230%) at the entire simulation period. There were significantly different responses between coniferous and broadleaved species under future climate warming scenarios, in that the simulated biomass for both Larix gmelinii and Betula platyphylla showed decreasing trend with climate change, whereas the simulated biomass for Pinus sylvestris var. mongolica, Picea koraiensis and Populus davidiana showed increasing trend at different degrees during the entire simulation period. There was a time lag for the direct effect of climate warming on biomass for coniferous and broadleaved species. The response time of coniferous species to climate warming was 25-30 years, which was longer than that for broadleaf species. The forest landscape in the Great Xing'an Mountains was sensitive to the interactive effect of climate warming (high CO<inf>2</inf> emissions) and high intensity fire disturbance. Future climate warming and high intensity forest fire disturbance would significantly change the composition and structure of forest ecosystem.
[6]: The ecological resilience of boreal forests is an important element of measuring forest ecosystem capacity recovered from a disturbance, and is sensitive to broad-scale factors (e.g., climate change, fire disturbance and human related impacts). Therefore, quantifying the effects of these factors is increasingly important for forest ecosystem management. In this study, we investigated the impacts of climate change, climate-induced fire regimes, and forest management schemes on forest ecological resilience using a forest landscape model in the boreal forests of the Great Xing'an Mountains, Northeastern China. First, we simulated the effects of the three studied variables on forest aboveground biomass, growing space occupied, age cohort structure, and the proportion of mid and late-seral species indicators by using the LANDIS PRO model. Second, we calculated ecological resilience based on these four selected indicators. We designed five simulated scenarios: Current fire only scenario, increased fire occurrence only scenario, climate change only scenario, climate-induced fire regime scenario, and climate-fire-management scenario. We analyzed ecological resilience over the five scenarios from 2000 to 2300. The results indicated that the initialized stand density and basal area information from the year 2000 adequately represented the real forest landscape of that year, and no significant difference was found between the simulated landscape of year 2010 and the forest inventory data of that year at the landscape scale. The simulated fire disturbance results were consistent with field inventory data in burned areas. Compared to the current fire regime scenario, forests where fire occurrence increased by 30% had an increase in ecological resilience of 12.4-43.2% at the landscape scale, whereas increasing fire occurrence by 200% would decrease the ecological resilience by 2.5-34.3% in all simulated periods. Under the low climate-induced fire regime scenario, the ecological resilience was 12.3-26.7% higher than that in the reference scenario across all simulated periods. Under the high climate-induced fire regime scenario, the ecological resilience decreased significantly by 30.3% and 53.1% in the short- and medium-terms at landscape scale, while increasing slightly by 3.8% in the long-term period compared to the reference scenario. Compared to no forest management scenario, ecological resilience was decreased by 5.8-32.4% under all harvesting and planting strategies for the low climate-induced fire regime scenario, and only the medium and high planting intensity scenarios visibly increased the ecological resilience (1.7-15.8%) under the high climate-induced fire regime scenario at the landscape scale. Results from our research provided insight into the future forest management and have implications for improving boreal forest sustainability.","{
  ""justification"": ""The claim accurately synthesizes information from the provided references. The first reference discusses how climate change may increase the frequency of ice storms in temperate forests. References [4] and [6] discuss how boreal forests are impacted by climate-induced changes in fire regimes."",
  ""answer"": ""Entailment""
}"
i_1101,"Similarities with General Allergic Reactions: Management: The management of food allergies, like other allergies, is largely the same, suggesting that all allergic conditions can be treated with the same methods, including avoidance of the allergen, use of antihistamines, and emergency preparedness with epinephrine for severe reactions .","Purpose of review The present review serves to address food allergy, which is a common problem encountered by the general pediatrician. Between 4 and 6% of US children have an allergic reaction to at least one food, and the prevalence of some food allergies appears to be increasing. Recent findings A combination of genetic influences, characteristics of food antigen processing, and timing of food introduction may influence the development of food allergy. Avoidance of highly allergenic foods beyond 4-6 months may not be effective at preventing the development of food allergy in most children, and the effect of specific early introduction of allergenic foods is being investigated. Oral immunotherapy is under investigation but may be limited in future use by several factors, including a significant rate of allergic reactions. Summary Current management of food allergy focuses on accurate diagnosis, appropriate counseling regarding strict allergen avoidance with review of available educational resources, emergency preparedness, instruction on the use of self-injectable epinephrine, and ongoing surveillance for the possible development of tolerance. © 2009 Wolters Kluwer Health | Lippincott Williams & Wilkins.
[9]: Food allergies are a common condition seen in both adult and child population that are typically acute in onset, developing less than 2 h after the ingestion. More than 120 foods have been described as causing food allergies, but only a limited number of those are responsible for the majority of allergic reactions, affected by factors including age, preferences, and region. Basic researches were carried out using certified reference materials to determine relevant threshold for food allergens in order to help patients select food reasonably. Symptoms can involve any organ of the body; commonly involve cutaneous, oropharyngeal, gastrointestinal, and respiratory systems. These effects are believed to be due to the release of histamine by an immunological reaction which varies in clinical symptoms and extent of allergic reaction. Sporadic urticaria, congestion around the mouth, itching in the pharynx and larynx may present in mild patients. Serious urticaria, angioedema, vomiting, dyspnea, abdominal pain, diarrhea and/or even life-threatening anaphylaxis may appear in severe allergic patients. Cases of atopic dermatitis, eczema, eosinophilic esophagitis and asthma have been reported. Care of high risk population is desired. Some reports suggested that infants should delay the introduction of allergenic foods and mothers prolong avoidance of allergenic foods during pregnancy and lactation with family histories of allergy. Supplementation with early nutrition may play a role in preventing early childhood allergic disease in children at high risk of allergy. The gut microbiome, vitamins A, vitamins D, vitamins E, and zinc may affect the course of food allergy, but the evidences are weak. Currently there has been no available therapy as routine clinical care for food allergy patients. In addition to emergency treatment, chronic patients need oral anti-histamine drugs and other symptomatic treatment. Potentially effective treatments include Chinese herbal medicine and allergy immunotherapy targeting mucosal immune system. Studies have shown that some immunity enhancers that are involved in the regulation of the immune system may be risk factors for the development, severity and course of acute and long-term food allergy. The current standard of food allergy care remains counseling the patients to strictly avoid culprit food allergens, using antihistamines and an epinephrine in case of accidental exposure. Identification of known food allergens prior to consumption is by far the most effective and feasible approach to prevent allergic reactions. But for main food allergy, such as wheat and/or rice allergy, simple avoidance is difficult. We are carrying out an ongoing study on destroying food proteins that are responsible for allergy by different food processing techniques. In order to reduce the incidence and severity of allergic reactions while maintaining nutritional requirements for the patients, foods for special medical purposes (FSMP) are introduced to manage the diets of concerned population. Furthermore, a comprehensive nutrition assessment with appropriate intervention is mandatory in all children with food allergies to meet nutrient needs and optimize growth. The cooperation of dietary assessment, regular follow-up checks and professional guidance when necessary contributes to significantly improve life quality of patients who suffer from food allergy.","{
  ""justification"": ""The claim asserts that the management of food allergies is the same as for other allergies, implying a universal treatment approach. However, the provided references focus exclusively on the management of food allergies (avoidance, antihistamines, epinephrine) and do not make any comparison to other types of allergies. By taking the specific treatments for food allergies and generalizing them to all allergic conditions, the claim makes a broad conclusion that is not supported by the source text, which constitutes a misrepresentation through over-claiming."",
  ""answer"": ""Misrepresentation""
}"
s_1855,"The presence of diverse microbial populations on plastic carriers can lead to efficient degradation of pollutants, but the long-term integrity of these carriers under anaerobic conditions remains a concern .","The moving bed biofilm reactors (MBBRs) were used to remove the residual NO<inf>3</inf><sup>−</sup>-N of wastewater treatment plant (WWTP) effluent, and the MBBR carriers for denitrification were compared. The results showed that high denitrification efficiency can be achieved with polyethylene, polypropylene, polyurethane foam, and haydite carriers under following conditions: 7.2 to 8.0 pH, 24 to 26 °C temperature, 12 h hydraulic retention time (HRT), and 25.5 mg L<sup>−1</sup> external methanol dosage, while the WWTP effluent total nitrogen (TN) was between 2.6 and 15.4 mg L<sup>−1</sup> and NO<inf>3</inf><sup>−</sup>-N was between 0.2 and 12.6 mg L<sup>−1</sup>. The MBBR filled with polyethylene carriers had higher TN and NO<inf>3</inf><sup>−</sup>-N removal rate (44.9 ± 19.1 and 83.4 ± 13.0 %, respectively) than those with other carriers. The minimum effluent TN and NO<inf>3</inf><sup>−</sup>-N of polyethylene MBBR were 1.6 and 0.1 mg L<sup>−1</sup>, respectively, and the maximum denitrification rate reached 23.0 g m<sup>−2</sup> day<sup>−1</sup>. When chemical oxygen demand (COD)/TN ratio dropped from 6 to 4, the NO<inf>3</inf><sup>−</sup>- N and TN removal efficiency decreased significantly in all reactors except for that filled with polyethylene, which indicated that the polyethylene MBBR can resist influent fluctuation much better. The three-dimensional excitation–emission matrix analysis showed that all the influent and effluent of MBBRs contain soluble microbial products (SMPs)-like organics and biochemical oxygen demand (BOD), which can be removed better by MBBRs filled with haydite and polyethylene carriers. The nitrous oxide reductase (nosZ)-based terminal restriction fragment length polymorphism (T-RFLP) analysis suggested that the dominant bacteria in polyethylene MBBR are the key denitrificans.
[2]: Biofilm containing fix-bed systems are frequently applied for intensifying biological treatment in wastewater purification. In these operational units a lot of different biofilm carriers have been used and tested; among them, however, the polymer fiber-based materials are barely investigated. The authors studied four carriers: three types of polypropylene (PP) fibers and a polyester (PES) fiber were compared relating their physical-chemical characteristics and biofilm colonization properties. For the physical-chemical characterization surfactants release, wettability, methylene blue bromophenol blue and protein (bovine serum albumin) adsorption were measured as well as the surface charges of the biofilm carriers were determined by zeta potential examinations. Colonization experiments were carried out in a pilot plant scale biological municipal wastewater treatment system consisting of eight cascade reactors for 18 days. Each of the four tested fibers were placed into the reactors, and biofilm colonization was followed by measuring the dry biomass content and TTC (triphenyl tetrazolium chloride) enzyme activity of the biofilms adhered to the polymer fibers. During the colonization experiments pH, chemical oxygen demand (COD), concentration of total suspended solids (TSS), various nitrogenous compounds and dissolved oxygen were also monitored in the water phase of the reactors. Among the four different fibers one of the PP carriers turned to be the most favorable in colonization tests. This carrier, having surface and wetting properties differing from the other ones colonized the maximum biofilm mass, and the biofilm grown on this fiber had also the highest total enzyme activity all along the purification process, both in organic material degrading and in nitrifying reactors. © 2012 Elsevier B.V.
[3]: The impact of using different plastic mesh in rotating biofilm reactors (RBRs) on the treatment performance, biofilm activity and viability under varying organic loading rates (OLRs) was investigated. Laboratory-scale RBRs treating real wastewater were operated under OLR loading conditions typical of pre-treatment processes. A fully-crossed, three-factorial design series of experiments was undertaken with low and high surface area mesh made from polyvinyl chloride (PVC) and polypropylene (PP) operated at low, medium, high and very high OLR. The maximum volumetric removal rate of 2.4 kg sCOD m<sup>3</sup> d<sup>−1</sup> occurred at the high OLR, for low surface area mesh, irrespective of plastic used. The highest OLR at which nitrification could be attained was 35 g sCOD m<sup>−2</sup> d<sup>−1</sup>. The biofilm growth decreased under medium compared to low OLR on all mesh. This coincided with a ∼2 fold decrease in the microbial viability. Higher surface area mesh was important for high nitrification rates at medium OLR (p < 0.05). In contrast the low surface area PVC and PP mesh was best at very high OLR (160 g sCOD m<sup>−2</sup> d<sup>−1</sup> or ∼320 g BOD<inf>5</inf> m<sup>−2</sup> d<sup>−1</sup>) for bulk organics removal (p < 0.05). Therefore, lower surface area mesh is recommended for wastewater pre-treatments at high OLR, whilst high surface area mesh was best for elevated nitrification rates at medium OLR. The microbial activity and viability had a strong positive correlation with OLR (R<sup>2</sup> = 0.92, p < 0.001 and 0.81, p < 0.001 respectively). The microbial activity and viability also positively correlated (R<sup>2</sup> = 0.4, p < 0.05 and 0.29, p < 0.01 respectively) to the sCOD removal performance but not the ammonia removal in mesh RBRs. This confirms the importance of maintaining biofilm activity and viability for bulk organics removal in biofilm processes in wastewater treatment.","{
  ""justification"": ""The references discuss the use of various plastic carriers (polyethylene, polypropylene, PVC) in biofilm reactors for efficient wastewater treatment, which aligns with the first part of the claim about microbial populations degrading pollutants. However, none of the provided references mention or discuss the \""long-term integrity\"" of these plastic carriers or raise it as a \""concern,\"" particularly under \""anaerobic conditions.\"" This specific aspect of the claim is not supported by the source material, making it unverifiable."",
  ""answer"": ""Related but unverifiable""
}"
i_1891,"Ecological Balance: The structural attributes of old-growth forests, such as tree-size demographic equilibrium, contribute to their sustainability and resilience. These forests serve as benchmarks for managed forests, providing insights into maintaining ecological balance .","[11] While it is widely acknowledged that forest biodiversity contributes to climate change mitigation through improved carbon sequestration, conversely how climate affects tree species diversity–forest productivity relationships is still poorly understood. We combined the results of long-term experiments where forest mixtures and corresponding monocultures were compared on the same site to estimate the yield of mixed-species stands at a global scale, and its response to climatic factors. We found positive mixture effects on productivity using a meta-analysis of 126 case studies established at 60 sites spread across five continents. Overall, the productivity of mixed-species forests was 15% greater than the average of their component monocultures, and not statistically lower than the productivity of the best component monoculture. Productivity gains in mixed-species stands were not affected by tree age or stand species composition but significantly increased with local precipitation. The results should guide better use of tree species combinations in managed forests and suggest that increased drought severity under climate change might reduce the atmospheric carbon sequestration capacity of natural forests. [18] Deforestation often has been studied in terms of land-use models, in which natural processes such as ecological succession, physical disturbance and human decision-making are combined. In many land-use models, landowners are assumed to make decisions that maximize their utilities. However, since human understanding of ecological and social dynamics is clouded by uncertainty, landowners may not know true utility values, and may learn these values from their experiences. We develop a decision model for forest use under social learning to explore whether social learning is efficient to improve landowners' decisions and can lead to effective forest management. We assume that a forest is composed of a number of land parcels that are individually managed; landowners choose whether or not to cut trees by comparing the expected utilities of forest conservation and deforestation; landowners learn utility values not only from their own experiences, but also by exchanging and sharing information with others in a society. By analyzing the equilibrium and stability of the landscape dynamics, we observed four possible outcomes: a stationary-forested landscape, a stationary-deforested landscape, an unstable landscape fluctuating near an equilibrium, and a cyclic-forested landscape induced by synchronized deforestation. Synchronized deforestation, which resulted in a resource shortage in a society, was likely to occur when landowners employed a stochastic decision and a short-term memory about past experiences. Social welfare under a cyclic-forested landscape can be significantly lower than that of a stationary-forested landscape. This implies that learning and remembering past experiences are crucial to prevent overexploitation of forest resources and degradation of social welfare. © 2006 Elsevier B.V. All rights reserved.","{
  ""justification"": ""The claim discusses the specific characteristics of \""old-growth forests,\"" such as \""tree-size demographic equilibrium,\"" and their function as benchmarks. However, the provided references do not mention \""old-growth forests\"" or these specific structural attributes. Reference [11] compares the productivity of mixed-species forests versus monocultures, and reference [18] discusses a decision model for forest use and deforestation. While the general topic is forestry, the specific assertions made in the claim cannot be verified from the given text."",
  ""answer"": ""Related but unverifiable""
}"
s_402,"5. Constraint-Based Systems: Description: These systems use constraints to define the relationships between different variables. The system finds solutions that satisfy all constraints. Example: A constraint-based paradigm using the Gecode constraint system has been proposed for developing expert system shells, offering advantages in memory usage and knowledge representation .","Expert system is a computer program that is different from other conventional computer programs in that it incorporates specific knowledge, which can be human judgment, experience, and expertise, in order to provide knowledgeable advice to users. The main difference is caused from the structure of an expert system that contains the two loosely coupled parts: knowledge inference engine and knowledge base, instead of one tightly integrated structure. The loose coupling allows knowledge base contents to be dynamically added, removed, modified, or even completely changed to another subject area, whereas the inference engine remains intact and needs no modification. We refer to the knowledge inference engine as an expert system shell because it can be viewed as an outer layer program to infer knowledge advice from the inner knowledge base core. The development of expert system shell can be efficiently achieved through the support of logic-based language such as Prolog. In this paper, we propose and demonstrate a different scheme of expert system shell development using a constraint-based paradigm with the ECLiPSe constraint system. Comparisons of the two paradigms have been done in terms of computational time, memory usage, and lines of code. The experimental results reveal that the difference in lines of code of the two paradigms is insignificance, but the constraint-based paradigm uses less memory during execution and provides more concise form of knowledge representation.","{
  ""justification"": ""The claim states that the proposed paradigm for developing expert system shells uses the 'Gecode constraint system'. However, the reference explicitly states that the proposed scheme uses the 'ECLiPSe constraint system'. This is an error in the specific entity being referenced."",
  ""answer"": ""Entity error""
}"
s_564,"Integration of Ice Radar Systems: Marine Electronics Radar System: This system integrates standard pulse radar technology with solid-state frequency modulated continuous wave (FMCW) Broadband radars. It is designed for commercial vessels and can detect targets very close to the antenna, making it suitable for anti-collision and precision docking .","Marine electronics specialist Navico has launched its Simrad Argus radar system, which is new IMO radar, able to integrate standard pulse radar technology with solid state frequency modulated continuous wave (FMCW) Broadband radars for use on commercial vessels. The Simrad Argus system is compact and robust and easy to install at strategic locations on a vessel. It displays information from the patented FMCW Broadband radar which can be mounted in strategic locations around the vessel in addition to the Argus IMO pulse radar that is typically located about 60ft above the deck. The information is integrated into the same display as the navigational radar, with which the operator is already familiar, thereby significantly reducing any risk of misinterpretation of information. The new radar system can detect targets as close as 6ft from the antenna on the shortest scale and can separate targets that are 30ft apart in range on the scales used for navigation. It also makes the system perfect to use for anti-collision and precision docking.","{
  ""justification"": ""The claim misrepresents the purpose of the radar system. The reference describes the 'Simrad Argus radar system' as a general-purpose marine radar for anti-collision and precision docking on commercial vessels. The claim incorrectly frames this as an 'Ice Radar System', a capability or purpose that is not mentioned anywhere in the provided text."",
  ""answer"": ""Misrepresentation""
}"
i_232,"Conclusion: Enhanced Scalability: Blockchain storage, when integrated with scalable data management methods and enhanced by AI, can significantly improve the scalability of PACS and AI systems. This integration can lead to more efficient, secure, and scalable solutions for managing large volumes of data in healthcare and other industries .","—Blockchain is an emerging technology that would possibly disrupt the existing centralized financial systems lead to the rise to a new technology era for the financial sector. Additionally, different new use cases such as healthcare, identity management, etc. suggest that Blockchain has much wider applications. Blockchain is founded on distributed ledger technology that ensures trust through consensus between parties in a peer-to-peer network instead of the need to a third party or central authority. However, blockchain has several limitations such as scalability, latency, low throughput which are the main barriers for Blockchain being adopted by the industries. Of all, scalability is the most critical limitation of blockchain that needs an efficient and effective solution. In this paper, we aim to enhance the scalability of blockchain by designing and implementing a massively scalable architecture for private blockchain-based applications, called ElasticBloC. To evaluate our contribution, we conducted several experiments on ElasticBloC. The results showed that ElasticBloC is a high-performant architecture that scales massively.
[5]: To solve the problems about the scalability of blockchain storage capacity, storage structure, etc, a structured data management method based on scalable blockchain storage was presented. Based on node dynamic net and the DHT protocol, only part of the data was needed to be stored in every peer to realize the data management. The data signature and timing verification were used to ensure the security of data management, and structured data was stored in the local database to extend the business data management. Test results show that, this method can achieve structured data management based on scalable blockchain storage, make the best of the network resources, reduce the storage pressure of each peer, improve the efficiency of data storage, and promote the development of block chain application in the foreseeable future.
[8]: This paper introduces the BlockStream model, a novel integration of blockchain technology into cloud storage systems aimed at addressing the core challenges of security, efficiency, and transparency. The research methodology encompasses a comprehensive system design and implementation, utilizing synthetic datasets for performance evaluation against traditional cloud storage solutions. Key findings reveal that the BlockStream model significantly enhances storage efficiency, with data deduplication rates and storage space utilization surpassing existing models by up to 15%. Moreover, it achieves a notable reduction in data retrieval times, improving by 7.14% over the most efficient traditional systems, and demonstrates superior security capabilities, particularly in resistance to DDoS attacks and unauthorized access prevention, markedly outperforming the baseline models. The significance of this research lies in its potential to revolutionize cloud storage paradigms, offering a scalable, secure, and user-centric data management solution. Quantitatively, the BlockStream model not only reduces average data retrieval times from 400ms to 320ms compared to current leading solutions but also elevates the security and robustness of cloud storage systems to levels previously unattained, marking a significant advancement in the field. These enhancements, underpinned by the decentralized, immutable, and transparent nature of blockchain, present a compelling case for the integration of blockchain technology in improving the architecture and operation of cloud storage systems.","{
  ""justification"": ""The claim asserts that integrating blockchain storage with AI can enhance the scalability of PACS and AI systems. While the references discuss methods to improve blockchain scalability (e.g., ElasticBloC, structured data management, BlockStream model), none of them mention the use of AI for this purpose or the specific application to PACS (Picture Archiving and Communication System). Therefore, the core elements of the claim—the involvement of AI and the application to PACS—are not supported by the provided references, making the claim related to the general topic but ultimately unverifiable."",
  ""answer"": ""Related but unverifiable""
}"
s_995,"Drawbacks: Pressure Drop: High-efficiency filters, such as those made from PLA/chitosan, can have a significant pressure drop, which may affect airflow and energy consumption. For example, a pressure drop of 147.60 Pa was noted for a high-efficiency PLA/chitosan filter .","Particulate matter (PM) pollution, which usually carries viruses and bacteria, has drawn considerable attention as a major threat to public health. In this present study, an environment-friendly antibacterial Poly(lactic acid)(PLA)/chitosan composite air filter was fabricated using the one-step electrospinning technique. The composite PLA/chitosan fibres show a highly porous structure, in which chitosan nanoparticles (NPs) were found to be uniformly distributed throughout the entire fibre. The morphologies, through-pore size and distribution, air filtration and anti-microbial properties of these filter media were studied. The results showed that it was not the chitosan content but instead the concentration of the spinning solutions that had the greatest effect on the morphologies of the porous fibres. The relative humidity influenced the nanometre-scale pores on the surface of PLA/chitosan fibres. The PLA/chitosan fibrous membranes with a chitosan to PLA mass ratio of 2.5:8 exhibited a high filtration efficiency of 98.99% and a relatively low pressure drop (147.60 Pa) when the air flow rate was 14 cm/s, while these also had high antibacterial activity of 99.4% and 99.5% against Escherichia coli and Staphylococcus aureus, respectively. It took 33 min for the PM<inf>2.5</inf> concentration to decrease to 0 μg/m<sup>3</sup> from 999 μg/m<sup>3</sup> using the PLA/chitosan fibrous membranes, which demonstrates obviously effective air purification performance.","{
  ""justification"": ""The claim characterizes the pressure drop of 147.60 Pa as a \""significant\"" drawback. However, the reference explicitly describes this same value as a \""relatively low pressure drop\"" for a filter with such high efficiency. The term \""significant\"" in the context of a drawback is the opposite of \""relatively low.\"""",
  ""answer"": ""Opposite meaning""
}"
i_2031,"Combining Morphological Traits and Microsatellite Markers: Genetic Diversity and Clustering: Studies have shown that combining morphological traits with SSR markers can effectively reveal genetic diversity and structure among melon accessions. For instance, in muskmelon, morphological traits under different water conditions and SSR markers were used to cluster accessions into distinct groups, indicating high genetic variability. Additionally, it is believed that the genetic diversity observed may also influence the adaptability of muskmelon accessions to varying climatic conditions, although this remains to be thoroughly investigated .","In the present study genetic diversity among 48 muskmelon accessions was analyzed employing various morphological traits under well-watered and water-deficit condition and SSR markers. Maximum values for horticultural traits were, 44 cm for fruit polar circumference, 33.2 cm for fruit equatorial circumference, 21 for number of fruits, 41.5 for days to first male flowering, 44 for days to 50% male flowering, 44 days to first female flowering, 45 days to 50% female flowering and 5.66 for number of shoot branching under well-watered condition. While under water-deficit condition maximum values of same parameters were 28.8 cm, 26 cm, 18, 37.2, 39, 47, 46.2 and 4.4, respectively. Based on morphological traits genotypes were clustered in three major clusters under well-watered condition, while grouped in five major clusters under water-deficit condition. Out of the 52 SSR markers, 35 produced polymorphic patterns, a total of 125 amplification products were obtained, the mean number of alleles per locus was 3.57, and the size of amplified products ranged from 120 bp to 605 bp. The average PIC value was estimated to be 0.492. Jaccard similarity coefficients calculated from SSR data varied from 0.03 to 0.89 with a mean value of 0.46. The clustering pattern of muskmelon accessions based on SSR markers was random but not in consonance with the groupings based on quantitative traits under well-watered and water-deficit condition. High genetic variability was observed based on various morphological traits, under both well-watered and water-deficit condition and SSR markers, indicating genetically diverse accessions.","{
  ""justification"": ""The claim suggests that combining morphological traits and SSR markers effectively reveals genetic structure, implying a consistent outcome. However, the reference explicitly states, \""The clustering pattern of muskmelon accessions based on SSR markers was random but not in consonance with the groupings based on quantitative traits under well-watered and water-deficit condition.\"" This indicates that the two methods produced conflicting clustering results, a crucial finding that the claim misinterprets and misrepresents as a successful, unified analysis."",
  ""answer"": ""Misrepresentation""
}"
s_1651,"Automation and Monitoring: Computer Vision Systems: Automation in phenotyping through computer vision systems has streamlined the process of measuring and selecting fish for breeding, reducing manual labor and increasing accuracy. This technology has shown a positive correlation with human measurements, making it a viable alternative for commercial fish farming .","[3] Throughout the Asia Pacific region, fish farming is a vital and growing source of food security and economic activity. Since 1970, aquaculture has maintained an average annual growth rate of 8.7% in the region. Currently, almost 90% of global aquaculture production currently takes place in Asia Pacific and over 20 million people are employed in the sector. This growth has been associated with a large increase in family-run backyard aquaculture and integrated agriculture-aquaculture reservoirs in areas like rural Vietnam. However, yields in those rural ponds have typically been low. This is largely due to lack of aeration systems, which introduce oxygen into the pond water and allow for greater stocking densities, healthier fish, and greater yields. Aeration systems typically are not employed in these remote communities due to high capital costs, lack of access to reliable electricity, and prohibitive maintenance costs. To address this need, a low-cost solar-thermal aeration system for implementation in resource-constrained settings was devised. The system consists of a metallic solar collector and a heat transfer column, which induces convective circulation in the water by dissipating heat to the cooler, deeper layers of the pond. As a result of the circulation produced by the device, oxygen generated by phytoplankton at the top of the pond is distributed throughout the water column, preventing oxygen losses to the atmosphere due to surface supersaturation and increasing the overall pond oxygen content. This paper presents the system models developed to validate the concept, including a Computational Fluid Dynamics (CFD) model and a diel Dissolved Oxygen (DO) simulation model. These models, when used in conjunction, can estimate the increase in DO to be expected by the introduction of passive aeration device. These models were tailored to represent two target test ponds in Bac Ninh, Vietnam. To calibrate the models, instrumentation measured relevant parameters including DO and water temperatures at various depths, wind speed, ambient air temperature, and solar irradiance. A description of the mechanical design, construction and installation of two full-scale prototypes is then discussed, and field results for the first month post-implementation are analyzed. The model and experimental results indicate that the device can improve the DO content at deep levels of the ponds (i.e. oxygen-depleted regions) and has the potential to improve aquaculture productivity in resource-constrained settings.","{
  ""justification"": ""Justification 1: The claim discusses the use of computer vision systems for fish phenotyping and breeding. The reference, however, describes a low-cost solar-thermal aeration system designed to improve dissolved oxygen levels in fish ponds. There is no mention of computer vision, phenotyping, or breeding in the reference.\nJustification 2: While both the claim and the reference pertain to the broader topic of aquaculture technology, the specific subject matter is entirely different. The claim's content about computer vision cannot be found or verified in the reference text, which focuses on an aeration system."",
  ""answer"": ""Related but unverifiable""
}"
i_282,"OpenPose is known for its high accuracy in detecting keypoints and handling occlusions effectively. It uses a part affinity field approach to detect and associate body parts, which helps in maintaining accuracy even in complex environments  .","This paper proposes a real-time human pose recognition method based on bidirectional long short-term memory (LSTM). OpenPose is utilized as the human pose estimation module to obtain two-dimensional joint point data of the human body. According to the condition of missing data, it can judge whether the human body is in the occlusion state. For non-occlusion cases, a classifier is formulated by the bidirectional LSTM, and the initial two-dimensional joint point information is sent to the classifier for human pose recognition. For the occlusion state, the depth camera internal parameters are used for 3D mapping. The torso vector and joint angle are constructed. The aforementioned high-dimension features are processed using principal component analysis and sent to the classifier for human pose recognition. The KTH dataset and a laboratory dataset containing five human poses are utilized to evaluate the proposed method. Under non-occlusion conditions, experimental results show that the accuracy values of the proposed algorithm are 2.63% and 1.08% higher than those of traditional models and deep learning models. Under occlusion conditions, the accuracy rate is improved by 5.6% compared to the traditional model. Human pose recognition in complex environments is achieved.
[2]: In this paper, we propose a novel human body pose refinement method that relies on an existing single-frame pose detector and uses an optical flow algorithm in order to increase quality of output trajectories. First, a pose estimation algorithm such as OpenPose is applied and the error of keypoint position measurement is calculated. Then, the velocity of each keypoint in frame coordinate space is estimated by an optical flow algorithm, and results are merged through a Kalman filter. The resulting trajectories for a set of experimental videos were calculated and evaluated by metrics, which showed a positive impact of optical flow velocity estimations. Our algorithm may be used as a preliminary step to further joint trajectory processing, such as action recognition.","{
  ""justification"": ""The claim describes the internal mechanism of OpenPose, specifically mentioning its use of a \""part affinity field approach\"" to handle occlusions and maintain accuracy. However, the provided references, while utilizing OpenPose as a tool for pose estimation, do not describe its internal workings. They focus on proposing new methods that build upon OpenPose's output to handle occlusions or refine trajectories. There is no mention of \""part affinity fields\"" or a confirmation of OpenPose's inherent effectiveness in handling occlusions within the given text. Therefore, the core assertion of the claim cannot be verified from the references."",
  ""answer"": ""Related but unverifiable""
}"
i_1298,"** Barriers and Facilitators: ** Nurse Involvement: The adherence of nurses to smoking cessation interventions is crucial. Factors such as consistent use of intervention tools, perceived advantages, and involvement in decision-making significantly influence adherence and effectiveness .","[2] Debate exists about how intense smoking cessation interventions for hospitalized patients should be. In this study we assessed the effectiveness of a low-intensity smoking cessation intervention for hospitalized patients, without follow-up phone calls. We designed a cohort study with a historical control group, in the Department of Medicine of an 850-bed teaching hospital. One hundred and seventeen consecutive eligible smokers received the intervention, and 113 smokers hospitalized before the implementation of the intervention constituted the historical control group. The 30-min smoking cessation intervention was performed by a trained resident without any follow-up contact. Counseling was matched to smokers' motivation to quit, and accompanied by a self-help booklet. Nicotine replacement therapy was prescribed when indicated. All patients received a questionnaire to evaluate their smoking habits 6 months after they left hospital. We counted patients lost to follow-up as continuous smokers and smoking abstinence was validated by patients' physicians. Validated smoking cessation rates were 23.9% in the intervention group and 9.7% in the control group (odds ratio 2.9, 95% confidence interval: 1.4-6.2). After adjusting for potential confounders, intervention was still effective with an adjusted odds ratio of 2.26 (95% confidence interval: 1.04-4.95). Among those who continued to smoke 6 months after hospitalization, the likelihood of reporting any decrease of cigarette consumption was higher in the intervention cohort (70.8 vs. 42.7%, P=0.001). A low-intensity smoking cessation intervention, based on two visits without any follow-up contact, is associated with a higher quit rate at 6 months than that for historical control patients. Our findings show that a low-intensity smoking cessation intervention, based on two visits without any follow-up contact, is associated with a higher quit rate at 6 months than that for historical control patients. © 2006 Lippincott Williams & Wilkins. [5] Background: Smoking cessation is the most useful and cost effective way to reduce the risk of developing chronic obstructive pulmonary disease (COPD) and stop its progression. Long-term success rates with smoking cessation programs are known to be poor. Aim: To identify factors influencing the outcomes of smoking cessation programs in COPD patients from their perspective. Method: In-depth interviews were conducted with 27 patients with a history of smoking, chosen from a cohort of 173 patients with moderate to severe COPD participating in a community-based randomised trial. Results: The study sample consisted of 6 females and 21 males with a mean age of 69.6 years and a mean smoking history of 58.5 ± 34.1 pack years. 6 patients continued to smoke at the time of the interview. Patients had attempted both pharmacological and non-pharmacological methods for quitting. Smoking cessation in COPD patients was influenced by various barriers and facilitators pertaining to patient, health, treatment and healthcare providers. Conclusion: Health professionals may be able to improve the outcomes of smoking cessation programs in COPD patients by being more proactive in offering combination smoking cessation interventions with adequate follow-up. [12] Background: Despite proven benefits through the secondary prevention of cardiovascular disease (CVD) and reduction of mortality, cardiac rehabilitation (CR) remains underutilized in cardiac patients. Underserved populations most affected by CVD including rural residents, low socioeconomic status patients, and racial/ethnic minorities have the lowest participation rates due to access barriers. Internet-and mobile-based lifestyle interventions have emerged as potential modalities to complement and increase accessibility to CR. An outpatient CR program using virtual world technology may provide an effective alternative to conventional CR by overcoming patient access limitations such as geographics, work schedule constraints, and transportation. Objective: The objective of this paper is to describe the research protocol of a two-phased, pilot study that will assess the feasibility (Phase 1) and comparative effectiveness (Phase 2) of a virtual world-based (Second Life) CR program as an extension of a conventional CR program in achieving healthy behavioral change among post-acute coronary syndrome (ACS) and post-percutaneous coronary intervention (PCI) patients. We hypothesize that virtual world CR users will improve behaviors (physical activity, diet, and smoking) to a greater degree than conventional CR participants. Methods: In Phase 1, we will recruit at least 10 patients enrolled in outpatient CR who were recently hospitalized for an ACS (unstable angina, ST-segment elevation myocardial infarction, non-ST-segment elevation myocardial infarction) or who recently underwent elective PCI at Mayo Clinic Hospital, Rochester Campus in Rochester, MN with at least one modifiable, lifestyle risk factor target (sedentary lifestyle, unhealthy diet, and current smoking). Recruited patients will participate in a 12-week, virtual world health education program which will provide feedback on the feasibility, usability, and design of the intervention. During Phase 2, we will conduct a 2-arm, parallel group, single-center, randomized controlled trial (RCT). Patients will be randomized at a 1:1 ratio to adjunct virtual world-based CR with conventional CR or conventional CR only. The primary outcome is a composite including at least one of the following (1) at least 150 minutes of physical activity per week, (2) daily consumption of five or more fruits and vegetables, and (3) smoking cessation. Patients will be assessed at 3, 6, and 12 months. Results: The Phase 1 feasibility study is currently open for recruitment which will be followed by the Phase 2 RCT. The anticipated completion date for the study is May 2016. Conclusions: While research on the use of virtual world technology in health programs is in its infancy, it offers unique advantages over current Web-based health interventions including social interactivity and active learning. It also increases accessibility to vulnerable populations who have higher burdens of CVD. This study will yield results on the effectiveness of a virtual world-based CR program as an innovative platform to influence healthy lifestyle behavior and self-efficacy.","{
  ""justification"": ""The claim focuses on the adherence of nurses to smoking cessation interventions and the factors influencing it, such as tool use, perceived advantages, and decision-making. However, none of the provided references discuss these specific points. Reference [2] describes an intervention performed by a resident, not a nurse. Reference [5] examines factors from the patient's perspective and gives a general recommendation for 'health professionals'. Reference [12] details a virtual world-based intervention protocol. While the general topic of smoking cessation is related, the specific assertions about nurse involvement and adherence are not supported or mentioned in the references."",
  ""answer"": ""Related but unverifiable""
}"
s_250,Machine Learning: Two Levels of Meta-Learning. Base Learning: This involves the application of machine learning algorithms to solve specific tasks. The focus is on optimizing the performance of these algorithms on given datasets .,"Meta-learning has arisen as a powerful tool for many machine learning problems. With multiple factors to be considered when designing learning models for real-world applications, meta-learning with multiple objectives has attracted much attention recently. However, existing works either linearly combine multiple objectives into one objective or adopt evolutionary algorithms to handle it, where the former approach needs to pay high computational cost to tune the combination coefficients while the latter approach is computationally heavy and incapable to be integrated into gradient-based optimization. To alleviate those limitations, in this paper, we aim to propose a generic gradient-based Multi-Objective Meta-Learning (MOML) framework with applications in many machine learning problems. Specifically, the MOML framework formulates the objective function of meta-learning with multiple objectives as a Multi-Objective Bi-Level optimization Problem (MOBLP) where the upper-level subproblem is to solve several possibly conflicting objectives for the meta-learner. Different from those existing works, in this paper, we propose a gradient-based algorithm to solve the MOBLP. Specifically, we devise the first gradient-based optimization algorithm by alternately solving the lower-level and upper-level subproblems via the gradient descent method and the gradient-based multi-objective optimization method, respectively. Theoretically, we prove the convergence property and provide a non-asymptotic analysis of the proposed gradient-based optimization algorithm. Empirically, extensive experiments justify our theoretical results and demonstrate the superiority of the proposed MOML framework for different learning problems, including few-shot learning, domain adaptation, multi-task learning, neural architecture search, and reinforcement learning. The source code of MOML is available at https://github.com/Baijiong-Lin/MOML.
[4]: Meta-learning optimizes an inductive bias - typically in the form of the hyperparameters of a base-learning algorithm - by observing data from a finite number of related tasks. This paper presents an information-theoretic bound on the generalization performance of any given meta-learner, which builds on the conditional mutual information (CMI) framework of Steinke and Zakynthinou (2020). In the proposed extension to meta-learning, the CMI bound involves a training meta-supersample obtained by first sampling 2N independent tasks from the task environment, and then drawing 2M independent training samples for each sampled task. The meta-training data fed to the meta-learner is modelled as being obtained by randomly selecting N tasks from the available 2N tasks and M training samples per task from the available 2M training samples per task. The resulting bound is explicit in two CMI terms, which measure the information that the meta-learner output and the base-learner output provide about which training data are selected, given the entire meta-supersample. Finally, we present a numerical example that illustrates the merits of the proposed bound in comparison to prior information-theoretic bounds for meta-learning.","{
  ""justification"": ""Justification 1: The claim's definition of base learning is supported by reference [4], which describes a \""base-learning algorithm\"" that is optimized by a meta-learner and operates on data from specific tasks.\nJustification 2: Reference [4] states that \""Meta-learning optimizes an inductive bias - typically in the form of the hyperparameters of a base-learning algorithm - by observing data from a finite number of related tasks,\"" which directly entails the claim that base learning involves applying algorithms to solve specific tasks. The first reference's discussion of a bi-level optimization problem also aligns with this structure."",
  ""answer"": ""Entailment""
}"
i_1174,"Key Factors Contributing to TB Prevalence in Asia: Healthcare System and Policy Issues: Healthcare Access and Quality: The effectiveness of TB control programs is influenced by the availability and quality of healthcare services. Inconsistent implementation of TB screening and treatment, especially in rural areas, exacerbates the problem .","Background: The current prevalence of tuberculosis (TB) in the People's Republic of China (P. R. China) demonstrates geographical heterogeneities, which show that the TB prevalence in the remote areas ofWestern China is more serious than that in the coastal plain of Eastern China. Although a lot of ecological studies have been applied in the exploration on the regional difference of disease risks, there is still a paucity of ecological studies on TB prevalence in P. R. China. Objective: To understand the underlying factors contributing to the regional inequity of TB burden in P. R. China by using an ecological approach and, thus, aiming to provide a basis to eliminate the TB spatial heterogeneity in the near future. Design: Latent ecological variables were identified by using exploratory factor analysis from data obtained from four sources, i.e. the databases of the National TB Control Programme (2001-2010) in P. R. China, the China Health Statistical Yearbook during 2002-2011, the China Statistical Yearbook during 2002-2011, and the provincial government websites in 2013. Partial least squares path modelling was chosen to construct the structural equation model to evaluate the relationship between TB prevalence and ecological variables. Furthermore, a geographically weighted regression model was used to explore the local spatial heterogeneity in the relationships. Results: The latent ecological variables in terms of 'TB prevalence', 'TB investment', 'TB service', 'health investment', 'health level', 'economic level', 'air quality', 'climatic factor' and 'geographic factor' were identified. With the exception of TB service and health levels, other ecological factors had explicit and significant impacts on TB prevalence to varying degrees. Additionally, each ecological factor had different impacts on TB prevalence in different regions significantly. Conclusion: Ecological factors that were found predictive of TB prevalence in P. R. China are essential to take into account in the formulation of locally comprehensive strategies and interventions aiming to tailor the TB control and prevention programme into local settings in each ecozone.
[7]: Background: Tuberculosis (TB) remains the most common cause of infectious disease deaths worldwide. What is perhaps less appreciated is that the caseload of tuberculosis patients in South Asia is staggering. South Asia has almost 40% of the global TB burden with 4,028,165 cases in 2015. This region also has a disproportionate share of TB deaths (681,975 deaths, 38% of the global burden). Worldwide just 12.5% of TB cases are in HIV positive individuals, but much research and investment has focused on HIV-associated TB. Only 3.5% of patients with tuberculosis in South Asia have HIV co-infection. Not surprisingly with such a huge burden of disease, this region has an estimated 184,336 multi drug resistant (MDR) cases among notified TB cases which accounts for a third of global MDR burden. Crucially, at least 70% of the estimated MDR cases remain untreated in this region and MDR treatment success ranged from only 46% for India to 88% for Sri Lanka in the 2012 cohort that received treatment. This region represents many of the drivers of the modern TB epidemic: rapid urbanization and high density populations with dramatically rising incidence of diabetes, a burgeoning and largely unregulated private sector with escalating drug resistance and high air pollution both outdoor and household. Conclusion: From bacterial biochemistry to policy implementation, we suggest ways in which South Asia can seize the opportunity lead global TB elimination by demonstrating feasibility in some of the world's most densely populated cities and remotest reaches of the Himalayas. Clearly political will is essential, but we cannot defeat TB without understanding how to eliminate it in South Asia.
[10]: Background:Health care workers (HCWs) are at risk of latent tuberculosis infection (LTBI). In China, tuberculosis (TB) is a major public health problem, but the prevalence of LTBI in HCWs especially in the hospital for pulmonary diseases has not been assessed enough. The aim of this study was to determine the prevalence and putative risk factors of LTBI among HCWs in a chest hospital and a TB research institute in China.Methodology/Principal Findings:A cross-sectional study was conducted among HCWs in China in 2012. LTBI was assessed by T-SPOT.TB, and information on HCWs was collected using a standardised questionnaire. Risk factors for LTBI were analyzed by univariate and multivariate regression. The overall prevalence of LTBI among HCWs was 33.6%. Analyzed by job category, the highest prevalence was found among laboratory staff (43.4%). In the different workplaces, the proportion of LTBI was significantly higher among the high risk workplaces (37.4%) compared to the low risk workplaces. The duration of employment had a significant impact on the prevalence of LTBI. Positive T-SPOT.TB test results accounted for 17.6%, 16.8%, 23.5%, 41.8% and 41.6% in groups of ≤2, 3-5, 6-10, 11-20, and >20 working years respectively. In multivariate analysis, job categories (Laboratory staff [2.76 (95% CI: 1.36; 5.60)], technician staff [2.02 (95% CI: 1.12; 3.64)]); working duration as a HCW for 11 to 20 years [3.57 (95% CI: 1.46; 8.71)], and 20 years above [3.41 (95% CI: 1.28; 9.11)]; and the history of household TB contact [2.47 (95% CI: 1.15; 5.33)] were associated with increased risk of LTBI.Conclusions/Significance:Prevalence of LTBI estimated by T-SPOT.TB is high among Chinese HCWs and working duration, job category and the history of household TB contact were associated with increased risk. These data highlight adequate infection control measures should be undertaken. © 2013 Zhang et al.","{
  ""justification"": ""Justification 1: The claim is supported by the references, which highlight significant issues in TB control across Asia. Reference [7] specifically points to a \""burgeoning and largely unregulated private sector\"" and a high number of untreated MDR-TB cases in South Asia, indicating problems with healthcare quality and access. It also mentions the need to eliminate TB in both \""densely populated cities and remotest reaches of the Himalayas,\"" which aligns with the claim's point about rural areas.\nJustification 2: The first reference discusses geographical heterogeneities in China, noting that TB prevalence is more severe in \""remote areas of Western China,\"" which supports the claim's assertion about the problem being exacerbated in such regions. Together, the references confirm that healthcare system issues, including inconsistent service quality and access, are key factors in TB prevalence in Asia."",
  ""answer"": ""Entailment""
}"
s_1575,"Active Compounds in Cocoa Pod Husk: Cocoa pod husks are also a source of minerals and other bioactive compounds, including theobromine, which have potential applications in nutraceutical, medical, and pharmaceutical industries .","[12] Cacao beans from Theobroma cacao are an abundant source of polyphenols, particularly flavonoids. Previous studies demonstrated that cacao flavanols decrease pro-inflammatory cytokines resulting in the alleviation of allergic symptoms. We sought to investigate the effects of cacao extract (CE) on Dermatophagoides farinae extract (DFE)-induced atopic dermatitis (AD)-like symptoms. CE attenuated DFE-induced AD-like symptoms as assessed by skin lesion analyses, dermatitis score, and skin thickness. Histopathological analysis revealed that CE suppressed DFE-induced immune cell infiltration into the skin. These observations occurred concomitantly with the downregulation of inflammatory markers including serum immunoglobulin (Ig) E, chemokine; thymus and activation-regulated chemokine and macrophage-derived chemokine as well as the skin-derived cytokines interleukin (IL)-4, IL-5, and interferon-γ. CE also significantly alleviated transepidermal water loss and increased skin hydration. These results suggest that CE, a natural phytochemical-rich food, has potential therapeutic efficacy for the treatment of AD.","{
  ""justification"": ""Justification 1: The claim discusses compounds found in cocoa pod husks, specifically mentioning theobromine. The reference, however, focuses on cacao beans and their extracts, detailing their content of polyphenols and flavonoids and their effect on atopic dermatitis. The reference does not mention cocoa pod husks or theobromine.\nJustification 2: While both the claim and reference pertain to the cacao plant, the claim's specific assertions about the pod husk and theobromine cannot be confirmed or denied by the provided text, which deals with a different part of the plant (the bean) and different compounds (polyphenols/flavonoids). Therefore, the claim is related but unverifiable."",
  ""answer"": ""Related but unverifiable""
}"
s_1495,"Management Strategies: Fungicide Application: The use of fungicides has been shown to be effective in controlling BLS, suggesting that without them, plant health and productivity would significantly decline .","This study aimed to evaluate development and production of banana plant 'Grande Naine' under different management systems with black leaf streak presence at Vale do Ribeira, SP (Brazil). For the experiment it was used micropropagated seedlings of 'Grande Naine' banana that was planted in field in a completely randomized design with five treatments (management systems): interspersed planting; fungicide control; defoliation + interspersed planting; defoliation + fungicide control and control, which were subdivided in time (two production cycles), with eight repetition and one plant per repetition. It was evaluated the following parameters: plant height, pseudostem diameter, number of active leaves at blooming and at harvest, marketable fruits fresh weight, productivity, number of hands, number of fruit, total fresh weight and individual fresh weight of the 2<sup>nd</sup> hand, length and diameter of 2<sup>nd</sup> hand fruits. Data were submitted to variance analysis by F test and the significant means were compared by Tukey's test (5% probability). It can be conclude that fungicides applications were effective for black leaf streak control, showing better results in plants development and production and also in fruit quality of cultivars Grande Naine. No differences were observed when fungicide application was associated with defoliation. The interspersed planting affected negatively all the development and production parameters of cultivar Grande Naine.
[5]: Black Sigatoka (Mycosphaerella fijiensis Morelet) causes important losses to banana production. Use of fungicides has been the most efficient control to this foliar disease. The development of innovative strategies to diminish conventional chemical control dependency is a permanent challenge for a sustainable and environmentally respectful agriculture. The objective of this research was to evaluate mutualist endophytic fungi to control black Sigatoka in the field. The experiment was established on a farm in Obispo, County in Barinas. A randomized complete block design was arranged with four treatment and 30 plants as experimental unit. Banana (cv. Grand Naine) vitro plants and corms inoculated separately with Trichoderma atroviride strains (E1 and E2) were utilized. Black Sigatoka severity and incidence were evaluated using Fouré (1985) and Gauhl (1989) scales and following Marin and Romero (1998) methodology. During the vegetative period, the following variables were recorded: evolution state (ES), foliar emission rhythm (RER), total leaves (TL), youngest diseased leaf (YDL) and infection index (IND). At flowering, only one reading was done for TLF, YDLF and INDF, along with the following phenological variables: period from planting to flowering (PPF), plant height at flowering (PHF) and pseudostem circumference to flowering (PCF). Although there were no significant differences within treatment observed, E1 shows the lowest values on IND, INDF y HMJE and the best values on TH and REF with over 16% in both variables above the witness.","{
  ""justification"": ""Justification 1: The first reference explicitly states that 'fungicides applications were effective for black leaf streak control, showing better results in plants development and production'. The second reference [5] also confirms that 'Use of fungicides has been the most efficient control to this foliar disease'. This directly supports the claim's assertion about the effectiveness of fungicides and the resulting improvement in plant health and productivity.\nJustification 2: The claim is directly supported by the reference, which states that fungicide applications were effective for controlling black leaf streak and resulted in better plant development, production, and fruit quality. This implies that without fungicides, plant health and productivity would decline, as the disease is known to cause significant losses."",
  ""answer"": ""Entailment""
}"
i_1410,"Impact of Weight Loss Surgery: Weight loss surgery, while effective for weight loss, often leads to nutritional deficiencies that can manifest as skin lesions: Micronutrient Deficiencies: Post-surgery, patients frequently experience deficiencies in vitamins and minerals such as iron, folate, vitamin B1, B12, and vitamin D, which can lead to various skin issues .","Bariatric surgery leads to a significant body weight reduction, and improvement of obesity-related comorbidities. However, it is associated with a higher risk of presenting some nutritional deficiencies. These deficiencies are especially relevant after mixed or malabsorptive procedures. Deficiencies in micronutrients after bariatric procedures are a known threat if not corrected appropriately. Though zinc deficiency is not considered among the most frequent deficiencies after bariatric surgery, several studies have shown that its frequency might overcome 10%, even after restrictive procedures and in patients with multivitamin supplements intake.Zinc is the second most prevalent trace found in the human body after iron. It is essential for normal cell function and metabolism, playing a central role in over 300 enzymatic reactions, and protects cells from free radical damage. The central role of zinc in cell growth and differentiation explains the dramatic effect of zinc deficiency in tissues with a rapid cell turnover such as hair growth. In recent years much interest has been generated by the possibility that subclinical zinc deficiency may significantly increase the incidence of and morbidity and mortality from diarrhea and upper respiratory tract infections. Clinical manifestations of zinc deficiency include delayed sexual maturation, impotence, hypogonadism, oligospermia, alopecia, dysgeusia, immune dysfunction, night blindness, impaired wound healing, and various skin lesions. After bariatric surgery, zinc deficiency is often associated with other micronutrients deficiencies, mainly iron. It has been demonstrated that zinc and iron levels, both within the normal range, but close to the minimum level of the range, can be associated with hair loss, mainly between the 6th and 9th postoperative month. For the evaluation of zinc status, plasma levels are generally a good index of zinc status in healthy individuals. Zinc supplements are usually indicated for patients with low zinc levels, depending upon the clinical context. In obese patients after bariatric surgery, zinc supplementation can be considered even in patients with serum levels within the normal range, when iron levels are also close to the minimum value of normality and the patient complain of alopecia.
[5]: The increasing prevalence of morbid obesity is associated with an increase of obesity surgery and metabolic surgery as well. Several surgical and especially metabolic problems after restrictive and malabsorptive bariatric procedures will be noted in these patients. Restrictive bariatric procedures are associated with pouch dilatation or band migration after gastric banding or a severe reflux disease after sleeve gastrectomy. The most commonly deficiencies after restrictive procedures are deficiencies of B-vitamins. Iron, folate, vitamin B1 and B12 and vita-min D deficiencies are associated with the malabsorptive procedure like biliopancreatic diversion, duodenal switch and Roux-en-Y-gastric bypass. Patients who have undergone bariatric surgery require medical follow-up lifelong for reasons that are often determined by the type of surgical procedure performed. The majority of this report will deal with the metabolic problems associated with the bariatric procedures. Patients should be carefully screened and encouraged to consume vitamin and mineral supplementation after surgery, immediately. © 2012.","{
  ""justification"": ""Justification 1: The claim is supported by the references. Reference [5] explicitly states that deficiencies in \""Iron, folate, vitamin B1 and B12 and vita-min D\"" are associated with malabsorptive bariatric procedures. The first reference block mentions that clinical manifestations of zinc deficiency, which is often associated with iron deficiency, include \""various skin lesions\"".\nJustification 2: The combination of the provided references entails the claim. One reference confirms the specific micronutrient deficiencies mentioned (iron, folate, B vitamins, vitamin D) are common after bariatric surgery. The other reference confirms that micronutrient deficiencies (specifically zinc, which is linked to iron deficiency) can lead to skin lesions."",
  ""answer"": ""Entailment""
}"
i_1336,"Clinical Presentation: Age and Incidence: Both cancers primarily affect children and adolescents. Osteosarcoma has a higher incidence in the 15-29 age group, while Ewing sarcoma is more common in younger patients, typically under 20 years old .","Osteosarcoma and Ewing sarcoma are the most common bone malignancies that affect children and adolescents, with an incidence of six new cases/1,000,000 inhabitants/year, accounting for approximately 7% of cancer diagnoses. They may be defined as neoplastic diseases that involve the bone tissues, the former arising from the mesenchymal bone forming cells and the latter from the neural crest cells.
[3]: Object. Malignant primary osseous spinal neoplasms are aggressive tumors that remain associated with poor outcomes despite aggressive multidisciplinary treatment measures. To date, prognosis for patients with these tumors is based on results from small single-center patient series and controlled trials. Large population-based observational studies are lacking. To assess national trends in histology-specific survival, the authors reviewed patient survival data spanning 30 years (1973-2003) from the Surveillance, Epidemiology, and End Results (SEER) registry, a US population-based cancer registry. Methods. The SEER registry was queried to identify cases of histologically confirmed primary spinal chordoma, chondrosarcoma, osteosarcoma, or Ewing sarcoma using coding from the International Classification of Disease for Oncology, Third Edition. Association of survival with histology, metastasis status, tumor site, and year of diagnosis was assessed using Cox proportional-hazards regression analysis. Results. A total of 1892 patients were identified with primary osseous spinal neoplasms (414 with chordomas, 579 with chondrosarcomas, 430 with osteosarcomas, and 469 with Ewing sarcomas). Chordomas presented in older patients (60 ± 17 years; p < 0.01) whereas Ewing sarcoma presented in younger patients (19 ± 11 years; p < 0.01) compared with patients with all other tumors. The relative incidence of each tumor type remained similar per decade from 1973 to 2003. African Americans comprised a significantly greater proportion of patients with osteosarcomas than other tumors (9.6% vs 3.5%, respectively; p < 0.01). Compared with the sacrum, the mobile spine was more likely to be the site of tumor location for chordomas than for all other tumors (47% vs 23%, respectively; p < 0.05). Osteosarcoma and Ewing sarcoma were 3 times more likely than chondrosarcoma and chordoma to present with metastasis (31% vs 8%, respectively). Resection was performed more frequently for chordoma (88%) and chondrosarcoma (89%) than for osteosarcoma (61%) and Ewing sarcoma (53%). Overall median survival was histology-specific (osteosarcoma, 11 months; Ewing sarcoma, 26 months; chondrosarcoma, 37 months; chordoma, 50 months) and significantly worse in patients with metastasis at presentation for all tumor types. Survival did not significantly differ as a function of site (mobile spine vs sacrum/pelvis) for any tumor type, but more recent year of diagnosis was associated with improved survival for isolated spinal Ewing sarcoma (hazard ration [HR] 0.95; p = 0.001), chondrosarcoma (HR 0.98; p = 0.009), and chordoma (HR 0.98; p = 0.10), but not osteosarcoma. Conclusions. In this analysis of a 30-year, US population-based cancer registry (SEER), the authors provide nationally representative prognosis and survival data for patients with malignant primary spinal osseous neoplasms. Overall patient survival has improved for isolated spine tumors with advancements in care over the past 4 decades. These results may be helpful in providing historical controls for understanding the efficacy of new treatment paradigms, patient education, and guiding level of aggressiveness in treatment strategies.
[4]: Background: There is a paucity of recent epidemiological data on bone cancers. The aim of this study was to describe incidence and survival patterns for bone cancers diagnosed during 1981 - 2002.Methods: Cases aged 0 - 39 years (236 osteosarcomas, 166 Ewing sarcomas and 73 chondrosarcomas) were analysed using Poisson and Cox regressions.Results: Incidence rates (per million persons per year) for osteosarcoma were 2.5 at age 0 - 14 years; 4.5 at age 15 - 29 years and 1.0 at age 30 - 39 years. Similarly, for Ewing sarcoma the incidence rates were 2.2; 2.9; 0.4 and for chondrosarcoma rates were 0.1; 1.2; 1.8 respectively. Incidence of osteosarcoma increased at an average annual rate of 2.5% (95% CI 0.4 - 4.7; P = 0.02), but there was no change in incidence of Ewing sarcoma or chondrosarcoma. There was a marginally statistically significant improvement in survival for Ewing sarcoma (hazard ratio (HR) per annum = 0.97; 95% CI 0.94 - 1.00; P = 0.06), although patients aged 15 - 39 years (n = 93) had worse overall survival than those aged 0 - 14 (n = 73; HR = 1.46; 95% CI 0.98 - 2.17; P = 0.06). There was no significant improvement in osteosarcoma survival (HR per annum = 0.98; 95% CI 0.95 - 1.01; P = 0.18).Conclusions: Reasons for poorer survival in Ewing sarcoma patients aged 15 - 39 years and failure to significantly improve survival for osteosarcoma patients requires further investigation. © 2010 Eyre et al; licensee BioMed Central Ltd.","{
  ""justification"": ""Justification 1: The claim is fully supported by the references. The first unnumbered reference states that \""Osteosarcoma and Ewing sarcoma are the most common bone malignancies that affect children and adolescents.\"" Reference [4] provides incidence rates for osteosarcoma, showing the highest rate (4.5 per million) in the 15-29 age group. Reference [3] notes that Ewing sarcoma presents in younger patients with an average age of 19, which aligns with the claim's description of \""typically under 20 years old.\""\nJustification 2: Each component of the claim is directly verifiable in the provided text. The general statement about affecting children and adolescents is in the first reference. The specific incidence peak for osteosarcoma is detailed in reference [4]. The typical age for Ewing sarcoma is supported by the average age given in reference [3]."",
  ""answer"": ""Entailment""
}"
i_1537,Discouraging community involvement through education and awareness programs can result in worse waste management practices and increased environmental impact .,"Numerous health issues can arise from improper domestic waste management. Uncollected wastes provide food and breeding sites for insect, bird and rodent which can expose the community to vector borne disease. Therefore, this study aims to investigate the community awareness towards domestic waste management. This study is a cross-sectional study conducted at Bandar Baru Sungai Buloh, Selangor, Malaysia. The questionnaire consists of five sections with a total of 57 questions. The questionnaire consists of four parts: Socio-demographic, knowledge, attitude and practice. The data were analysed using SPSS version 22.0. T-test, ANOVA test, Chi-squared test were used according to the type of variables and significance level will be taken at 95% or p-value of less than 0.05. A total of 355 respondents participated in this study. The mean age was 40.52 ±14.94. The majority of them were male (52.1%), Malay (71.0%), married (71.3%), with secondary educational (81%) and employed (41.1%). The majority of respondents mentioned that inappropriate waste management can cause dengue fever and leptospirosis (98.0%, 97.2%; respectively). Property type, education, occupation, ethnicity, religions and household income were significant influenced the knowledge of the participants towards domestic waste management. For attitude, gender, education, ethnicity, religion and income significantly influenced the attitude of the participants towards domestic waste management. For practice, ethnicity, religion and occupation were significantly influenced the practice of the participants towards domestic waste management. In conclusion, the community has moderate awareness of domestic waste management. Awareness of waste management should also be taught in school so that the next generation of people will have a better understanding and eventually have better practice in domestic waste management. It is also hoped that a carefully thought-out strategy can be developed to further improve the community awareness towards domestic waste management which will shed a new light on tackling this issue.
[10]: Waste is part of the environmental problems that is synonymous with development change and population increased. Studies on waste is not just confined to the urban ecosystem but its presence in various ecosystems either through man-made or naturally, could give an impact to the environment. Sequences to that a study of perceptions on waste management among coastal communities along the South Johor coast were conducted. Behavior and awareness of waste management are part of import aspect as indicators of community perception. The findings of the study show that the coastal community along South Johor coast on awareness and the impact generated from the coastal waste is high. However, in terms of their efforts to reduce waste and its management aspect, they are still practice of waste buried. Their exposure and involvement on waste management is still lagging. The findings also clearly indicated that involvement of department of environment, local authorities and other government agencies, private sectors and local residents are important in order to promote an integrated waste management for South Johor coast. © Medwell Journals, 2013.","{
  ""justification"": ""Justification 1: The claim asserts that discouraging community involvement leads to negative outcomes in waste management. In contrast, the references advocate for the opposite, stating that improving community awareness and involvement is crucial for better waste management practices.\nJustification 2: The claim's negative framing ('discouraging' results in 'worse' practices) is a direct contradiction to the positive recommendations in the references, which call to 'improve the community awareness' and emphasize that 'involvement... are important'. This reversal of the core message makes the claim have an opposite meaning."",
  ""answer"": ""Opposite meaning""
}"
s_265,"Limitations and Associated Risks: Energy Consumption: High computing power required for blockchain operations leads to significant energy consumption, particularly in systems like Ethereum .","This paper looks at the challenges and opportunities of implementing blockchaintechnology across banking, providing food for thought about the potentialities of this disruptivetechnology. The blockchain technology can optimize the global financial infrastructure, achievingsustainable development, using more efficient systems than at present. In fact, many banksare currently focusing on blockchain technology to promote economic growth and acceleratethe development of green technologies. In order to understand the potential of blockchaintechnology to support the financial system, we studied the actual performance of the Bitcoin system,also highlighting its major limitations, such as the significant energy consumption due to the highcomputing power required, and the high cost of hardware. We estimated the electrical power andthe hash rate of the Bitcoin network, over time, and, in order to evaluate the efficiency of the Bitcoinsystem in its actual operation, we defined three quantities: ""economic efficiency"", ""operationalefficiency"", and ""efficient service"". The obtained results show that by overcoming the disadvantagesof the Bitcoin system, and therefore of blockchain technology, we could be able to handle financialprocesses in a more efficient way than under the current system.","{
    ""justification"": ""The claim states that high energy consumption is a limitation, particularly in systems like Ethereum. However, the reference specifically mentions the 'Bitcoin system' when discussing this limitation and does not mention Ethereum at all."",
    ""answer"": ""Entity error""
}"
s_973,"VR training has shown to improve performance in live exercises, such as pediatric emergency department (PED) emergency evacuations, indicating its effectiveness in promoting positive performance outcomes .","Objective: This study examined differences in learning outcomes among newborn intensive care unit (NICU) workers who underwent virtual reality simulation (VRS) emergency evacuation training versus those who received web-based clinical updates (CU). Learning outcomes included a) knowledge gained, b) confidence with evacuation, and c) performance in a live evacuation exercise. Methods: A longitudinal, mixed-method, quasi-experimental design was implemented utilizing a sample of NICU workers randomly assigned to VRS training or CUs. Four VRS scenarios were created that augmented neonate evacuation training materials. Learning was measured using cognitive assessments, self-efficacy questionnaire (baseline, 0, 4, 8, 12 months), and performance in a live drill (baseline, 12 months). Data were collected following training and analyzed using mixed model analysis. Focus groups captured VRS participant experiences. Results: The VRS and CU groups did not statistically differ based upon the scores on the Cognitive Assessment or perceived self-efficacy. The virtual reality group performance in the live exercise was statistically (P<.0001) and clinically (effect size of 1.71) better than that of the CU group. Conclusions: Training using VRS is effective in promoting positive performance outcomes and should be included as a method for disaster training. VRS can allow an organization to train, test, and identify gaps in current emergency operation plans. In the unique case of disasters, which are low-volume and high-risk events, the participant can have access to an environment without endangering themselves or clients.","{
  ""justification"": ""The claim incorrectly states that the virtual reality training was for \""pediatric emergency department (PED) emergency evacuations.\"" The reference specifies that the study was conducted with \""newborn intensive care unit (NICU) workers\"" for \""neonate evacuation training.\"" While both are pediatric settings, a PED and a NICU are distinct entities, making this an entity error."",
  ""answer"": ""Entity error""
}"
s_184,"Conclusion: Implementing early stopping effectively requires choosing the right method based on the specific needs of the AI model and the problem domain. Statistical criteria, cross-validation, Bayesian model averaging, PSO for ESRs, generalized early stopping, and regularization techniques are all viable options, each with unique benefits and suitable applications .","This paper proposes the use of statistical criteria for early-stopping support vector machines, both for regression and classification problems. The method basically stops the minimization of the primal functional when moments of the error signal (up to fourth order) become stationary, rather than according to a tolerance threshold of primal convergence itself. This simple strategy induces lower computational efforts and no significant differences are observed in terms of performance and sparsity. © 2007 Elsevier B.V. All rights reserved.
[2]: Neural networks are increasingly used in the field of hydrology due to their properties of parsimony and universal approximation with regard to nonlinear systems. Nevertheless, as a result of the existence of noise and approximations in hydrological data, which are very significant in some cases, such systems are particularly sensitive to increased model complexity. This dilemma is known in machine learning as bias-variance and can be avoided by suitable regularization methods. Following a presentation of the bias-variance dilemma along with regularization methods such as cross-validation, early stopping and weight decay, an application is provided for simulating and forecasting karst aquifer outflows at the Lez site. The efficiency of this regularization process is thus demonstrated on a nonlinear, partially unknown basin. As a last step, results are presented over the most intense rainfall event found in the database, which allows assessing the capability of neural networks to generalize with rare or extreme events. © 2011 Springer-Verlag.
[3]: Effective training of deep neural networks suffers from two main issues. The first is that the parameter spaces of these models exhibit pathological curvature. Recent methods address this problem by using adaptive preconditioning for Stochastic Gradient Descent (SGD). These methods improve convergence by adapting to the local geometry of parameter space. A second issue is overfitting, which is typically addressed by early stopping. However, recent work has demonstrated that Bayesian model averaging mitigates this problem. The posterior can be sampled by using Stochastic Gradient Langevin Dynamics (SGLD). However, the rapidly changing curvature renders default SGLD methods inefficient. Here, we propose combining adaptive preconditioners with SGLD. In support of this idea, we give theoretical properties on asymptotic convergence and predictive risk.We also provide empirical results for Logistic Regression, Feedforward Neural Nets, and Convolutional Neural Nets, demonstrating that our preconditioned SGLD method gives state-of-the-art performance on these models.
[4]: Early classification of time series is valuable in many real-world applications such as early disease prediction, early disaster prediction, and patient monitoring where data are generated over time. The main objective of early classification is to provide a reliable class prediction earliest in time. In general, whenever the early prediction time improves, the prediction accuracy decreases. Thus, the trade-off between earliness and accuracy needs to be addressed. In this article, we proposed an optimization-based early classification model for time series data using early stopping rules (ESRs) and a series of probabilistic classifiers. ESRs are developed through particle swarm optimization by minimizing the well-defined cost function that considers the missclassification cost and delaying decision cost simultaneously. The experimental results on 30 standard datasets demonstrate good performance for early classification in comparison to state of the art methods. Also, the proposed model is tested for early malware detection on a real dataset and shows decent performance by balancing the accuracy and earliness.
[5]: Lengthy evaluation times are common in many optimization problems such as direct policy search tasks, especially when they involve conducting evaluations in the physical world, for example, in robotics applications. Often when evaluating solution over a fixed time period, it becomes clear that the objective value will not increase with additional computation time (e.g., when a two-wheeled robot continuously spins on the spot). In such cases, it makes sense to stop the evaluation early to save computation time. However, most approaches to stop the evaluation are problem specific and need to be specifically designed for the task at hand. Therefore, we propose an early stopping method for direct policy search. The proposed method only looks at the objective value at each timestep and requires no problem-specific knowledge. We test the introduced stopping criterion in five direct policy search environments drawn from games, robotics, and classic control domains and show that it can save up to of the computation time. We also compare it with problem-specific stopping criteria and show that it performs comparably, while being more generally applicable.
[6]: These days deep learning is the fastest-growing area in the field of Machine Learning. Convolutional Neural Networks are currently the main tool used for the image analysis and classification purposes. Although great achievements and perspectives, deep neural networks and accompanying learning algorithms have some relevant challenges to tackle. In this paper, we have focused on the most frequently mentioned problem in the field of machine learning, that is relatively poor generalization abilities. Partial remedies for this are regularization techniques e.g. dropout, batch normalization, weight decay, transfer learning, early stopping and data augmentation. In this paper we have focused on data augmentation. We propose to use a method based on a neural style transfer, which allows to generate new unlabeled images of high perceptual quality that combine the content of a base image with the appearance of another one. In a proposed approach, the newly created images are described with pseudo-labels, and then used as a training dataset. Real, labeled images are divided into the validation and test set. We validated proposed method on a challenging skin lesion classification case study. Four representative neural architectures are examined. Obtained results show the strong potential of the proposed approach.
[7]: Clickbait is an elusive challenge with the prevalence of social media such as Facebook and Twitter that misleads the readers while clicking on headlines. Limited annotated data makes it onerous to design an accurate clickbait identification system. The authors address this problem by purposing deep learning-based architecture with external knowledge which trains on social media post and descriptions. The pre-trained ELMO and BERT model obtains the sentence level contextual feature as knowledge; moreover, the LSTM layer helps to prevail the word level contextual feature. Training has done at different experiments (model with EMLO, model with BERT) with different regularization techniques such as dropout, early stopping, and finetuning. Forward context-aware clickbait tweet identification system (FCCTI) with BERT finetuning and model with ELMO using glove pre-trained embedding is the best model and achieves a clickbait identification accuracy of 0.847, improving on the previous baseline for this task.","{
  ""justification"": ""The claim presents several techniques as methods for implementing early stopping. However, the references describe some of these techniques differently. Specifically, reference [3] positions Bayesian model averaging as an alternative to early stopping for mitigating overfitting, not as a method of early stopping itself. It states, \""A second issue is overfitting, which is typically addressed by early stopping. However, recent work has demonstrated that Bayesian model averaging mitigates this problem.\"" Furthermore, references [2], [6], and [7] identify early stopping as a type of regularization technique, whereas the claim lists \""regularization techniques\"" as a separate option for implementing early stopping, which is a logical inconsistency. By incorrectly categorizing these methods, the claim misrepresents the information and relationships described in the source material."",
  ""answer"": ""Misrepresentation""
}"
s_1212,"Thrombogenicity and Coagulation: Coagulation Parameters: Evaluations of coagulation parameters (e.g. thrombin time, prothrombin time) in central venous catheters showed no significant differences compared to controls, indicating good blood compatibility .","[12] Using extracorporeal circulation for cardiopulmonary bypass is the first step for the successful cardiac surgery, and the blood pump is the key component in extracorporeal circulation devices, the control and measurement of mechanical-fluid parameters such as flow rate and pressure are very important to guarantee the successful cardiac surgery. This paper reviews several control methods of the blood pump based on the flow rate/pressure, heart rate, ventricular work and blood assist index, and also discusses the direct and indirect measurements of the flow rate and pressure. This review concludes with the main possible trends for the further development of the blood pump control and testing methods.","{
""justification"": ""Justification 1: The claim discusses coagulation parameters like thrombin time and prothrombin time in the context of central venous catheters. The reference, however, focuses on the control and measurement of mechanical-fluid parameters (flow rate, pressure) for blood pumps in extracorporeal circulation during cardiac surgery. Justification 2: The reference does not contain any information about thrombogenicity, coagulation tests, or central venous catheters, making the claim's content entirely separate from and not verifiable by the provided text."",
""answer"": ""Unrelated and unverifiable""
}"
i_1279,"Risk Factors: HIV-positive status is a significant risk factor for mental health disorders among adolescents. The perceived risk of HIV infection negatively impacts mental health outcomes, regardless of actual HIV status .","BACKGROUND The emerging literature on HIV/AIDS and mental health in sub-Saharan Africa stresses that HIV-positive status is significantly related to mental illness. However, the literature has neglected an equally important concern in contexts where HIV is highly prevalent, namely, whether and how an HIV/AIDS epidemic affects the mental well-being of individuals in thegeneral population, regardless of their HIV status. OBJECTIVE This paper adopts an innovative perspective for addressing this public mental health concern in sub-Saharan Africa. It examines the relationship between perceived risk of HIV infection and mental health in rural Malawi and evaluates four psychosocial mechanisms that potentially influence the relationship, including (1) worry about being infected and fear of death, (2) health and economic conditions, (3) social support, and (4) the stigma of HIV/AIDS. METHODS The analysis uses data from the MalawiLongitudinal Study of Families and Health collected in 2006 and 2008. Random-effects and fixed-effects linear regression models are used to predict mental health status (measured by the SF-12 Mental Component Summary scale). RESULTS Regardless of HIV status, the perceived risk of infection has a strong negative relationship with mental health outcomes. This relationship isi part associated with the individual's health, fear of death (or pessimism about survival), an marital/cohabitation status. © 2013 Ning Hsieh.","{
  ""justification"": ""The claim states that HIV-positive status is a risk factor for mental health disorders specifically among 'adolescents'. However, the reference discusses this relationship in the context of the 'general population' in 'sub-Saharan Africa' and 'rural Malawi', without mentioning 'adolescents'. This introduces an incorrect entity (population group) into the claim."",
  ""answer"": ""Entity error""
}"
i_1409,"Nutritional Deficiencies and Skin Lesions: Vitamin D Deficiency: Common in obese individuals, vitamin D deficiency can exacerbate skin conditions like psoriasis and may contribute to other dermatological issues .","The increasing prevalence of morbid obesity is associated with an increase of obesity surgery and metabolic surgery as well. Several surgical and especially metabolic problems after restrictive and malabsorptive bariatric procedures will be noted in these patients. Restrictive bariatric procedures are associated with pouch dilatation or band migration after gastric banding or a severe reflux disease after sleeve gastrectomy. The most commonly deficiencies after restrictive procedures are deficiencies of B-vitamins. Iron, folate, vitamin B1 and B12 and vita-min D deficiencies are associated with the malabsorptive procedure like biliopancreatic diversion, duodenal switch and Roux-en-Y-gastric bypass. Patients who have undergone bariatric surgery require medical follow-up lifelong for reasons that are often determined by the type of surgical procedure performed. The majority of this report will deal with the metabolic problems associated with the bariatric procedures. Patients should be carefully screened and encouraged to consume vitamin and mineral supplementation after surgery, immediately. © 2012.","{
  ""justification"": ""The claim discusses the link between vitamin D deficiency in obese individuals and skin conditions like psoriasis. The reference mentions vitamin D deficiency as a consequence of bariatric surgery but does not mention any skin conditions (psoriasis or otherwise). Therefore, the claim's main assertion is not verifiable from the provided text, even though both touch upon the topic of vitamin D deficiency in the context of obesity."",
  ""answer"": ""Related but unverifiable""
}"
i_65,"AI in Public Service Provision: Comparative Insights. United Arab Emirates: Focus: AI is being used to monitor traffic, public services, and national security . Impact: AI has shown significant economic benefits, though there are concerns about ethical issues and job displacement.","As a result of the instability of oil prices, the economic prospects of the Gulf region are increasing their focus on new technologies. Thus, Saudi Arabia has demonstrated a strong commitment towards the development and implementation of Artificial Intelligence (AI) technologies as alternative sources for revenue and growth in line with globalisation, development, and the vision 2030. This paper examines the impact of AI in the Saudi Arabia community, especially for social and economic evolution. Special focus on the use of smart cars and smart cameras to monitor intelligently traffic, public services and national security is explored. A total of 424 participants from Eastern Province took part in this study. Analysis and discussion of the obtained results are also presented. The findings showed that 75.71% of participants mostly highly agreed about the AI economic impact leading to an increase in both government and business financial incomes. Whereas only 59.84% of participants mostly highly agreed about the social impact of AI as they are worried about AI ethical concerns, job loss and the changing workforce.","{
  ""justification"": ""The claim states that the focus of AI use is in the United Arab Emirates, but the reference explicitly states that the study and its findings are about Saudi Arabia. The details about AI's use and impact match the reference, but they are attributed to the wrong country."",
  ""answer"": ""Entity error""
}"
