ID,claim_clean,reference_clean,predict
i_2252,"###  ** Comparison: ** -  ** Herbicide Resistance: **  Indonesia faces more severe issues with herbicide resistance, particularly with glyphosate-resistant weeds, compared to Malaysia where integrated weed management practices are more commonly adopted  .","Sustainable weed management in oil palm plantation has been a challenge now a day. Weed suppression by cover cropping is considered as a viable alternative to herbicidal control. This study0020was, therefore, conducted during 2010-2012 in a Malaysia oil palm plantation to characterize oil palm weed communities and evaluate oil palm yield under four different perennial cover-crop systems. Experimental treatments included four different cover crop combinations such as Axonopus compressus, Calopogonium caeruleum + Centrosema pubescens, Mucuna bracteata, Pueraria javanica + Centrosema pubescens, and herbicidal control by glufosinate-ammonium and weedy control. Weed composition in the un-weeded treatment was different from that of cover crop treatments. The un-weeded treatment favored Paspalum conjugatum and A. compressus as the dominant species. In the A. compressus and C. caeruleum + C. pubescens treatments the associated weed species with highest dominance was Asystasia gangetica, while the weeds A. compressus and A. gangetica were associated with M. bracteata and P. javanica + C. pubescens treatments. In the weeded treatment receiving 6 sprays of glufosinateammonium over the two years, B. latifolia was dominant. The A. compressus cover treatment had the lowest species richness and diversity. Weeded plots had lowest yield, bunch number tree<sup>-1</sup> and bunch weight during the 18-24 MAP. The study confirms variation in weed community in oil palm plantation under different cover-crop systems and thus, contributes to improving current understanding of weed community structures and may help formulate sustainable weed management strategy for oil palm plantation. © 2014 Friends Science Publishers.
[2]: The glyphosate-resistant Eleusine indica (GR-ESU) case has dominated at oil palm plantations in North Sumatra Province, Indonesia and will increase evolution into resistance. This research was aimed to determine the role of Monosodium Methyl Arsenate (MSMA)+diuron to control the agronomic characteristics of GR-ESU biotypes. This research was conducted in the Weed Research Center Land, Faculty of Agriculture, Universitas Sumatera Utara in November 2017 until August 2018. This research used Randomized Block Design non-factorial with factor GR-ESU biotypes that were sprayed with glyphosate at the dose of 3 l.ha<sup>-1</sup>, and MSMA+diuron at the dose of 5 l.ha<sup>-1</sup> within four replications. The parameters were analyzed using one-way ANOVA and were continued by DMRT at P < 0.05 with IBM SPSS Statistics v.20 software. The results showed that a decrease in the survival of GR-ESU at the changes from glyphosate to MSMA+diuron. The GR-ESU on MSMA+diuron showed leaf color changes (leaf green loss/chlorosis) at 3 until 21 days after sprayed. The ability of MSMA+diuron had com-pletely (100%) controlled within 18 of 29 GR-ESU biotypes and had effectively controlled the tillers, flowering, fresh-and dry weight in GR-ESU biotypes of 87.53%; 66.88%; 95.66%; and 95.92% respectively compared to glyphosate. The use of MSMA+diuron as a different mode of action herbicide is highly recommended to control GR-ESU biotypes at oil palm estate.",Related but unverifiable
i_2044,"Environmental Cues and Habitat Selection. Temperature Influence: Temperature plays a significant role in spawning habitat selection. For instance, capelin (Mallotus villosus) choose spawning sites based on temperature conditions, preferring beach habitats in colder years and demersal sites in warmer years . This suggests that they may not spawn at all in warmer years, which could jeopardize their reproductive success.","In a patchy environment, animals must make habitat choices, presumably based on environmental cues that provide reliable fitness-related information. Capelin Mallotus villosus is a small (<200mm), short-lived (3-6 years) forage fish that spawns adhesive eggs in 2 habitats with divergent temperature regimes: beach (warm, variable) and deep water (demersal; cool, stable). In 2009 and 2010, I investigated the influence of temperature on spawning habitat selection in coastal Newfoundland by quantifying habitat-specific temperature, population-level habitat use, and individual-level movements of male capelin via acoustic telemetry. Drastically, different temperature in both years was associated with divergent habitat use. Capelin spawned only at beaches in 2009, when temperatures were significantly colder and frequently fell below suitable ranges at demersal sites (2-12°C), whereas demersal sites were predominantly used under opposing conditions in 2010. Most male capelin (76%, n = 22) were detected in one habitat only per year (beach: 10%, n = 3; demersal: 66%, n = 19). Males detected in both habitats (17%, n = 5) primarily dispersed from the initial habitat when temperatures routinely fell outside of suitable ranges. This movement often involved traveling long distances (11.0-32.7 km) against currents, suggesting energetic costs. Other males (7%, n = 2) were only detected at unused sites in 2009, implying these fish did not spawn despite having developed secondary sexual characteristics. Overall, temperature appeared to be an important environmental cue for habitat selection by capelin. The flexible use of spawning habitats under divergent temperature conditions suggests that capelin have a high capacity to respond to and possibly tolerate predicted ocean-climate change. © 2012 The Author.",Opposite meaning
i_75,"Key Effects of Imbalanced Data: Increased Error Rates: Severe imbalance is likely to always lead to higher Mean Square Error (MSE) in parameter estimates, particularly in logistic regression models, regardless of sample size .","Classification problems involving imbalance data will affect the performance of classifiers. In predictive analytics, logistic regression is a statistical technique which is often used as a benchmark when other classifiers, such as Naïve Bayes, decision tree, artificial neural network and support vector machine, are applied to a classification problem. This study investigates the effect of imbalanced ratio in the response variable on the parameter estimate of the binary logistic regression via a simulation study. Datasets were simulated with controlled different percentages of imbalance ratio (IR), from 1 % to 50 %, and for various sample sizes. The simulated datasets were then modeled using binary logistic regression. The bias in the estimates was measured using MSE (Mean Square Error). The simulation results provided evidence that imbalance ratio affects the parameter estimates where severe imbalance (IR = 1 %, 2 %, 5 %) has higher MSE. Additionally, the effects of high imbalance (IR ≤ 5 %) will be more severe when sample size is small (n = 100 & n = 500). Further investigation using real dataset from the UCI repository (Bupa Liver (n = 345) and Diabetes Messidor, n = 1151)) confirmed the imbalanced ratio effect on the parameter estimates and the odds ratio, and thus will lead to misleading results.",Entailment
s_1684,"4. Environmental and Economic Benefits: Reduced Pesticide Use: The development of pest-resistant rice varieties through genome editing reduces the reliance on chemical pesticides, leading to environmental benefits and cost savings .","Adopting genome editing with the trait of pest resistance contributes to sustainable development by reducing pesticide use. Developed by Clustered Regularly Interspaced Short Palindromic Repeats (CRISPR) technology, CRISPR rice is resistant to two of its most destructive insect pests. However, there exists a trade-off between pest resistance and lower potential yield. In the presence of uncertainty of pest severity, adopting CRISPR rice demonstrates positive environmental benefits at its optimal planting ratio, estimated based on a microeconomic model extended with environmental externalities of rice cultivation. We estimate the optimal planting ratio to be 37%, with the environmental benefit of co-planting CRISPR rice to be 560 million US dollars annually in China. The environmental benefit accounts for 4–22% of the total value of co-planting CRISPR rice in the Monte Carlo simulations. Regional heterogeneity regarding optimal planting ratio and environmental benefit is studied for 12 major rice-cultivating provinces in China. We conclude with policy implications that policymakers need to consider the vast environmental benefit of CRISPR rice adoption to have a more comprehensive view of its economic and environmental market potential, contributing to the heated debate on regulating CRISPR technology in China and worldwide.",Entailment
s_193,They cannot effectively engage in social interactions to support elderly individuals with cognitive impairments through applications like task reminders and cognitive training .,"Purpose: Over the past several years, a variety of assistive technologies have been conceived and developed to support independent living and quality of life of older adults with mild cognitive impairment (MCI) or Alzheimer's disease (AD). Within this area socially-assistive robotics is a growing field. However, although robotics has the potential to support the elderly with cognitive impairment in daily tasks, the development of usable interfaces remains a challenge. For instance, changes in perceptual and cognitive abilities should be addressed in robotics design because they affect technology use. The aim of the QuoVADis project was to develop a socially-assistive robot for elderly people with cognitive impairment. The semi-autonomous remotely controlled robot consists of a mobile platform guided by a computer and electronic system. The robot input devices include speech control and a touch-screen. The system, capable of social interaction, was specifically conceived to provide cognitive and social support to the user through a suite of applications (task reminder, cognitive training, navigation support, and communication). The purpose of this work was to develop the graphical user interface (GUI) through which these services are provided. In a previous study we defined a set of requirements that were used to design the robot's GUI. In this paper we present results from usability testing of the functional prototype of the GUI with target end-users and the modifications made to produce the final version of the applications. Method: We used a user-centred design approach for the GUI design. Eleven elderly persons with MCI and 11 elderly with normal cognition were recruited for this study. First, the moderator described the purpose of the research, introduced the robot and explained the evaluation procedure. Then participants were asked to complete a series of tasks using the main menu of the GUI and navigate through its different applications. Performance and satisfaction measures were collected (e.g., time to complete each task, number of errors due to manipulation, number of help requests). Tests were conducted individually. Results & Discussion: Findings confirmed that most of the features of the GUI were adapted to the needs and capacities of older adults with cognitive impairment. However, individual factors (age, education level, and computer experience) were found to affect task performances. Moreover, some particular aspects of the interfaces (icons, navigation system) had to be modified to make the application usable by the largest number of patients suffering from cognitive deficits. These results were used to develop the final version of the GUI. We confirmed that designing and developing assistive technologies to support elderly with cognitive impairment requires end-user involvement throughout all the development and evaluation phases. This study is an example of a successful design process for assistive technologies to support MCI-patients and their caregivers, involving them throughout all the development phases and applying the concept of iterative evaluations.",Opposite meaning
s_2190,"The regulation suggests that integrated testing strategies (ITS) and weight-of-evidence approaches will completely eliminate the need for animal testing, thereby making alternative methods the sole means of assessing toxicity .","Background, aim and scope: Due to a number of drawbacks associated with the previous regime for the assessment of new and existing chemicals, the European Union established a new regulation concerning the registration, evaluation, authorisation and restriction of chemicals (REACH). All relevant industrial chemicals must now be assessed. Instead of the authorities, industry itself is responsible for the risk assessment. To achieve better and more efficient assessments while reducing animal testing, all information-standard, non-standard and non-testing-has to be used in an integrated manner. To meet these challenges, the current technical guidance documents for risk assessment of new and existing chemicals had to be updated and extended considerably. This was done by experts in a number of REACH Implementation Projects. This paper presents the most relevant results of the expert Endpoint Working Group on Aquatic Toxicity in order to illustrate the change of paradigm in the future assessment of hazards to the aquatic environment by chemical substances. Main features and challenges: REACH sets certain minimum data requirements in order to achieve a high level of protection for human health and the environment. It encourages the assessor to use alternative information instead of or in addition to standard one. This information has to be equivalent to the standard information requirement and adequate to draw overall conclusions with respect to the regulatory endpoints classification and labelling, persistent, bioaccumulative and toxic (PBT) assessment and predicted no-effect concentrations (PNEC) derivation. The main task of the expert working group was to develop guidance on how to evaluate the toxicity of a substance based on integration of information from different sources and of various degrees of uncertainty in a weight of evidence approach. Integrated testing and intelligent assessment: In order to verify the equivalence and adequacy of different types of information, a flexible sequence of steps was proposed, covering characterisation of the substance, analysis of modes of action, identification of possible analogues, evaluation of existing in vivo and in vitro testing data as well as of QSAR results. Finally, all available data from the different steps have to be integrated to come to an overall conclusion on the toxicity of the substance. This weight of evidence approach is the basis for the development of integrated testing strategies (ITS), in that the available evidence can help to determine subsequent testing steps and is essential for an optimal assessment. Its flexibility helps to meet the different requirements for drawing conclusions on the endpoints classification and labelling, PNEC derivation as well as PBT assessment. The integration of all kinds of additional information in a multi-criteria assessment reduces the uncertainties involved with extrapolation to the ecosystem level. The weight of evidence approach is illustrated by practical examples. Conclusions and perspectives: REACH leads to higher challenges in order to make sound decisions with fewer resources, i.e. to move away from extensive standard testing to an intelligent substance-tailored approach. Expert judgement and integrated thinking are key elements of the weight of evidence concept and ITS, potentially leading to better risk assessments. Important sub-lethal effects such as endocrine disruption, which are not covered by the current procedure, can be considered. Conclusions have to be fully substantiated: Risk communication will be an important aspect of future assessments. © 2008 Springer-Verlag.
[4]: Liverpool John Moores University and FRAME recently conducted a research project sponsored by Defra, on the status of alternatives to animal testing with regard to the European Union REACH (Registration, Evaluation and Authorisation of Chemicals) system for the safety testing and risk assessment of chemicals. The project covered all the main toxicity endpoints associated with the REACH system. This paper focuses on the prospects for using alternative methods (both in vitro and in silico) for mutagenicity (genotoxicity) and carcinogenicity testing - two toxicity endpoints, which, together with reproductive toxicity, are of pivotal importance for the REACH system. The manuscript critically discusses well-established testing approaches, and in particular, the requirement for short-term in vivo tests for confirming positive mutagenicity, and the need for the rodent bioassay for detecting non-genotoxic carcinogens. Recently-proposed testing strategies focusing on non-animal approaches are also considered, and our own testing scheme is presented and supported with background information. This scheme makes maximum use of pre-existing data, computer (in silico) and in vitro methods, with weight-of-evidence assessments at each major stage. The need for the improvement of in vitro methods, to reduce the generation of false-positive results, is also discussed. Lastly, ways in which reduction and refinement measures can be used are also considered, and some recommendations are made for future research to facilitate the implementation of the proposed testing scheme.
[5]: This paper presents an inventory of in silico screening tools to identify substance properties of concern under the European chemicals' legislation REACH. The objective is to support the selection and implementation of appropriate tools as building blocks within integrated testing strategies (ITS). The relevant concerns addressed are persistence, bioaccumulation potential, acute and long-term aquatic toxicity, PBT/vPvB properties ((very) persistent, (very) bioaccumulative, toxic), CMR (carcinogenicity, mutagenicity, reproductive toxicity), endocrine disruption and skin sensitisation. The inventory offers a comparative evaluation of methods with respect to the underlying algorithms (how does the method work?) and the applicability domains (when does the method work?) as well as their limitations (when does the method not work?). The inventory explicitly addresses the reliability of predictions of different in silico models for diverse chemicals by applicability domain considerations. The confidence in predictions can be greatly improved by consensus modelling that allows for taking conflicting results into account. The inventory is complemented by a brief discussion of socio-economic tools for assessing the potential efficiency gains of using in silico methods compared to traditional in vivo testing of chemical hazards. © 2013 Elsevier Inc.",Misrepresentation
s_1586,"The influence of global flavors and tastes is also shaping food choices, with trends indicating a rise in ready-to-eat and frozen main dishes .","[8] In the early twentieth century, US writers looked at modern food—its global geographies, its nutritional theories, and its technological innovations—and saw not merely the incursion of industry and the threat of adulteration but an imaginative possibility. Fiction of the 1920s and 1930s represented food systems and used alimentary metaphors to unsettle the bases of racial classification and white supremacy. Dietetics played a key role in so-called race science, which blamed industrial food for Nordic degeneration and looked to euthenics, the study of nutrition and environment, to fix broken modern bodies that were insufficiently white. Thus, the dreams of new bodies and new categories expressed in this literature constituted a radical response to the political and nutritional theories of this cultural moment. For Jean Toomer and George Schuyler, both frustrated by the stigma of blackness in a segregated society, food technologies represented an opportunity to invent a new race or to renovate an old one. For F. Scott and Zelda Fitzgerald, Gertrude Stein, and Ernest Hemingway, enmeshment in the food system revealed that whiteness could not embody the purity that was supposedly its hallmark. In the Great Depression and thereafter, Zora Neale Hurston and Dorothy West indicted racist social structures and used food to interrogate the boundaries of the human. In a time of segregation, nativism, and Fascism, food brought bodies together and spoke of shared pleasure and vulnerability.",Related but unverifiable
i_1249,"Key Points: Gastrointestinal Symptoms: Gastrointestinal symptoms, including bloating, are common in women with menstrual dysfunctions. These symptoms can be exacerbated by treatments such as GnRH analogs used for endometriosis, which can lead to gastrointestinal dysmotility .","Background: Women with endometriosis often experience gastrointestinal symptoms. Gonadotropin-releasing hormone (GnRH) analogs are used to treat endometriosis; however, some patients develop gastrointestinal dysmotility following this treatment. The aims of the present study were to investigate gastrointestinal symptoms among patients with endometriosis and to examine whether symptoms were associated with menstruation, localization of endometriosis lesions, or treatment with either opioids or GnRH analogs, and if hormonal treatment affected the symptoms. Methods: All patients with diagnosed endometriosis at the Department of Gynecology were invited to participate in the study. Gastrointestinal symptoms were registered using the Visual Analogue Scale for Irritable Bowel Syndrome (VAS-IBS); socioeconomic and medical histories were compiled using a clinical data survey. Data were compared to a control group from the general population. Results: A total of 109 patients and 65 controls were investigated. Compared to controls, patients with endometriosis experienced significantly aggravated abdominal pain (P = 0.001), constipation (P = 0.009), bloating and flatulence (P = 0.000), defecation urgency (P = 0.010), and sensation of incomplete evacuation (P = 0.050), with impaired psychological well-being (P = 0.005) and greater intestinal symptom influence on their daily lives (P = 0.001). The symptoms were not associated with menstruation or localization of endometriosis lesions, except increased nausea and vomiting (P = 0.010) in patients with bowel-associated lesions. Half of the patients were able to differentiate between abdominal pain from endometriosis and from the gastrointestinal tract. Patients using opioids experienced more severe symptoms than patients not using opioids, and patients with current or previous use of GnRH analogs had more severe abdominal pain than the other patients (P = 0.024). Initiation of either combined oral contraceptives or progesterone for endometriosis had no effect on gastrointestinal symptoms when the patients were followed prospectively. Conclusions: The majority of endometriosis patients experience more severe gastrointestinal symptoms than controls. A poor association between symptoms and lesion localization was found, indicating existing comorbidity between endometriosis and irritable bowel syndrome (IBS). Treatment with opioids or GnRH analogs is associated with aggravated gastrointestinal symptoms.",Related but unverifiable
i_1496,"Prostate Cancer: Suicidal Ideation: Prostate cancer survivors have a higher prevalence of suicidal ideation (SI), with 15.4% reporting SI and 1.4% reporting serious SI. This is significantly higher compared to normative data. Factors such as poor physical and emotional functioning, greater symptom burden, significant pain, and clinically significant depression are associated with SI in prostate cancer survivors .","BACKGROUND Epidemiological studies have shown prostate cancer (PC) survivors are at an increased risk of suicide compared with the general population, but to the authors' knowledge very little is known regarding what factors are associated with this increased risk. The current study examined the prevalence of suicidal ideation (SI) and its association with cancer treatment and posttreatment physical and emotional health in a cohort of long-term PC survivors. METHODS A total of 693 PC survivors (3-8 years after diagnosis) completed a mailed survey on physical and psychological functioning, including cancer treatments, the Short Form-12 (SF-12), the Expanded Prostate Cancer Index Composite Instrument (EPIC-26), a depression rating scale, and 8 items regarding recent suicidal thoughts and behaviors. RESULTS A total of 86 PC survivors (12.4%) endorsed SI, with 10 individuals (1.4%) reporting serious SI. Serious SI was more common in this sample compared with age-adjusted and sex-adjusted normative data. SI was not associated with most demographic variables, or with PC stage or treatments. However, SI was found to be significantly associated with employment status, poor physical and emotional functioning, greater symptom burden on the EPIC-26, higher frequency of significant pain, and clinically significant depression (P<.01). In an adjusted logistic model, poor physical and emotional function, including disability status and pain, were found to be associated with SI (P<.05), even after adjusting for depression. CONCLUSIONS A significant percentage of PC survivors report recent SI, which is associated with both physical and psychological dysfunction, but not PC treatments. The results of the current study help to explain the increased risk of suicide previously reported in PC survivors and have important implications for identifying and treating those survivors at greatest risk of suicidality.",Numeric error
s_1408,"Disadvantages of Learning Bumblebee Identification: Phylogenetic Studies: Incomplete phylogenies of bumblebees, lacking many known species, obscure their evolutionary relationships and morphological adaptations, making it difficult to draw meaningful conclusions .","Bumble bees (Bombus Latreille) occupy a wide diversity of habitats, from alpine meadows to lowland tropical forest, yet they appear to be similar in morphology throughout their range, suggesting that behavioural adaptations play a more important role in colonizing diverse habitats. Notwithstanding their structural homogeneity, bumble bees exhibit striking inter- and intraspecific variation in colour pattern, purportedly the outcome of mimetic evolution. A robust phylogeny of Bombus would provide the framework for elucidating the history of their wide biogeographical distribution and the evolution of behavioural and morphological adaptations, including colour pattern. However, morphological studies of bumble bees have discovered too few phylogenetically informative characters to reconstruct a robust phylogeny. Using DNA sequence data, we report the first nearly complete species phylogeny of bumble bees, including most of the 250 known species from the 38 currently recognized subgenera. Bayesian analysis of nuclear (opsin, EF-1α, arginine kinase, PEPCK) and mitochondrial (16S) sequences results in a highly resolved and strongly supported phylogeny from base to tips, with clear-cut support for monophyly of most of the conventional morphology-based subgenera. Most subgenera fall into two distinct clades (short-faced and long-faced) associated broadly with differences in head morphology. Within the short-faced clade is a diverse New World clade, which includes nearly one-quarter of the currently recognized subgenera, many of which are restricted to higher elevations of Central and South America. The comprehensive phylogeny provides a firm foundation for reclassification and for evaluating character evolution in the bumble bees. © 2007 The Linnean Society of London.",Opposite meaning
i_1823,"WASH Conditions: Improved water, sanitation, and hygiene practices are critical in reducing stunting. Safe drinking water and proper sanitation facilities are associated with better growth outcomes, and it is possible that cultural practices surrounding WASH may also play a significant role in influencing child growth outcomes in various communities .","The slow decrease in child stunting rates in East Africa warrants further research to identify the influence of contributing factors such as water, sanitation, and hygiene (WASH). This study investigated the association between child length and WASH conditions using the recently revised WHO and UNICEF (United Nations Children's Fund) Joint Monitoring Programme (JMP) indicators. Data from households with infants and young children aged 6–23 months from the Demographic and Health Surveys in Burundi, Ethiopia, Kenya, Malawi, Rwanda, Tanzania, Uganda, and Zambia were used. Associations for each country between WASH conditions and length-for-age z-scores (LAZ) were analyzed using linear regression. Stunting rates were high (>20%) reaching 45% in Burundi. At the time of the most recent Demographic and Health Survey (DHS), more than half of the households in most countries did not have basic or safely managed WASH indicators. Models predicted significantly higher LAZ for children living in households with safely managed drinking water compared to those living in households drinking from surface water in Kenya (β = 0.13, p < 0.01) and Tanzania (β = 0.08, p < 0.05) after adjustment with child, maternal, and household covariates. Children living in households with improved sanitation facilities not shared with other households were also taller than children living in households practicing open defecation in Ethiopia (β = 0.07, p < 0.01) and Tanzania (β = 0.08, p <0.01) in the adjusted models. All countries need improved WASH conditions to reduce pathogen and helminth contamination. Targeting adherence to the highest JMP indicators would support efforts to reduce child stunting in East Africa.
[3]: Studies have shown linkages between water, sanitation and hygiene (WASH) and stunting in children under 2 years in sub-Saharan Africa. WASH interventions have been shown to reduce stunting rates; however, the biological mechanisms and socio-economic influences responsible for this trend remain poorly understood. This paper reviews the literature regarding these links, and the efficacy of both general WASH interventions and those targeted at children in their first 1,000 days, known as babyWASH, for stunting reduction. Fifty-nine papers published between 2008 and 2019 were reviewed, retrieved from Science Direct, Scopus and Web of Science databases, comprising field trials and data analysis, and literature and systematic reviews. Key findings showed that stunting is directly attributed to diarrhoea, environmental enteric dysfunction and undernutrition although a more comprehensive understanding of these biological mechanisms is necessary. Interventions to interrupt the faecal transmission cycle proved to effectively reduce stunting rates, particularly improved sanitation facilities to reduce open defaecation, increased proximity to water and widespread behavioural change. Methodologies should move away from randomised controlled trials towards selected contexts, mixed data collection methods and inclusion of broader social, cultural and environmental conditions. Improved cross-sectoral collaboration is encouraged, particularly to ensure the complexity of social and contextual factors is fully considered.",Entailment
i_2283,"Cats: Initial Domestication: Unlike dogs, cats domesticated themselves through a self-selective process. The first domestic cats appeared in the earliest agricultural Neolithic settlements in the Near East, primarily because they were drawn to human settlements for food. However, it is likely that all wildcats were equally attracted to these areas, and only a few less fearful individuals managed to thrive, suggesting that the majority of wildcats did not benefit from this process at all .","Artificial selection is the selection of advantageous natural variation for human ends and is the mechanism by which most domestic species evolved. Most domesticates have their origin in one of a few historic centers of domestication as farm animals. Two notable exceptions are cats and dogs. Wolf domestication was initiated late in the Mesolithic when humans were nomadic hunter-gatherers. Those wolves less afraid of humans scavenged nomadic hunting camps and over time developed utility, initially as guards warning of approaching animals or other nomadic bands and soon thereafter as hunters, an attribute tuned by artificial selection. The first domestic cats had limited utility and initiated their domestication among the earliest agricultural Neolithic settlements in the Near East. Wildcat domestication occurred through a self-selective process in which behavioral reproductive isolation evolved as a correlated character of assortative mating coupled to habitat choice for urban environments. Eurasian wildcats initiated domestication and their evolution to companion animals was initially a process of natural, rather than artificial, selection over time driven during their sympatry with forbear wildcats.",Related but unverifiable
s_145,"In summary, ResUNet addresses the difficulties of ultrasound segmentation by leveraging residual connections to enhance information flow, improving segmentation accuracy, and being robust to noise and intensity inhomogeneities. These advantages make it a superior choice compared to traditional models like UNet, active contour, and level-set techniques .","The identification and segmentation of the prostate on magnetic resonance images (MRI) can assist in the diagnosis of prostate diseases, and improve image-guided intervention. However, prostate segmentation is normally performed manually resulting in a time-consuming process that delays the treatment. Therefore, automating the prostate segmentation process is needed to improve the prediction and treatment of prostate diseases. Segmenting the prostate on MRI is challenging due to the lack of clear boundaries between the prostate and neighboring tissues, the variability among images acquired through different protocols, and the inherent variability of the shape and size of the prostate among patients. In this paper, we present a new deep convolutional neural network architecture called ResU-Net that can automatically identify and segment the prostate on MRI. The proposed ResU-Net architecture has a similar structure to the well-known U-net but uses the residual learning framework as the building block to increase the dissemination of information to deeper layers and to overcome the challenging vanishing gradient problem. The model is tested in a publically available dataset and produces a high segmentation accuracy. Additionally, the model's use of residual connections and data augmentation enables it to generalize well even with a restricted amount of annotated images.
[2]: Brain tumor segmentation is a critical step in MRI analysis, significantly impacting treatment decisions and prognostic evaluations. Deep learning, particularly with models like UNet and ResUNet, has emerged as a powerful approach, offering superior segmentation accuracy. The UNet model achieves a Dice score of 0.7 and a Jaccard index of 0.6, while the ResUNet model achieves a Dice score of 0.614444 and a Jaccard index of 0.815555. Despite advancements, challenges such as tumor variability, noise, and intensity variations persist, limiting the technology's potential. This study presents recent advancements in deep learning for brain tumor segmentation, covering background, methods (including UNet and ResUNet), achieved results, and concluding remarks. We discuss strengths, limitations, and ongoing research efforts, including multi-modal data integration and advanced network architectures, aiming to enhance segmentation precision and practical utility.",Entity error
s_342,"Detection Techniques: Intrusion Detection Systems (IDS) and Intrusion Prevention Systems (IPS) are real-time software tools that monitor network and system activities for suspicious behavior, helping to detect and prevent sniffing attacks .","In computer and network security, standard approaches to intrusion detection and response attempt to detect and prevent individual attacks. Intrusion Detection System (IDS) and intrusion prevention systems (IPS) are real-time software for risk assessment by monitoring for suspicious activity at the network and system layer. Software scanner allows network administrator to audit the network for vulnerabilities and thus securing potential holes before attackers take advantage of them. In this paper we try to define the intruder, types of intruders, detection behaviors, detection approaches and detection techniques. This paper presents a structural approach to the IDS by introducing a classification of IDS. It presents important features, advantages and disadvantages of each detection approach and the corresponding detection techniques. Furthermore, this paper introduces the wireless intrusion protection systems. The goal of this paper is to place some characteristics of good IDS and examine the positioning of intrusion prevention as part of an overall layered security strategy and a review of evaluation criteria for identifying and selecting IDS and IPS. With this, we hope to introduce a good characteristic in order to improve the capabilities for early detection of distributed attacks in the preliminary phases against infrastructure and take a full spectrum of manual and automatic response actions against the source of attacks. © 2005 Elsevier B.V. All rights reserved.
[2]: Network security systems are now mainly employed to secure company networks. An Intrusion Detection System has the capacity to detect in real-time all intrusions and to execute work to stop the attack. With the growth of computer networking, electronic commerce and web services, security of networking systems has become very important. Many companies now rely on web services as a major source of revenue. Computer hacking poses significant problems to these companies as distributed attacks can render their cyber-store front inoperable for long periods of time. This happens so often that an entire area of research, called intrusion detection has been devoted to detecting this activity. We show that evidence of many of these attacks can be found in a careful analysis of network data. We also illustrate that the learning abilities of neural networks can serve to detect this activity. Intrusion detection is an essential mechanism to protect computer systems from many attacks. Besides the classical prevention security tools, Intrusion Detection Systems (IDS) are nowadays widely used by the security administrators. In this study, we present Intrusion Detection Systems using neural networks.",Entailment
s_2132,"Indonesia is largely free from invasive pathogens, including exotic Salmonella serovars, which have not been found in wildlife on islands in the Wallacea region. These pathogens are rarely introduced through human activity or international travel, especially in tourist areas like Bali .","The exposure of indigenous humans and native fauna in Australia and the Wallacea zoogeographical region of Indonesia to exotic Salmonella serovars commenced during the colonial period and has accelerated with urbanization and international travel. In this study, the distribution and prevalence of exotic Salmonella serovars are mapped to assess the extent to which introduced infections are invading native wildlife in areas of high natural biodiversity under threat from expanding human activity. The major exotic Salmonella serovars, Bovismorbificans, Derby, Javiana, Newport, Panama, Saintpaul and Typhimurium, isolated from wildlife on populated coastal islands in southern temperate areas of Western Australia, were mostly absent from reptiles and native mammals in less populated tropical areas of the state. They were also not recorded on the uninhabited Mitchell Plateau or islands of the Bonaparte Archipelago, adjacent to south-eastern Indonesia. Exotic serovars were, however, isolated in wildlife on 14/17 islands sampled in the Wallacea region of Indonesia and several islands off the west coast of Perth. Increases in international tourism, involving islands such as Bali, have resulted in the isolation of a high proportion of exotic serovar infections suggesting that densely populated island resorts in the Asian region are acting as staging posts for the interchange of Salmonella infections between tropical and temperate regions.",Opposite meaning
s_1752,"Other Aerosol Types: Carbonaceous Aerosols: The study did not provide specific details on the impact of carbonaceous aerosols on rice cultivars, but it highlighted the importance of understanding regional variations in aerosol composition and their potential effects on crops .","Carbonaceous aerosols impact climate directly by scattering and absorbing radiation, and hence play a major, although highly uncertain, role in global radiative forcing. Commonly, ambient carbonaceous aerosols are internally mixed with secondary species such as nitrate, sulfate, and ammonium, which influences their optical properties, hygroscopicity, and atmospheric lifetime, thus impacting climate forcing. Aircraft-aerosol time-of-flight mass spectrometry (A-ATOFMS), which measures single-particle mixing state, was used to determine the fraction of organic and soot aerosols that are internally mixed and the variability of their mixing state in California during the Carbonaceous Aerosols and Radiative Effects Study (CARES) and the Research at the Nexus of Air Quality and Climate Change (CalNex) field campaigns in the late spring and early summer of 2010. Nearly 88% of all A-ATOFMS measured particles (100-1000 nm in diameter) were internally mixed with secondary species, with 96% and 75% of particles internally mixed with nitrate and/or sulfate in southern and northern California, respectively. Even though atmospheric particle composition in both regions was primarily influenced by urban sources, the mixing state was found to vary greatly, with nitrate and soot being the dominant species in southern California, and sulfate and organic carbon in northern California. Furthermore, mixing state varied temporally in northern California, with soot becoming the prevalent particle type towards the end of the study as regional pollution levels increased. The results from these studies demonstrate that the majority of ambient carbonaceous particles in California are internally mixed and are heavily influenced by secondary species that are most prevalent in the particular region. Based on these findings, considerations of regionally dominant sources and secondary species, as well as temporal variations of aerosol physical and optical properties, will be required to obtain more accurate predictions of the climate impacts of aerosol in California. © Author(s) 2012. CC Attribution 3.0 License.",Misrepresentation
s_1744,"Ozone Exposure: Hybrid vs. Inbred Cultivars: Hybrid Cultivars: SY63 and LYPJ showed significant yield loss due to ozone exposure, with reductions of 18.5% and 15%, respectively. These cultivars also experienced reductions in the number of spikelets per panicle and plant height .","Ozone is currently the most important air pollutant that negatively affects growth and yield of agricultural crops in most parts of the world, and rice is arguably the most important food crops on the planet. While a limited number of enclosure-based studies have examined the genotypic differences among rice (Oryza sativa L.) cultivars in response to increasing ozone concentration, no ozone experiment has been conducted to date under fully open-air field conditions to address this issue. In 2007, we conducted an experiment for the first time in the world with rice using free-air concentration enrichment (FACE) system at Xiaoji town, Jiangdu County, Jiangsu Province, China (119° 42′0″E, 32° 35′5″N). Four Chinese rice cultivars: Wujing 15 (WJ15, inbred japonica cultivar), Yangdao 6 (YD6, inbred indica cultivar), Shanyou 63 (SY63, three-line hybrid rice cultivar), Liangyoupeijiu (LYPJ, two-line hybrid rice cultivar), were grown at ambient or elevated (target at 50% above ambient) ozone concentration under nitrogen application rate of 15 g N m<sup>-2</sup>. The ozone enhancement strongly accelerated phenologycal development of WJ15 and SY63, with maturity being reached by 4 and 8 days earlier, respectively, but only 1 day earlier for YD6 and LYPJ. Elevated ozone concentration reduced the number of mainstem leaves (ca. by half a leaf) and plant height at maturity (ca. by 3-5 cm) of SY63 and LYPJ with no ozone effects detected in YD6 or WJ15. Among the cultivars tested, SY63 and LYPJ exhibited significant yield loss by exposure to ozone (-17.5%, -15%, respectively), while WJ15 and YD6 showed no responses. For all cultivars, no ozone effect was observed on panicle number per unit area as a result of no changes in both maximum tiller number or productive tiller ratio. However, the number of spikelets per panicle of SY63 and LYPJ showed a significant reduction due to ozone exposure, while those of WJ15 and YD6 remained unaffected. Meanwhile, ozone exposure also caused minor reductions in both filled spikelet percentage and individual grain mass. The results of this experiment indicated that yield loss due to ozone exposure differs among rice cultivars with hybrid cultivars (i.e., SY63 and LYPJ) exhibiting greater yield loss than inbred cultivars (i.e., WJ15 and YD6), which could be attributed to the suppression of spikelet formation in the hybrid cultivars under ozone stress. © 2009 Elsevier B.V. All rights reserved.",Numeric error
s_1598,"There is a consensus on the role of technology in sustainable agriculture, with all stakeholders advocating for intensive agricultural production rather than a multifunctional landscape .","In this article we investigate the different perspectives of sustainable agriculture held by participants of a Dutch innovation programme called TransForum. Using Q-methodology we have systematically elicited individual perspectives on agricultural innovation and extracted their common elements. We have compared these perspectives with existing discourses of rural and sustainable development. Our results show that the use of technology and the agricultural production function of rural landscapes are among the two most contested elements between perspectives. The more radical perspectives reject technology and support a multifunctional landscape in the countryside, while the prosaic perspectives do the complete opposite with a positive attitude towards technology and a preference of the use of the countryside for agricultural production alone. Surprisingly, there is no ecological modernisation perspective of sustainable agriculture. In this article we propose the concept of 'metropolitan agriculture' to fill this void. © 2011 The Authors. Sociologia Ruralis © 2011 European Society for Rural Sociology.",Opposite meaning
i_421,"Process Optimization: Real-time data analysis is likely to optimize industrial processes, which may improve productivity and could potentially reduce operational costs .","The process of acquiring, analysing and managing data obtained by sensors and actuators in industrial environments can benefit from modern Cloud-based platforms towards a complete implementation of the Industrie 4.0 concept. The analysis of huge data sets produced by these sensors (Big Data) could allow quick and accurate decision making. For example, productivity improvements can be achieved by analysing device performance and degradation for real-time feedback on configuration and optimization. This work proposes a Cloud-based architecture for Internet of Things (IoT) applications to improve the deployment of smart industrial systems based on remote monitoring and control. By using specific technologies available as a service, we demonstrate the proposed architecture on an automated electric induction motor use case. This approach includes layers for sensor network data gathering, data transformation between standard protocols, message queuing, real-time data analysis, reporting for further analysis, and real-time control. Particularly, by using the proposed architecture, we remotely monitored, controlled and processed data produced by sensors and actuators coupled to the motor. Preliminary results indicate this foundation can support predictive methods and management of automated systems in the Industrie 4.0 context.",Related but unverifiable
i_349,"System Configuration and Maintenance. Automation and Scripting: One of the most significant advantages of the CLI is the ability to automate repetitive tasks through scripting. Shell scripts can automate system updates, backups, and other routine maintenance tasks, ensuring consistency and saving time .","This paper examines computing academics' conceptions of the Unix operating system, and the purpose of teaching Unix. Interview transcripts from nine academics were analysed phenomenographically. A small number of qualitatively different conceptions of Unix were identified, within two broad categories. The first broad category manifested a technical approach to Unix. Within this broad category, the conceptions of Unix were, from the least to most sophisticated ! (1) Unix as a set of unrelated commands; (2) Unix as a command line interface superior to GUIs; and (3) Unix as a problem solving tool. The second broad category was a non technical conception of Unix, in which Unix was seen as a resource that is cheap, secure and robust. With regard to teaching Unix, two broad categories of reasons were identified ! practical and pedagogical. These results for teachers are broadly consistent with an earlier phenomenographic study of student conceptions of Unix. © 2007, Australian Computer Society, Inc.",Related but unverifiable
i_586,"Technological Innovations: Smart Grids and V2G: Vehicle-to-grid (V2G) technology does not allow EVs to return electricity to the grid, which complicates the balance of supply and demand .","Over the most recent two decades, developing utilization of sustainable and dispersed vitality sources has made fresh difficulties in power framework for the utility in regards to the voltage regulation, frequency regulation power quality and effective vitality use. Power electronic gadgets (inverters /Converters) are broadly used to interface the developing vitality frameworks (without and with vitality stockpiling, for example, Batteries and EVs) in distribution frameworks. A useful case of such a three phase, an industrial micro-grid tied power converters framework would be quick charging stations for electric vehicles. In this research article, it has been noticed that the EVs outfitted with the ability of a vehicle to grid (V2G) technology, propose various constraints like essential recurrence control dynamic power guideline, primary frequency control, load stabilizing, purification of harmonic distortions in current wave form and active power regulation etcetera. Also, this exploration paper builds up a way to deal with improve the power quality dependent on dead time (DT) pay strategy for power converters in a modern smaller scale matrix. For example, torque pulsation, harmonic distortion and sinusoidal load current decreases. Additionally, control converters assume a significant job in refine the power quality, energy usage, upgrading the power factor, and guaranteeing productive energy use and vitality the executives in a modern industrial micro-grid with renewable power source.",Opposite meaning
i_24,"Future Directions: 1. Emotional and Semantic Analysis: Future strategies may involve emotional approaches and semantic analysis, as well as new technologies like Artificial Intelligence, to enhance the detection and prevention of fake reviews .","In the last several decades, electronic word of mouth (eWOM) has been widely used by consumers on different digital platforms to gather feedback about products and services from previous customer behavior. However, this useful information is getting blurred by fake reviews-i.e., reviews that were created artificially and are thus not representative of real customer opinions. The present study aims to thoroughly investigate the phenomenon of fake online reviews in the tourism sector on social networking and online reviews sites. To this end, we conducted a systematic review of the literature on fake reviews for tourism businesses. Our focus was on previous studies that addressed the following two main topics: (i) tourism (ii) fake reviews. Scientific databases were used to collect relevant literature. The search terms tourism'' and ''fake reviews'' were applied. The database of Web of Science produced a total of 124 articles and, after the application of different filters following the PRISMA 2009 Flow diagram, the process resulted in the selection of 17 studies. Our results demonstrate that (i) the analysis of fake reviews is interdisciplinary, ranging from Computer Science to Business and Management, (ii) the methods are based on algorithms and sentiment analysis, while other methodologies are rarely used; and (iii) the current and future state of fraudulent detection is based on emotional approaches, semantic analysis and new technologies such as Blockchain. This study also provides helpful strategies to counteract the ubiquity of fake reviews for tourism businesses.",Related but unverifiable
s_1087,"Ovarian cancers, particularly teratomas and adenocarcinomas, have been associated with several paraneoplastic neurological syndromes such as paraneoplastic cerebellar degeneration (PCD), limbic encephalitis, and encephalomyelitis .","Paraneoplastic neurologic disorders are rare manifestations of a malignant neoplasm and mostly immune-mediated. Out of a broad spectrum of tumors ovarian and breast carcinomas are frequently the underlying cause presenting a challenge for the gynecologist. The combination of a rapidly progressive severe neurologic disability and a small, as yet unknown tumor is the typical clinical presentation. In addition to the most frequent paraneoplastic cerebellar degeneration resulting in severe ataxia, limbic encephalitis, brain stem encephalitis, sensory neuropathy, stiff-person syndrome, dermatomyositis and paraneoplastic retinopathy have been described. The cornerstone for the diagnosis are onconeural antibodies in serum and cerebrospinal fluid reacting with both the nervous system and the underlying cancer. Paraneoplastic neurologic syndromes in women with ovarian or breast cancer imply a grave prognosis. Although antitumor therapy may be effective in many cases and are essential for the success of additional immunotherapy, most patients remain severely disabled and mortality is remarkably high. © Georg Thieme Verlag KG Stuttgart.
[3]: Purpose: The aim of the study is to present MRI examinations of the brain and spinal cord, performed in girls with acute severe neurological presentation of paraneoplastic syndrome associated with ovarian teratomas. Paraneoplastic neurological syndrome (PNS) is a rare disorder caused by remote effects of malignancy in different organs. The pathogenesis of PNS concerns the autoimmune system and specific antibodies. PNS can be seen as encephalomyelitis, limbic encephalitis, progressive multifocal leukoencephalopathy, cerebellar ataxia, brainstem encephalitis, and paraneoplastic cerebellar degeneration. These symptoms are potentially reversible, if the underlying neoplasm is removed. Methods: We presented three girls, aged 13, 17, and 18 years. They were all referred to the hospital because of an acute onset of severe disseminated encephalomyelitis. All MRI exams were performed on a 1.5 T scanner with a routine brain and spinal cord protocol, including TSE T2-WI and FLAIR sequences. In all cases, a contrast agent was injected in the standard dose. Results: Neurological examination performed at the onset of the disease revealed hemiparesis, seizures, and consciousness disturbances. In one girl, visual field loss was also disclosed. They were all healthy before the onset of the disease. Brain and spinal cord MR imaging revealed multiple hyperintense lesions located supratentorially in the white matter of both hemispheres, in the pons, cerebellum, and spinal cord. Patients were treated with methyloprednisolone IV and IVIG. They all improved but significant sequelae were present. Two of them developed symptoms of acute demyelinating polyradiculoneuropathy within 2 months after the onset of encephalomyelitis. At the same time, brain MRI showed progression of the lesions. In two patients, anti-Yo antibodies were present in blood. Extensive examinations revealed bilateral ovarian teratomas in two patients, and left-sided ovarian teratoma in one case. Surgical resection of teratomas resulted in rapid clinical improvement. Conclusions: These cases show that in children and adolescents, acute demyelinating disease can be a manifestation of paraneoplastic neurological syndrome. Thus, PNS should always be considered in the differential diagnosis of encephalomyelitis. In female children and adolescents with suspected PNS, it is important to search for ovarian tumours.
[4]: Paraneoplastic encephalomyelitis (PEM) is a well-characterized neurological syndrome. Its association with ovarian teratoma is rare. A young lady presented with features suggestive of encephalomyelitis with predominant cerebellar syndrome. Magnetic resonance imaging brain was normal. Cerebrospinal fluid showed lymphocytic pleocytosis. Computerized tomography scan of the pelvis revealed a complex left ovarian cyst. With a clinical diagnosis of PEM she underwent a left salpingo-oopherectomy. This was followed by total recovery of the PEM in two weeks. The histopathology revealed immature teratoma. The interesting feature was the clinicopathological correlation between the finding of fetal cerebellar tissue in the tumor and the PEM with predominant cerebellar features.
[5]: Paraneoplastic limbic encephalitis, a remote effect of cancer without nervous system metastasis, is rare, especially in childhood. Here, we report a case of paraneoplastic limbic encephalitis associated with an ovarian mature teratoma in an adolescent girl. The 15-year-old girl developed neuropsychiatric symptoms, memory loss, seizures, and unconsciousness. Cerebrospinal fluid analysis and brain magnetic resonance imaging (MRI) findings were normal, while single photon emission computed tomography imaging showed hypoperfusion in both temporal lobes. Ultrasound and MRI of the abdomen revealed a left ovarian cystic mass. The patient experienced a significant recovery of cognitive function after surgical resection of the tumor, which was pathologically identified as a mature ovarian teratoma, and treatment with intravenous immunoglobulin.",Related but unverifiable
i_2331,"Key Mechanisms: Production of Esters: Ethyl Esters: During yeast fermentation, ethyl esters like ethyl caproate, which has an apple-like flavor, are produced. These compounds are crucial for the fruity aroma in products like Chinese liquor, and it is believed that the use of specific yeast strains can further enhance the complexity of flavors beyond what is currently documented .","During yeast fermentation, ethyl esters play a key role in the development of the flavor profiles of Chinese liquor. Ethyl caproate, an ethyl ester eliciting apple-like flavor, is the characteristic flavor of strong aromatic liquor, which is the best selling liquor in China. In the traditional fermentation process, ethyl caproate is mainly produced at the later fermentation stage by aroma-producing yeast, bacteria, and mold in a mud pit instead of Saccharomyces cerevisiae at the expense of grains and fermentation time. To improve the production of ethyl caproate by Chinese liquor yeast (S. cerevisiae) with less food consumption and shorter fermentation time, we constructed three recombinant strains, namely, α5-ACC1ΔOPI1, α5-FAS1ΔOPI1, and α5-FAS2ΔOPI1 by overexpressing acetyl-CoA carboxylase (ACC1), fatty acid synthase 1 (FAS1), and fatty acid synthase 2 (FAS2) with OPI1 (an inositol/choline-mediated negative regulatory gene) deletion, respectively. In the liquid fermentation of corn hydrolysate, the contents of ethyl caproate produced by α5-ACC1ΔOPI1, α5-FAS1ΔOPI1, and α5-FAS2ΔOPI1 increased by 0.40-, 1.75-, and 0.31-fold, correspondingly, compared with the initial strain α5. The contents of other fatty acid ethyl esters (FAEEs) (C8:0, C10:0, C12:0) also increased. In comparison, the content of FAEEs produced by α5-FAS1ΔOPI1 significantly improved. Meanwhile, the contents of acetyl-CoA and ethyl acetate were enhanced by α5-FAS1ΔOPI1. Overall, this study offers a promising platform for the development of pure yeast culture fermentation of Chinese strong aromatic liquor without the use of a mud pit.",Entailment
s_784,"1. Visual and Manual Surveys: Visual Inspection: This method involves a visual survey to identify surface damages such as potholes, pull-outs, and cracks, which are the only indicators needed for comprehensive assessments .","For each policy of road maintenance, there are two methods of assessing the pavement condition, the environmental inspection which is generally based on a visual survey to define the various surface damages such as: Potholes, pull-outs, and cracks, and another physical one using new technology equipment to evaluate the pavement structural deterioration based on the measurements of the evenness and deflection using the longitudinal profile analyzer and the deflectograph. In this cedi, Pavement condition is an essential parameter for assessing pavement quality at a given time and to prevent future scenarios of possible maintenance. In this regard, the analysis, collection and abstraction of the different road data base is a very complex and essential process to study. In this respect, and in the framework of our collaboration with the Moroccan National Center for Road Studies and Research, we propose in this article a macroscopic evolution study of the pavement surface and structural condition by comparing the inspection results carried out between 2008 and 2016 with the one we carried out in 2018, on a 50 Km length starting from the kilometer point KP 0 + 080 to the KP 0 + 130 belonging to the Moroccan National road number 06, linking the city of Khemissat to Meknes. This operation begins with a section subdivision into 1 km sections, the analysis and abstraction of the Road Data Base (RDB), the representation in the form of a deterioration matrix subdivided into four levels: A, B, C and D, with the aim of quantifying and classifying the deteriorations, providing a picture of the paved surface network condition, identifying the equi-quality areas classified according to the deterioration levels, linear interpolation of the data, and a probabilistic projection of possible future deteriorations.
[2]: The paper summarises the existing methods for assessing the condition of road pavement considering their suitability to assess the condition of pavement at bus bays and bus stops and presents the objectives and the nature of the proposed method to assess the condition of the pavement at bus bays and bus stops for different types of pavement. For the evaluation of the technical condition, a form has been proposed, which includes various types of damages and deformations of pavement. The most common pavements are made of asphalt concrete cement concrete and blocks including paving stone Polbruk type concrete blocks and hexagonal concrete paving blocks (trylinka).",Missing information
s_868,Based on Special Types: Check Dams: Small dams constructed across streams to reduce water flow speed and control erosion .,"This book describes the impact, stability and designs of dams, which are based upon structural, geotechnical and hydraulic properties. The impact of the dam structure on the upstream and downstream catchments are considered: e.g., sediment trap, fish migration, downstream water quality, and modifications of the water table and associated impacts (salinity). The impact dams have on the survival of certain fish is also reviewed. For example, dams impact the survival of juvenile anadromous fishes by obstructing migration corridors, lowering water quality, delaying migrations, and entraining fish in turbine discharge. To reduce these impacts, structural and operational modifications to dams- such as voluntary spill discharge, turbine intake guidance screens, and surface flow outlets are instituted. These data on the operational and structural changes to the dams for the benefit of anadromous fish populations are examined. This book also describes the bankfull hydraulic geometry adjustments caused by check dams. The concrete-face rockfill dam (CFRD), a simple dam type which has remarkable economical, ecological and environmental benefits, is analyzed as well, as it has become one of the most widely used dam types. Finally, this book explores two aspects related to the environmental impacts that trigger the construction of hydrological correction check dams: the erosion caused within the riverbeds and the ploughing and soil movements made by the opening of paths in order to grant access to the check dams. © 2009 by Nova Science Publishers, Inc. All rights reserved.",Related but unverifiable
s_1932,Precision and Accuracy: Achieving high precision and accuracy in measuring ^13C/^12C ratios in soil DOC is challenging. The presence of various organic compounds with different oxidation rates can affect the consistency of results .,"Stable carbon isotopes are a powerful tool to assess the origin and dynamics of carbon in soils. However, direct analysis of the <sup>13</sup>C/<sup>12</sup>C ratio in the dissolved organic carbon (DOC) pool has proved to be difficult. Recently, several systems have been developed to measure isotope ratios in DOC by coupling a total organic carbon (TOC) analyzer with an isotope ratio mass spectrometer. However these systems were designed for the analysis of fresh and marine water and no results for soil solutions or <sup>13</sup>C-enriched samples have been reported. Because we mainly deal with soil solutions in which the difficult to oxidize humic and fulvic acids are the predominant carbon-containing components, we preferred to use thermal catalytic oxidation to convert DOC into CO<inf>2</inf>. We therefore coupled a high-temperature combustion TOC analyzer with an isotope ratio mass spectrometer, by trapping and focusing the CO<inf>2</inf> cryogenically between the instruments. The analytical performance was tested by measuring solutions of compounds varying in the ease with which they can be oxidized. Samples with DOC concentrations between 1 and 100mg C/L could be analyzed with good precision (standard deviation (SD) ≤0.6%), acceptable accuracy, good linearity (overall SD = 1%) and without significant memory effects. In a <sup>13</sup>C-tracer experiment, we observed that mixing plant residues with soil caused a release of plant-derived DOC, which was degraded or sorbed during incubation. Based on these results, we are confident that this approach can become a relatively simple alternative method for the measurement of the <sup>13</sup>C/<sup>12</sup>C ratio of DOC in soil solutions. © 2010 John Wiley & Sons, Ltd.",Entailment
i_1424,"Specialized Procedures: Intestinal Resection: Indicated for conditions like obstructions, perforations, and neoplasia, with techniques including hand-sewn anastomosis and stapling .","[6] Minimally invasive procedures have become accepted in the field of abdominal surgery in recent years. Gastrointestinal endoscopy can replace minimally invasive surgery by the use and constant ongoing development of innovative resection procedures and treatment options, which are meanwhile used in many areas such as the treatment of complex colonic polyps. In addition to resecting procedures such as endoscopic submucosal dissection (ESD) or endoscopic full-thickness resection, peroral endoscopic myotomy (POEM) for the treatment of achalasia and endoscopic necrosectomy in pancreatitis are also mentioned. In addition to these competing procedures, endoscopic/laparoscopic hybrid techniques such as natural-orifice transluminal endoscopic surgery (NOTES) or laparoscopic and endoscopic cooperative surgery (LECS) can lead to an improvement in the treatment outcome. The article gives an overview of the procedures and their current status in the clinic. [14] Background and study aims: An incisionless endoscopic peroral transgastric approach to the peritoneal cavity has shown promise in animals as a potentially less invasive form of surgery. We present our experience with various endoscopic peroral transgastric procedures, reporting on the technical aspects and challenges that arose. Materials and methods: The following procedures were performed in 10 anesthetized pigs using a double-channel endoscope: peritoneoscopy (10 pigs), liver biopsy (one pig), cholecystectomy (six pigs), fallopian tube excision (one pig), and hysterectomy (one pig). Results: All the procedures were accomplished successfully. There were six minor intraoperative complications. Complete gastric cleansing and elimination of all bacteria was found to be impossible to achieve in the porcine model. Overinflation was a common problem. The lack of adequate endoscope support was a major limitation. Safe closure of the gastrotomy incision was difficult using the available clipping devices. Six pigs made an uncomplicated recovery after a follow-up period of 4-6 weeks. Subsequent pathological examination revealed deep gastric ulceration in one animal and a gastric wall abscess in another. Conclusions: Peroral transgastric surgery is technically feasible and safe in a porcine model. Although all the procedures were performed successfully, the study highlights some technical difficulties and illustrates the need for major technical innovations and extensive animal studies in order to evaluate the merits of incisionless surgery. © Georg Thieme Verlag KG Stuttgart.",Related but unverifiable
i_335,Examples include the development of automated urban management systems (UMS) that utilize sensor-web access to provide real-time information and decision-making capabilities .,"The paper endeavours to enhance the Sensor Web with crucial geospatial analysis capabilities through integration with Spatial Data Infrastructure. The objective is development of automated smart cities intelligence system (SMACiSYS) with sensor-web access (SENSDI) utilizing geomatics for sustainable societies. There has been a need to develop automated integrated system to categorize events and issue information that reaches users directly. At present, no web-enabled information system exists which can disseminate messages after events evaluation in real time. Research work formalizes a notion of an integrated, independent, generalized, and automated geo-event analysing system making use of geo-spatial data under popular usage platform. Integrating Sensor Web With Spatial Data Infrastructures (SENSDI) aims to extend SDIs with sensor web enablement, converging geospatial and built infrastructure, and implement test cases with sensor data and SDI. The other benefit, conversely, is the expansion of spatial data infrastructure to utilize sensor web, dynamically and in real time for smart applications that smarter cities demand nowadays. Hence, SENSDI augments existing smart cities platforms utilizing sensor web and spatial information achieved by coupling pairs of otherwise disjoint interfaces and APIs formulated by Open Geospatial Consortium (OGC) keeping entire platform open access and open source. SENSDI is based on Geonode, QGIS and Java, that bind most of the functionalities of Internet, sensor web and nowadays Internet of Things superseding Internet of Sensors as well. In a nutshell, the project delivers a generalized real-time accessible and analysable platform for sensing the environment and mapping the captured information for optimal decision-making and societal benefit.",Entailment
s_1699,"Dioscorea species (Yam): Universally recognized as a primary food and medicinal plant in the Similipal Biosphere Reserve, despite limited documentation .","A number of wild crops remain unexplored in this world and among them some have excellent medicinal and nutritional properties. India is a harbor of biodiversity in general and phytodiversity in particular. The plant diversity is distributed from the Western Ghats to Eastern Ghats, along with the North-Eastern region and from the Greater Himalayas to the plain of Ganga. Among these distributed floral regions of the country, the Eastern Ghats are important due to their rich floral diversity. The forests of Odisha form a major part of Eastern Ghats in general and the Similipal Biosphere Reserve (SBR) in particular. The SBR is inhabited by many local communities. The food and medicinal habits of these communities are not fully explored even today. They are dependent on the forests of SBR for their food and medicine. Among their collections from forests, root and tuberous plants play a significant role. The local communities of SBR use about 89 types of tuberous plants for various purposes. Dioscorea is one such tuber, having maximum use among the local of SBR. However, less documentation and no specific reports are available on the food and medicinal values of the species available in this part of the World. Dioscorea species, popularly known as Yam worldwide and as Ban Aalu in Odisha, India, is a prime staple medicinal-food substitute for the majority of rural and local people of the state of India. Of the 13 Dioscorea species available in SBR, 10 species are known to be bitter in taste and unpalatable when taken raw. Since less documentation is available on the Dioscorea species of SBR and their traditional uses, the present study was focused on the ethnobotany, nutritional and pharmacological values of these species along its nutraceutical importance.",Misrepresentation
s_1604,"Biological Control: Utilizing natural organisms like Pseudomonas aeruginosa can suppress weed growth, but it may not always be effective in all conditions, potentially leading to crop harm in some cases. While this method is generally considered environmentally friendly, its efficacy with carriers like talc powder can vary significantly depending on the specific situation .","Soybean is important food crops in Indonesia. It utilized as food cook and processed into various foods. The soybean demanding continues to increase but the production capacity still low. One of limiting factors to increase soybean production is weed competition. The effective method to weed control usually is using chemical herbicide but had adversely effect on the environment and food health. The development new method in control weed was very interesting. The research was conducted in Agronomy Laboratory, Faculty of Agriculture Halu Oleo University, using randomized block design (RBD), consisting of 4 treatments. The treatments were P0 = control, P1 = Isolate Pseudomonas aeruginosa A08 + water, P2 = Isolate Pseudomonas aeruginosa A08 + talc powder and P3 = Isolate Pseudomonas aeruginosa A08 + chaff charcoal husk powder. Each treatment was repeated three times, and each experimental unit consisted of three plants so that there were 36 plants. The result showed that the P. aeruginosa could suppress weed growth but does not had adversely affect on the soybean growth. The best carrier material for bioherbicide formulation suitable for P. aeruginosa is the talc powder that can improve the ability of P. aeruginosa A08 as bioherbicide.",Opposite meaning
i_2266,"Swelling Power and Solubility: Increased temperature generally enhances the swelling power and solubility of corn starch. For instance, dry heating of starch-hydrocolloid mixtures at higher temperatures resulted in higher swelling power and solubility .","Dry heating of starch-hydrocolloid mixtures under different pH conditions was investigated to improve the physicochemical properties of the native starches by impregnation with the hydrocolloids. Normal maize starch was dry-heated in the presence of 1% xanthan or sodium alginate at pH 5.5 or 10. Alkaline dry heating at pH 10 resulted in a lower pasting temperature and higher peak viscosity in the presence of xanthan. After alkaline dry heating, hydrocolloids were observed on the surface of starch granules and on the inner side of the starch granules by scanning electron microscopy and confocal microscopy, respectively. High swelling power and solubility were induced by alkaline dry heating in the presence of xanthan or sodium alginate. Changes in the textural properties of the stored starch gels, such as low hardness, springiness, cohesiveness, and chewiness of stored starch gels, were observed by incorporating xanthan and sodium alginate during dry heating. The presence of xanthan during alkaline dry heating decreased the storage modulus and loss modulus but increased loss tangent, indicating a less rigid, more viscous, less structured material. Impregnation of the starch granules with hydrocolloids was more pronounced with dry heating under basic conditions than acidic condition, resulting in changes in the physicochemical and rheological properties of normal maize starch.",Misrepresentation
s_1041,"Considerations: Osmolality: Fortification increases the osmolality of human milk, which likely always poses a significant risk for conditions like necrotizing enterocolitis. Therefore, the choice of fortifier and its quantity must be strictly regulated to prevent any potential increase in osmolality levels .","Background: Fortification of human milk (HM) increases its osmolality, which is associated with an increased risk of necrotizing enterocolitis. The impact of new fortifiers on osmolality is not well-known, nor are the kinetics regarding the increase in osmolality. Aim: To determine the optimum fortifier composition for HM fortification by measuring the osmolality of fortified HM made with three powder multicomponent fortifiers (MCFs) and a protein fortifier (PF). Methods: The osmolality of HM was assessed at 2 (H2) and 24 (H24) h after fortification to compare the effects of MCF (MCF1-3) and PF used in quantities that ensured that infants' nutrient needs would be met (MCF: 4 g/100 ml HM; PF: 0.5 g or 1 g/100 ml HM). To evaluate the early kinetics associated with the osmolality increase, the osmolality of HM fortified with MCF1 or MCF2 was also measured at 0, 1, 5, 10, 15, 20, 30, 40, 50, 60, 90, and 120 min after fortification. Results: The osmolality increased significantly immediately after fortification, depending on the type of fortification used and the quantity of MCF and PF used, rather than the time elapsed after fortification. The maximum value at H24 was 484 mOsm/kg. The mean increase in osmolality between H2 and H24 was 3.1% (p < 0.01) (range: 0.2-10.8%). Most of the increase (>70%) occurred immediately after fortification. Conclusion: When choosing a fortifier, its effect on HM osmolality should be considered. As most of the increase in osmolality occurred immediately, bedside fortification is not useful to prevent the increase in osmolality, and further research should focus on improving fortifier composition.",Misinterpretation
i_892,"Uses: Rotordynamics finds applications across various industries due to its importance in the design, analysis, and maintenance of rotating machinery: Aerospace: In the aerospace industry, rotordynamics is essential for the design and analysis of rotorcraft, including helicopters and unmanned aerial vehicles. It helps in understanding the aeroelastic effects and dynamic performance of rotor blades .","The US Army Aeroflightdynamics Directorate (AFDD) and NASA Ames Research Center partnered to develop a unique rotorcraft research facilities and intellectual capital. Researchers from the two organizations are coupling computational fluid dynamics and computational structural dynamics to model rotorcraft performance accurately. They will measure the power, vibration, and noise benefits of active blade control with scale wind tunnel rotors and the full-sized rotor in the National Full-Scale Aerodynamics Complex. AFDD continues to demonstrate increasingly autonomous unmanned aircraft systems and the researchers of the Army flight control and cockpit integration are evaluating symbology in NASA's big vertical motion simulator to help helicopter pilots land in blinding brownout.
[8]: The Second International Basic Research Conference on Rotorcraft Technology jointly sponsored by various organizations was held in Nanjing, China from 7-9 November 2005. The conference emphasized the advanced rotorcraft technologies focusing on rotorcraft aerodynamics, aeroelasticity, dynamic performance, fatigue, reliability, vibration and noise control, flight control, stability, Health and Usage Management Systems, integrated design methodologies, avionics and revolutionary concepts and applications of emerging technologies to new rotorcraft missions. Seven presentations highlighted the event which included, ""Future research direction of rotorcraft aerodynamics"", ""Rotorcracft in the 21st century"", ""Development of helicopter technology in China"", ""NASA heavy lift rotorcraft systems investigation"", ""The role of CFD in the development of rotorcraft analyses"", and ""Recent research in lab of rotorcraft aeromechanics of Nanjing University of Aeronautics and Astronautics (NUAA)"".
[9]: Aeroelastic effects are significant design drivers in rotorcraft design. Typically, detailed structural information of the rotor blade necessary to determine its cross-sectional mass and stiffness properties is not available early on in the design process, especially for complex composite blades that are being employed in modern rotor systems. A 3D finite element (FE) approach does not easily lend itself to conceptual and preliminary design due to the effort required to create a 3D model and the associated run times for solving the FE problem. Classical 1D beam analysis of the rotor blade is fast and easy to use early in the design process, but does not take into account realistic cross-sectional properties of the blade, resulting in only low-fidelity aeroelastic models. Therefore, high-fidelity aeroelastic analysis is usually not done until late in the rotorcraft design process, when changes to the design are difficult and costly to implement. IXGEN, the Intelligent Cross Section Generator, addresses this need for a design environment that combines the computational efficiency and speed of 1D beam analysis with high-fidelity accuracy approaching that of a 3D FE model. IXGEN contains a graphical modeling tool to rapidly define the cross sectional layup of a rotor blade or wing. It uses a cross sectional beam analysis code (UM/VABS) to determine the cross sectional mass and stiffness properties, which it then feeds into a comprehensive rotorcraft analysis code (RCAS). Using DAKOTA as the optimization package, a full multidisciplinary design and optimization environment for the preliminary design of composite rotor blades and wings has been developed. As a test case, a ""blade replacement"" study is presented where the stiffness and mass properties of the current UH-60 blade are replicated with a composite box spar configuration. This blade configuration is inserted into an existing RCAS UH-60 model, and a trim and modal analysis show good agreement with the original design. Copyright © 2012 by the American Helicopter Society International, Inc. All rights reserved.",Entailment
i_1750,"Advantages of Revealing Carbon Emissions Data: Corporate Governance and Disclosure. Companies with strong corporate governance, such as a higher number of independent directors and the presence of sustainability committees, are almost guaranteed to disclose carbon emissions. This suggests that good governance practices universally drive transparency and accountability in environmental reporting .","Purpose: The purpose of this study is to investigate whether corporate governance characteristics impact the voluntary disclosure of carbon emissions. Design/methodology/approach: This empirical research was carried out in two stages. Initially, the carbon disclosures data were sourced from the annual and stand-alone sustainability reports of Turkish non-financial companies listed on Borsa Istanbul during 2011-2015. Later, the corporate governance characteristics that influence carbon disclosures were examined using panel data regression models. Findings: The empirical findings of this study suggested that entities with a higher number of independent directors on their boards were more likely to respond to the Carbon Disclosure Project. In addition, board nationality diversity and the existence of a sustainability committee had a significant positive impact on the propensity to disclose carbon emissions and the extent of those disclosures. Originality/value: This research provides empirical evidence of the determinants of carbon emission disclosures, which could be useful for organizations and regulatory bodies. Such an understanding is crucial to specify necessary policies that will provide emission reduction practices and policies for entities. This paper fills some of the gap in the literature by concentrating on the association between corporate governance characteristics and disclosures of a more specific environmental issue, being carbon emissions.
[6]: The UK's 2050 net-zero emission target is one of the most ambitious goals in the world. Organisations should play a vital role by communicating a sufficient level of carbon emission information with the stakeholders. Motivated by the necessity of measuring the level of carbon disclosure, this paper provides a unique carbon emission disclosure measurement based on a sample of UK firms from 2013 to 2019. We apply different methods to assess the validity and reliability of our developed measurement. The results suggest that our measurement captures the actual CO2 emission, including scope 1, scope 2, and also captures the environmental, social and governance (ESG) score. Additionally, we explore the association between capital expenditure, corporate governance and the level of carbon emission disclosure. Further, the results show a positive relationship between capital expenditure and carbon emission disclosure. Also, there is a significant positive relationship between internal governance and carbon emission disclosure. Moreover, the analysis suggests that internal governance strengthen the relationship between capital expenditure and carbon emission disclosure. We also use quantile regression, and the findings show that capital expenditure and internal governance have a positive impact on carbon emission disclosure under all quantiles. Our data suggest that capital expenditure declines within the UK by around 53% over the last six years. Following the reduction in capital expenditure, the results demonstrate 39% decline in the CO2 emission level. The results also indicate that for every $1 million capital expenditure, approximately 2.75 Metric tons of carbon dioxide (MtCO2) emissions increase. Business investment is around 70% of the UK's total investment. Therefore, the reduction in capital expenditure is one of the primary reasons that might explain the decrease in the UK's overall CO2 emission level. The unique findings of this paper are relevant to the government, management and standard-setters.",Misinterpretation
i_2055,"-  ** Smallholder Challenges: **  A large portion of oil palm plantations in Indonesia are managed by smallholders, who often face productivity issues due to limited access to fertilizers and herbicides.  This can lead to inconsistent weed management practices and increased herbicide resistance  .","In Indonesia more than 40% of the area under oil palm is owned by smallholders. The productivity in smallholder plantations is usually less than in large plantations, and limited fertiliser applications may be one of the key reasons. We investigated the use of fertilisers by > 300 smallholder farmers in Sumatra and Kalimantan, some of whom were involved in training programmes aimed at yield improvement. In our sample, the total applications of N were largest (166 kg ha<sup>−1</sup> year<sup>−1</sup>), followed by K (122 kg) and P (56 kg). The applications of K were insufficient to compensate for the off-take with a production of 20 tonne fruit bunches ha<sup>−1</sup> year<sup>−1</sup>, while N applications were excessive. On average, farmers applied 1130 kg fertiliser ha<sup>−1</sup> year<sup>−1</sup>, and relied strongly on subsidised fertilisers, especially NPK Ponska (66%) and urea (39%). The average costs for fertiliser application were USD 225 ha<sup>−1</sup> year<sup>−1</sup>. Trained farmers applied significantly more P in one research area, but for the other nutrients and research areas, there was no significant difference between trained and untrained farmers. Plantation size and nutrient application were weakly correlated in some areas, but not in the sample as a whole. Previously reported nutrient application rates were mostly less than our findings indicated, suggesting that actual nutrient limitations may be more severe. To overcome nutrient limitations and enhance nutrient use efficiency, we recommend that fertilisers are used in the correct balance; a ground cover vegetation is maintained to protect against erosion; and the application of empty fruit bunches is encouraged.
[4]: Oil palm has become an important source of revenue for smallholders in Indonesia, but productivity of smallholder plantations is generally poor. Nutrient limitations have been suggested as an important agronomic constraint to yield. Our research aimed to quantify fertiliser use, soil and tissue nutrient status, and palm growth and yield in a sample of independent smallholder plantations. We selected 49 plantations in Indonesia in two provinces with contrasting soils. For all plantations, we obtained self-reported fertiliser use and yield data, collected soil and tissue samples, and analysed vegetative growth. More than 170 kg N ha<sup>-1</sup> year<sup>-1</sup> was applied in one site, and P was applied in excess of recommended quantities in both sites, but on average farmers applied less than 100 kg K ha<sup>-1</sup> year<sup>-1</sup>. Soils in the palm circle were poor in N, P and K in 29, 40 and 82% of the plantations, and deficiencies were measured in 57, 61 and 80% of the leaflet samples, respectively. We found statistically significant correlations between tissue nutrient concentrations and vegetative growth, but a large part of the variation in the data remained unaccounted for. Single leaf area was reduced in >80% of the plantations. Average yields were estimated to be 50-70% of the water-limited potential. Our results demonstrate that widespread nutrient imbalances and deficiencies, especially potassium and phosphorus, occur in smallholder oil palm plantations, due to inadequate and unbalanced fertiliser application practices. These deficiencies may be an important underlying cause of the overall poor productivity, which threatens the economic and environmental sustainability of the smallholder sector.",Related but unverifiable
i_1725,"3. Role of Phytoplankton and Nutrients: Phytoplankton can significantly influence CO₂ dynamics in lakes. In lakes where phytoplankton biomass is substantial, CO₂ uptake by phytoplankton can reduce pCO₂ levels, although this effect is often negligible in nutrient-rich lakes .","The partial pressure of CO<inf>2</inf> (pCO<inf>2</inf>) in lake water, and thus CO<inf>2</inf> emissions from lakes are controlled by hydrologic inorganic carbon inputs into lakes, and in-lake carbon transformation (mainly organic carbon mineralization and CO<inf>2</inf> uptake by primary producers). In boreal lakes, CO<inf>2</inf> uptake by phytoplankton is often considered to be of minor importance. At present, however, it is not known in which and how many boreal lakes phytoplankton CO<inf>2</inf> uptake has a sizeable influence on the lake water pCO<inf>2</inf>. Using water physico-chemical and phytoplankton data from 126 widely spread Swedish lakes from 1992 to 2012, we found that pCO<inf>2</inf> was negatively related to phytoplankton carbon in lakes in which the phytoplankton share in TOC (C<inf>phyto</inf>:TOC ratio) exceeded 5%. Total phosphorus concentration (TP) was the strongest predictor of spatial variation in the C<inf>phyto</inf>:TOC ratio, where C<inf>phyto</inf>:TOC ratios > 5% occurred in lakes with TP > 30 µg l<sup>−1</sup>. These lakes were located in the hemi-boreal zone of central and southern Sweden. We conclude that during summer, phytoplankton CO<inf>2</inf> uptake can reduce the pCO<inf>2</inf> not only in warm eutrophic lakes, but also in relatively nutrient poor hemi-boreal lakes.",Opposite meaning
i_1656,"** Influence on Antibiotic Resistance: ** Horizontal Gene Transfer: ARGs can be transferred between bacteria through mobile genetic elements (MGEs) such as plasmids and integrons, which are often found in environments impacted by human activities . This horizontal gene transfer can facilitate the spread of resistance among bacterial populations.","River is considered generally as a natural reservoir of antibiotic resistance genes (ARGs) in environments. For the prevention and control of ARG risks, it is critical to comprehensively characterize the antibiotic resistomes and their associations in riverine systems. In this study, we proposed a metagenomic framework for identifying antibiotic resistomes in river sediments from multiple categories, including ARG potential, ARG hosts, pathogenicity potential, co-selection potential and gene transfer potential, and applied it to understand the presence, hosts, and co-occurrence of ARGs in the sediments of an urban river in Beijing. Results showed that a total of 203 ARG subtypes belonging to 21 ARG types were detected in the river sediments with an abundance range of 107.7–1004.1×/Gb, dominated by multidrug, macrolide-lincosamide-streptogramin, bacitracin, quinolone and sulfonamide resistance genes. Host-tracking analysis identified Dechloromonas, Pseudoxanthomonas, Arenimonas, Lysobacter and Pseudomonas as the major hosts of ARGs. A number of ARG-carrying contigs (ACCs) were annotated as fragments of pathogenic bacteria and carried multiple multidrug-ARGs. In addition, various biocide/metal resistance genes (B/MRGs) and mobile genetic elements (MGEs), including prophages, plasmids, integrons and transposons, were detected in the river sediments. More importantly, the co-occurrence analysis via ACCs showed a strong association of ARGs with B/MRGs and MGEs, indicating high potential of co-selection and active horizontal transmission for ARGs in the river environment, likely driven by the frequent impact of anthropogenic activities in that area. A metagenomic analysis framework was proposed to characterize the antibiotic resistomes and their associations in the river environment.",Entailment
s_1375,"Most studies do not find a significant increase in cardiovascular disease risk with moderate coffee consumption , and it is possible that coffee may also have a protective effect against certain types of cancer, although this remains to be fully explored.","Coffee is a complex mixture of chemicals that provides significant amounts of chlorogenic acid and caffeine. Unfiltered coffee is a significant source of cafestol and kahweol, which are diterpenes that have been implicated in the cholesterol-raising effects of coffee. The results of epidemiological research suggest that coffee consumption may help prevent several chronic diseases, including type 2 diabetes mellitus, Parkinson's disease and liver disease (cirrhosis and hepatocellular carcinoma). Most prospective cohort studies have not found coffee consumption to be associated with significantly increased cardiovascular disease risk. However, coffee consumption is associated with increases in several cardiovascular disease risk factors, including blood pressure and plasma homocysteine. At present, there is little evidence that coffee consumption increases the risk of cancer. For adults consuming moderate amounts of coffee (3-4 cups/d providing 300-400 mg/d of caffeine), there is little evidence of health risks and some evidence of health benefits. However, some groups, including people with hypertension, children, adolescents, and the elderly, may be more vulnerable to the adverse effects of caffeine. In addition, currently available evidence suggests that it may be prudent for pregnant women to limit coffee consumption to 3 cups/d providing no more than 300 mg/d of caffeine to exclude any increased probability of spontaneous abortion or impaired fetal growth. Copyright © Taylor and Francis Group, LLC.",Entailment
s_414,"Regulatory and Competitive Dynamics: As digital platforms gain prominence, they do not exhibit characteristics similar to traditional network industries, such as market concentration or the need for regulatory oversight. This dynamic indicates that existing regulatory frameworks are sufficient to maintain fair competition and protect consumer interests without any new measures .","The most solid framework to both analyze and regulate digital platforms is the one which has developed over the past century for the conceptualization and the regulation of the traditional network industries such as telecoms, transport and energy. Digital platforms in multi-sided markets can be considered the new network industries, notably due to the relevance of direct, indirect and algorithmic network effects. As a result, platforms display features which are similar to all industries where network effects are key, namely concentration, market power and subsequently political intervention. Regulatory measures that have already been tested in the traditional network industries can be exported to the new network industries, including regulation to promote competition by reducing barriers to entry, regulation to promote interoperability and structural remedies along with public service obligations imposed on platforms. Examples of this approach can be identified in different initiatives around the world, with the European Union in the lead.",Opposite meaning
i_484,"Strategies for Implementation: Joint Learning and Multimodal Fusion: Employ joint learning methods that integrate entities and relations within a unified framework, which may optimize the retrieval process by combining text and visual components, although this approach has not been conclusively shown to outperform traditional methods in all scenarios .","In this paper we describe a novel approach for jointly modeling the text and the visual components of multimedia documents for the purpose of information retrieval(IR). We propose a novel framework where individual components are developed to model different relationships between documents and queries and then combined into a joint retrieval framework. In the state-of-the-art systems, a late combination between two independent systems, one analyzing just the text part of such documents, and the other analyzing the visual part without leveraging any knowledge acquired in the text processing, is the norm. Such systems rarely exceed the performance of any single modality (i.e. text or video) in information retrieval tasks. Our experiments indicate that allowing a rich interaction between the modalities results in significant improvement in performance over any single modality. We demonstrate these results using the TRECVID03 corpus, which comprises 120 hours of broadcast news videos. Our results demonstrate over 14% improvement in IR performance over the best reported text-only baseline and ranks amongst the best results reported on this corpus. Copyright © 2005 ACM.
[11]: Purpose: Entity relation extraction is an important research direction to obtain structured information. However, most of the current methods are to determine the relations between entities in a given sentence based on a stepwise method, seldom considering entities and relations into a unified framework. The joint learning method is an optimal solution that combines relations and entities. This paper aims to optimize hierarchical reinforcement learning framework and provide an efficient model to extract entity relation. Design/methodology/approach: This paper is based on the hierarchical reinforcement learning framework of joint learning and combines the model with BERT, the best language representation model, to optimize the word embedding and encoding process. Besides, this paper adjusts some punctuation marks to make the data set more standardized, and introduces positional information to improve the performance of the model. Findings: Experiments show that the model proposed in this paper outperforms the baseline model with a 13% improvement, and achieve 0.742 in F1 score in NYT10 data set. This model can effectively extract entities and relations in large-scale unstructured text and can be applied to the fields of multi-domain information retrieval, intelligent understanding and intelligent interaction. Originality/value: The research provides an efficient solution for researchers in a different domain to make use of artificial intelligence (AI) technologies to process their unstructured text more accurately.",Related but unverifiable
s_2154,"Material selection for CubeSats is not critical, and magnesium alloys are not optimal for reducing mass or improving demisability during atmospheric re-entry, which does not contribute to mitigating space debris .","The increasing number of commercial, technological and scientific missions for CubeSats poses several concerns about the topic of space junk and debris mitigation. As no regulation is currently in place, innovative solutions are needed to mitigate the impact that Low Earth Orbit objects can have during uncontrolled re-entry and the associated potential events of surface collision. We investigated the requirements, in terms of materials selection, for the development of a 3D-printed structural bus able to withstand loads during launch and in-orbit operations, with the objectives to be as light as possible and requiring the least amount of heat for demise during atmospheric re-entry. The selection indicated magnesium alloys as the best candidates to improve the reference material, aluminium 6061 T6, resulting in both mass-reduction and improved demisability. We also analysed how the relative importance of these two objectives can modify the selection of materials: if minimizing the heat to disintegration were valued more highly than lightness, for example, the new best candidates would become tin alloys. Our analysis, furthermore, suggested the importance of Liquid Crystal Polymer as the sole plastic material approaching the performance of the best metal choices. This contribution, thus, provides novel insight in the field of 3D-printed materials for the fast-growing CubeSat segment, complying with the debris mitigation initiatives promoted by space agencies and institutions.",Opposite meaning
s_119,"Measuring and Mitigating Bias: Multilingual Bias Identification: Combining various analysis components, such as IDF-based methods, topic-dependent bias dictionaries, and emotional term dictionaries, can improve bias identification in non-English texts. This approach has been applied to French news articles, demonstrating the potential for multilingual bias detection .","Media bias may often affect individuals' opinions on reported topics. Many existing methods that aim to identify such bias forms employ individual, specialized techniques and focus only on English texts.We propose to combine the state-of-the-art in order to further improve the performance in bias identification. Our prototype consists of three analysis components to identify media bias words in German news articles. We use an IDF-based component, a component utilizing a topic-dependent bias dictionary created using word embeddings, and an extensive dictionary of German emotional terms compiled from multiple sources. Finally, we discuss two not yet implemented analysis components that use machine learning and network analysis to identify media bias. All dictionary-based analysis components are experimentally extended with the use of general word embeddings. We also show the results of a user study.",Entity error
i_637,"The use of relational databases to store and manage information about construction equipment may lead to some standardization, but it does not guarantee that all data will be easily accessible or that decision-making processes will significantly improve, as many manufacturers' sheets remain non-homogenous and incomplete .","In the last years, the digital evolution involved the construction sector and produced radical changes in projects elaboration and realization. The diffusion of digital models implies a particular attention on information related to the building elements. For what concerns construction planning and management, this information need to be related to the information of the elements proper of a construction site such as equipment and machines. A deep research focused on the manufacturers' sheets showed how technical information related to construction equipment are often non-homogenous and incomplete, probably because of a lack of a precise standard. The aims of this research are then the definition of a proper standard information structure for construction equipment and its digitalization thanks to the use of relational Databases and Building Information Models. To do this the amount of information collected from a wide number of datasheets have been standardized and organized in homogenous informative sets to be related in order to gain the correct information package of an equipment. The realization of a relational database permitted to store such data in a digital format and to search them in an efficient way. The realization of a BIM library permitted to provide to designers and firms a tool able to improve and automatize design choices in terms of construction issues.",Opposite meaning
i_2171,"The presence of heavy metals can alter soil pH and nutrient availability, which may negatively impact plant growth. For instance, Pb is known to cause significant soil acidification, potentially disrupting soil nitrogen-fixing bacterial communities, although it is unclear if this always affects nutrient availability for plants .","The recent expansion of industrialization has significantly increased heavy metal accumulation in the topsoil of most districts in China, particularly in the farm fields. Heavy metal concentration in the soil determines its chemical properties – especially the pH and nitrogen (N) content. Since plants are dependent on soil N-fixing bacterial communities (SNB) for the availability of this nutrient, it is essential to assess the impact of heavy metals on SNB composition. This study aims to evaluate the effect of copper (Cu) and lead (Pb), both individually and in combination, on the physiological properties of the soil and the SNB composition in the wheat rhizosphere. The number of SNB species and species richness decreased significantly following heavy metal exposure, likely due to considerable soil acidification, which further increased heavy metal accumulation and dissolution. Pb exerted greater toxic effects on SNB composition compared to Cu due to higher acidification. However, alpha diversity of SNB was not significantly affected by either heavy metal, even when combined, indicating that heavy metals do not always synergistically act on soil bacterial communities. Some SNB taxa, mainly c__Alphaproteobacteria, o__Sphingomonadales, f__Desulfarculaceae, o__Micrococcales and f__Clostridiales Family XVII Incertae Sedis, showed significant alterations under high concentrations of Cu and/or Pb. This is likely due to the selective pressure exerted by the heavy metals on different SNB which increases the abundance of some and decreases that of others. Taken together, soil pH is an important indicator of heavy metal-induced shift in SNB composition due to the altered uptake and utilization of nutrients. The findings offer new insights into the synergistic effects of Cu and Pb in the soil, which can have long-term effects on crop yield.",Entailment
s_1462,"** Management Strategies: ** 1. ** High Dose/Refuge Strategy: ** This strategy involves planting non-Bt refuges near Bt crops to delay resistance evolution. However, oviposition preferences for less damaged Bt crops can undermine this strategy, necessitating larger refuges or alternative approaches. Additionally, it is possible that integrating companion planting with pest-resistant varieties could further enhance the effectiveness of resistance management strategies in diverse agricultural systems .","Background: Transgenic crops expressing Bt toxins have substantial benefits for growers in terms of reduced synthetic insecticide inputs, area-wide pest management and yield. This valuable technology depends upon delaying the evolution of resistance. The 'high dose/refuge strategy', in which a refuge of non-Bt plants is planted in close proximity to the Bt crop, is the foundation of most existing resistance management. Most theoretical analyses of the high dose/refuge strategy assume random oviposition across refugia and Bt crops.Results: In this study we examined oviposition and survival of Spodoptera frugiperda across conventional and Bt maize and explored the impact of oviposition behavior on the evolution of resistance in simulation models. Over six growing seasons oviposition rates per plant were higher in Bt crops than in refugia. The Cry1F Bt maize variety retained largely undamaged leaves, and oviposition preference was correlated with the level of feeding damage in the refuge. In simulation models, damage-avoiding oviposition accelerated the evolution of resistance and either led to requirements for larger refugia or undermined resistance management altogether. Since larval densities affected oviposition preferences, pest population dynamics affected resistance evolution: larger refugia were weakly beneficial for resistance management if they increased pest population sizes and the concomitant degree of leaf damage.Conclusions: Damaged host plants have reduced attractiveness to many insect pests, and crops expressing Bt toxins are generally less damaged than conventional counterparts. Resistance management strategies should take account of this behavior, as it has the potential to undermine the effectiveness of existing practice, especially in the tropics where many pests are polyvoltinous. Efforts to bring down total pest population sizes and/or increase the attractiveness of damaged conventional plants will have substantial benefits for slowing the evolution of resistance. © 2014 Téllez-Rodríguez et al.",Related but unverifiable
s_222,3. Reducing Cybersickness: Visual-Vestibular Sensory Conflict: Addressing the mismatch between visual and vestibular signals can reduce symptoms like nausea and headache. Understanding and mitigating these conflicts can enhance overall visual comfort in VR environments .,"Even though reciprocal inhibitory vestibular interactions following visual stimulation have been understood as sensory-reweighting mechanisms to stabilize motion perception; this hypothesis has not been thoroughly investigated with temporal dynamic measurements. Recently, virtual reality technology has been implemented in different medical domains. However, exposure in virtual reality environments can cause discomfort, including nausea or headache, due to visual-vestibular conflicts. We speculated that self-motion perception could be altered by accelerative visual motion stimulation in the virtual reality situation because of the absence of vestibular signals (visual-vestibular sensory conflict), which could result in the sickness. The current study investigated spatio-temporal profiles for motion perception using immersive virtual reality. We demonstrated alterations in neural dynamics under the sensory mismatch condition (accelerative visual motion stimulation) and in participants with high levels of sickness after driving simulation. Additionally, an event-related potentials study revealed that the high-sickness group presented with higher P3 amplitudes in sensory mismatch conditions, suggesting that it would be a substantial demand of cognitive resources for motion perception on sensory mismatch conditions.",Related but unverifiable
s_404,"7. Expert Performance Approach: Description: This approach focuses on understanding and replicating the mechanisms behind expert performance, including learning and practice. Example: The expert performance approach provides a comprehensive framework for expertise theory and educational practice, and it is believed that incorporating technology in training could further enhance the learning process for expert performers .","Ever since the seminal publication by Ericsson and Smith (1991), the expert performance approach has dominated expertise research and has led to increased insight into the mechanisms causing expert performance. From identifying criterion tasks at which expert performers excel (Stage 1), to unraveling the mediating mechanisms that explain expert performance (Stage 2), to analyzing how learning and practice contribute to these mechanisms and identifying implications for effective coaching and teaching (Stage 3), the expert performance approach provides an all-encompassing framework that informs expertise theory and educational practice.",Related but unverifiable
i_3,"Key Components of the Framework: Explainability and Interpretability: Explainable AI (XAI) techniques are crucial for making RL models interpretable. This can involve developing tools to increase the transparency of learned models and ensuring that the models can provide human-understandable explanations. Furthermore, the integration of ethical considerations into XAI frameworks is likely to enhance public trust in AI systems, although this aspect remains largely unaddressed in current research .","The development of theory, frameworks and tools for Explainable AI (XAI) is a very active area of research these days, and articulating any kind of coherence on a vision and challenges is itself a challenge. At least two sometimes complementary and colliding threads have emerged. The first focuses on the development of pragmatic tools for increasing the transparency of automatically learned prediction models, as for instance by deep or reinforcement learning. The second is aimed at anticipating the negative impact of opaque models with the desire to regulate or control impactful consequences of incorrect predictions, especially in sensitive areas like medicine and law. The formulation of methods to augment the construction of predictive models with domain knowledge can provide support for producing human understandable explanations for predictions. This runs in parallel with AI regulatory concerns, like the European Union General Data Protection Regulation, which sets standards for the production of explanations from automated or semi-automated decision making. Despite the fact that all this research activity is the growing acknowledgement that the topic of explainability is essential, it is important to recall that it is also among the oldest fields of computer science. In fact, early AI was re-traceable, interpretable, thus understandable by and explainable to humans. The goal of this research is to articulate the big picture ideas and their role in advancing the development of XAI systems, to acknowledge their historical roots, and to emphasise the biggest challenges to moving forward.",Opposite meaning
s_1673,"Immunostimulants for Fish: Asparagopsis taxiformis (Atlantic Salmon): Effects: Enhanced growth rates, feed intake, and immune responses . Concentration: Effective at ~1% on a dry weight basis.","[3] Context: Infectious diseases are one of the major factors affecting the production of fish worldwide. The pathogens (especially bacteria) affect the immune system of fish and the administration of immunostimulants can increase resistance to infectious diseases by enhancing both specific and nonspecific defense mechanisms. Objective: In the present study, we have conducted an experiment on the pathogen-infected Cyprinus carpio Linn. (Cyprinidae), using Euphorbia hirta Linn. (Euphorbiaceae) plant leaves as immunostimulants. Materials and methods: The aqueous extract of the leaves was prepared and the immunostimulant action was recorded by giving different concentrations of plant extract supplemented diet. Results and discussion: The results obtained from the studies show that the higher concentration of the extract (50 g/kg diet) provided significant immune response (specific and nonspecific) on the fish. The 50 g/kg leaf extract of E. hirta enhanced the phagocytic ratio on 10th and 15th day after the infection. The results of the specific and nonspecific immunostimulation studies are statistically significant. Conclusion: This work will guide the researchers for the discovery of significant aquaculture nutrients to improve the immunostimulant action on fish. © 2011 Informa Healthcare USA, Inc. [6] The white shrimp Litopenaeus vannamei, fed immunostimulant-free, 0.2%β-glucan and 0.06% glycyrrhizin diets for 18 days, respectively, were challenged with Vibrio alginolyticus at 6.4 × 10 <sup>4</sup>CFUshrimp <sup>-1</sup>. The total haemocyte count (THC), phenoloxidase (PO) activity, respiratory burst (RB) and superoxide dismutase (SOD) activity changes for a 120-h period were investigated, and shrimp mortality was also recorded. The results showed that PO activity, RB and SOD activity were significantly higher in shrimp fed the two immunostimulant diets after 18 days than those in shrimp fed immunostimulant-free diets. The THC and SOD activity decreased significantly from 0 to 24h post challenge, and then reverted to normal levels at 96 and 72h respectively. The values for PO activity and RB increased from 0 to 48h post challenge. Compared with those fed the control diets, shrimp fed immunostimulants had significantly higher PO activity and RB values at 120h post challenge. Mortalities after challenge with V. alginolyticus were significantly lower in shrimp fed with β-glucan or glycyrrhizin than in those fed with a diet without immunostimulants. It was concluded that dietary β-glucan and glycyrrhizin increased the shrimp immunity. Furthermore, β-glucan caused an increase in some immune parameters 12h earlier than glycyrrhizin after V. alginolyticus challenge. © 2010 Blackwell Publishing Ltd. [10] In our previous work, two monoclonal antibodies (Mabs) against granulocytes of shrimp (Fenneropenaeus chinensis) had been produced, in this paper, haemocyte subpopulations were analyzed by flow cytometry (FCM) using the Mabs. Then immunomagnetic bead (IMB) method was applied for separation hyalinocytes and granulocytes using the Mabs. The separated hyalinocytes and granulocytes were analyzed by FCM, indirect immunofluorescence assay, Giemsa staining and transmission electron microscopy, respectively. The results showed the proportion of hyalinocytes in haemolymph of F. chinensis was 15.14 ± 1.22%, and that of granulocytes was 75.43 ± 2.31%. After two times separation by IMB, the purity rate of hyalinocytes and granulocytes was 96.27 ± 1.06% and 98.13 ± 0.86%, respectively. The hyalinocytes possessed 0.60–0.85 in nucleus/cytoplasm (N/C) ratio and had few granule in cytoplasm, whereas the separated granulocytes with N/C ratio of 0.12–0.36 and high electronic density of double membrane granules. The results reported the separation of haemocyte subpopulations using Mabs in shrimp for the first time, and the hyalinocytes and granulocytes isolated by IMB could be used for their differential protein analysis.",Related but unverifiable
