ID,claim_clean,reference_clean,predict
i_1954,"Economic Sustainability: Digital Transformation: ICT plays a pivotal role in the digital transformation of organizations, which can lead to economic sustainability. However, the implementation of enterprise architecture (EA) in developing countries is often deemed ineffective due to cultural and resource constraints, suggesting that digital transformation may not be achievable in these contexts . Successful digital transformation requires a deep understanding of these local contexts.","Information and communication technology (ICT) is crucial for enhancing organisations' economic, environmental, and social sustainability, while Enterprise Architecture (EA) supports developing and managing organisational ICT resources. However, since established EA standards and frameworks are primarily deployed in the context of developed countries, there is a need to understand the unique cultural, institutional, and resource constraints developing countries face in implementing EA. This empirical study investigates EA's current practices and challenges in developing countries, specifically Bangladesh, to support sustainable digital transformation. The research contributes to the EA understanding and sustainable digital transformation through literature analysis and interviews with professionals from diverse industries. The findings highlight a lack of understanding of EA among organisations striving to integrate environment, social and governance (ESG) factors into sustainability and ICT deployments. This study offers implications to research and practice related to challenges in practising EA in developing countries to support digital transformation and sustainability.",Misrepresentation
s_1594,"Social Sustainability: Infrastructure and Services: While access to education, healthcare, and modern services is often mentioned as important, it is likely that these factors alone are sufficient to sustain rural communities and attract young people to agriculture without considering other influences .","Agricultural productivity has trebled in Australia over the last 50 years, suggesting that all is well in the heartland of agriculture - the inland rural communities around which much of our production is based. None the less in this chapter I sound a note of warning, arguing that an over-reliance on economic parameters as the only indicator of success will inevitably compromise the industry. Social sustainability is critically important to an industry that relies so heavily on farm families. Yet access to education, employment, health and welfare service and transport and telecommunications infrastructure is reducing the attractiveness of rural areas. Sustaining families and attracting young people into the industry are vital to its survival. In this chapter I introduce the notion of multifunctionality, a concept in favour outside Australia, as a way of valuing rural areas beyond their productive capacity. Thus when we assess the amenity, heritage and cultural value of rural areas we move beyond the notion of economics as determinant. The concept opens up the need for wider investment in human, institutional, environmental and social capital as ways of revitalizing rural communities and of ultimately ensuring the future viability of agriculture. © CAB International 2007. All rights reserved.",Opposite meaning
i_2194,"Key Components of Ecosystem-Based Aquaculture: Ecological Considerations: Environmental Monitoring: Continuous monitoring of environmental parameters and the use of models to predict the impacts of aquaculture on ecosystems are essential. Tools like qualitative network models (QNMs) can accurately predict all community-wide responses to changes in aquaculture practices, making them indispensable for any aquaculture operation .","Predicting the effects of aquaculture development for coastal ecosystems remains challenging, particularly for data-limited systems, and tools that account for complex ecological interactions are needed to support ecosystem approaches to aquaculture. Here, we used qualitative network models (QNMs) to examine the potential community effects of increasing bivalve aquaculture in South Puget Sound, a large estuarine system in Washington, United States. QNMs are formalized conceptual models that require only a qualitative understanding of how variables composing a system interact (that is, the sign of interactions: +,-, and 0) and are therefore well-suited to data-limited systems. Specifically, we examined community-wide responses to scenarios in which bivalve cultivation effort increased for three different bivalve species (Manila clam Venerupis philippinarum, Pacific oyster Crassostrea gigas, and geoduck Panopea generosa). Further, we evaluated community-wide responses to the removal of benthic bivalve predators, a future increase in nutrient loadings, and combinations of these scenarios acting simultaneously. The scenarios enabled identification of potential trade-offs between increased aquaculture and shifts in the abundance of community members and assessment of the possible effects of different management actions. We also analysed the QNM to identify key interactions that influence the sign outcome of community responses to press perturbations, highlighting potential points for management intervention and linkages deserving of more focused quantitative study. QNMs are mathematically robust and highly flexible, but remain underutilized. We suggest that they may serve as valuable tools for supporting ecosystem approaches to aquaculture.",Misinterpretation
s_1906,"Social and Ecological Integration: Community Engagement: Effective restoration does not require engaging local communities and socio-political barriers are easily overcome. Technical advancements have eliminated challenges such as poor governance, ineffective funding, and lack of community engagement, making them insignificant obstacles .","This commentary uses the experience of attending the ""Multidisciplinary Scientific Conference on Forestry-related Policy and Governance"" to contrast the lack of progress with socio-political-economic aspects of forest conservation/restoration with the technical advancements that have been achieved over recent decades. The social problems raised during this conference were almost identical to those addressed by similar conferences 20-30 years ago, including poor governance, ineffective funding mechanisms, failure to engage local communities and poor communication between scientists and policy makers. Recent developments, such as REDD+, were dismissed as largely ineffective, with no consensus on effective solutions. In contrast, over the same time frame, forest ecologists have succeeded in developing effective techniques that have largely overcome the technical barriers to restoring forest ecosystems that existed 30 years ago, such as accelerated natural regeneration, the framework species method, applied nucleation etc. A global study is called for on the extent to which existing science-policy interface mechanisms succeed or fail to increase forest cover and related products and services to stakeholders, so that existing socio-political barriers to forest conservation/restoration can be removed, as the technical barriers have been.
[7]: Developing and strengthening a more mutualistic relationship between the science of restoration ecology and the practice of ecological restoration has been a central but elusive goal of SERI since its inaugural meeting in 1989. We surveyed the delegates to the 2009 SERI World Conference to learn more about their perceptions of and ideas for improving restoration science, practice, and scientist/practitioner relationships. The respondents' assessments of restoration practice were less optimistic than their assessments of restoration science. Only 26% believed that scientist/practitioner relationships were ""generally mutually beneficial and supportive of each other,"" and the ""science-practice gap"" was the second and third most frequently cited category of factors limiting the science and practice of restoration, respectively (""insufficient funding"" was first in both cases). Although few faulted practitioners for ignoring available science, many criticized scientists for ignoring the pressing needs of practitioners and/or failing to effectively communicate their work to nonscientists. Most of the suggestions for bridging the gap between restoration science and practice focused on (1) developing the necessary political support for more funding of restoration science, practice, and outreach; and (2) creating alternative research paradigms to both facilitate on-the-ground projects and promote more mutualistic exchanges between scientists and practitioners. We suggest that one way to implement these recommendations is to create a ""Restoration Extension Service"" modeled after the United States Department of Agriculture's Cooperative Extension Service. We also recommend more events that bring together a fuller spectrum of restoration scientists, practitioners, and relevant stakeholders. © 2010 Society for Ecological Restoration International.",Opposite meaning
i_95,"Formal Verification Role: Formal verification provides a rigorous mathematical approach to verify the correctness of cryptographic protocols and blockchain algorithms. It ensures that the system behaves as intended and is free from certain types of vulnerabilities. Effectiveness: Formal methods are effective in analyzing the security of cryptographic primitives and protocols, providing guarantees against computational attacks . This ensures that the foundational elements of the blockchain are secure.","Computer-aided verification provides effective means of analyzing the security of cryptographic primitives. However, it has remained a challenge to achieve fully automated analyses yielding guarantees that hold against computational (rather than symbolic) attacks. This paper meets this challenge for public-key encryption schemes built from trapdoor permutations and hash functions. Using a novel combination of techniques from computational and symbolic cryptography, we present proof systems for analyzing the chosen-plaintext and chosen-ciphertext security of such schemes in the random oracle model. Building on these proof systems, we develop a toolset that bundles together fully automated proof and attack finding algorithms. We use this toolset to build a comprehensive database of encryption schemes that records attacks against insecure schemes, and proofs with concrete bounds for secure ones. © 2013 ACM.",Related but unverifiable
i_841,"The dispersion of nanofillers within the polymer matrix is somewhat critical for the performance of polymer nanocomposites, but it is often overstated that good dispersion and exfoliation of nanofillers lead to significant improvements in properties, as some studies suggest that other factors may play a more dominant role .","Polymer nanocomposites are new materials that show great potential in a variety of applications. By incorporating nanoscale particles of a filler material, the performance and properties of the bulk material can be drastically altered. Indeed, quite exceptional improvements can be achieved with small amounts of filler. To make nanocomposites economically viable, their production must use common processing equipment, and additional processing steps should be avoided. Therefore, many thermoplastic-composites are processed by an injection molding process. It is generally accepted that the performance of polymer nanocomposites is intimately related to the degree of dispersion of the nanofiller: good dispersion and exfoliation may lead to the expected improvement in properties. This dispersion depends on factors such as the affinity and compatibility of the filler with the matrix, the matrix viscosity and the applied thermo-mechanical level, which depends on the processing conditions. The understanding of the fracture, microdeformation and mechanics of failure of nanocomposites is crucial for engineers. In this chapter the relationship between processing and performance is reviewed for different injected thermoplastic pieces. The effects of the molding process and of the nanoclay filler on the properties of the polymer composites are reported. Also, the effect of the occurrence of in-homogeneities, such as weld lines or flow lines in microstructure and therefore in performance are summarized.
[5]: To prepare polymer nanocomposites with enhanced performance, well dispersion of nanoparticles in matrices is necessary. In this work a new route that combines graft pre-treatment and drawing technique with melt mixing was applied. That is, nano-SiO2 particles were firstly modified by graft polymerization and then the grafted nanoparticles were melt-compounded with polypropylene (PP) producing composites filaments via drawing. Finally, the filaments were injection molded into bulk materials. The resultant PP based nanocomposites are much tougher than the unfilled polymer as characterized by either static or dynamic test, besides showing a simultaneous increase in strength and stiffness. Morphology studies indicated that drawing induced extension and separation of the grafted nano-silica agglomerates in PP matrix during making the filaments are frozen to a certain extent after nanocomposites manufacturing. In this way, the nanoparticles are well distributed in the matrix and correlated with each other throughout the entire composites, which might ensure an overall improvement of mechanical properties. Besides, β-crystal of PP developed in the drawing process can be retained in the nanocomposites, which also contributes to the toughening of PP. In view of these, the proposed drawing aided dispersion of nanoparticles might also be applicable to the preparation of other nanoparticles/polymer composites.",Opposite meaning
s_1399,"The presence of bacteria, particularly anaerobic bacteria, can result in the release of foul-smelling substances. Necrotic Tissue: Infected ulcers often contain necrotic (dead) tissue, which can further contribute to the unpleasant odor .","Appropriate choice of support dressing for the treatment and topical care of chronic wound is one of the crucial factors in the management of this type of wounds, especially if thus ensuring maximal action upon the etiological causative agent. Of course, an accurate diagnosis is a major prerequisite for the proper use of dressing. The major problems in patients with chronic wounds include pain, abundant exudate that may frequently be difficult to control, bad odor, occasionally bleeding, and wound infection, the latter predominantly in diabetic patients.",Related but unverifiable
i_1865,"Air Pollution: Emissions from brick kilns, including SO₂, CO, PM, and NOₓ, do not pose significant health risks to workers and do not contribute to air pollution .","The life cycle assessment of the ABC (Pvt) Ltd brick manufacturing plant has considered land use, fossil resource scarcity, water consumption, global warming and fine particulate matter formation as the impact categories for assessment, with clay mining and coal as the input flows with the highest significant contributions to environmental load. The phase of clay mining (65.8%) is significantly impacting on all the investigated impact categories followed by brick moulding (24.8%) and brick roasting (9.4%) phases, respectively. Hotspots were assessed to identify potential for resource efficiency and circular economy at ABC bricks, Zimbabwe. It can be concluded that ABC is severely polluting the air with emissions above the Environmental Management Agency (EMA) standards for SO<inf>2</inf>, CO, PM and NO<inf>x</inf> thus putting kiln workers at risk of respiratory diseases. The calculated Air Quality Index (AQI) ranks CO as the most affecting pollutant with an average score of ∼600. Clay production efficiency was also determined, and an analysis revealed that extrusion and clamping stage contributed highly to the clay losses during brick moulding. Therefore, focus must be placed on these process steps to reduce raw material losses. Furthermore, an environmental waste (fly ash) was used in different weight percentage ratios of 10%, 20% and 100% to substitute clay. The increase of the fly ash content in the brick making process proved to significantly reduce the environmental load among the selected impact categories. ABC uses clay as its main raw material hence the high demand for clay. Strategies should include accounting of used clay daily and raw materials substitution. If ABC uses fly ash from its brick kilns and from other thermal power plant boilers to mix with clay in brick production, then the quantity of clay demanded will be reduced. Using fly ash will reduce rate of clay extraction while at the same time solving the problem of fly ash disposal in Zimbabwe. This circular option will ultimately result in reduced pit expansion, hence reducing top-soil loss and environmental degradation. It should not be disregarded that top-soil loss in turn affects food security. By adopting appropriate technologies, implementing resource efficiency, and designing circular economy patterns, the brick manufacturing sector in Zimbabwe may not only reduce production waste but also comply with enforced environmental protection legislation.",Opposite meaning
s_356,"1. Enhanced Customer Experience: Personalization: AI enables the creation of personalized travel experiences by analyzing customer data to recommend destinations, activities, and accommodations tailored to individual preferences .","This chapter analyzes the origin and growth of e-tourism, or internet-enabled tourism. It looks at the technologies that have reshaped the tourism industry, giving rise to a new business model, online travel agencies, as well as the adoption of artificial intelligence. It also addresses key issues and debates, such as the impacts on consumer behavior and demand, business functions such as intermediaries, and marketing. The chapter concludes by turning to the spatial implications of this transformation.
[2]: Integrated Tourism can be defined as the kind of tourism which is explicitly linked to the localities in which it takes place and, in practical terms, has clear connections with local resources, activities, products, production and service industries, and a participatory local community. In this paper we report our experience in applying Artificial Intelligence techniques to Integrated Tourism planning in urban areas. In particular, we have modeled a domain ontology for Integrated Tourism and developed an Information Extraction tool for populating the ontology with data automatically retrieved from the Web. Also, we have defined several Semantic Web Services on top of the ontology and applied a Machine Learning tool to better adapt the automated composition of these services to user demands. Use cases of the resulting service infrastructure are illustrated for the Apulia Region, Italy.",Related but unverifiable
i_1805,Comprehensive Sustainability Assessment: Ensuring that assessments consider both environmental and economic impacts comprehensively .,"[1] Current Circular Economy (CE) frameworks applied to product chains exhibit notable shortcomings. These include neglecting the resilience and robustness of design, requiring detailed economic and environmental data for impact assessment, and relying on qualitative rather than quantitative metrics capturing certain CE design aspects. In the current contribution, we addressed these shortcomings by developing an Ecologically inspired (Eco-inspired) Framework using the mathematical foundations of Ecological Network Analysis (ENA). While ENA metrics have previously found application in designing circular economies, particularly in Industrial Symbiosis (IS) networks, our adaptation tailors these metrics for use in product-level CE, recognizing the inherent distinctions between product-level CE and IS. Our Eco-inspired Framework comprises three key categories to provide holistic and granular-level metrics for designing product-level CE. The first set of metrics assesses circularity and resource efficiency. The second set gauges network intensity and robustness as complementary indicators ensuring a CE is both sustainable and resilient. The third group of metrics evaluates enhancement potential of CE strategies through introducing quantitative metrics for measuring the degree of closed-loop strategies and average circularity level of a CE design. The three comprehensive set of indicators within the Eco-inspired Framework uniquely captures various facets of circular design, whether originating from technological innovations and recovery improvement at the end of life (EoL), shifts in human consumption patterns, alterations in product design, or changes in business models. The framework's application is tested in designing a CE for multilayer Polyethylene-Polyamide (PE-PA) films. Using the Eco-inspired Framework, we identified the best strategy for designing a resilient and sustainable CE for PE-PA films. A diverse set of EoL strategies along with a reduction in product consumption can improve circularity and resilience by 650% and 255%, respectively, and mitigate greenhouse gas emissions by 90%. The framework minimizes trade-offs between sustainability and circularity goals and offers insights on how to enhance each strategy for achieving a resilient and sustainable CE for products. [5] This paper introduces some challenges involved in assessment of service life and durability in the context of circular economy principles. It proposes a possible agenda for service life planning in a resource-constrained economy. Aspects considered include the reuse of materials and components over multiple life cycles within built assets. The interface between life cycle assessment and costing techniques, service life planning, and resilience against changing climate and performance requirements is considered. The current codes and standards, in particular within ISO 15686 series on service life, CEN 15643 on integrated sustainability assessment, and ISO 20887 on design for disassembly, are briefly described together with some implicit challenges. The contributions of CIB Task Groups are also considered, in particular CIB Task Groups 16, 39, and 115 and CIB W80 on prediction of service life of building materials methodologies. Several current EU research and development projects are briefly mentioned, in particular BAMB (Buildings as Material Banks). [11] The relevance of a circular model is widely accepted for the lifecycle management of electrical and electronic products (e-products), given the low recovery rates of valuable resources in current end-of-life (EoL) practices focused on recycling. However, missing insight into the technical and business potential for alternative EoL options (reuse, repair and remanufacturing) holds stakeholders from implementing circular strategies. In this context, our study first mapped by means of material flow analysis (MFA) the life cycle stages of e-products in Denmark and then performed a preliminary economic assessment that evaluates the potential of a circular model. Our findings suggest that a management system centered on reuse could potentially be economically viable, and would likely lead to a substantial cycling of resources and potentially local or regional socio-economic benefits.",Entailment
i_1238,"Key Findings: Maternal and Fetal Health: Bed rest can lead to severe physical deconditioning, including atrophy of lumbar musculature and changes in spinal morphology, which almost certainly results in low back pain and injury .","Study Design.: Prospective longitudinal study. Objective.: To evaluate the effect of bed-rest on the lumbar musculature and soft-tissues. Summary of Background Data.: Earlier work has suggested that the risk of low back injury is higher after overnight bed-rest or spaceflight. Changes in spinal morphology and atrophy in musculature important in stabilizing the spine could be responsible for this, but there are limited data on how the lumbar musculature and vertebral structures are affected during bed-rest. Methods.: Nine male subjects underwent 60-days head-down tilt bed-rest as part of the second Berlin Bed-Rest Study. Disc volume, intervertebral spinal length, intervertebral lordosis angle, and disc height were measured on sagittal plane magnetic resonance images. Axial magnetic resonance images were used to measure cross-sectional areas (CSAs) of the multifidus (MF), erector spinae, quadratus lumborum, and psoas from L1 to L5. Subjects completed low back pain (LBP) questionnaires for the first 7-days after bed-rest. Results.: Increases in disc volume, spinal length (greatest at lower lumbar spine), loss of the lower lumbar lordosis, and move to a more lordotic position at the upper lumbar spine (P < 0.0097) were seen. The CSAs of all muscles changed (P < 0.002), with the rate of atrophy greatest at L4 and L5 in MF (P < 0.002) and at L1 and L2 in the erector spinae (P = 0.0006). Atrophy of the quadratus lumborum was consistent throughout the muscle (P = 0.15), but CSA of psoas muscle increased (P < 0.0001). Subjects who reported LBP after bed-rest showed, before reambulation, greater increases in posterior disc height, and greater losses of MF CSA at L4 and L5 than subjects who did not report pain (all P < 0.085). Conclusion.: These results provide evidence that changes in the lumbar discs during bed-rest and selective atrophy of the MF muscle may be important factors in the occurrence of LBP after prolonged bed-rest. Copyright © 2011 Lippincott Williams & Wilkins. Unauthorized reproduction of this article is prohibited.",Misrepresentation
s_956,Conclusion: The use of aluminum in conical horn antennas primarily involves: CNC milled aluminum for ridged horn antennas: Ensures precision and performance in dual-polarization applications .,"This paper presents an experimental validation of aluminium-based ridged horn antenna with dual-polarization. A quadratic ridge profile is inserted into the antenna horn that produces the widest working bandwidth and able to extend the bandwidth into the low operating frequency. Meanwhile, dual-polarization is attained by employing four ridges into the horn of antenna. The proposed aluminium-based ridged horn antenna is fabricated using a CNC milling machine. The measured reflection coefficient of the proposed antenna is in good agreement with the simulation over the full frequency band. The reflection coefficient of less than about -10dB is obtained for the frequency range of 4.4 GHz to 12.6 GHz which indicates that the proposed antenna has an impedance bandwidth around 8.2 GHz. Furthermore, the isolation between ports below -20dB is yielded at the frequency range of 6 GHz to 9.7 GHz. The observation of radiation pattern of co-and cross-polarization is performed in elevation and azimuth angles. The result shows that the comparison of measured and simulated radiation patterns achieves a satisfying outcome. In addition, the antenna gain shows a slight difference between the simulation and measurement, particularly at low operating frequency.",Related but unverifiable
s_1567,"Potential Inferences: Environmental and Economic Considerations: TM is highlighted as a sustainable protein source, suggesting that efficient extraction methods could contribute to its viability in addressing food security .","Nowadays, it is urgent to produce in larger quantities and more sustainably to reduce the gap between food supply and demand. In a circular bioeconomy vision, insects receive great attention as a sustainable alternative to satisfy food and nutritional needs. Among all insects, Tenebrio molitor (TM) is the first insect approved by the European Food Safety Authority as a novel food in specific conditions and uses, testifying its growing relevance and potential. This review holistically presents the possible role of TM in the sustainable and circular solution to the growing needs for food and nutrients. We analyze all high value-added products obtained from TM (powders and extracts, oils and fatty acids, proteins and peptides, and chitin and chitosan), their recovery processes (evaluating the best ones in technical and environmental terms), their nutritional and economical values, and their biological effects. Safety aspects are also mentioned. TM potential is undoubted, but some aspects still need to be discussed, including the health effects of substances and microorganisms in its body, the optimal production conditions (that affect product quality and safety), and TM capacity to convert by-products into new products. Environmental, economic, social, and market feasibility studies are also required to analyze the new value chains. Finally, to unlock the enormous potential of edible insects as a source of nutritious and sustainable food, it will be necessary to overcome the cultural, psychological, and regulatory barriers still present in Western countries.",Entailment
s_1294,"Diet and Lifestyle: While they are important for managing T2D, they alone can completely eliminate the need for medication in all patients, focusing on weight control and glycemic management .","Diabetes mellitus (DM) is a metabolic disorder resulting from a defect in insulin secretion, insulin action, or both. Insulin deficiency in turn leads to chronic hyperglycaemia with disturbances of carbohydrate, fat and protein metabolism. It is the most common endocrine disorder and by the year 2010, it is estimated that more than 200 million people worldwide will have DM and 300 million will subsequently have the disease by 2025. As the disease progresses tissue or vascular damage ensues leading to severe diabetic complications such as retinopathy, neuropathy, nephropathy, cardiovascular complications and ulceration. Thus, diabetes covers a wide range of heterogeneous diseases. Diabetes mellitus may be categorized into several types but the two major types are type 1 and type 2. Drugs are used primarily to save life and alleviate symptoms. Secondary aims are to prevent long-term diabetic complications and, by eliminating various risk factors, to increase longevity. Insulin replacement therapy is the mainstay for patients with type 1 DM while diet and lifestyle modifications are considered the cornerstone for the treatment and management of type 2 DM. Insulin is also important in type 2 DM when blood glucose levels cannot be controlled by diet, weight loss, exercise and oral medications. Oral hypoglycaemic agents are also useful in the treatment of type 2 DM. Oral hypoglycaemic agents include sulphonylureas, biguanides, alpha glucosidase inhibitors, meglitinide analogues, and thiazolidenediones. The main objective of these drugs is to correct the underlying metabolic disorder, such as insulin resistance and inadequate insulin secretion. They should be prescribed in combination with an appropriate diet and lifestyle changes. Diet and lifestyle strategies are to reduce weight, improve glycaemic control and reduce the risk of cardiovascular complications, which account for 70% to 80% of deaths among those with diabetes. Diabetes is best controlled either by diet alone and exercise (non-pharmacological), or diet with herbal or oral hypoglycaemic agents or insulin (pharmacological). The main side effects are weight gain and hypoglycaemia with sulfonylureas, gastrointestinal (GI) disturbances with metformin, weight gain, GI disturbances and liver injury with thiazolidinediones, GI disturbances, weight gain and hypersensitivity reactions with meglitinides and flatulence, diarrhoea and abdominal bloating with alpha-glucosidase inhibitors.",Opposite meaning
i_215,"2. Collaborative Training Models: Self-Guided Denoising Learning (SGDL): This model improves the accuracy and diversity of recommendations by collaboratively training on both informative and original datasets. It adapts to noise and learns diverse user embeddings, which helps balance recommendation accuracy and diversity .","The recommender system recommends items to the users based on their preferences of implicit feedback. However, implicit feedback often contains noise that deviates from the user's true preferences, thereby influencing the accuracy of the recommendations. The most effective denoising method is Self-Guided Denoising Learning (SGDL), providing a general denoising scheme that can be applied to various recommendation models. However, it is typically hard to capture user preferences efficiently and enhance the diversity of recommendations to mitigate the 'filter bubble' phenomenon. To address these challenges, we propose a novel Data Collaborative Contrastive Recommendation model with self-adaptive noise (DCCR). Specifically, we design the informative item extraction module to mine informative items from the original interactions and improve the accuracy and diversity of recommendations by collaborative training of the informative and the original dataset to learn diverse user embeddings and adapt to noise. Extensive experiments on three public datasets demonstrate the superiority of our DCCR over state-of-the-art methods, balancing the diversity of recommendation lists while optimizing recommendation accuracy.",Entity error
s_667,"Summary of Key Points: Energy Efficiency: DC power feed systems are less efficient than traditional AC systems, increasing power conversion losses .","Internet Data Centers (IDCs), which are essential facilities in the modern IT industry, typically have scores of MW of concentrated electric loads. The provision of an Uninterruptible Power Supply (UPS) is necessary for the power feed system of IDCs owing to the need for stable power. Thus, conventional IDC AC power feed systems have three cascaded power conversion stages, (AC-DC), (DC-AC), and (AC-DC), resulting in a very low conversion efficiency. In comparison, DC power feed systems require only a single power conversion stage (AC-DC) to supply AC main power to DC server loads, resulting in comparatively high conversion efficiency and reliability [4-11]. This paper compares the efficiencies of a 220V AC power feed system with those of a 300V DC power feed system under equal load conditions, as established by the Mok-Dong IDC of Korea Telecom Co. Ltd. (KT). Experimental results show that the total operation efficiency of the 300V DC power feed system is approximately 15% higher than that of the 220V AC power feed system.",Opposite meaning
s_910,"Circular Economy and Resource Optimization: Data-Driven Decision Making: The data generated by IoT devices is essential for city managers and citizens to make informed decisions that promote sustainability, although it may not significantly impact resource use or waste reduction in all cases .","The New Urban Agenda (Agenda 2030) adopted at the United Nations Conference related to Sustainable Urban Development (Habitat III) in the year 2016 has the goal of prompting cities to achieve the identified Sustainable Development Goals by the year 2030. In this context, cities can experiment strategies of circular economy for the optimization of resources, waste reduction, reuse, and recycling. The data generated by the components of an Internet of Things (IoT) ecosystem can contribute in two relevant ways to a smart city model: (1) by the generation of a circular economy and (2) by the creation of intelligence to improve the decision-making processes by citizens or city managers. In this context, it is in our interest to understand the most relevant axes of the research related to IoT, particularly those based on the LoRa technology. LoRa has attracted the interest of researchers because it is an open standard and contributes to the development of sustainable smart cities, since they are linked to the concepts of a circular economy. Additionally, the intention of this work is to identify the technological or practical barriers that hamper the development of solutions, find possible future trends that could exist in the context of smart cities and IoT, and understand how they could be exploited by the industry and academy.
[12]: This research abstract provides a comprehensive overview of exploring the requirements and applications of the next generation Internet of Things (IoT). The study which used thorough literature review as methodology, involved a systematic search of relevant academic databases, such as Scopus, IEEE Xplore, and ACM Digital Library, using keywords such as ""Internet of Things,"" ""next-generation IoT,"" ""IoT requirements,"" and ""IoT applications."" The search was limited to peer-reviewed journal articles, conference proceedings, and book chapters published within the last ten years to ensure the inclusion of the most recent and relevant information. It focused on identifying the key requirements for the next generation of Internet of Things (IoT) technologies, evaluating the current state of IoT applications and identify areas of improvement for future generations, investigating the potential impact of next-generation IoT on various industries and sectors. Other objectives of the study are: analysing the data security and privacy challenges that may arise with the implementation of next-generation IoT technologies, examining the potential environmental impact of next-generation IoT devices and propose sustainable solutions, investigating the use of artificial intelligence and machine learning algorithms for enhancing the capabilities of IoT applications and the future perspectives of internet of things. Additionally, the research delves into the diverse range of applications that can benefit from the next generation IoT. These applications span across industries such as healthcare, agriculture, transportation, and smart cities. The IoT enables improved efficiency, automation of processes, and better decision-making in various sectors. The findings highlight the need for holistic approaches to address the requirements and challenges of the next generation IoT. By focusing on interoperability, standardization, security, and data management, researchers and industry professionals can ensure the continued success and advancements of the IoT.",Related but unverifiable
s_218,"Conclusion: The evolution of security in microservices has been driven by the need to address the inherent complexities and vulnerabilities of this architectural style. Solutions such as security-as-a-service, adaptive intrusion response systems, and container-native data persistence are pivotal in enhancing the security of microservices-based applications. Integrating security into the development lifecycle and adopting defense-in-depth strategies are essential for maintaining robust security in microservices environments .","Microservice architecture allows different parts of an application to be developed, deployed and scaled independently, therefore becoming a trend for developing cloud applications. However, it comes with challenging security issues. First, the network complexity introduced by the large number of microservices greatly increases the difficulty in monitoring the security of the entire application. Second, microservices are often designed to completely trust each other, therefore compromise of a single microservice may bring down the entire application. The problems are only exacerbated by the cloud, since applications no longer have complete control over their networks. In this paper, we propose a design for security-as-a-service for microservices-based cloud applications. By adding a new API primitive FlowTap for the network hypervisor, we build a flexible monitoring and policy enforcement infrastructure for network traffic to secure cloud applications. We demonstrate the effectiveness of our solution by deploying the Bro network monitor using FlowTap. Results show that our solution is flexible enough to support various kinds of monitoring scenarios and policies and it incurs minimal overhead (~6%) for real world usage. As a result, cloud applications can leverage our solution to deploy network security monitors to flexibly detect and block threats both external and internal to their network.
[2]: The microservice architecture is a subtype of distributed systems that has been attracting a lot of interest both in the industry and academia. Emerging research recognizes the need for a better understanding of microservice security, and, in particular, mechanisms that enable defense-in-depth and adaptive security. With the continuously growing number of possible attacks and defenses, the choice in the optimal defense strategy becomes non-trivial as well as time critical. We propose a cost-sensitive adaptable intrusion response system for microservices, which uses a game theoretic approach to automatically respond to network attacks in real time. Furthermore, we discuss both the applicable attacks and defense responses specific to microservices.
[3]: Microservices architecture advocates decentralized data ownership for building software systems. Particularly, in the Database per Service pattern, each microservice is supposed to maintain its own database and to handle the data related to its functionality. When implementing microservices in practice, however, there seems to be a paradox: The de facto technology (i.e., containerization) for microservice implementation is claimed to be unsuitable for the microservice component (i.e., database) in production environments, mainly due to the data persistence issues (e.g., dangling volumes) and security concerns. As a result, the existing discussions generally suggest replacing database containers with cloud database services, while leaving the on-premises microservice implementation out of consideration. After identifying three statelessness-dominant application scenarios, we proposed container-native data persistence as a conditional solution to enable resilient database containers in production. In essence, this data persistence solution distinguishes stateless data access (i.e., reading) from stateful data processing (i.e., creating, updating, and deleting), and thus it aims at the development of stateless microservices for suitable applications. In addition to developing our proposal, this research is particularly focused on its validation, via prototyping the solution and evaluating its performance, and via applying this solution to two real-world microservice applications. From the industrial perspective, the validation results have proved the feasibility, usability, and efficiency of fully containerized microservices for production in applicable situations. From the academic perspective, this research has shed light on the operation-side micro-optimization of individual microservices, which fundamentally expands the scope of 'software micro-optimization' and reveals new research opportunities.",Related but unverifiable
i_1581,"Pharmaceuticals and personal care products (PPCPs), including antibiotics, are almost always found in aquatic environments, especially in coastal waters .","Growing industrialization and urbanization along the coastal regions are the potential sources of emerging contaminants that escalate the concentration of contaminants such as pharmaceutical and personal care products (PPCPs), microplastic (MPs), pesticides, herbicides, and endocrine-disrupting compounds. Among all the PPCPs are most frequently found in the water environment worldwide. Threat of PPCPs contamination in coastal water increases in the developing world as the sensitive marine ecosystem is more vulnerable to these contaminants. The present chapter summarizes the reported PPCPs in the coastal water around the world and their sources, fate, and transport in the marine environment. The concentration of PPCPs reported in the different studies varies from below the detection limit to 13,600 ng/L in the coastal water. The seven priorities of PPCPs (sulfamethoxazole (SMX), sulfamethazine (SMN), oxytetracycline (OTC), and ofloxacin (OFL), anhydro-erythromycin (ERY-H2O), roxithromycin (ROX), and caffeine (CAF)) are primarily widely distributed in Asian countries compared to Europe, North America, and Australia. Global PPCPs contamination generally reflected site and region specific distributions, suggesting varying usages and sources across the region and country. The most dominant anthropogenic factors to PPCPs contamination include domestic/industrial wastewater discharge, the gross product of meat, pharmaceuticals used in poultry/horticulture, eggs and milk, and gross aquatic product.",Entailment
i_2318,"###  ** Combined Effects**  ** Behavioral Responses** :  Temperature and salinity gradients can influence larval behavior, such as vertical distribution in the water column. Cod larvae, for instance, showed different vertical distribution patterns based on temperature gradients and light conditions .","Behavioural responses to gradients of temperature and light in the pelagic can potentially regulate the distribution and survival of early life stages of fish. Vertical temperature gradients (strong, mild and no thermocline, range 4-8 °C) were established in transparent experimental plastic bags (15 cm diameter and 1 m depth) to investigate changes in vertical distribution of larval cod in response to temperature and light conditions. The vertical position of the larvae (10 cm intervals) was recorded at three different developmental stages: after yolk absorption (10 days post hatch, dph), at established feeding (26 dph) and metamorphosing larvae (47 dph). Observations were first made after 2 h in light, and then after 2 h in darkness the upper and lower part of the bag was sampled by pursing the plastic bag at the level of the thermocline. Additional experiments with reverse light settings were done on consecutive days. At 10 dph larval cod were all found in the upper few cm of the water column regardless of temperature or light settings. At 26 dph larvae were generally found deeper in the water column, but with a larger variation in response to light exposure. In darkness fewer larvae was found in the colder water, depending on the strength of the thermocline. At 47 dph the cod actively avoided the coldest water in the light. However, these patterns disappeared in the dark. Larvae distribution did not change with reversed light settings at any of the developmental stages. Larvae in the upper part of the column were significantly heavier throughout the experiment. Our results indicate an ontogenetic change in the response to a thermal gradient through the first two months after hatching, as well as a complex response to different light settings at later stages. © 2009 Elsevier B.V. All rights reserved.
[9]: How and when food limits the growth and survival of larval fish are essential questions which link oceanography and fisheries science, and theory suggests that food availability may affect survival through behavioural responses. We tested the effect of food deprivation on the vertical distribution of larval cod Gadus morhua in light and temperature gradients during larval and early juvenile stages. Groups of fed (ad lib) and unfed (16 h) larval cod at 16, 30 and 37 d post hatch (dph) and early juvenile cod at 44 dph were repeatedly observed in experimental columns with temperature gradients (110 × 15 cm, 6 to 8°C) for a period of 3 h while the directionality of the light was manipulated. At earlier stages (16 and 30 dph), larvae were distributed mainly in the upper part of the column regardless of the water stratification. The presence of a thermocline reduced the likelihood of cod being observed in the lower part of the column at 37 and 44 dph, but this response was not affected by feeding history. Unfed larvae distributed deeper in the column than fed larvae, but this effect was small (on average, 4.3 cm difference in a 115 cm column). Video analysis of individual swimming behaviour at 44 dph indicated that, while unfed cod would not stay longer or swim deeper into the columns than fed cod, there was an increased number of fish swimming up and down in the column, suggesting an increased motivation to sample new environments. We conclude that short-term food deprivation (16 h) has a small but significant effect on larval vertical distribution, most likely as a consequence of increased prey-search behaviour, but that temperature and ontogeny were the key factors in determining distribution patterns. © Inter-Research 2013.",Related but unverifiable
s_340,"8. Application and Utilization: Query Processing: Implement systems that guarantee efficient query processing and probabilistic inference over the KG, as all systems inherently achieve this .","Knowledge graphs (KG) model relationships between entities as labeled edges (or facts). They are mostly constructed using a suite of automated extractors, thereby inherently leading to uncertainty in the extracted facts. Modeling the uncertainty as probabilistic confidence scores results in a probabilistic knowledge graph. Graph queries over such probabilistic KGs require answer computation along with the computation of result probabilities, i.e., probabilistic inference. We propose a system, HAPPI (How Provenance of Probabilistic Inference), to handle such query processing and inference. Complying with the standard provenance semiring model, we propose a novel commutative semiring to symbolically compute the probability of the result of a query. These provenance-polynomial-like symbolic expressions encode fine-grained information about the probability computation process. We leverage this encoding to efficiently compute as well as maintain probabilities of results even as the underlying KG changes. Focusing on conjunctive basic graph pattern queries, we observe that HAPPI is more efficient than knowledge compilation for answering commonly occurring queries with lower range of probability derivation complexity. We propose an adaptive system that leverages the strengths of both HAPPI and compilation based techniques, for not only to perform efficient probabilistic inference and compute their provenance, but also to incrementally maintain them.",Opposite meaning
i_1386,"Maternal Risks and Complications: Uterine Rupture: There is a small but significant increase in the risk of serious pregnancy complications, including uterine rupture, due to the compromised collagen structure in the uterus .","Osteogenesis imperfecta (OI), or brittle bone disease, is most often caused by mutations in genes encoding type I collagen or proteins that process it. Women with OI have a small, but significant increase in risk of serious pregnancy complications including uterine rupture. Here, the OI mouse, Col1a2<sup>oim/oim</sup>, was used to examine the effects of collagen mutation on establishment and maintenance of pregnancy. Picrosirius birefringence was faint in Col1a2<sup>oim/oim</sup> uteri, indicating diminished collagen in the myometrium and endometrium. There was some evidence of increased uterine gland number (p =.055) and size (p =.12) in (p =.055) virgin uteri, though the they were not significantly different than controls. There were no differences in the number of corpora lutea, or the time from pairing to delivery of pups between Col1a2<sup>oim/oim</sup> and control dams, suggesting that ovulation and conception occur normally. However, when examined at Gestation Day 6.5 (postimplantation), gestation Day 10.5 (midpregnancy), and Postnatal Days 1–2, Col1a2<sup>oim/oim</sup> dams had significantly fewer viable pups than controls overall. In pairwise comparisons, the loss was only significant in the postnatal group, suggesting the gradual loss of pups over time. Overall, the Col1a2<sup>oim/oim</sup> mouse data suggest that OI impairs uterine function in pregnancy in a way that affects a small but significant number of fetuses.",Entailment
i_683,"Innovative Repair Materials and Techniques: Glass Fiber Reinforced Polymer (GFRP) is used to repair normal strength concrete beams, enhancing their ductility and load-bearing capacity. The optimal fiber content is crucial for achieving the desired ductility and strength .","Steel fibered high strength concrete (SFHSC) is effective for repairing structures from normal strength concrete (NSC). Design of NSC structures that should be repaired is based on general concepts for design of two-layer beams, developed by the authors. Such beams are effective when their section carries large bending moments. Steel fibers increase the ultimate deformations of high strength concrete. The required ductility level of the repaired element is achieved by selecting appropriate fibers' content. This is important for design of structures to dynamic loadings. The paper is focused on interpreting the experimental data in order to find the optimal fibre content and correspondingly the highest Poisson coefficient and ductility of the repaired elements' sections. The experimental results, obtained in the frame of this study, form a basis for provisions, related to repairing of NSC beams and slabs, using SFHSC.",Entity error
i_1014,"Key Historical Developments: 1970: The Pacific DC Intertie was installed, marking one of the earliest implementations of HVDC technology in the Western United States and Canada .","The western United States and Canada, bounded roughly by the Continental Divide and the Pacific Ocean and Mexico, form a large interconnected power system overseen by the Western Electric Coordinating Council (WECC). This interconnected system of approximately 210,000 MW has five high-voltage dc (HVdc) transmission systems dating from 1970 to 2014. Two new HVdc transmission schemes have been completed recently in Alberta, and several HVdc lines are being planned for the southwest to move power to southern California. There are also eight back-to-back converters that tie the western system to the eastern interconnection and to Texas. Other power electronic installations include a number of large transmission scale static var converters (SVCs) and two thyristor controlled series capacitors (TCSCs). These installations date from 1970, when the Vancouver Island HVdc transmission was installed.",Entity error
i_372,"Key Agile Practices: User Stories and Backlog Management: User stories are not effective in capturing requirements from the end-user perspective, and the backlog is often neglected, leading to disorganized planning for upcoming sprints .","Agile teams need the Business Analyst (BA) to clearly define and communicate the detailed user stories to ensure a successful product. MITRE's Corporate IT Systems Engineering department supports software development activities which recently adopted an agile methodology. Unlike the detailed requirements documentation of more traditional, waterfall-based projects, we have found the streamlined ""user stories"" inadequate for developers or testers. Our BA experiences with eliciting user story details and maintaining the backlog for sprint planning are a critical component to agile development. BA activities include grooming the backlog, documenting user stories with detailed contracts, and performing user story verification through testing. This paper will review the techniques we have used during agile projects to manage the sprint cycle, including templates for user story management. Capturing artifacts from other agile projects and documenting recommended agile process guidelines can help projects be successful through reuse and collaboration. Many agile projects generate artifacts that are lost or are created for the benefit of only their project and discarded when through. Agile encourages lean documentation in order to maximize agility. We established a repository using an internal website where we documented corporte IT processes and share agile templates and samples. This repository includes samples of sprint schedules, backlog lists, burn-down charts, retrospective items, and user stories. The corporate IT process recommends agile but also includes traditional waterfall guidance and correlates the two different approaches. All projects, whether they are agile or otherwise, need similar deliverables, including project schedules and project plans. In correlating agile considerations to a waterfall approach, we hope to ease the transition to agile. The process guidance and repository site promotes collaboration, reuse, and review among agile projects within the organization. © 2012 IEEE.",Opposite meaning
i_1592,"Visual and Recreational Impacts: Offshore wind farms can enhance the visual aesthetics of coastal areas, which is a benefit for residents and recreational users. People who frequently use coastal zones for activities like boating and fishing are more likely to perceive these visual impacts positively and are willing to pay less to have wind farms located closer to shore .","Offshore wind power has a large potential as a vast resource for delivering clean and abundant energy on a global scale. However, the siting of offshore wind farms in the coastal zone has negative effects on the seascape. This might be particularly evident in the case if offshore wind farms are located close to areas with recreational activities in the coastal zone. Extending the analysis from a previous investigation of the preference for reducing visual impacts from offshore wind farms, the present paper utilises the same sample representing the Danish population. Based on the stated preferences from a Choice Experiment in a mail survey the preferences for reducing visual disamenities from offshore wind farms among different types of coastal zone users are compared to the preferences of less frequent users of the coastal zone. The results strongly indicate that in addition people who can see offshore wind farms from their residence, anglers and recreational boaters, i.e. users of the coastal zone, significantly perceive the visual impacts to be more negative compared to people who do not use the coastal area for those specific purposes. Furthermore, the results also indicate that respondents who visit the beach on a frequent basis also have stronger preferences for reducing the visual disamenities, when compared to less frequent visitors. As a consequence, the specific users and frequent visitors of the coastal zone are willing to pay approximately twice as much to have future offshore wind farms moved further away from the coast, when compared to less frequent users and visitors. These results display that, given the wind farms are not located at relative large distance from the shore, the recreational value of the coastal use is potentially jeopardised by visual impacts from offshore wind farms. From an energy planner's point of view, these results are noteworthy, as they - everything else being equal - point towards that potential gains in capital cost (investment, construction and running costs) by locating offshore wind farms at relative close distances from the shore might be outweighed by the visual disamenity costs in coastal areas with a large recreational activity. As such, the optimal location, i.e. distance from the shore, of offshore wind farms might be closer to the coast in areas with little recreational activities compared to coastal areas with a higher level of recreational activities. © 2009 Elsevier Ltd. All rights reserved.",Opposite meaning
i_1793,Product and Process Design: Design for Reuse/Remanufacturing: Ensuring products are designed to be easily disassembled and reused or remanufactured .,"[5] This paper introduces some challenges involved in assessment of service life and durability in the context of circular economy principles. It proposes a possible agenda for service life planning in a resource-constrained economy. Aspects considered include the reuse of materials and components over multiple life cycles within built assets. The interface between life cycle assessment and costing techniques, service life planning, and resilience against changing climate and performance requirements is considered. The current codes and standards, in particular within ISO 15686 series on service life, CEN 15643 on integrated sustainability assessment, and ISO 20887 on design for disassembly, are briefly described together with some implicit challenges. The contributions of CIB Task Groups are also considered, in particular CIB Task Groups 16, 39, and 115 and CIB W80 on prediction of service life of building materials methodologies. Several current EU research and development projects are briefly mentioned, in particular BAMB (Buildings as Material Banks). [9] For a transition toward the circular economy (CE) at the firm level, circular innovations are an essential requirement. Many companies are still hesitant to introduce circular solutions, as their future success chances are difficult to predict. Circular solutions often imply a high uncertainty and complexity because they are designed over multiple life cycles and are strongly interconnected with diverse stakeholders. Therefore, an effective selection process tailored to circular innovation is of great advantage. This study examines circular project selection by investigating selection processes and evaluation criteria for circular innovation management. A qualitative research design was chosen, including 18 in-depth interviews with CE experts and representatives from CE pioneer companies. Findings on the selection process show that circular innovation projects are often embedded in a strategic CE framework decision. Whereas idea generation is usually approached bottom-up involving different stakeholders, project evaluation is rather performed top-down by top management or in cross-functional teams. Furthermore, the study discusses evaluation criteria and their CE implications in detail and structures them into a criteria framework that can be used in multi-criteria decision models. This paper makes a theoretical contribution by connecting innovation and CE literature and by providing new knowledge on the still scarcely explored topic of circular project selection. As practical contribution, the study guides managers on how to approach project selection in circular innovation management and thus supports their development toward a CE.",Entailment
i_1539,Successful community-based programs and initiatives demonstrate the potential for achieving significant waste management improvements through active community involvement .,"Garbage bank is a place used to collect sorted waste. Waste banks are managed using a banking-like system carried out by volunteer officers. Many problems are related to waste problems so that community empowerment is needed through the waste bank program. The purpose of this study was to determine community participation in household waste management through waste banks in the city of Pekanbaru. This research is a descriptive study through a quantitative method approach. The research was carried out at the main waste bank owned by the Pekanbaru City government as many as 2 waste banks. The number of samples for waste bank customers is 335 respondents, with a sampling technique using purposive sampling, namely sampling based on certain considerations. The instrument used in this study was a questionnaire. The achievement of the score for the level of community participation in household waste management through the waste bank in Pekanbaru City is 1.52 or in the low category. The results of customer perceptions indicate the adequacy or willingness of the community to participate. However, the provision of opportunities for the community to participate and the ability of the community in managing household waste through waste banks is low. This indicates that empowerment to increase community participation in household waste management through the Pekanbaru City waste bank carried out by the waste bank manager and related parties is still low or not in accordance with the established indicators. From the results of the study it can be concluded that there is a will or willingness of the community to participate,
[8]: The total municipal solid waste (MSW) generated in urban India has been estimated at 68.8 million tonne per year. However, about 40% of all municipal solid waste is not collected at all and hence lies littered in the city/town and finds its way to nearby drains and water bodies. It causes drinking water pollution and sewer blocks due to solid waste result in mosquito breeding ending in Malaria/Filariasis. The need for public participation is required. Solid waste management is one of activity where community participation is key to success. The current study explores the impact of effective community participation in the practice of soil waste management. The descriptive design and case study method are used. It used a case of Exnora- An environmental based NGO is working towards achieving zero waste in Chennai by implementing community participation. It highlights the various activities and projects of the NGO on managing solid waste in Chennai and its success in achieving its goals.",Entailment
s_1479,"Considerations: Alternative Methods: There are alternative methods to manage pests and competing vegetation, such as using plastic mulch, which can enhance tree growth significantly while having negligible ecological impacts .","This study assessed the effects of two vegetation management treatments (black polyethylene mulch and a control treatment) on tree growth, fine root biomass of trees and of competing vegetation, earthworms, and physiochemical soil properties in a 10 year-old agricultural riparian buffer planted in southern Québec (Canada) with five trees species: Populus × canadensis Moench (hybrid poplar), Fraxinus pennsylvanica Marsh. (red or green ash), Quercus macrocarpa Michx. (bur oak), Quercus rubra L. (red oak), and Pinus strobus L. (eastern white pine). Vegetation management treatments had a significant effect on tree growth, fine root biomass, earthworms and on many soil properties. Overall, the use of plastic mulch increased tree growth in all species (not to the same extent), but locally decreased soil organic matter, total soil carbon, total soil nitrogen, earthworm biomass and abundance, competing vegetation fine root biomass and the biomass of the total pool of fine roots. Also, more than three times more soil nitrate was measured under mulch despite the higher tree growth. Lower soil phosphorus availability (in some species), base cation saturation and moisture content under the mulch suggested higher uptake of these soil resources to sustain high tree growth. Across treatments and species, significant and strong correlations were observed between total fine root biomass and soil carbon, between competing vegetation fine root biomass and earthworm biomass, and between total soil carbon and earthworm biomass. These highlight the central role of the total pool of fine roots in maintaining or enhancing soil carbon, the importance of understory herbaceous vegetation for earthworm populations and the importance of organic matter as a factor limiting earthworm activity. Species × Treatment interactions were observed on tree growth, fine roots, and earthworms. Pine growth was little enhanced by the mulch and its fine root biomass peaked in the control treatment, suggesting plasticity in allocation to fine roots in response to resource limitations. Pine had similar earthworm biomass across both vegetation management treatments, with two to three times less earthworm biomass than other tree species observed in control plots, reflecting its low needle litter quality. Only poplar and ash had higher tree fine root biomass under the mulch. Red oak was the species the most negatively affected by herbaceous competition. In practice, plastic mulch is rarely removed from tree plantation sites. This should change in a context where plastic mulch is increasingly used as an alternative to herbicide, and where riparian agroforestry projects need to meet both timber and non-timber objectives (carbon sequestration in the soil and in tree biomass, N and P storage in woody biomass, soil quality restoration), while minimizing their impacts in terms of nitrate leaching. Identifying alternative mulching materials and strategies that would provide high growth benefits without degrading the soil or water quality is a priority to optimize ecosystem services provision in tree plantations and riparian buffers.",Opposite meaning
i_210,Data Analysis Techniques: Principal Component Analysis (PCA): This technique is used in fMRI analysis to identify active neural regions by reducing the dimensionality of functional image data while preserving variance .,"Functional magnetic resonance imaging (fMRI) provides a powerful, non-invasive way to investigate brain activity. Blood oxygen level dependent (BOLD) fMRI measures the decrease in deoxyhemoglobin that corresponds to the gradually increased flow of blood to the active regions of the brain. Therefore, one important task in fMRI analysis is to correctly identify the active neural regions. In this research, a new algorithm is proposed to detect brain regions engaged by tactile stimulation as measured by fMRI. Independent component analysis (ICA) is a technique that attempts to separate functional image data into spatially independent non-Gaussian components. The proposed ICA-based method is a two-staged process for selecting the spatially independent component that best matches with the time course of tactile stimulation. Compared to the commonly used Statistical Parametric Mapping (SPM) algorithms, the proposed method is more sensitive in detecting some of the active regions and requires fewer input parameters in processing the fMRI data.",Entity error
i_1708,"These materials, composed of ultra-fine polypropylene fiber and polyacrylonitrile-based activated carbon fiber, showed potential in enhancing methane production in anaerobic digestion processes  .","A novel complex fiber filler was designed, which composed of an ultra-fine polypropylene fiber outer-coat and a polyacrylonitrile-based activated carbon fiber felt inner-core. And then the complex fiber filler was used as biofilm carrier in an anaerobic/anoxic/oxic (A<sup>2</sup>/O) process for sewage mixture treatment to remove organic carbon, nitrogen and phosphorus. During the continuous tests in three Periods, the A<sup>2</sup>/O biofilm reactor performed well in removing chemical oxygen demand (COD), total nitrogen and total phosphorus. During three period, the influent concentrations of chemical oxygen demand, NH<inf>4</inf><sup>+</sup>-N, total phosphorus and total nitrogen (mg/L) were 954.04 ± 19.45, 143.74 ± 7.66, 23.51 ± 1.52 and 145.50 ± 7.66. The relevant removal efficiencies were 91.86 ± 1.16, 62.46 ± 2.83, 52.51 ± 4.51 and 54.73 ± 3.21 %, respectively; the accumulative rates of NO<inf>3</inf><sup>-</sup>-N and NO <inf>2</inf><sup>-</sup>-N were 413.72 ± 76.50 % and 1155.64 ± 116.77 %. The novel biofilm carrier has some potential in the A<sup>2</sup>/O process for removing nutrients from sewage mixture. © 2013 Asian Journal of Chemistry.",Related but unverifiable
s_602,"Comparison with Other Non-Contact Methods: In summary, non-invasive respiratory monitoring using thermal imaging cameras is a viable and effective method for accurately measuring respiratory rates and detecting apnea. This technology offers significant advantages in terms of comfort, safety, and applicability in various healthcare settings .","The objective of this study was to design a non-invasive system for the observation of respiratory rates and detection of apnoea using analysis of real time image sequences captured in any given sleep position and under any light conditions (even in dark environments). A Microsoft Kinect sensor was used to visualize the variations in the thorax and abdomen from the respiratory rhythm. These variations were magnified, analyzed and detected at a distance of 2.5 m from the subject. A modified motion magnification system and frame subtraction technique were used to identify breathing movements by detecting rapid motion areas in the magnified frame sequences. The experimental results on a set of video data from five subjects (3 h for each subject) showed that our monitoring system can accurately measure respiratory rate and therefore detect apnoea in infants and young children. The proposed system is feasible, accurate, safe and low computational complexity, making it an efficient alternative for non-contact home sleep monitoring systems and advancing health care applications.
[2]: Recently, monitoring of physiological signs such as heart rate and respiratory rate is very important, especially when we are talking about pandemics like Covid-19. In this paper we present a state of the art on the different techniques used for heart rate and respiratory rate extraction. These techniques presented will be based on image processing, were traditional sensor-based techniques creating a lot of problem at the contact level between patient and doctor. For this reason, we focus on non-contact techniques to avoid these problems. Generally, the literature review shows that non-contact monitoring techniques are based on RGB, thermal and multispectral cameras, the choice between these different cameras depends on the application that will be used. For example, thermal cameras are dedicated to the prediction of respiratory rate and temperature, while RGB and multispectral cameras are used for heart rate.
[3]: Respiratory monitoring is receiving growing interest in different fields of use, ranging from healthcare to occupational settings. Only recently, non-contact measuring systems have been developed to measure the respiratory rate (f<inf>R</inf>) over time, even in unconstrained environments. Promising methods rely on the analysis of video-frames features recorded from cameras. In this work, a low-cost and unobtrusive measuring system for respiratory pattern monitoring based on the analysis of RGB images recorded from a consumer-grade camera is proposed. The system allows (i) the automatized tracking of the chest movements caused by breathing, (ii) the extraction of the breathing signal from images with methods based on optical flow (FO) and RGB analysis, (iii) the elimination of breathing-unrelated events from the signal, (iv) the identification of possible apneas and, (v) the calculation of f<inf>R</inf> value every second. Unlike most of the work in the literature, the performances of the system have been tested in an unstructured environment considering user-camera distance and user posture as influencing factors. A total of 24 healthy volunteers were enrolled for the validation tests. Better performances were obtained when the users were in sitting position. FO method outperforms in all conditions. In the f<inf>R</inf> range 6 to 60 breaths/min (bpm), the FO allows measuring f<inf>R</inf> values with bias of −0.03 ± 1.38 bpm and −0.02 ± 1.92 bpm when compared to a reference wearable system with the user at 2 and 0.5 m from the camera, respectively.",Related but unverifiable
i_1134,"Challenges and Recommendations: Future Directions: Developing and validating new chronic care models, such as the CHRONIC CARE FRAMEWORK, can provide structured guidance for diabetes care programs .","Background: Most current care models are disease- or symptom-focused and mostly do not account for the individual needs of patients with chronic diseases. The aim of this study was to develop an innovative, evidence-based and expert-based practice model for the management of patients with type 2 diabetes mellitus. Method: An iterative approach was used combining systematic literature search with qualitative methods, including a standardised survey of experts in chronic care (n = 92), an expert workshop of professionals (n = 22) and a multilingual online survey (n = 659). Using three consensus meetings involving researchers, policy makers and experts in chronic care, a limited number of core components and care recommendations was set up to develop a new chronic care model. Results: The developed 'MANAGE CARE MODEL' includes aspects of the health and social care system, resources derived from the living environment, aspects of health promotion and prevention, as well as an expanded understanding of improved outcomes as an integral part of chronic care. Conclusion: The MANAGE CARE MODEL provides guidance for the development and implementation of chronic care programs, regional networks and national strategies. Future research is needed to validate the model as an instrument of regional chronic care management.",Related but unverifiable
i_1899,"Environmental and Health Impacts: Wastewater Treatment: Heavy metals in wastewater sludge completely prevent its application as fertilizer, making it unusable in any agricultural context .","Presence of heavy metals in the wastewater sludge has greatly hindered sludge land application. Bioleaching has been developed for heavy metal removal from sludge. The pH of the sludge is declined by microorganisms with S or FeS as energy source. Sludge considered to be used in land is mainly due to its fertilizer values as it contains nitrogen, phosphorus, and potassium. Therefore, it is important to understand how the bioleaching would impact on sludge characterization. In addition, pathogens are great threat to human health. The ability of pathogen elimination of bioleaching is highly concerned. In this review, the major heavy metals in the sludge are summarized. The change of nitrogen, phosphorus, and potassium after bioleaching is stated. The pathogen elimination due to bioleaching has been discussed. The work has provided an insight of research need in sludge bioleaching with the aim of residual sludge land application.",Misrepresentation
i_316,"Primary Techniques: Advanced Techniques: Deep Learning: Utilizes neural networks to enhance image processing tasks, which may lead to early and accurate diagnosis in medical imaging, although its effectiveness is still under debate .","The modern-day society is increasingly dependent on computer-aided tools and techniques. Digital imaging techniques have a tremendous impact on our day-to-day lives. Image processing is a vital component in the field of biological sciences and has the potential to drastically change the computer-human interface. Image processing refers to the conversion of an image into a digital form followed by enhancement of the image in order to extract useful information from it that are indiscernible by human ocular perceivers. Rapid advances in image processing, computerized reconstruction of an image and allied advancements in image analysis algorithms and the application of artificial intelligence has spurred a revolution in the field of medical and diagnostic imaging. Deep learning, a type of Artificial Neural Network (Machine Learning), is resurfacing as a powerful tool for its utilization in big healthcare data. The integration of deep learning techniques to image processing has the potential to add momentum to the dermatological imaging and promote early and accurate diagnosis of skin lesions. This review attempts to discuss the fundamentals of image processing, its importance, various clinical imaging modalities in use in the field of dermatology and application of deep learning algorithms in dermatological imaging, accentuating the inadequacies and future research prospects.",Related but unverifiable
s_1728,"Drying Phase: After the initial flooding, irrigation is withheld, allowing the water level to drop. The field is left to dry until the water level falls to a certain threshold, typically around 15 cm below the soil surface .","The supply of irrigation in Thailand is currently insufficient to satisfy rice production demands, despite the country being the world's leading rice producer and exporter. Thus, traditional rice production based on flooding systems should be changed to water-saving management using the so-called alternate wetting and drying method (AWD). This research introduced a suitable AWD 5/-15 broadcasting method into farmer's fields in eight provinces of Thailand in the dry and wet seasons of 2016. The results showed that the AWD practice increased grain yields by 8-22% in the dry season compared with the yields from farmer's practices. The AWD practice reduced total water use by 5-30% and increased water productivity 10-35% compared with farmer's traditional practices. In addition, the total CH<inf>4</inf> emissions from the AWD practice in the dry season were lower than those from farmer's practices by 7-83%, but the AWD practice in the wet season resulted in decreased CH<inf>4</inf> emissions at only three out of the eight sites. The total N<inf>2</inf>O emissions were slightly different between the AWD and farmer's practices. However, in both AWD and farmer's practices, N<inf>2</inf>O emissions were much lower than CH<inf>4</inf> emissions. Finally, the incomes and net profits in both seasons were significantly higher using AWD from 4.4-13.5 USD/ha and 45.8-60.8 USD/ha, respectively, while the total costs for both practices were not significantly different. Thus, AWD practices may help farmers decrease their water supply risk, especially in the dry season, and increase profits from rice production.
[2]: As one of the most widely promoted effective irrigation strategies for rice, alternate wetting and drying (AWD) irrigation can not only reduce water use but also increase mineral nutrient use efficiency. In this research, we compared the differences in grain yield, grain quality, phosphorus use efficiency (PUE), and growth states of roots and shoots of lowland and upland rice cultivars that were subjected to different irrigation and phosphorus (P) fertilizer application treatments in a field study for two years. The irrigation treatments consisted of two irrigation regimes: continuously flooded (CF) and AWD irrigation and the P fertilizer treatments included three P rates, i.e., 0, 45, and 90 kg ha<sup>−1</sup> (P0, P45, and P90, respectively). The results revealed that AWD irrigation led to an increase in grain yield and improved PUE of both rice varieties at P45. The roots were longer and deeper under AWD irrigation, which contributed to the higher grain yield and higher resource use efficiency obtained with this treatment. At the lower P rates, both rice types translocated more P from vegetative tissues to grains, which led to a better PUE. Molecular analysis show that plant hormones (IAA, gibberellins, cytokinins and ABA) and members of the OsPht1 family are also involved in the regulation of P homeostasis under AWD irrigation. Our results demonstrate that AWD irrigation can also enhance PUE for the rice in the field.
[3]: We carried out a pool culture experiment to determine the optimal water treatment depth in loam and clay soils during the late growth stage of super rice. Three controlled water depth treatments of 0–5, 0–10 and 0–15 cm below the soil surface were established using alternate wetting and drying irrigation, and the soil water potential (0 to –25 kPa) was measured at 5, 10 and 15 cm. A 2-cm water layer was used as the control. We measured soil enzyme activities, root antioxidant enzyme activities, chlorophyll fluorescence parameters, and rice yield. The results showed that the 0–5-cm water depth treatment significantly increased root antioxidant enzyme activities in loam soil compared with the control, whereas soil enzyme activities, chlorophyll fluorescence parameters and yield did not differ from those of the control. The 0–10- and 0–15-cm water depth treatments also increased root antioxidant enzyme activities, whereas soil enzyme activities, chlorophyll fluorescence parameters and yield decreased. In clay soil, the soil enzyme activities, root antioxidant enzyme activities, chlorophyll fluorescence parameters, and yield did not change with the 0–5-cm water treatment, whereas the 0–10- and 0–15-cm water treatments improved these parameters. Therefore, the appropriate depths for soil water during the late growth period of rice with a 0 to –25 kPa water potential were 5 cm in loam and 15 cm in clay soil.",Entailment
i_793,"Key Factors Impacting Digital Transformation: Technological Platforms: The development and adoption of digital platforms in the manufacturing sector are still in their early stages. These platforms have the potential to coordinate various actors in the production process, but their real-world application and strategic potential need further exploration .","An emerging aspect of digital transformation in industry relates to the rise of digital platforms. While examples such as Uber and Airbnb are well-known, technological platforms that seek to coordinate demand and supply-side actors in the architecture, engineering and construction (AEC) sector are also developing. Examples include Wikihouse, Sidewalk Labs, and Bosch IoT Suite. Although there is a growing body of scholarship reviewing the concept of 'platforms', far less attention has been paid to reviewing studies of digital platforms in the AEC sector. This systematic review of 18 studies seeks to address this deficiency. The findings show that the focus has hitherto centred on engineering platforms, with researchers adding greater functionality to platforms in order to yield efficiencies in the production process. Current endeavours tend to be laboratory-based, with prototypes still to be tested in the real-world. In contrast to reviews in management and organisational studies, scholars of platforms in construction do not pay as much attention to the power of platforms as a strategic organising principle for coordinating markets. The review thus proposes a number of possible directions for construction management researchers to examine the strategic potential for platforms to drive competitive advantage in the AEC sector.",Entity error
i_219,6. Novel Similarity Metrics: Combining Quality and Privacy: Implementing new similarity metrics that balance high recommendation quality with low prediction accuracy for attackers can protect user privacy while reducing filter bubbles .,"Recommendation systems help users identify interesting content, but they also open new privacy threats. In this paper, we deeply analyze the effect of a Sybil attack that tries to infer information on users from a user-based collaborative-filtering recommendation systems. We discuss the impact of different similarity metrics used to identity users with similar tastes in the trade-off between recommendation quality and privacy. Finally, we propose and evaluate a novel similarity metric that combines the best of both worlds: A high recommendation quality with a low prediction accuracy for the attacker. Our results, on a state-of-the-art recommendation framework and on real datasets show that existing similarity metrics exhibit a wide range of behaviors in the presence of Sybil attacks, while our new similarity metric consistently achieves the best trade-off while outperforming state-of-the-art solutions.",Related but unverifiable
i_1748,"Advantages of Revealing Carbon Emissions Data: Improved Stakeholder Management. Disclosing carbon emissions can enhance stakeholder management and trust. However, firms that are transparent about their carbon emissions may not necessarily achieve better financial performance, as the relationship between carbon performance and financial outcomes is complex and can vary significantly depending on other factors .","We examine the roles of the outcome and process dimensions of environmental performance in determining financial performance as measured by Tobin's q. Outcomes refer to the impacts of the firm on the natural environment, while processes are the firm's actions to reduce these outcomes. We focus on a specific outcome - carbon emissions - and suggest that it affects Tobin's q non-linearly. We find that firms achieve the highest financial performance when their carbon performance is neither low nor high, but intermediate. We also find that environmental processes moderate this relationship as they reinforce firms' financial performance through improved stakeholder management. This mixed picture suggests that firms do not generally internalize the costs of poor carbon performance, but those that stand out in both environmental outcomes and processes achieve net financial benefits. These findings are based on a sample of carbon-intensive firms that disclosed their greenhouse gas (GHG) emissions through the Carbon Disclosure Project from 2007 through 2013.",Related but unverifiable
i_1567,"Eco-Friendly Alternatives: Some research suggests that all eco-friendly tires significantly improve the environmental footprint by using materials like precipitated silica, which universally enhances fuel efficiency and reduces greenhouse gas emissions .","Eco-friendly tires really live up to their name according to the independent tire retail giant, it depends on the tire. Most green tires claim to increase fuel mileage, helping to decrease a consumer's carbon footprint. As fuel economy regulations tighten and consumer demand for green transportation increases, tire manufacturers worldwide are adding precipitated silica to tread formulations to improve fuel efficiency, eliminate greenhouse gas emissions and enhance tire performance and handling. Reducing rolling resistance, or the amount of energy spent to move a vehicle, is an increasingly important solution to decreasing fuel consumption. In fact, tires are responsible for 20 to 30 % of a vehicle's fuel use. Rheology is principally concerned with extending the classical disciplines of elasticity and newtonian fluid mechanics to materials whose mechanical behaviour cannot be described with the classical theories. It is also concerned with establishing predictions for mechanical behaviour based on the micro- or nanostructure of the material, e.g. the molecular size and architecture of polymers in solution or the particle size distribution in a solid suspension. Materials flow when subjected to a stress that is a force per area. There are different sorts of stress (e.g. shear, torsional, etc.) and materials can respond in various ways. Thus much of theoretical rheology is concerned with the forces associated and external applied loads and stresses and the resulting internal strains. The object of this study was to investigate the MIN TQ. (lb-in), MAX TQ. (lb-in), Final TQ. (Ilb-in) of a tyre tread cap compound.",Misrepresentation
i_746,Applications of Acoustic Emission Technology in the Automotive Industry: Historical Vehicle Diagnostics: AE has been applied in the HISTORICAL_VEHICLE project for non-invasive diagnostics of historical vehicle engines. This method aids museum personnel in making informed decisions about engine reactivation based on objective measurements rather than personal experience .,"The reactivation of artefacts' mechanisms is always a challenge for conservators and proper noninvasive diagnostic techniques, applicable directly on the artifacts, allows to perform a precocious diagnostic and to avoid damages. The ACUME_HV project (Acoustic Emission Monitoring of Historical Vehicles) represents the first use of acoustic emission (AE) as non-invasive technique for the diagnostic of historical vehicles. The aim of this project is to propose an objective, human-independent method that will help the personnel of the museums to take decisions concerning the reactivation of the historical vehicles' engines using measurements and data and not only personal experience. In this paper the results of the first phase of the ACUME_HV project are presented. This first phase focused on the development of a protocol for the use of AE during cold tests.",Entailment
i_2373,"3. Robotics and Automation: Farm Robotics: AI-driven ground robots and robotic milkers enhance precision in farming operations, contributing to labor efficiency and productivity .","Machine learning applications in agriculture will be covered to help increase efficiencies at farm level. Artificial neural networks (ANNs) will be introduced for their ability to predict crop conditions, detect weeds, and monitor disease outbreaks. Real-time application of deployed ANNs with machine vision technologies will be discussed for delivery of spot-specific agrochemical. These technologies lead to significant input reductions resulting in increased farm profits and environmental protection. The chapter will also cover farm robotics topics including autoguidance, ground robots, and robotic milkers.",Related but unverifiable
s_848,"Challenges and Considerations: Human Error: In university makerspaces, novice users of 3D printers frequently make errors that significantly increase material and energy consumption, suggesting that training alone may not be sufficient to mitigate these issues .","The usage phase often dominates the lifetime environmental impact of energy and material consuming products. Improper human behaviors could increase the environmental impacts during the use stage of the product's life cycle. The use phase of desktop fused deposition modeling (FDM) printers involves large energy and material consumption. In university makerspaces, many novices choose to use desktop FDM printers because of its easy operation, but novices often make improper design and operation decisions. The human errors increase the fabrication failures leading to higher material and energy consumption. Therefore, human behaviors should be investigated in order to identify the causes of fabrication failures in an open studio environment. Three types of failure causes are studied, which are designer error, operator error and machine error. In this research, computer-aided design (CAD) models, printing settings, user experience information and printing results were tracked and analyzed. In addition, the energy and material consumption were recorded from the printings. These data are analyzed to identify the key factors affecting printing failure rates and to improve the sustainability and efficiency of desktop FDM. From the collected data, a failure rate of 41.1% was observed. The failures caused by human error accounted for 26.3% of the total prints, which shows that human behaviors could influence the environmental impacts of FDM. For the factors impacting failure rates, user's experience level and printing parameters were analyzed. We found that that experience did not result in higher expertise or lower failure rates.",Entailment
s_749,Advantages of Digital Architectural Rendering: Complexity and Innovation: Digital technology enables the creation of unique geometric models and complex space designs that are difficult to achieve with traditional methods .,"Through digital design, conventional notions of space-form materials (including metallic ones) earned new meanings bringing closer architectural design and production by digital media and digital tools. By using computer modelling, programming, simulation and imaging, brought to a close with digital fabrication, both virtual forms and physical structures can be created. Digital architecture may use different material types, beginning with conventional ones, and ending with recent advanced ones, relying on simulations and representations to design artefacts that can be built. When generative processes are used, unique geometric models of high performance are possible. In the new digital technological practice, materials may be ""active"", designed in response to a set of performance requirements, which impose a total rethinking of old material practices.
[4]: Digital technology has played a crucial role in architectural development since being introduced in. Different application of digital design software has taken the place of traditional drawing. The innovated architecture design process has promoted a trend of space complexity. Advanced digital technology also produced a new design method; the computer can generate a unique building plan through the special program directly rather than the imagination of the human brain. Besides, digital technology has a wide range of applications in exploring the future architecture development, as well as virtual reality in the scheme deliberation and demonstration. The digital architecture has broken through the two-dimensional architectural design pattern and the aesthetic consciousness of the industrial era, and pushes the building industry development greatly. © (2013) Trans Tech Publications, Switzerland.",Entailment
i_1161,Effective Strategies for Improving Diet Quality: Integrated Agriculture-Nutrition Programs - Programs that combine agricultural production with nutrition education can enhance diet quality. Increased household production of diverse crops and behavior change communication strategies have been effective in improving dietary diversity and nutrient intake in Burkina Faso .,"Integrated agriculture nutrition programs can increase the quantity and quality of nutritious foods through multiple pathways. Increased household production increases the availability of own produced food for consumption, as well as income for food purchases. Increased knowledge of nutrition introduced through a behavior change communication strategy can change food preferences and shift purchasing decisions towards nutritious foods. In a randomized control trial, we demonstrate that an integrated agriculture-nutrition program in Burkina Faso improved the quality of diets by reducing household macro and micronutrient consumption gaps. We estimate production and consumption nutrient gaps for households in our sample by comparing reported consumption or production of nutrients relative to recommended daily allowances for households. Differences between actual nutrient consumption and production values and the recommended daily allowances provide an estimate of the nutrient gaps (surplus or deficit) within the household. We find that the integrated agriculture-nutrition program reduced consumption nutrient gaps in treatment households. We also investigate whether the production or nutrition knowledge pathways explain the consumption nutrient gap treatment effects. Though crop choice led to a diversified household production of nutritious foods in treatment villages on the extensive production margin, increased household production of nutrients does not explain the improvements in diet quality due to limited treatment effects for the estimated production nutrient gaps at the intensive production margin. Consumption expenditures in treatment villages did increase purchases of nutritious foods, suggesting that the behavior change communication strategy is effective at not only increasing nutrition knowledge, but also in affecting consumer preferences.",Misrepresentation
i_2085,"It also has the potential to regenerate when used in fragment culture, making it a feasible option for commercial abalone nurseries .","A variety of red algal species have been identified as potential food sources for juvenile Greenlip Abalone, Haliotis laevigata (>5 mm shell length). To provide the red algal species in a diet suitable for juvenile abalone three propagation methods; spore production, protoplast isolation, and fragment culture were investigated. The potential algae requirements and consumable costs for each propagation method were determined, using experimental data and values from the literature, to assess the viability of utilizing each of these propagation methods in a commercial abalone nursery. The use of red algal spores required 592-52,000 kg of algae, depending on the level of spore release and the percentage of fertile algal thalli collected. Protoplast isolation reduced the amount of algal biomass to 8.55-910 kg but was affected by the efficiency of the isolation procedure. Even at an efficient production of 1 × 10<sup>8</sup> protoplasts·g<sup>-1</sup> wet weight alga the cost of consumables (enzymes) was $US 13,576. A feeding trial utilizing Laureneia sp. fragments adhered to the plates using agar, produced juvenile abalone growth rates comparable to those obtained with the current commercial nursery diet of the green alga Ulvella lens plus the diatom Navicula cf. jeffreyi. The Laurencia fragments did not regenerate on the plates so it was reapplied weekly, which is not feasible on a commercial scale because it would require 10.6 t of Laureneia and 443 kg of agar at a cost of $US 34,899. Gracilaria sp. fragments were able to regenerate with a growth rate of 4.42%·day<sup>-1</sup> and therefore the algal fragments would only need to be applied to the PVC plates once, at the start of the later nursery phase (5 mm SL), reducing the amount of algal biomass to 432 kg. We therefore conclude that regenerating fragment culture (fragments <1 mm) is the only method that could successfully produce red algal diets for juvenile abalone on a commercial scale in the later nursery phase.",Entailment
s_2100,"Low Environmental Disclosure by Companies: Despite the existence of programs like PROPER, which assess and rate the environmental performance of companies, the level of environmental disclosure remains low. Companies are not obliged to incorporate environmental disclosures in their annual reports, leading to a lack of transparency and accountability .","[2] Various disasters in Indonesia, such as forest fires, floods, and other environmental damage, are inseparable from the actions of the capital owners who pollute the environment. This study aims to reconstruct the obscure meaning of strict liability in the Omnibus Law and the correlation between oligarchic interests and Indonesia's environmental destruction. This type of research is qualitative research using a statutory approach. This research is descriptive, and the material analysis technique used is the deduction syllogism technique, namely by concluding the rules of law and legal facts. This study's results indicate a significant impact on obscuring the meaning of strict liability in the Omnibus Law. The changes in the omnibus law will make it more difficult for environmental destroyers and polluters to be held accountable because the government has to prove the mistakes made by corporations first. When proof of error must take precedence in environmental destruction and pollution, what happens is a regression and ends in conventional proof. It contrasts to the Anglo-Saxon countries, which have expanded the object of string liability [4] The increase of population in Indonesia resulted in population density becomes larger. It is one of the factors in the emergence of slum settlements, especially in urban areas. The existence of slums is related to poor environmental sanitation facilities. Environmental sanitation is one of the environmental managements. Environmental management efforts can be successful if the community is willing to participate. However, until now, the level of community participation, especially those living in slum areas, is still relatively low. One of the reasons is the lack of motivation in the community to carry out environmental management. Therefore, it is essential to know the factors that cause community motivation still at low level. This study aims to verify if motivation has impact to community participation in environmental management. The method is with literature study from articles that relevant to the topic. It results that motivation is an encouragement that supports participation. The dominant motivational factor is internal factors. In addition, the factors of knowledge, social, and economic are also influence the level of motivation. [9] Fostering the cognitive skills to analyse environmental ""commons dilemmas"" is an urgent task of environmental education globally. Commons dilemmas are characterised by structural incentives to overexploit a natural resource; their solution is particularly pressing in threatened biodiversity ""hotspot"" areas. Solutions to these dilemmas require local actors who command knowledge on the social, ecological, economic and institutional aspects of resource utilisation. This study investigates subjective theories that future Indonesian teachers and agricultural advisors bring to a representative local commons dilemma, the extraction of the non-timber forest product rattan. Based on 19 structured qualitative interviews, we identified prior knowledge concerning rattan extraction. University students expressed subjective theories on the ecological consequences of rattan extraction such as landslides or flooding. In addition to education, students mentioned more effective state administrations to conserve rattan stocks. The need to institutionally balance short-term individual exploitation profits with long-term interests in the preservation of a productive resource at community level, was hardly recognised. While Indonesia strives to include environmental education in its school curricula, the results highlight that future educators themselves are not well equipped to address pressing issues of resource and biodiversity loss. © 2013 Copyright Taylor and Francis Group, LLC.",Unrelated and unverifiable
i_435,"Best Practices for Using Confluence in Knowledge Management: Leveraging Social Media Tools: Integrate Confluence with other social media tools like blogs, microblogging, and social tagging to capture and share knowledge more effectively. This can create a more dynamic and interactive knowledge management environment .","This chapter discusses in detail about Knowledge Management and how Social Media tools and platforms can be used for Knowledge Management and how they can be integrated into Knowledge Management system. This chapter explains the key aspects of Knowledge Management and Social Media and how Social media can be used to capture both tacit and explicit knowledge and also to share knowledge among the communities of practice both within organizations and also outside the organizations. The chapter provides an overview of using social media to enhance knowledge management and collaboration in a corporate context and gives an insight on how firms get the most value from social media tools like wikis, blogs, microblogging, social tagging and some such similar tools in Knowledge Management. Further research directions based on the review of the literature are proposed.",Related but unverifiable
s_1720,"Indirect Effects: Various techniques, such as electric fencing, have been trialed to prevent wild boar ingress into fields. These methods have shown effectiveness in protecting crops like maize from wild boar damage .","Among free living animals in Slovenia, wild boar (Sus scrofa) damages agricultural land by rooting and primarily by directly feeding on open fields. In some areas of Slovenia this large wildlife animal causes more than 50% of all estimated damage to cultivated plants grown on arable and forage fields. Many techniques for controlling wild boar and preventing damage are known, but none of them is optimal. In a trial for preventing wild boar ingress into maize fields different designs of electric fence system were used. The trial in which we used an electric fence to prevent wild boar from entering a maize field was erected in the area of Å mihel near Postojna (Slovenia). We decided to erect the electric fence at the end of July, after the fertilization of the maize. The following designs of electric fence systems were used: 1) a plastic post with a polywire and two polytapes with spacings of 15, 15, and 30 cm between them; 2) a plastic post with polywire and a polytape with spacings 25 and 25 cm between them; 3) a steal post as a wire offset in an inverted L shape on which three screws on rod insulators were fixed at a height of 15, 30, and 55 cm from the ground. A polytape at a height of 30 cm acted as depth and it was a so-called three-dimensional design of electric fence. No breaks through fencing were observed until the harvesting time of the maize for silage, although boar tracks on the outside of the fenced field were observed. Damage to arable fields in the vicinity of the protected field was also recorded.",Entailment
s_1540,"Technological and Policy Interventions: The use of advanced models and simulations, such as the DSSAT-CSM and SWAT, can help predict soybean yields and assess the impact of different agricultural practices and climate scenarios .","[10] Soybean [Glycine max (L) Merrill] is one of the most important leguminous crops and ranks fourth after to rice, wheat and maize in terms of world crop production. Soybean contains abundant protein and oil, which makes it a major source of nutritious food, livestock feed and industrial products. In Japan, soybean is also an important source of traditional staples such as tofu, natto, miso and soy sauce. The soybean genome was determined in 2010. With its enormous size, physical mapping and genome sequencing are the most effective approaches towards understanding the structure and function of the soybean genome. We constructed bacterial artificial chromosome (BAC) libraries from the Japanese soybean cultivar, Enrei. The end-sequences of approximately 100,000 BAC clones were analyzed and used for construction of a BAC-based physical map of the genome. BLAST analysis between Enrei BAC-end sequences and the Williams82 genome was carried out to increase the saturation of the map. This physical map will be used to characterize the genome structure of Japanese soybean cultivars, to develop methods for the isolation of agronomically important genes and to facilitate comparative soybean genome research. The current status of physical mapping of the soybean genome and construction of database are presented.",Related but unverifiable
