ID,claim_clean,reference_clean,predict
s_989,"Benefits: Antimicrobial Properties: Filters with antimicrobial coatings, such as those containing chitosan, silver, or other antimicrobial agents, can deactivate bacteria and viruses. For instance, PLA/chitosan membranes showed high antibacterial activity against Salmonella and S. aureus .","Particulate matter (PM) pollution, which usually carries viruses and bacteria, has drawn considerable attention as a major threat to public health. In this present study, an environment-friendly antibacterial Poly(lactic acid)(PLA)/chitosan composite air filter was fabricated using the one-step electrospinning technique. The composite PLA/chitosan fibres show a highly porous structure, in which chitosan nanoparticles (NPs) were found to be uniformly distributed throughout the entire fibre. The morphologies, through-pore size and distribution, air filtration and anti-microbial properties of these filter media were studied. The results showed that it was not the chitosan content but instead the concentration of the spinning solutions that had the greatest effect on the morphologies of the porous fibres. The relative humidity influenced the nanometre-scale pores on the surface of PLA/chitosan fibres. The PLA/chitosan fibrous membranes with a chitosan to PLA mass ratio of 2.5:8 exhibited a high filtration efficiency of 98.99% and a relatively low pressure drop (147.60 Pa) when the air flow rate was 14 cm/s, while these also had high antibacterial activity of 99.4% and 99.5% against Escherichia coli and Staphylococcus aureus, respectively. It took 33 min for the PM<inf>2.5</inf> concentration to decrease to 0 μg/m<sup>3</sup> from 999 μg/m<sup>3</sup> using the PLA/chitosan fibrous membranes, which demonstrates obviously effective air purification performance.",Entity error
i_1766,"The GWP of a gas is calculated over a specific time horizon, typically 20, 100, or 300 years. The choice of time horizon affects the GWP value, as different gases have different atmospheric lifetimes .","Purpose: The common practice of summing greenhouse gas (GHG) emissions and applying global warming potentials (GWPs) to calculate CO<inf>2</inf> equivalents misrepresents the global warming effects of emissions that occur over a product or system's life cycle at a particular time in the future. The two primary purposes of this work are to develop an approach to correct for this distortion that can (1) be feasibly implemented by life cycle assessment and carbon footprint practitioners and (2) results in units of CO<inf>2</inf> equivalent. Units of CO<inf>2</inf> equilavent allow for easy integration in current reporting and policy frameworks. Methods: CO<inf>2</inf> equivalency is typically calculated using GWPs from the Intergovernmental Panel on Climate Change. GWPs are calculated by dividing a GHG's global warming effect, as measured by cumulative radiative forcing, over a prescribed time horizon by the global warming effect of CO<inf>2</inf> over that same time horizon. Current methods distort the actual effect of GHG emissions at a particular time in the future by summing emissions released at different times and applying GWPs; modeling them as if they occur at the beginning of the analytical time horizon. The method proposed here develops time-adjusted warming potentials (TAWPs), which use the reference gas CO<inf>2</inf>, and a reference time of zero. Thus, application of TAWPs results in units of CO<inf>2</inf> equivalent today. Results and discussion: A GWP for a given GHG only requires that a practitioner select an analytical time horizon. The TAWP, however, contains an additional independent variable; the year in which an emission occurs. Thus, for each GHG and each analytical time horizon, TAWPs require a simple software tool (TAWPv1.0) or an equation to estimate their value. Application of 100-year TAWPs to a commercial building's life cycle emissions showed a 30 % reduction in CO<inf>2</inf> equivalent compared to typical practice using 100-year GWPs. As the analytical time horizon is extended the effect of emissions timing is less pronounced. For example, at a 500-year analytical time horizon the difference is only 5 %. Conclusions and recommendations: TAWPs are one of many alternatives to traditional accounting methods, and are envisioned to be used as one of multiple characterizations in carbon accounting or life cycle impact assessment methods to assist in interpretation of a study's outcome. © 2012 Springer-Verlag.
[2]: Energy technologies emitting differing proportions of methane (CH<inf>4</inf>) and carbon dioxide (CO<inf>2</inf>) vary significantly in their relative climate impacts over time, due to the distinct atmospheric lifetimes and radiative efficiencies of the two gases. Standard technology comparisons using the global warming potential (GWP) with a fixed time horizon do not account for the timing of emissions in relation to climate policy goals. Here we develop a portfolio optimization model that incorporates changes in technology impacts based on the temporal proximity of emissions to a radiative forcing (RF) stabilization target. An optimal portfolio, maximizing allowed energy consumption while meeting the RF target, is obtained by year-wise minimization of the marginal RF impact in an intended stabilization year. The optimal portfolio calls for using certain higher-CH<inf>4</inf>-emitting technologies prior to an optimal switching year, followed by CH<inf>4</inf>-light technologies as the stabilization year approaches. We apply the model to evaluate transportation technology pairs and find that accounting for dynamic emissions impacts, in place of using the static GWP, can result in CH<inf>4</inf> mitigation timelines and technology transitions that allow for significantly greater energy consumption while meeting a climate policy target. The results can inform the forward-looking evaluation of energy technologies by engineers, private investors, and policy makers.",Entailment
i_1993,"Community Involvement: It is unnecessary to involve local communities in the planning and maintenance of green spaces, as their needs and values can be effectively managed without their input .","This paper provides an account of the environmental history of a landlocked coastal wetland and the surrounding nature space (Lake Claremont) located within a large Australian city (Perth, Western Australia). We document the processes and behaviour that led to significant negative change over time and report on recent work to restore the lake and its surrounding ecosystem. The reported community-initiated actions reflect changing human values and add to the accumulating evidence that the increasing trend of restoring greenspace to native ecosystems (nature space) brings about social and conservation benefits within the urban fabric. Moreover, this narrative also indicates that significant progress can be made in recovering and expanding ecological components and natural values within a relatively short period. Implications for city planners and land managers are self-evident with regard to what can be achieved and the values that communities now place on naturally functioning urban wetlands. Furthermore, the presence of wetlands such as Lake Claremont in the urban fabric is seen to enhance the liveability of the surrounding city by offering a convenient way for residents and tourists to connect with nature and the outdoors and realise the health benefits that the lake can provide. This case study adds to the body of work that identifies and describes the growing importance of urban wetlands in urban landscapes and provides a clear example of what can be achieved at the local community level and with local government support.",Opposite meaning
i_2265,"Soy-Based Foods: Consumer Acceptance: Plant-based proteins, including soy, are generally well-accepted by consumers and are considered the best-positioned alternative to meat proteins in some regions .","Current environmental and health concerns encourage a shift towards more sustainable diets. A variety of options are currently being investigated to achieve the food security of alternative-to-meat dietary proteins. The food security of alternative to meat proteins will require attention to the availability, the access, the supply stability and the food safety and quality. The aim of this research is to get insight on consumers' food attitudes in order to achieve food security of four alternatives to meat proteins, namely, plant-based proteins, mycoproteins, cultured meat proteins and insect proteins in different development contexts in Spain and the Dominican Republic. In doing so, the research analyses meat consumption, reduces consumers' attitudes using a principal component analysis, predicts first adopters of alternative dietary proteins using a Chi-square test and ranks preferred alternative dietary proteins using a multicriteria decision-making method. The results show that plant-based proteins are the best positioned alternative, while insects are the worst positioned in the Dominican Republic. Gender and education in the Dominican Republic and gender, education and age in Spain are significant factors for the adoption of alternative to meat proteins. Health and convenience attitudes may determine the adoption of alternative dietary proteins in Spain and the Dominican Republic. This research contributes to identifying the consumers' attitudes to encourage the dietary shift to alternative to meat proteins. It can help industry to market alternative-to-meat proteins in different development contexts to achieve food security.",Entailment
s_2065,"In contrast, traditional coffee-growing regions in Nicaragua and other countries are expected to thrive, eliminating the need to identify new suitable areas .","Global circulation models all forecast that climate change will increase mean temperatures and change precipitation regimes. As a result, traditional coffee growing regions may disappear and new regions may appear. At the same time, demand for high quality, responsibly sourced coffee continues to grow globally. For sustainable sources of coffee, participants in the global coffee supply chain need to know where coffee will grow in the future and how the suitability of these areas will change over time. With this information, the supply chain then needs to develop appropriate site-specific mitigation and adaptation strategies for both the short and the long term, to guarantee coffee supply as well as to support improved livelihoods for rural communities. In this paper, we firstly quantify the impact of climate change on the suitability of land to grow coffee in a case study in Nicaragua and on acidity content of beverage coffee in a case study in the Veracruz Department of Mexico. Secondly, we propose site-specific adaptation strategies and finally identify critical potential impacts of climate change on the overall supply chain and the implications for all actors in the system. We conclude the paper by identifying key directions for future research to seek mitigation and adaptation strategies at both the community and the supply-chain level.",Opposite meaning
i_1203,"Additional Benefits: Muscle Function and Balance: Calcium supplements not only improve bone health but also enhance skeletal muscle function and balance, which can further reduce the risk of falls and fractures .","Osteoporosis results from an imbalance in bone homeostasis and leads to bone fragility with an increased risk of fractures. It is, however, a preventable disease, with calcium and vitamin D supplementation both playing a part. The development of vitamin D analogues has led to improved treatment and prevention of osteoporosis, with benefits in terms of skeletal muscle function and balance, increased bone volume and inhibition of bone resorption. ED-71 is a second-generation vitamin D analogue with improved binding to vitamin D-binding protein (DBP) compared with calcitriol, the most potent metabolite of natural vitamin D. The preventive and therapeutic effects of ED-71 on bone mineral loss have been demonstrated in rat models of osteoporosis, where it significantly increased bone mineral density without inducing hypercalcemia. Bone histomorphometric studies showed that this effect resulted from stimulation of bone formation together with a reduction in bone resorption. Open, randomized, controlled studies conducted in subjects with osteoporosis have demonstrated a significant positive effect for ED-71 on bone mineral density following 6 and 12 months of treatment. Phase III trials are ongoing in Japan. Copyright © 2005 Prous Science.",Misinterpretation
s_2162,Economic and Social Benefits: Job Creation and Economic Development: Offshore wind projects can contribute to local economies by creating jobs and stimulating economic activities. This is particularly significant in regions with high wind energy potential but limited economic opportunities .,"This paper reviews the social implications of wind energy from four points of view: socio-environmental, socio-economic, socio-cultural, and stakeholder's involvement, and analyzes wind power projects in the Isthmus of Tehuantepec, Mexico, alongside the background of the literature review. Local economy, geographic conditions, culture, and stakeholders are fundamental when planning a wind project. Technology implementation for sustainable development must recognize the importance of reducing emissions and other environmental impacts, and maximizing socio-economic benefits. The aim of this paper is to review social implications of wind energy, with special emphasis on a disadvantaged region in Mexico, the Isthmus of Tehuantepec, with some of the world's highest wind energy potential, but one of the poorest areas in the country and with a large indigenous population. Wind energy development in Mexico has been complex and contentious; the large increase of wind energy in Oaxaca has created social conflicts in Oaxaca, which even might stop further wind project development in the region. Ultimately, local communities need to be considered in the planning and development process of wind power worldwide and the Mexican case shows the need for a national and regional policy, and a comprehensible on-site participatory planning.",Entity error
i_224,"5. Augmented Reality (AR) and Gesture Interactions: Markerless AR and 3D Gestures: Utilizing AR technologies and 3D gesture interactions can make the interface more intuitive and engaging. This approach eliminates the need for traditional input devices like keyboards and mice, making the interaction more natural and accessible . This can be particularly useful in VR theater settings where ease of use is crucial.","Augmented Reality (AR) is a technology that merges virtual objects with real-world images seamlessly. The power of real-time interaction and complete immersion makes AR ideal for language learning in that the exposure and motivation are two important factors. Therefore, we propose a Virtual English Classroom empowered with marker less AR technologies and 3D gesture interactions, called VECAR. The proposed vision-based interface is intuitive and convenient for users to play around with free hands, without the need of keyboard and mouse. The objective of VECAR is to make English teaching more interesting to increase learners' motivations. © 2013 IEEE.",Related but unverifiable
s_509,"Key Considerations for Battery Exchange System Development: Infrastructure and Technology: The system should include a robust and automated battery swapping mechanism. For instance, an electric vehicle system utilizes a roof-mounted battery exchanging mechanism, complemented by an externally fabricated battery exchanging robot system for a fully automated process .","As part of the ongoing effort to be independent of petroleum resources and to be free from pollutant emission issues, various electric vehicles have been developed and tested through their integration with real world systems. In the current paper, yet another application specific EV for public transportation, an electric bus, is introduced and explained with results from the pilot test program which was carried out under real traffic conditions. The main feature of the current system is a battery exchanging mechanism mounted on the roof of the bus. The current configuration certainly requires an externally fabricated battery exchanging robot system that would complement the electric bus for a fully automated battery exchanging process. The major advantage of the current system is the quick re-charging of the electric energy through the physical battery exchange and the possible utilization of the battery exchange station as a mini scale energy storage system for grid system peak power shaving. With the total system solution approach for the public transportation system, it is fully expected to create outstanding business opportunities in number of areas such as battery suppliers, battery exchanging station management, battery leasing and many more.",Entailment
i_266,"Skip Connections: Feature maps from the encoder are concatenated with the corresponding decoder layers via skip connections, ensuring that fine details are preserved. Additionally, the use of skip connections may lead to improved interpretability of the segmentation results, which is a critical factor in clinical applications .","Medical imaging has been a proactive tool for doctors to diagnose and treat diseases via the qualitative and quantitative analyses based on non-invasive lesions. Medical images have been interpreted via computer tomography (CT), X-ray, magnetic resonance imaging (MRI) and positron emission tomography (PET). The barriers of medical image segmentation need to be resolved due to low contrast amongst the lesion, the surrounding tissue and blurred edges of the lesion. Labeling manually for hundreds of slices of organs or lesions has been quite time-consuming due to anatomy of the human body and shape of lesions. Manual labeling has intended to high subjective and low reproducibility. Doctors have been beneficial from a automatically locating, segmenting and quantifying lesions. Deep learning has been used widely in medical image processing. Deep learning-based U-Net has played a key role in the lesions segmentation. The encoding and decoding ways has made U-Net structures simply and symmetrically. Features extraction of medical images has been realized via convolution and down-sampling operations. The image segmentation mask via the transposed convolution and concatenation has been interpreted. A small-sized dataset has achieved qualified medical image segmentation. U-Net has been summarized and analyzed on the four aspects: the definition of U-Net, the upgrading of U-Net model, the setup of U-Net structure and the mechanism of U-Net. Four research areas have been proposed as below: 1) the basic structure and working principle of U-Net via convolution operation, down sampling, up sampling and concatenation. 2) U-Net network model have been demonstrated in three aspects in the context of the number of encoders, multiple U-Net cascades and other models combined with U-Net. U-Net based network have been divided into two, three and four encoders further in terms of the amount of encoders: Y-Net, Ψ-Net and multi-path dense U-Net. Multiple U-Nets cascade has been categorized into multiple U-Nets in series and multiple U-Nets in parallel based on the cascades mode of multiple U-Nets. In addition U-Net has improved the segmentation performance on the aspects of dual tree complex wavelet transform, local difference method, level set, random walk, graph cutting, CNNs(convolutional neural networks) and deep reinforcement learning. The upgrading of U-Net network structure have been divided into six subcategories including image augmentation, convolution operation, down-sampling operation, up-sampling operation, model optimization strategies and concatenation. Image enhancement has be divided into elastic deformation, geometric transformation, generative adversarial networks (GAN), Wasserstein generative adversarial networks (WGAN) and real-time image enhancement further. The convolution operation has been improved via padding mode and convolution redesign. The padding mode mentioned has adapted constant padding, zero padding, replication padding and reflection padding and improvements to dilated convolution, inception module and asymmetric convolution. The down-sampling has been improved via max-pooling, average-pooling, stride convolution, dilated convolution, inception module and spatial pyramid pooling. Several up-sampling improvements have illustrated simultaneously via sub-pixel convolution, transposed convolution, nearest neighbor interpolation, bilinear interpolation and trilinear interpolation. Model optimization strategies have been divided into two aspects in detail of activation function and normalization, the improvements of activation function includes rectified linear unit(ReLU), parametric ReLU(PReLU), random ReLU(RReLU), leaky ReLU(LReLU), hard exponential linear sigmoid squahing(HardELiSH) and exponential linear sigmoid squashing(ELiSH), and normalization method. The improvements have been to shown based on batch normalization, group normalization, instance normalization and layer normalization. The concatenation based improvement has been one of the future research area. The current concatenation improvements have been mainly realized via attention mechanism, new concatenation, feature reuse and de-convolution with activation function, annotation information fusion from Siamese network. The improved mechanisms in the U-Net network have been emphasized based on residual mechanism, dense mechanism, attention mechanism and the multi-mechanisms integration. The segmentation performance of the network can be enhanced. The further four research areas in U-Net have been illustrated as below: 1) the generalization of deep learning methods cannot be customized to fit the segmentation network for specific scenarios in the future. 2) Supervised deep learning models have required a lot of annotated images labeled for treatment. Unsupervised and semi-supervised deep learning models have been a vital research work further. 3) The low interpretability of U-Net network has lead the low acceptance in the mechanism of its operation.4) More accurate segmentation mask with fewer parameters has been obtained via good quality network structure. The precise manual segmentation has been so time-consuming and labor intensive. The simplified and quick semi-automatic segmentation has relied on the parameters and user-specified image preprocessing. The deep learning-based U-Net network has been segmented the lesions quickly, accurately and consistently. The structure, improvements and further research areas of U-Net network have been analyzed to the development of U-Net network.
[2]: The glottis's morphology not only reflects vocal and respiratory information, but also plays an important role in the diagnosis of laryngeal diseases. The glottis segmentation is a primary step in computer-aided diagnostic system, however is challenging due to various shapes of glottis, low contrast with surrounding tissues, the existence of laryngeal diseases and so on. In this paper, a deep attention network based on U-Net with color normalization operation (CN-DA-Unet) is proposed to achieve an end-to-end segmentation of the glottal area for the first time. The original images are first processed by color normalization to reduce the adverse effects of low contrast and large differences in colors between different images. The normalized images are then sent to the proposed DA-Unet for feature extraction. In this network, residual structure is incorporated to extract rich features from deep neural networks. After extracting features, a feature pyramid attention (FPA) module is applied to enhance the semantic information of the glottal area. These features are up-sampled and added to the features from the corresponding encoding layer for several times to obtain the final segmented image. The proposed approach is tested on laryngeal images of an in–house dataset including images from healthy subjects and pathologic subjects. Its performance is evaluated by several reliable and popular evaluation metrics, achieving the dice coefficient of 92.9%, sensitivity of 93.5% and precision of 92.6%. These results demonstrate the effectiveness of our proposed approach and the better performance comparing with several popular networks.",Opposite meaning
s_1100,"General Ultrasound Image Segmentation: Advanced Techniques: Various advanced techniques have been proposed to improve ultrasound image segmentation, such as: Convolutional Neural Networks (CNN) with Morphological Processing: This method is insensitive to speckle noise and can correctly identify tissues in ultrasound images .","Segmentation is a most important but difficult step in ultrasound image analysis. For the speckle noise and the tissue intensity inhomogeneities in the medical ultrasound images, the conventional segmentation approaches based on intensity or intensity-statistics do not work well. Current studies to reduce the speckle noise are failed in boundary preserving. And the researches on intensity inhomogeneites can not obtain the complete structure. In this paper, a new segmental method combined Markov random field (MRF) model with morphological image processing is proposed to cover the shortages above. MRF step is used to estimate the label image and morphological image processing makes the region-of-interest (ROI) complete to get a complete tissue. This algorithm is insensitive to speckle noise. Experimental results on synthetic images and ultrasound images show that this algorithm works successfully in MRF model and can correctly identify the tissues in the medical ultrasound images. © 2007 IEEE.",Entity error
i_887,"-  ** Aesthetic Improvement** : Electropolishing provides a bright, reflective finish, which is aesthetically pleasing and beneficial for decorative applications .","[10] Electropolishing of copper in phosphoric acid is considered as corrosion rate of copper and due to the economic importance of copper there are several researches deals with acceleration and inhibition of this process. From the previous studies this process may be controlled by the presence of some materials which may cause acceleration or inhibition of this process. In this paper the electropolishing process inhibited with different ratio by addition of some organic aldehydes (formaldehyde, acetaldehyde, paraldehyde, benzaldehyde, salicylaldehyde, anisaldehyde, and tolualdehyde) by addition with concentration (10 <sup>-5</sup> - 10 <sup>-2</sup> mol. l <sup>-1</sup>).The results reveal that organic aldehydes have strongest inhibitive effect ranging from 14.3-61.9 % and the thermodynamic parameters and dimensionless group were present. © 2012 by ESG.",Related but unverifiable
s_1082,"Key Points: Role of Atrogin-1 in Muscle Atrophy: Atrogin-1 is a muscle-specific ubiquitin protein ligase involved in the ubiquitin-proteasome pathway, which is critical for protein degradation in muscle tissues .","Muscle growth is determined primarily by the balance between protein synthesis and degradation. When rates of protein synthesis are similar between individuals, protein degradation is critical in explaining differences in growth efficiency. Studies in mammals showed that muscle atrophy results from increased protein breakdown, and is associated with activation of the ubiquitin proteasome pathway, including induction of the muscle-specific ubiquitin protein ligase, MuRF1. Animals lacking MuRF1 are resistant to muscle atrophy. In fish, little is known about the role of the proteasome/MuRF pathway in muscle degradation. The objectives of this study were to: 1) clone and characterize MuRF genes in rainbow trout; and 2) determine expression of . MuRF genes in association with starvation- and vitellogenesis-induced muscle atrophy in rainbow trout. We have identified full-length cDNA sequences for three . MuRF genes (MuRF1, MuRF2, and MuRF3). These genes encode proteins with typical MuRF structural domains, including a RING-finger, a B-box and a Leucine-rich coiled-coil domain. RT-PCR analysis showed that MuRF genes are predominantly expressed in muscle and heart tissues. Real time PCR analysis revealed that expression of all . MuRF genes is up-regulated during starvation and . MuRF3 is up-regulated in vitellogenesis-associated muscle degradation. These results suggest that MuRF genes have an important role in fish muscle protein degradation. Further studies are warranted to assess the potential use of MuRF genes as tools to monitor fish muscle growth and degradation. © 2010 Elsevier Inc.
[2]: Skeletal muscle atrophy occurs as a side effect of treatment with synthetic glucocorticoids such as dexamethasone (DEX) and is a hallmark of cachectic syndromes associated with increased cortisol levels. The E3 ubiquitin ligase MuRF1 (muscle RING finger protein 1) is transcriptionally upregulated by DEX treatment. Differentiated myotubes treated with DEX undergo depletion of myosin heavy chain protein (MYH), which physically associates with MuRF1. This loss of MYH can be blocked by inhibition of MuRF1 expression. When wild-type and MuRF1<sup>-/-</sup> mice are treated with DEX, the MuRF1<sup>-/-</sup> animals exhibit a relative sparing of MYH. In vitro, MuRF1 is shown to function as an E3 ubiquitin ligase for MYH. These data identify the mechanism by which MYH is depleted under atrophy conditions and demonstrate that inhibition of a single E3 ligase, MuRF1, is sufficient to maintain this important sarcomeric protein. © 2007 Elsevier Inc. All rights reserved.",Related but unverifiable
i_2324,"- ** Tea Quality**: The quality of tea, particularly its polyphenol content and antioxidant properties, might be maintained or even improved with reduced fertilizer input if organic fertilizers are used .","Quality tea production is in demand for its better palatability and beneficial effects on human health, including controlling several diseases with its high antioxidant properties. So far, few studies have been made on the impact of fertilizer input on tea quality. To address the issue, tea was grown under conventional and organic practices to compare the production of biochemical compounds like crude fiber, starch, total phenolics, (-)-epigallocatechin gallate [(-)-EGCG], (-)-gallocatechin gallate [(-)-GCG], and (-)-epicatechin gallate [(-)-ECG], as well as the antioxidant and antidiarrhoeal properties of the tea leaves. Organically grown tea lowered the content of crude fiber and starch as compared to the no-fertilizer treatment (control). However, the content was further lowered by the inorganic fertilizer treatment. Organic fertilization produced higher polyphenol than inorganic fertilization, which has shown greater antioxidant properties when analyzed through the methods of dot-blot and DPPH staining, DPPH radical assay, and hydroxyl radical scavenging activities by electron paramagnetic resonance spectrometry. Animal experiments conducted using green tea extracts on rodents revealed better diarrhoea control with organically tea than with inorganically grown tea. This study reveals the importance of organic agricultural practices in tea for quality improvement and sustainability of the food chain system. © 2008 American Society of Agricultural and Biological Engineers.",Related but unverifiable
i_1263,"Key Insights: Rapid Adoption and Expansion: The pandemic necessitated a swift transition to telemedicine to maintain healthcare delivery while minimizing virus transmission. This led to the rapid expansion of telemedicine services across different specialties, including primary care, HIV care, fertility practices, and pediatric surgery, despite evidence suggesting that many patients experienced worsened outcomes during this transition .","During the COVID-19 crisis, telemedicine was at the center of the health management systems in the canton of Geneva. Telemedicine contributed to the triage and follow-up of patients with a suspected or confirmed diagnosis of COVID-19, as well as to the coordination of different healthcare actors in the patient's trajectory. New partnerships and reinforcement of coordination in the Geneva healthcare and social care networks with an unprecedented use of telemedicine tools were able to ensure patient care while preserving frontline healthcare providers. Telemedicine has benefited during this time from a temporary relaxation of measures and regulations governing its practice, encouraging its deployment in a crisis situation. However, for these tools to be effective, they need to become an integral part of our healthcare systems.
[2]: Purpose of Review: This review summarizes HIV care delivered via telemedicine before and during the COVID-19 pandemic and highlights areas of study to inform optimal usage of telemedicine in HIV clinical practice in the future. Recent Findings: To address barriers to care created by the COVID-19 pandemic, regulatory agencies and payors waived longstanding restrictions, which enabled rapid expansion of telemedicine across the country. Preliminary data show that providers and persons with HIV (PWH) view telemedicine favorably. Some data suggest telemedicine has facilitated retention in care, but other studies have found increasing numbers of PWH lost to follow-up and worsened virologic suppression rates despite offering video and/or telephone visits. Summary: The COVID-19 pandemic has exacerbated gaps in the HIV care continuum. To help mitigate the impact, most clinics have adopted new virtual care options and are now evaluating usage, impact, and concerns. Further research into the effects of telemedicine on HIV care and continued work towards universal access are needed.
[3]: The coronavirus disease 2019 (COVID-19) pandemic has resulted in paradigm shifts in the delivery of health care. Lockdowns, quarantines, and local mandates forced many physician practices around the United States to move to remote patient visits and adoption of telemedicine. This has several long-term implications in the future practice of medicine. In this review we outline different models of integrating telemedicine into both male and female fertility practices and recommendations on performing video physical examinations. Moving forward we foresee two general models of integration: one conservative, where initial intake and follow-up is performed remotely, and a second model where most visits are performed via video and patients are only seen preoperatively if necessary. We also discuss the impact THAT telemedicine has on coding and billing and our experience with patient satisfaction.
[4]: Background Within the last decade, the use of telemedicine within in primary care in the USA has greatly expanded; however, use remains uncommon in surgical specialties. The spread of Coronavirus disease 2019 (COVID-19) prompted healthcare institutions to limit in-person contact, resulting in an increase in telemedicine across all specialties, including pediatric surgery. The aims of this review were to evaluate potential barriers that limited the use of telemedicine in pediatric surgery prior to the COVID-19 period and to define how best to incorporate its use into a pediatric surgical practice going forward. Methods A scoping review was performed to identify gaps in the literature pertaining to the use of telemedicine within general pediatric surgery in the USA prior to the outbreak of COVID-19. Next, a focused evaluation of the legislative and organizational policies on telemedicine was performed. Lastly, findings were summarized and recommendations for future research developed in the context of understanding and overcoming barriers that have plagued widespread adoption in the past. Results Despite evidence of telemedicine being safe and well received by adult surgical patients, a total of only three studies representing original research on the use of telemedicine within pediatric surgery were identified. Legislative and organizational policies regarding telemedicine have been altered in response to COVID-19, likely resulting in an increase in the use of telemedicine among pediatric surgeons. Conclusions Telemedicine offers a safe and effective option for patients seeking an alternative to the in-person clinic appointment. The increased utilization of telemedicine during the COVID-19 pandemic will provide an opportunity to learn how best to leverage the technology to decrease disparities and to overcome previous barriers.",Misrepresentation
i_343,"Parallel Processing: Implement parallel sorting techniques to improve performance, similar to the ""psort"" method for faster sorting .","The main contribution of this paper is to present an efficient parallel sorting ""psort"" compatible with the standard qsort. Our parallel sorting ""psort"" is implemented such that its interface is compatible with ""qsort"" in C Standard Library. Therefore, any application program that uses standard ""qsort"" can be accelerated by simply replacing ""qsort"" call by our ""psort"". Also, ""psort"" uses standard ""qsort"" as a subroutine for local sequential sorting. So, if the performance of ""qsort"" is improved by anyone in the community, then that of our ""psort"" is also automatically improved. To evaluate the performance of our ""psort"", we have implemented our parallel sorting in a Linux server with two Intel quad-core processors (i.e. eight processor cores). The experimental results show that our ""psort"" is approximately 6 times faster than standard ""qsort"" using 8 processors. Since the speed up factor cannot be more than 8 if we use 8 cores, our algorithm is close to optimal. Also, as far as we know, no previously published parallel implementations achieve a speed up factor less than 4 using 8 cores. © 2009 IEEE.",Entailment
i_570,"Technical Limitations Detection Accuracy: One of the primary challenges is ensuring high accuracy in detecting emergencies such as fire, smoke, and explosions. While advanced algorithms like the combination of Adaboost and Local Binary Pattern (LBP) followed by Convolutional Neural Networks (CNN) can achieve high accuracy rates (up to 95.2%), false positives remain a significant issue .","This paper presents a novel algorithm for detection certain types of emergencies relating to fire, smoke and explosions by processing the data recorded from the camera monitoring, based on cascaded approach. First, the combination of Adaboost and Local binary pattern (LBP) are using for getting Region of Interest (ROI) and reducing time complexity. Next, to alleviate common problems of vulnerable such as false positive, we propose to use Convolutional Neural Network (CNN). The final experimental results showed that the accuracy rate of this method for emergencies detection could reach 95.2%.",Related but unverifiable
i_872,"Advanced Techniques: Laser-Assisted Drilling (LAD): This technique reduces drilling forces and temperatures, leading to less burr formation. The precision cutting action in LAD helps in easier chip removal and lower thermal damage .","1Defects associated with drilling of fiber reinforced polymers (FRPs) are of major economic and safety concerns for aerospace manufacturers. Delamination of layers and thermal damage of the matrix are the most critical defects associated with drilling of FRP laminates, which can be avoided by keeping the drilling forces and temperatures below some threshold levels. Vibration-assisted drilling (VAD) is an emerging drilling process that uses intermittent cutting to reduce the drilling forces and temperatures, and achieve easier chip removal compared to conventional drilling. In this paper an extensive experimental study has been conducted to provide insight into the effect of the tool kinematics corresponding to the VAD parameters (speed, feed, frequency and amplitude) on the geometry of the formed chip determined by the intersection of the trajectories of the cutting edges as well as on the drilling forces and temperature. The combinations of the VAD parameters used in this study were selected from ranges of speeds 6,000 rpm to 12,000 rpm, feeds 0.05 mm/rev to 0.15 mm/rev, frequencies 30 Hz and 60 Hz, and amplitudes 40 μm to 400 μm. The Amplitude and feed were found to have the most dominant effect on the VAD forces, while the feed and speed had the dominant effect on the VAD temperatures. The thermal performance of the VAD process was found to be enhanced by the formation of vortices in the air gap created by the separation between the tool and the machined surface, which is mainly controlled by the feed and the rotational speed of the tool.",Entity error
s_760,"Obstacles in Shifting to Digital Methods: Dependence on Technology: Over-reliance on digital tools can lead to a detachment from the physical aspects of design, potentially impacting the tactile and intuitive elements of architectural creation .","Traditionally, architecture in its design process employs physical matter, requires physical presence and relies on real world environment using conventional methods of 2D depictions such as paper and pen or 3D representations such as physical models and communicates design ideas in verbal or text-based form. The conventional design process, for example an interior design, a residential house, a commercial complex or even urban design projects, follows the same hierarchy of activities. Efforts are made to the satisfaction of both parties to give the ideas of a physical shape through sketches, drafts and models which may take weeks, even months. Finally the project gets its final shape in a working drawing, 3D visualisation or model making. This process is time consuming and somewhat redundant. In recent years technology has offered architects a new tool - the virtual environment. Architects use virtual environment increasingly as device of communication and presentation of design intensions. Virtual environment enables users to interact in real-time with design but unfortunately has not been used widely in the process of architectural design. The aim of this paper is to investigate the relationship between present design process and the emerging technology of virtual reality, establish a relationship between the two and its influence on architecture to form a new translated design process and communication, an interface between architect and client.
[8]: The paper describes the mergence of traditional architectural design processes with approaches that rely on digital media and software for the creation of architectural space. The depicted projects are part of a 'work in progress' process, with a recent studio that is set up to apply the so far accumulated experiences. Within the projects, focus is on those design phases where the applied media and methodology is changed and where the back and forth between different media and the depth of their implementation is perceptible in, and / or has a significant influence on the design itself. Through a line of successive experiments, the paper explains the development of a possible method that utilizes a variety of today's accessible tools in architecture, making use of phenomena that appear when changing from one tool to another. Goal is to avoid limitations that are existent by the solely employment of one media or method, and to understand the fusion between different media as an inspiring momentum to develop the design further. The paper draws a line from an initially experienced and analyzed design method over several projects in practice and academia to conclude with a possible design method that could be established successfully in both fields of architectural teaching and practice. Initial experiences had been drawn from professional practice, in which the digital realm was limited to a support device of the design process. The first project that is described in the paper, explored the employment of digital media as a possible tool to drive the design process in a broader sense. The studio setting was organized as a laboratory for the exploration of the change of applied media. Focus was on the influence on the design progress. The design method required of the studios participants was not exclusively based on an architectural program, but on an initial, very conceptual process with an artistic approach, based on personal experiences of each participant. This was meant to detach the students entirely from architectural processes and mindsets they had picked up so far. Parallel to that kind of an intellectual process, studio participants learned to handle Maya as the 3D modeling software of their choice. Both the technical knowledge and the artistic projects were merged in a second project phase, in which participants had to further develop their work by applying a very effective mix of various design tools. Using digital media as a parametric design generator, subsequent projects were developed. The task for the designers here were to decide what kind of algorithm could be applied to which process and when it was to be stopped for the best result. Applying such an automatism successfully to the design process, the employment of traditional media and methodology remained, to adapt the digital driven schemes to the required design task. The diverse design experiments demonstrate important aspects when merging complex design and animation software with traditional design processes. To achieve good architectural design results, all examined projects showed that traditional design methods with its physical models are hardly replaceable to its full extent by other media, but digital media are able to strengthen design processes and invite designers to explore new means of design work.",Related but unverifiable
i_1956,"Social Sustainability: Community Engagement: ICT can strengthen local initiatives towards sustainability by enhancing communication and information dissemination. For example, mobile technologies like EcoTEXT support environmental grassroots organizations by providing geographically targeted information, thereby fostering community engagement .","[3] Information and communication technology has been ascribed a crucial role in raising resource and energy efficiency and thereby contributing to environmental abatement. This study investigates the effect of information and communication technology on bioenergy industry sustainability in twenty-seven European Union members from 1990 through 2019. Using the panel fully modified ordinary least squares, the outcomes demonstrate that bioenergy industry growth inclines with an increase in information and communication technology input. While the bioenergy industry is found to be decreasing carbon dioxide releases. Economic growth, institutional quality, and human capital are seen to improve the bioenergy industry growth. On the other hand, bioenergy industry development is found to be mitigating carbon dioxide and pollution. The result indicates that bioenergy industry sustainability in EU region members can be well inclined by improving the information and communication technology development in production procedures. This will later help in tackling environmental pollution and climate change. The assessed outcome is viewed to be valid as they were confirmed by panel dynamic ordinary least squares and pooled ordinary least squares. The investigation proposes for European state participants to increase the part of information and communication technology input in their bioenergy industry to increase the growth and sustainability levels. Policymakers in the EU region countries should also invest more in information and communication technology of the bioenergy industry to improve its production and availability. The government of the EU region can similarly focus on technical efficacy, productivity, and sustainability of information and communication technology to achieve bioenergy growth, security, and sustainable development.",Related but unverifiable
s_2212,"Negative Environmental Effects: Underwater Noise Pollution: The construction, particularly pile driving, generates significant underwater noise, which is likely to affect all marine life, including fish and crustaceans, although evidence for this is still limited .","Offshore wind energy is a new technology created by the merging of classical wind energy technology and classical offshore technology. Wind speeds are considerably higher over the sea as compared to onshore sites, but also the cost per installed kW will increase when moving offshore. The rapid development of wind energy use in Germany is accompanied by an increase of the installed power per wind turbine. In the German areas of the North and Baltic Seas, several large offshore wind farms are planned; each with several hundreds turbines of up to 5 MW each. The Institute for Structural Analysis (ISD) of the University of Hannover, the German Wind Energy Institute (DEWI) in Wilhelmshaven, and the Institute for Technical and Applied Physics (itap) in Oldenburg are partners in a project on: Standard Procedures for the Determination and Assessment of Noise Impact on Sea Life by Offshore Wind Farms which is funded by the German Federal Ministry for Environment (BMU). The aim of this project (CRI, DEWI, itap 2004) is to study the generation, radiation and attenuation of underwater noise, to develop forecasting hydro sound models of offshore wind converters and future noise reduction methods during pile driving, to determine the impact area of offshore wind farms, to allow the formulation of recommendations for acoustic emission thresholds for offshore wind farms in cooperation with biologists, and to develop standard procedures for the determination and assessment of noise emissions. The operation and in particular the construction of offshore wind converters induce considerable underwater noise emissions. It is assumed that small whales and seals can be affected by noises from machines and vessels, piling and installation of the wind turbines. Piling, in particular using hydraulic hammers creates high frequency noise with considerable sound power levels. Currently, only little knowledge about the effects of different noises to marine life is available. With a view to determining the effects on the marine flora and fauna and structural design aspects, the research platform FINO 1 (Fig. 1) was erected in the North Sea. Measurements of the underwater noise during construction of offshore research platforms and numerical investigations are used to develop future forecasting hydro sound models of offshore wind converters. © Springer-Verlag Berlin Heidelberg 2006. All rights are reserved.",Misrepresentation
s_101,"Integration of Public Involvement and AI: Enhanced Efficiency: Combining Approaches: The integration of public involvement through bottom-up approaches and the application of AI techniques can lead to more efficient and effective land consolidation processes. Public involvement ensures that local needs and conditions are considered, while AI provides data-driven insights and optimizations .","With socio-economic growth, arable land fragmentation has increasingly become a serious obstacle to agricultural development, in terms of waste of scarce land resource, need of intensive labor input, obstruction of application of machineries, increasing production cost and reducing land use efficiency. Land consolidation has widely been taken as a necessary approach for solving this problem. In the context of rural revitalization, it is of great significance to explore novel patterns of land consolidation besides traditional government-dominated pattern. The objective of this paper was to expound on the mechanism and examine the effectiveness of a new land consolidation pattern, namely the farmer-dominated pattern of ""merging small plots to large plot"", emerging in the rural area of Guangxi Zhuang Autonomous Region, in hope of making contributions to innovations on land consolidation, rural land reform, and rural revitalization. Methods of semi-structured interviews, quantitative models, and case studies were adopted. This new pattern combined a BOTTOM-UP process of land tenure adjustment, land consolidation plan, design and engineering, spontaneously carried out by farmers, with a TOP-DOWN financial support from government, which was conditional on meeting the requirements of high-standard basic farmland construction. Before ""merging small plots to large plot"", land fragmentation affected agricultural output, production cost and land use efficiency by directly or indirectly acting on input factors of land, labor, capital, technology among others in arable land use system. While ""merging small plots to large plot"" could reallocate land parcels and readjust land tenure, enhance the coordination and mutual adaption of various input factors, hence promote the alignment of productive forces and relations of production. In the case study of Nongnong Village, farmer-dominated land consolidation pattern increased the area of arable land through filling earth ditches and merging field ridge, dramatically reduced plot number through merging small plots, significantly improved arable land use efficiency and agricultural productivity through infrastructure construction such as roads and irrigation facilities and agricultural machineries application. Furthermore, this new pattern substantially increased farmers' income through adjustment of cropping structure and transfer of rural labor into non-farm employments. It was concluded that farmer-dominated land consolidation pattern was a typical model of the BOTTOM-UP land consolidation by the farmers combined with the TOP-DOWN supervision and support by government, could effectively solve the problem of arable land fragmentation and promote optimization and coordination among various input factors of arable land use system, and proved itself as an effective approach to bridge the gap between smallholders and modern agriculture characterized of industrialization and mechanization, which could contribute to rural revitalization and be extended to other regions in China as well as other developing countries. Three insights are suggested to extend this innovation pattern. First, central and provincial governments should issue policies to address the legitimacy problem concerning farmers self-organized land merger and consolidation and to provide financial supports for construction of farmland infrastructures. Second, village elites should play an important role as facilitators, coordinators, or brokers in whole process. Third, a special work team on site, comprised of village cadres, village elites, representatives of all clans and interest groups, should be assembled to deal with conflicts of interests and ensure the synergy of multiple interests and objectives.
[2]: Land administration and land consolidation are two pillars of the Austrian land management sharing a long tradition and duties defined by the constitution. Land administration supports measures of land consolidation with cadastre data, land registry data and other geo-technical data. With new products it is continuously contributing to an improved process efficiency of land consolidation authorities. Within the last years the role of land consolidation changed from an instrument to improve farming structures to a multifunctional tool of land management.
[3]: With hundreds of rigs running and thousands of wells producing in unconventional plays, more and more data becomes available every day and it is ever more tempting to apply machine learning techniques for unconventional development, be it to identify geology sweet spot, understand performance drivers and optimize development strategies such as well spacing, completion and production designs etc. However, most of the previous applications of machine learning are limited to either certain types of data or small areas of interest. Consequently, the results often lack the predictability or generalizability necessary to impact important development decisions. We developed a flexible, scalable and integrated machine learning framework to leverage all sources of data for the goal of optimizing unconventional resources development. The framework is built on a big data warehouse and on-demand capability to efficiently visualize and analyze large volumes of heterogeneous data. The most important pillar of the framework is the ability to transform all different types of data with fit-for-purpose methodologies to be closely related to the evaluation and prediction of well performance. This is enabled mechanistically by an interface to scripting languages such as R or Python for interactive data processing, validation and visualization. We also developed several innovative methodologies to overcome some common challenges in characterizing well performance and analyzing well spatial and temporal relationships in terms of well spacing, stacking and infill timing. Ultimately, all the data is regularized to be ready for machine learning. The framework enables a rich set of state-of-the-art machine learning techniques. More importantly, the integration of machine learning with geology, reservoir and development data in a visual environment enables very intuitive and interactive testing, validation and interpretation, which provides valuable insight and confidence for development decision making. The framework has been extensively employed in Permian Basin for important technical studies such as evaluation of new formation, optimization of well completion and spacing, and even PUD reserve booking compatible with SPEE recommended reliable technology. Field case studies clearly demonstrate the applicability and efficiency of the framework as well as the predictability and insights the machine learning techniques offer.",Related but unverifiable
i_602,Policy Opposition: Implementing restrictive policies and standards that hinder the adoption of prefabricated housing and compromise its environmental performance .,"Various problems of traditional cast-in-place buildings, such as heavy energy consumption, severe environmental pollution, and low labour productivity, have hindered the development of the construction industry. Prefabricated buildings have a direct bearing on national economic development and transformation of people's lifestyle because of their high economic, environmental, social, and safety benefits. The technological research and development level for prefabricated buildings and system policies in China are still in the initial stage, and the environmental performance and influencing factors of prefabricated buildings limit their large-scale implementation. The literature in developed countries regarding the environmental performance and influencing factors of prefabricated buildings was first reviewed in this study. Community A in Zhengzhou City, Henan Province was used as the case study. AHP (Analytic Hierarchy Process) was applied to measure the factors influencing the environmental performance of prefabricated buildings, and policy suggestions were proposed to improve their environmental performance. Results indicate that developed countries tend to construct prefabricated buildings in large areas because of their remarkable economic, environmental, social, and safety benefits. Measurement results of Community A in Zhengzhou City, Henan Province show that the main environmental pollution factor of prefabricated buildings is waste discharge, accounting for 40%, followed by noise pollution, energy consumption, and dust pollution. The environmental performance of prefabricated buildings can be improved by promoting their development, reducing their environmental pollution, establishing a standard prefabricated concrete system, enhancing the environmental standards for buildings, expanding the application scope of prefabricated concrete, encouraging environmental technology innovation of buildings, cultivating prefabricated building bases, and strengthening environmental governance of construction sites. The findings will serve as reference in determining the main factors influencing the environmental performance of prefabricated buildings, establishing an evaluation system for the environmental benefits of prefabricated buildings, promoting their improvement and optimized development, and enriching and perfecting an evaluation research system for their comprehensive benefits.",Opposite meaning
i_40,Key Sustainability Criteria for Green Software Engineering: Open Source and Virtualization: Use of Proprietary Software: Utilizing proprietary software can promote sustainability by reducing costs and extending the lifespan of software products .,"Sustainability is even more important now than ever if we speak in the context of organizational growth, it is necessary that technological products, such as software developments, are certified as green-environmental friendly technology that would mean a competitive advantage for an organization that implements an agile methodology for software development that takes sustainability into account, giving the organization new ways to market their software products as environmentally friendly. This study proposes a model for agile software development, it has taken into account that software development must be based upon reusing old hardware, free nonprivative software and code (open source), as well as virtualization of servers and machines, to create software that can be useful for over a decade, as a result, we expect a reduction of planned obsolescence in hardware, which means taking one step ahead to help solve the problem that the big amount of electronic waste (e-waste) means nowadays worldwide.",Opposite meaning
i_1977,Vertical Greening: Implementation: Utilize building facades for vertical greenery to maximize green space in densely built neighborhoods .,"[5] The Zhengzhou Yellow River waterfront could be as an ecology-society-economic system through the landscape sustainable development planning to promote its ecosystem service functions and enhance the landscape multiplicity. The guideline for the planning is the harmonious development of the districts, perfecting the urban open space and keeping the balance between protection and recreation. In the spatial plan-the core of the landscape sustainable development is: The vertical pattern was determined through the ecological suitability analysis by selecting the key ecological factors; the horizontal pattern was determined by taking the Forman's pattern theory 'union of concentration and deconcentration' as the foundation, then the landscape structure of the Zhengzhou Yellow River waterfront was reconstructed. The overall plan of the landscape sustainable development was carried out with special planning for the agricultural landscape, forestry landscape, traveling landscape and biodiversity landscape. By this way the multi-objective and multi-purpose uses of the River waterfront is completely feasible. [6] The difficulty of assembling sites large enough to redevelop at higher density can impede regeneration in city centers and accelerate suburban sprawl onto large sites already in single ownership. One promising new planning strategy to encourage voluntary land assembly is graduated density zoning, which allows higher density on larger sites. This strategy can increase the incentive for owners to cooperate in a land assembly that creates higher land values. Graduated density zoning will not eliminate the incentive to hold out, but it can create a new fear of being left out. Holdouts who are left with sites that cannot be combined with enough contiguous properties to trigger higher density lose a valuable economic opportunity. This article examines the difficulty of assembling land for infill development, and explains graduated density zoning as a way to encourage voluntary land assembly. Finally, it presents the results of graduated density zoning in practice. © 2008 Sage Publications. [13] Norway has more than 100,000 km of coastline and associated shore zone. The shore zone is an attractive area for development and infrastructure on the one hand, and recreation and protection of biological diversity on the other. The Norwegian Planning and Building Act contains a general ban on any building in the area between the ordinary high water mark and up to 100 m inland from the shoreline. Exemptions can be granted, however, by the competent municipality through land planning and individual decisions. The importance attached to leaving the shore zone untouched varies from region to region. There are large geographical differences in terms of biodiversity, cultural heritage, landscape, development, development pressure, migration and depopulation, and commercial activity, as well as public access to the coastal areas and the ocean. Since 2011, the entire Norwegian shore zone became subject to guidelines that regulate a geographical differentiation of management and a more severe protection of central areas. This article analyses key aspects of the Norwegian shore zone regulation.",Unrelated and unverifiable
s_1562,"Conclusion: Delphinin is specifically found in the pollen of Iris lutescens, particularly in the purple flower morph, which contains higher concentrations of this anthocyanin compared to the yellow flower morph .","We describe a flower color polymorphism in Iris lutescens, a species widespread in the Northern part of the Mediterranean basin. We studied the biochemical basis of the difference between purple and yellow flowers, and explored the ecological and evolutionary consequences of such difference, in particular visual discrimination by insects, a potential link with scent emitted and the association between color and scent. Anthocyanins were found to be present in much greater concentrations in purple flowers than in yellow ones, but the anthocyanin composition did not differ between color morphs. Likewise, no quantitative difference in anthocyanin content was found between vegetative tissues of the two morphs. Floral anthocyanins were dominated by delphinidin 3-O-(p-coumaroylrutinoside)-5-O-glucoside (also called delphanin) and its aliphatic derivatives. Small amounts of delphinidin 3-O-(p-caffeoylrutinoside)- 5-O-glucoside and its aliphatic derivatives were also characterized. Based on a description of bumblebees' (one of the main pollinators of I. lutescens) color perception, purple and yellow flowers of I. lutescens could be visually discriminated as blue and blue-green, respectively, and likely by a wide variety of other insects. The overall chemical composition of the scent produced was not significantly different between morphs, being dominated by terpenoids, mainly myrcene, (E)-β-ocimene and limonene. A slight color-scent correlation was nevertheless detected, consistent with the shared biosynthetic origin of both pigments and volatile compounds. Therefore in this species, the difference in the amounts of pigments responsible for flower color difference seems to be the major difference between the two morphs. Pollinators are probably the main selective agent driving the evolution of flower color polymorphism in I. lutescens, which represents a suitable species for investigating how such polymorphism is maintained. © 2013 Elsevier Ltd. All rights reserved.",Related but unverifiable
s_1776,"Advantages: High sensitivity, small size, and good integration ability for industrial settings, which likely means it can be used in any industrial application without limitations .","The microstructured waveguide biosensor is described. The biosensor was tested in experiments for analysis of water, tea, coffee, wine and strong drinks. The biosensor has a high sensitivity to the optical properties of a medium, filling up the waveguide's core. The small size, good integration ability and compatibility for use in industrial settings make such biosensor very promising for various applications, including food industry.",Misinterpretation
i_393,"Telecommunications and Electronics: Consumer Electronics: AI enhances functionalities in consumer electronics, such as smart home devices, personal assistants, and entertainment systems .","Artificial intelligence (AI) is making its way back into the mainstream of corporate technology, this time at the core of business systems which are providing competitive advantage in all sorts of industries, including electronics, manufacturing, marketing, hu-manresource, financial services software, medicine, entertainment, engineering and communications. Designed to leverage the capabilities of humans rather than replace them, today's AI technology enables an extraordinary array of applications that forge new connections among people, computers, knowledge, and the physical world. Some AI enabled applications are information distribution and retrieval, database mining, product design, manufacturing, inspection, training, user support, surgical planning, resource scheduling, and complex resource management. AI technologies help enterprises reduce latency in making business decisions, minimize fraud and enhance revenue opportunities.
[12]: Electronics is under development in this country in an organized and institutional way since the beginning of 30-ties of the previous century. It grew up from electrical engineering of weak currents and its first name used popularly was communications. It was time when television was born and the radio was maturing. Electronics is a branch of research and technology which deals with generation and processing of electrical and electromagnetic signals. A subject of telecommunications is signal transmission for a distance. Electronics and telecommunications (ET) includes or is combined with other branches like: microelectronics, radioelectronics, optoelectronics, photonics, acoustoelectronics, magnetronics, bioelectronics, energoelectronics, material engineering, semiconductor physics, automation and robotics, mechatronics and microsystems, informatics, teleinformatics, software engineering and other. Devices and functional systems of ET such as computers, data warehouses, cell phones, TV sets, Internet, GPS are build of electronic components and circuits. ET is a branch which belongs to hi - tech area, where the products gather a large load of knowledge of value overcoming frequently the price of work and material. ET has recently turned to an active participant of the processes of generation, storing, processing, transportation, distribution and usage of knowledge in the society. ET started to create artificial intelligence, co - creates intellectual property, searches for knowledge in big data sets, aids medicine, extends virtual/augmented reality, builds Internet of persons and things, strengthens security, protects natural environment, facilitates our life, aids our decisions, activates individuals, equalizes chances, provides convenient personal communications and access to data, starts building a penetrating ubiquitous infrastructure, ceases to be only a branch of technology, grows into the social space, touches culture, sociology, psychology and art. Such an important role of ET is combined with the existence in the society of an adequate infrastructure which recreates the full development cycle of high technology embracing: people, institutions, finances and logistics, in this also science, higher education, education, continuous training, dissemination and outreach, professional social environment, legal basis, political support and lobbying, innovation structures, applications, industry and economy. The digest of chosen development tendencies in ET was made here from the academic perspective, in a wider scale and on this background the national one, trying to situate this branch in the society, determine its changing role to build a new technical infrastructure of a society based on knowledge, a role of builder of many practical gadgets facilitating life, a role of a big future integrator of today's single bricks into certain more useful unity. This digest does not have a character of a systematic analysis of ET. It is a kind of an arbitrary utterance of the authors inside their field of competence. The aim of this paper is to take an active part in the discussion of the academic community in this country on the development strategy of ET, choice of priorities for cyclically rebuilding economy, in competitive environments. The review paper was initiated by the Committee of Electronics and Telecommunications of Polish Academy of Sciences and was published in Polish as introductory chapter of a dedicated expertise, printed in a book format. This version makes the included opinions available for a wider community. © 2010 SPIE.",Related but unverifiable
s_409,"The value of the platform increases as more users join, creating a self-reinforcing cycle of growth and engagement .","The most solid framework to both analyze and regulate digital platforms is the one which has developed over the past century for the conceptualization and the regulation of the traditional network industries such as telecoms, transport and energy. Digital platforms in multi-sided markets can be considered the new network industries, notably due to the relevance of direct, indirect and algorithmic network effects. As a result, platforms display features which are similar to all industries where network effects are key, namely concentration, market power and subsequently political intervention. Regulatory measures that have already been tested in the traditional network industries can be exported to the new network industries, including regulation to promote competition by reducing barriers to entry, regulation to promote interoperability and structural remedies along with public service obligations imposed on platforms. Examples of this approach can be identified in different initiatives around the world, with the European Union in the lead.",Entailment
i_1966,"Implications: Public Awareness: Understanding global warming is crucial for public awareness and policy-making. Efforts to educate the public about the causes and effects of global warming can help in mobilizing support for mitigation and adaptation strategies. Additionally, it is believed that increased public engagement in climate change discussions can lead to more innovative solutions being proposed by communities .","Introduction: Climate change is a change in the statistical distribution of weather patterns when it lasts for an extended period of time. Climate change may refer to a change in average weather conditions, or in the time variation of weather around long-term average conditions. Climate change is caused by factors such as biotic processes, variations in solar radiation received by Earth, plate tectonics, and volcanic eruptions. Certain human activities have also been identified as significant causes of recent climate change, often referred to as global warming. Shifting temperatures are climbing and sea levels are rising. And meanwhile, our planet must still supply us and all living things with air, water, food and safe places to live. If we don't act now, climate change will rapidly alter the lands and waters we all depend upon for survival, leaving our children and grandchildren with a very different world. The most important task of all countries in the face of climate change is to make efforts to reduce climate change and spend more time to anticipate and prevent its risks. The efforts and actions can be done in the current situation are including natural resource conservation, development of green spaces, reduction of power consumption of fossil fuels, saving in consumption, recycling and reduction of waste, sewage treatment, use of renewable energy sources and implementation of appropriate educational programs. The remarkable thing is that these actions by the government alone cannot be done and, thus, all persons in any country should play their role. This requires environmental education in the field of climate change for people to deal with these issues correctly. Thus, in last decade in various countries, study has been done in the field of education to climate change. But reviews of these studies, particularly in Iran, shows that adequate studies have not yet been done to educate climate change in the educational system. Therefore, the purpose of this study is development of the climate change education plan in the formal education system. Materials and methods: Iran formal education system: educational system of Iran is comprised of three sections. These three sections include formal, informal and implicit. In this study, the third grade of the first period of high school is considered as a case study to develop a climate change education plan. Education in the educational process management in the ISO 10015 standard is in four steps; needs assessment, educational designing and planning, implementation, and evaluation. In the Figure (1), the educational process management is represented according to ISO 10015 standard. (Figure Presented) Results and discussion: As mentioned above in this study, climate change education plan for third grade of the first period of high school is developed based on educational process management in the ISO 10015 standard. Education in this system in four steps includes; needs assessment, educational designing and planning, implementation, and evaluation of results. Needs assessment The results show that, the most important educational needs, which are obtained with Fish Bowl technique, as follows are; introduction of basic concepts, current state of climate, climate change causes, effects and impacts, solutions and strategies for prevention, and mitigation and adaptation to climate change (Table 1). (Table Presented) Educational designing and planning Educational designing and planning was done in the five steps, which the goals are: Development thinking about the climate change, increase in student knowledge in this field, training of appropriate personnel to manage climate change. (Table Presented) In the implementation of education, teacher is operator training and the Ministry of Education is in the form of Education Office and schools can support teachers in monitoring the implementation. In the evaluation step, the teacher in addition to the evaluation of classroom sessions should do a final evaluation. Thus, the evaluation should be a combination of formative and final assessment, which recommended the use of goal oriented Tyler pattern. Conclusion: Accurate knowledge about the effects of climate change is essential as a key factor for conscious action and the formation of a person's determination to deal with the effects of climate change. Studies from around the world have observed an unfortunate chain of students not being given an adequate and accurate education on climate change, of teachers not knowing how or what to teach, and of the public that is misinformed about these issues. The structure proposed in this study to climate change education determined the contents that require students to do need assessments. This is based on educational designing and planning. Therefore, the teachers with use of educational designing and planning and on the job training increase their knowledge in this field and it will teach the students.
[7]: Global warming is a serious threat to human existence. The relatively higher level of global warming in recent times poses higher health risks to humans, both directly and indirectly. The aim of the study was to investigate public knowledge of global warming and its effects on human health. A nationally representative survey of Ghanaian adults (N=1130) was conducted from November 1, 2018 to February 28, 2019. Results show that 84.4% of the respondents understood the meaning of global warming. Respondents' perceived causes of global warming include natural processes, deforestation, act of the gods, burning of fossil fuel, and carbon dioxide (CO2) emission from vehicles and industries. The majority of the respondents (83.4%) indicated that global warming has an impact on human health, while 8.5% indicated that it does not. Majority (78.6%) of the respondents are willing to support efforts to reduce the intensity of global warming. Television (19.1%) and social media (18.6%) were the leading preferred methods for receipt of global warming information. These findings provide useful insights for policy directions. The Government of Ghana and other stakeholders in health should develop a communication strategy to increase and sustain publicity and education of the citizenry on global warming.",Related but unverifiable
i_880,-  ** Surface Roughness Reduction** : Electropolishing significantly reduces surface roughness by removing surface irregularities. This is quantified using parameters such as Ra (average roughness) and Rz (maximum height of the profile) .,"Electropolishing is a widely-used electrochemical surface finishing process for metals. The electropolishing of stainless steel has vast commercial application, such as improving corrosion resistance, improving cleanness, and brightening. The surface topography characterization is performed using several techniques with different lateral resolutions and length scales, from atomic force microscopy in the nano-scale (<0.1 μm) to stylus and optical profilometry in the micro- and mesoscales (0.1 μm-1 mm). This paper presents an experimental length scale study of the surface texture of ground stainless steel followed by an electropolishing process in the micro and meso lateral scales. Both stylus and optical profilometers are used, and multiple cut-off lengths of the standard Gaussian filter are adopted. While the commonly used roughness amplitude parameters (Ra, Rq and Rz) fail to characterize electropolished textures, the root mean square slope (RΔq) is found to better describe the electropolished surfaces and to be insensitive to scale.
[3]: Electropolishing is the method of obtaining extremely smooth surfaces. It is also observed that Electropolishing of stainless steel have enhanced localized corrosion resistance as compared to mechanically prepared surfaces. For biomedical applications such as orthopedic implants it is required that near zero defects surface is ensured.This work studies Electropolishing of solution annealed and cold rolled 316L stainless steel and characterizes the surface physically for roughness, topography and electrochemically for localized corrosion. Characterization techniques involve Profilometry, Specular reflection, SEM, AFM, Ellipsometry, XPS, polarization studies in Hank's solution, and Micro- cell Ecorr noise studies to estimate localized corrosion resistance. The results are compared with nitric acid passivated 316L stainless steel surfaces also. This part summarizes and discusses the results of characterization techniques like profilometry, specular reflection, SEM, AFM and ellipsometry. Surfaces with various degrees of roughness (Ra(μ) 0.09 and 0.14) exhibited similar specular reflectance (71-91%) in the visible range of spectrum. In addition, Surface roughness described only in terms of Ra values may not truly describe the extremely large hills or valleys as expressed by the parameters like Rz, and Rmax. AFM studies revealed the existence of equiaxed peculiar 'diamond' shaped feature (cell width roughly 100nm) upon solution annealed and electropolished sample surface whereas cold rolled and electropolished sample surfaces exhibited 'striped' feature. SEM results also substantiate AFM outcomes. Increasing degree of cold work has its own effect over the surface roughness achieved at the end of surface treatments. Electropolishing or nitric acid passivation of 316L stainless steel enhances the thickness of the oxide film two to three times of the original. © University of Manchester and the authors 2006.
[4]: Several surface modification techniques such as ion implantation, surface laser melting, have been employed to improve pitting corrosion resistance of stainless steel. Electropolishing is a technique in which the surface roughness is eliminated through a selective electrochemical dissolution. The effect of electropolishing on pitting corrosion of 304 stainless steel (SS) was investigated employing polarization technique in conjunction with the scanning electron microcopy examination. Electropolishing process was carried out on wire of 2 mm diameter in 70% phosphoric acid solution at room temperature for 30 min. To elucidate the effect of roughness elimination on pitting corrosion, investigation was carried out on as-received specimen with surface finishing of 60 SiC grit and electropolished specimen in 0.5M NaCl solution at room temperature. A significant decrease on passive current density and also shift of pitting potential towards noble value was recorded on electropolished specimen revealing a pronounce effect of this technique on surface modification. Further investigation was carried out by employing slow ramp anodic potentiodynamic polarization on as received and electropolished specimen. Plot of metastable pitting current transient revealed the reduction on the number and magnitude of metastable pitting transients prior to occurrence of stable pitting on electropolished specimen. EDX analysis of the surface area of as received and electropolished specimens showed modification in surface roughness during electropolishing was the main reason of pitting corrosion improvement. Scanning microscopy investigation of polarized specimens beyond the pitting potential revealed that in as-receives specimen pits were nucleated in at and in the vicinity of surface scratches that was created during surface abrading.",Entailment
s_2225,Environmental and Soil Characteristics: Soil Texture and Organic Matter: Lead concentration is influenced by soil texture and organic matter content. Finer particles and higher organic matter can enhance lead retention in the soil .,"[10] Soil samples were taken near oil refinery activities, bulk and fractionated heavy metal contents, as well as other physico-chemieal characteristics were measured. The reported results indicate that the enrichment factors of the measured heavy metals were 3.9, 1.8, 1.3, 23.7 and 52.5 for lead, nickel, zinc, cadmium and mercury, respectively. The samples can be considered to be extremely contaminated with respect to mercury, strongly contaminated with respect to cadmium, moderately to uncontaminated with respect to lead and nickel, and uncontaminated with respect to zinc. The distribution of the measured heavy metals is affected by pH, clay content, total dissolved solids, cation exchange capacity, organic matter content and carbonate content. Lead, nickel and zinc are mainly associated with the residual fraction and are relatively immobile, and therefore they are unlikely to pose a threat to the ecosystem under natural environmental conditions. Copyright © 2006 Inderscience Enterprises Ltd.",Related but unverifiable
i_615,Control Approaches 1.  - : This approach uses an impedance model to generate desired trajectories based on the interaction torque between the human and the exoskeleton. The torque is measured using a pneumatic actuator with a torsion spring .,"Sit To Stand (STS) movement is an important daily living activity and usually a difficult task to achieve, particularly, by post stroke patients. In this study a hybrid control approach that combines the use of an impedance-based exoskeleton controller and an event-based Functional Electrical Stimulation (FES) of the knee extensor muscle to assist the STS transfer movement within an assistance as needed strategy. Actuation of the active lower limb exoskeleton is done using a Serial Elastic Actuator (SEA) that uses a torsion spring to guarantee the measurement of the human exoskeleton interaction torque. The measured torque is fed to a linear desired impedance model to generate a desired trajectory, which will be tracked by the exoskeleton's actuators. Experiments were conducted with one healthy subject to evaluate the feasibility and effectiveness of the proposed approach. The obtained performances show the synergy between the assistance provided through FES of the quadriceps muscle during the extension sub-phase of the STS movement and the one delivered by the knee joint actuator of the lower limb exoskeleton.",Entity error
i_103,"Domain Adaptation Techniques: While the abstracts do not specifically mention ResUNet's domain adaptation methods, general strategies used in similar models include adversarial learning and output space adaptation. These techniques help align the feature distributions between the source and target domains, thereby improving the model's generalization capability .","Supervised convolutional neural networks (CNNs) have demonstrated state-of-art performance in medical image segmentation tasks. However, the performance of a well-trained CNN on an independent dataset (e.g., different vendors, sequences) relies strongly on the distribution similarity, and may drop unexpectedly in case of distribution shift. To obtain a large amount of annotation from each new dataset for re-training the CNN is expensive and impractical. Adaptation algorithms to improve the CNN generalizability from source domain to target domain has significant practical value. In this work, we propose a highly efficient end-to-end domain adaptation approach, with left ventricle segmentation from cine MRI sequences as an example. We propose to perform domain adaptation in the output space where different domains share the strongest similarities. The core of this algorithm is a flexible and light output adaption module based on adversarial learning. Moreover, Canny edge detector is introduced to enhance model's attention to edges during adversarial learning. Comparative experiments were carried out using images from three major MR vendors (Philips, Siemens, and GE) as three domains. Our results demonstrated that the proposed method substantially improved the generalization of the trained CNN model from one vendor to other vendors without any additional annotation. Moreover, the ablation study proved that introducing Canny edge detector further refined the edge detection in segmentation. The proposed adaption is generic can be extended to other medical image segmentation problems.
[4]: The convolutional neural networks (CNN) have been used in various medical image segmentation tasks. However, the training of CNN extremely relies on large amounts of sample images and precisely annotated labels, which is difficult to get in medical field. Domain adaptation can utilize limited labeled images of source domain to improve the performance of target domain. In this paper, we propose a novel domain adaptive predicting-refinement network called DAPR-Net to perform domain adaptive segmentation task on retinal vessel images. In order to mitigate the gap between two domains, the Contrast Limited Adaptive Histogram Equalization (CLAHE) is employed in the preprocessing operations. Since the segmentation result generated by only predicting module can be affected by domain shift, refinement module is used to produce more precise segmentation results and further reduce the harmful impact of domain shift. Atrous convolution is also adopted in both predicting module and refinement module to capture wider and deeper semantic features. Our method has advantages over previous works based on adversarial networks, because in our method smoothing domain shift with preprocessing has little overhead and the data from target domain is not needed when training. Experiments on different retinal vessel datasets demonstrate that the proposed method improves accuracy of segmentation results in dealing with domain shift.",Entailment
i_141,5.   ** Feature Enhancement and Mixed Distance Maximization** : ** Feature Enhancement** : Techniques like body symmetry and part-locality-guided feature enhancement improve the robustness of deep learning models by leveraging inherent appearance properties  .,"[3] As a basic task of multi-camera surveillance system, person re-identification aims to re-identify a query pedestrian observed from non-overlapping multiple cameras or across different time with a single camera. Recently, deep learning-based person re-identification models have achieved great success in many benchmarks. However, these supervised models require a large amount of labeled image data, and the process of manual labeling spends much manpower and time. In this study, we introduce a method to automatically synthesize labeled person images and adopt them to increase the sample number per identity for person re-identification datasets. To be specific, we use block rectangles to randomly occlude pedestrian images. Then, a generative adversarial network (GAN) model is proposed to use paired occluded and original images to synthesize the de-occluded images that are similar but not identical to the original image. Afterward, we annotate the de-occluded images with the same labels of their corresponding raw images and use them to augment the number of samples per identity. Finally, we use the augmented datasets to train baseline model. The experimental results on CUHK03, Market-1501 and DukeMTMC-reID datasets show the effectiveness of the proposed method. [4] Person re-identification is a critical yet challenging task in video surveillance. It aims to match the same person across cameras. Practically, people's appearances vary greatly across cameras. Most deep learning methods rely on single-level features of deep layer while ignoring low-level detailed features of shallow layers, since different layers have different sizes of feature maps and different layers' features cannot be concatenated without extra downsampling or upsampling. To remedy this problem, we propose a novel yet simple self-attention learning method for person re-identification. We design a convolutional neural network(CNN) to capture multi-level information from different layers while keeping spatial resolution of feature maps unchanged by using dilated convolution. Multi-level information consists of two parts: multi-level attention maps and multi-level feature maps. Multi-level attention maps are constrained and multi-level feature maps are concatenated easily. And we combine softmax loss with quadruplet loss, taking full advantages of labels and metric learning at the same time. Experimental results demonstrate the proposed method achieves excellent performance for person re-identification and self-attention constraint can also be used in many other tasks.",Related but unverifiable
s_1723,"General Protein Content: Shrimp waste, which includes the head, is a rich source of protein. One study found that the protein content in shrimp shells (which include the head) varied between 33% and 40% of the dry weight . This indicates a significant protein presence in the waste material.","The chemical composition of shrimp shells from the deep-water shrimp (Pandalus borealis) obtained from a local factory in northern Norway that were harvested from January to December (2000) in the Barents Sea was investigated. The average dry matter content of the samples of shrimp shells was 22 ± 2%, with no significant seasonal variation. The protein content was found to vary between 33% and 40% of the dry weight, the chitin content varied between 17% and 20% and the ash content of dried shrimp shells was found to be relatively constant with an average value of 34 ± 2% of the dry weight and consisting mainly of calcium carbonate (CaCO<inf>3</inf>). No clear seasonal variations were found for the content of these three main components of shrimp shells (protein, chitin and ash). The shrimp shells had a very low lipid content, varying from 0.3% to 0.5% of the dry weight. The content of astaxanthin was found to vary from 14 to 39 mg kg<sup>-1</sup> in the samples of wet shrimp shells. In relation to its use as a raw material for chitin production, no clear seasonal variation was found in the intrinsic viscosities/molecular weights of the chitin extracted from the shrimp shells using an optimized extraction procedure for chitin extraction, suggesting that chitin producers can rely on shrimp shell waste as a stable raw material for chitin production independent of season. © 2007 Elsevier Ltd. All rights reserved.",Entailment
s_1064,"Motor Rehabilitation: One study investigated the effects of rTMS combined with motor training on brain neural activities and motor skills. The results indicated some improvements in motor function, implying that the combination of rTMS and motor training might enhance motor rehabilitation outcomes, although the effects were not universally significant across all participants .","It was reported that repetitive transcranial magnetic stimulation (rTMS) combined with motor training could improve the motor skill, which could be used in motor rehabilitation after stroke. In this study, the effects of rTMS combined with motor training on brain neural activities were investigated based on the method of brain network. Ten healthy volunteers were recruited. The 1 Hz rTMS over the dominant hemisphere combined with unfamiliar motor training with non-dominant hand subsequently was performed rTMS combined with motor training lasted 14 days to improve the motor function of non-dominant hand. Electroencephalography (EEG) in resting state with eyes closed was recorded before and after rTMS combined with motor training. The functional connectivity was analyzed using the method of phase lag index (PLI). We constructed weighted network and calculated the network topology characteristics based on PLI, subsequently. Finally, the signedrank test was used for statistical analysis. We found that the changes of functional connectivity could be detected mainly between functional regions rather than inside regions. The functional connectivity at lower frequency band (theta and alpha) was significantly increased, and was opposite at higher frequency band (beta, gamma, and gamma<inf>2</inf>). Furthermore, we found that the rTMS combined with motor training had a significant influence on the functional connectivity between central region in non-dominant hemisphere and dominant frontal regions (before; 0. 141 4 ±0. 102 5;after:0. 217 2 ±0. 134 7; P < 0. 05) and non-dominant frontal regions(before:0. 141 0 ± 0. 109 9; after; 0. 205 9 ± 0. 136 1; P < 0. 05) at alpha frequency. Node efficiency increased at low band and decreased at high band, and node path length was opposite. Specifically, the node efficiency at gamma<inf>2</inf> band changed significantly, mainly in central regions of both hemisphere (left, before; 0. 060 0 ±0.000 3; after; 0. 042 9 ±0. 001 3; P <0.05; right, before; 0. 060 7 ± 0. 002 3; after; 0. 041 9 ± 0. 002 4; P < 0. 05), and also the node path length (left, before; 18. 539 0 ± 0. 457 1; after; 28.585 8 ±1.001 4;P <0. 05; right, before; 18.650 8 ±0. 438 6; after; 28.853 0 ± 1. 652 6;P <0. 05). This study was helpful to understand the brain mechanism of rTMS combined with motor training on improvement of motor skill, and comprehend the impact of stroke and brain lesions on brain activities.",Related but unverifiable
s_1785,"Summary: Accelerated on-site aerobic decomposition of high-salt and oily food waste using a designed synthetic microbial community can be achieved by: Selecting Halotolerant Microbes: Incorporating halotolerant bacteria and archaea that can withstand high salt concentrations, similar to those used in saline fish waste bioconversion .","Environmentally responsible disposal of solid organic wastes from land-based brackish and marine recirculating aquaculture systems is critical for promoting widespread acceptance and implementation, but conversion efficiency of saline sludge to biomethane is generally low. We describe the development of a microbial consortium that can convert marine organic fish waste solids to biomethane at over 90% efficiency. The halotolerant microbial consortium, which was developed by sequential transfer in seawater with fish waste, is optimized for low COD:N ratios typical of organic fish waste and does not require addition of amendments such as organic carbon or nutrients. Temperatures for maximum rates of conversion range from 26 to 35. °C. Five predominant phylotypes identified in the microbial consortium by denaturing HPLC were isolated. Two isolates included anaerobic fermentative bacteria identified as a strain of Dethiosulfovibrio and a strain closely related to Fusobacterium spp., which both hydrolyze and ferment proteins, peptides and amino acids. The other three isolates included an acetate-utilizing methanogenic archaeon identified as a strain of Methanosarcina and two hydrogen-utilizing methanogenic archaea identified as strains of Methanogenium and Methanoplanus. Bioconversion rates of sterile fish waste with the reconstituted microbial consortium containing all five isolates were equivalent to rates observed with the original enriched consortium after one sequential transfer. The results demonstrate unequivocally that halotolerant consortia of bacteria and archaea can be developed for bioconversion of saline organic solid waste with high efficiencies equivalent to those attained with non-saline waste systems. Understanding the microbial community composition is critical for management of solid organic waste from land-based marine aquaculture systems and to maintain or restore microbiota during start up and throughout the production process. Statement of relevance: Appropriate disposal of solid organic wastes from land-based brackish and marine recirculating aquaculture systems is critical for promoting widespread acceptance and implementation. We demonstrate that halotolerant consortia of bacteria and archaea can be developed for bioconversion of saline fish waste with high efficiencies equivalent to those attained with non-saline waste systems.",Related but unverifiable
s_2071,"Adaptation Strategies: Relocation and Agroforestry: Relocating coffee farms to higher altitudes or more suitable regions can mitigate some of the adverse effects of climate change. Agroforestry systems, such as intercropping coffee with shade trees like macauba, can help reduce temperature extremes and improve soil moisture, thereby enhancing coffee productivity. Additionally, it is possible that integrating other native species alongside macauba could further optimize the agroforestry system's benefits for coffee production, although this remains to be studied .","Global climate changes can affect coffee production in Brazil, and in other coffee producing countries. We examined the potential for an agroforestry system with the native species, macauba (Acrocomia aculeata), to mitigate impacts on coffee production by reducing maximal air temperature and photosynthetic active radiation. The objective of this study was to investigate the influence of an agroforestry system with macauba on productivity, microclimatic characteristics and soil physical quality on a coffee plantation in the Atlantic Rainforest biome, in Southern Brazil. We measured soil attributes (moisture, temperature, and physical properties), microclimate conditions (air temperature, photosynthetic active radiation) and coffee production parameters (productivity and yield). Macauba palm trees were planted at different planting densities on the rows and distances from the coffee rows. Planting density of macauba and their distance from the coffee rows affected soil thermal-water regime. Compared with the traditional unshaded sole coffee planting, the intercropped cultivation provided more coffee yield on both macauba density planting and distance evaluated. On the other hand, coffee productivity was increased by agroforestry systems just for 4.2 m distance between palm trees and coffee rows. Planting density of macaubas did not affect coffee yield and productivity. Best coffee harvest in agroforestry systems with macauba was related to higher soil moisture at the depth of 20–40 cm, higher photosynthetic active radiation, and maximum air temperatures lower than 30 °C. Agroforestry with coffee and macauba trees can be an adaptation strategy under future climatic variability and change related to high temperatures and low rainfall.",Related but unverifiable
s_1940,"Governance Under International and Australian Legal Frameworks International Frameworks: Global Conventions: International ocean governance frameworks, such as the United Nations Convention on the Law of the Sea (UNCLOS), play a crucial role in regulating activities that impact marine environments, including OAE . These frameworks emphasize the protection of marine biodiversity and the sustainable use of ocean resources.","Since the inception of international law, global frameworks and conventions have played a central role in ocean governance. In looking to the field of ocean and human health, analysis of ocean law, policies, and regulation is essential in acknowledging the critical connection between the well-being of the ocean and the well-being of humanity. This chapter provides an overview of international ocean and marine law, examining vital conventions and agreements that have entered into force across the decades, and explaining their impact on ocean and human health. While not detailing every framework drafted at the international level, the chapter instead highlights a specific few which truly illuminate the interconnectedness between the people and the planet, concluding by looking to the future of ocean and human health governance to identify how the field must advance to preserve the health of all life existing on the planet.
[8]: The ocean regulates the global climate, provides humans with natural resources such as food, materials, important substances, and energy, and is essential for international trade and recreational and cultural activities. Together with human development and economic growth, free access to, and availability of, ocean resources and services have exerted strong pressure on marine systems, ranging from overfishing, increasing resource extraction, and alteration of coastal zones to various types of thoughtless pollution. International cooperation and effective governance are required to protect the marine environment and promote the sustainable use of marine resources in such a way that due account can be taken of the environmental values of current generations and the needs of future generations. The high seas deserve particular attention since they suffer from a number of regulatory shortcomings due to the basic structures set out under international law. Against this backdrop, developing and agreeing on a focussed Sustainable Development Goal (SDG) specifically for the Ocean and Coasts could prove to be an essential element to provide guidance and a framework for regional implementation agreements. © 2014 Elsevier Ltd.",Entailment
s_1234,"Challenges and Considerations: Training and Education: There is a need for specialized training for healthcare professionals to implement family-based approaches effectively, and it is likely that incorporating technology in training programs could enhance the learning experience and outcomes for these professionals .","Introduction: The new comprehensive health care model in Colombia emerged in 2016 as an alternative to solve the crisis in health care; it favors the Primary Health Care strategy, with family and community-based approach, in order to ensure the opportunity, continuity, accessibility, comprehensiveness and quality in the attention of Colombians. One of the challenges to advance in the actions of Primary Health Care is to train professionals with specific knowledge and skills for the implementation of the strategy and with a holistic approach. On the other hand, Family Medicine is a discipline that seeks the comprehensive health care of the person and the family, in a humanized and continuous way; it is characterized by the integration of health promotion and prevention of risks and diseases, detection, and treatment, with a systemic approach that focuses its actions to the individual, family and community, and in which the Primary Health Care is its essential field of action. Objective: To reflect on the relevance of the family and community doctor, the elements of Primary Health Care and their relationship in the framework of the new comprehensive health care model in Colombia. Methods: A review of different sources of information in indexed journals and official documents was carried out. Those allowed responding to the objective of the document. Conclusions: The specialty of Family Medicine is the most competent to carry out medical interventions within the framework of the new comprehensive health care model, looking for integral well-being and avoiding the fragmentation of care.",Related but unverifiable
s_1513,"-  ** Mango Peel: ** Optimal conditions included 49% ethanol, 61°C, and 200 minutes, maximizing phenolic content and antioxidant activity .","The aim of this study is to use a Response Surface Methodology (RSM) to optimize the ethanolic extraction of polyphenol compounds from mango peels. The Nam-Dokmai peel (NDP) showed significantly higher phenolic compounds and tyrosinase inhibitory activity than that of the Tong-Dam peel (TDP) (p < 0.05). A solid-to-liquid ratio of 1:30 was fixed for the RSM. The independent processing variables applied to the RSM were the ethanol concentrations, temperatures, and extraction times. The results show that the second-order polynomial models derived from the responses correlated well with the experimental data (R<sup>2</sup> > 0.80). The ethanol concentrations and temperature variables significantly affected antioxidant activities (p < 0.05). A low ethanol concentration and a high temperature produced an increased yield while high ethanol concentration and high temperature was the most effective for increasing extractable phenolic content (EPC) and antioxidative activities. Therefore, the optimal conditions that maximized the extraction yields, EPC, and the antioxidant activities for NDP were ethanol proportion of 49%, a temperature of 61 °C, and an extraction time of 221 min.",Numeric error
s_1387,"A fertility-sparing option where the cervix is removed but the uterus is preserved is often considered suitable for all patients with early-stage disease (IA2) who wish to maintain fertility, despite the fact that not all cases may benefit from this approach .","Cervical cancer is the second most common cancer in women. Nowadays approximately half of the cases younger than 45 years old. Treatment of cervical cancer, varies according to stage of disease. In the early stage, radical hysterectomy with pelvic lymphadenectomy or chemoradiotheraphy are recommended for standart treatment that affect fertility adversely in reproductive aged women. New therapeutic options in the treatment of this disease have been developed because of increasing incidence of cervical cancer in young population who have not already completed their fertility. Herein, a therapeutic option of radical abdominal trachelectomy with pelvic lymphadenectomy performed in a stage IA<inf>2</inf> cervical cancer patient who desire to preserve her fertility has been discussed together with literature. Copyright © 2011 by Türkiye Klinikleri.
[3]: Standard treatment for invasive cervical cancer involves either radical surgery or radiotherapy. Childbearing is therefore impossible after either of these treatments. A fertility-sparing option, however, by radical trachelectomy has been shown to be effective, provided that strict criteria for selection are followed. Fertility rates are high, whereas recurrence is low, indicating that a more conservative approach to dealing with early small cervical tumours is feasible. Careful preoperative assessment by magnetic resonance imaging scans allows accurate measurement of the tumour with precise definition to plan surgery. This will ensure an adequate clear margin by wide excision of the tumour excising the cervix by radical vaginal trachelectomy with surrounding para-cervical and upper vaginal tissues. An isthmic cerclage is inserted to provide competence at the level of the internal orifice. A primary vagino-isthmic anastomosis is conducted to restore continuity of the lower genital tract. Subsequent pregnancies require careful monitoring in view of the high risk of spontaneous premature rupture of the membranes. Delivery by classical caesarean section is necessary at the onset of labour or electively before term. Over 1100 such procedures have been carried out vaginally or abdominally, resulting in 240 live births. Radical vaginal trachelectomy with a laparoscopic pelvic-node dissection offers the least morbid and invasive route for surgery, provided that adequate surgical skills have been obtained. © 2012 Elsevier Ltd. All rights reserved.
[4]: Invasive cervical cancer remains the second commonest female malignancy worldwide. Early-stage disease may be asymptomatic. Advances in imaging techniques have improved selection of the appropriate treatment approach. Treatment options vary for each stage. An excisional cone is sufficient for treatment of micro-invasive disease (Ia1) provided the margins are clear. The management of stage Ia2 disease is more controversial. Surgery and radiation have similar survival rates for stage Ib-IIa disease, while the combination of both increases morbidity. Later stage tumours (IIb-IV) should be treated with chemoradiation as this is related to improved survival but also higher short- and medium-term toxicity in comparison to radiotherapy alone. Fertility-sparing surgical techniques such as radical trachelectomy may be appropriate in selected cases. Management of recurrent disease depends on the initial treatment, the individual characteristics and the presence of distant disease. Management of cervical cancer during pregnancy remains a challenge and appropriate counselling on individual patient basis is necessary. As the disease usually affects young women, psychological morbidity is significant and emotional support is essential. © 2013 Elsevier Ltd.",Opposite meaning
i_1281,"Peer violence and lack of safety at home or in the community are the sole causes of mental health disorders, overshadowing other significant factors such as hunger and past sickness .","Background: Mental health problems of adolescents are underserved in low and middle-income countries where they account for a significant proportion of disease burden. Perinatally infected HIV-positive adolescents have a high prevalence of mental health disorders; however, little is known about those retained in care in South Africa. Methods: HIV-positive adolescents aged 13–19 years (n = 343) accessing five paediatric antiretroviral clinics in Johannesburg were assessed using standardized measures for depression, anxiety, post-traumatic stress disorder (PTSD), and suicidality. Descriptive and bivariate analyses were conducted on all variables using Statistica v13. Results: Twenty-seven percent were symptomatic for depression, anxiety, or PTSD; 24% reported suicidality. Peer violence was significantly correlated to all mental health problems, as was hunger, being inappropriately touched, being hit, and being female. Those reporting sickness in the past year were more symptomatic. High exposure to violence was evident. Additionally, not feeling safe at home or in the community increased risk for all mental health disorders. Knowing one's HIV status was protective as was having dreams for the future. Conclusion: HIV-positive adolescents accessing care demonstrated high levels of mental health problems that are largely unrecognized and could potentially be addressed within health systems. Mental health difficulties are driven by social challenges that require attention.",Opposite meaning
s_541,"6. Health Sector: Biomedical Engineering (BME): Developing the BME field in Brazil can improve health services, research, and management. This can lead to more effective, safe, and equitable patient care, contributing to the overall sustainability of the health sector .","The Peruvian health sector has a major shortcoming in Latin America because it does not have enough biomedical engineers (BMEs). This situation leads to negative impacts on the quality of a number of outcomes, including: health services, research, management, policies, regulation, etc. Health technology today is engaged in all the key processes: planning, operational, financial, that supports the health organizations. Despite Peruvian health professionals' efforts the lack of an appropriate technological environment and sufficient numbers of BME professionals prevents a good understanding and/or management of the situation, thus affecting the decisions applied to key aspects involved in the sustainability, effectiveness and health disparities in the Peruvian health organizations, both public and private. In addition, the costs due to these inefficiencies jeopardize the governmental investment (public health sector) and the gains of the health enterprises, leading to ineffective, unsafe and inequitable patient care. BME is a discipline devoted to the use of engineering principles and techniques to the study of biological, physiological and medical processes at all length scales. It is a fast growing career in both developed and developing countries, and contributes to the scientific, economic and social development and welfare of society. Its roots are firmly embedded in applying the engineering perspective to health delivery systems and health technology management (clinical engineering). It has been exceptionally successful in applying computational modeling techniques to describe complex biological systems and providing context for experimental approaches to molecular, cellular, tissue and organ system processes. Recently, understanding of biological phenomena has been informing the design of new engineering materials and processes (biomimetic). Most Latin American countries have this specialization at the undergraduate level; model programs exist in Argentina, Brazil, Colombia and Mexico. Two leading Latin American private Peruvian universities, Pontificia Universidad Católica del Peru (PUCP) and Universidad Peruana Cayetano Heredia (UPCH) have agreed to create a joint world-class BME undergraduate program using the institutions' strengths. Peruvian BME status is rising quickly. This academic project between PUCP-UPCH to develop the BME curriculum is a valuable and exciting collaboration. We report here the current situation in Peru with respect to the rise of BME.",Entity error
s_1490,"Occurrence: Global Presence: BLS is prevalent in many banana-growing regions around the world. It has been reported in various countries, including Brazil and Guadeloupe .","Black leaf streak (BLS) is a devastating disease for many traditional banana cultivars. In Brazil, resistant cultivars are being studied but consumers' preference needs to be taken into account for adoption to be successful. In this work, the acceptability of six BLS-resistant hybrids, 'Vitoria', 'Maravilha', 'PA 4244', 'FHIA-18', 'Tropical' (all AAAB group) and 'Bucanero' (AAAA), was assessed in the Brazilian Northeast region and compared to BLS-susceptible commercial cultivars from the AAB group ('Prata Anã' and 'Maçã'). A hedonic scale was applied to external appearance of hands (global appearance, size, color), overall acceptance of fruits and acceptance per attribute (flavor and texture). Also, purchase intent was annotated. Data were submitted to ANOVA and Preference Mapping. 'PA 4244' presented high acceptance, both for external appearance and palatability. Flavor and texture of 'Maravilha', 'Vitoria' and 'FHIA-18' pleased consumers, but their appearance could be still improved. 'Bucanero' has low chances of adoption based on the opinion of consumers from the Brazilian northeastern region.
[2]: Banana streak viruses (BSVs) infect banana worldwide. BSV sequences present in the genome of Musa balbisiana hamper the detection of cognate episomal viruses by PCR, since PCR results in the amplification of both episomal viral DNA and integrated viral sequences, leading to false positives. A simple single-step multiplex immunocapture PCR (M-IC-PCR) assay was developed for the detection of only episomal BSV. This technique was applied in a study of the occurrence of BSV in Guadeloupe. Leaf samples from the main banana genotypes were indexed for the presence of major BSV species. Although no symptoms could be observed, BSV was found to be common in plantain (AAB), probably as a result of the widespread use of contaminated suckers. In contrast, BSV was uncommon on dessert banana cultivars (AAA), showing that the use of virus-free certified in vitro plants is an efficient strategy for controlling the spread of BSV, and that vector-borne transmission of BSV from plantain to dessert banana is very low in Guadeloupe. Our study also showed that Banana streak GF virus is the most prevalent species in Guadeloupe, with species Banana streak OL virus and Banana streak Mysore virus present at much lower levels. Using the same leaf samples, a study on the occurrence and diversity of Banana virus X (BVX), a member of the Flexiviridae family, which has been recently described and characterised in Guadeloupe, was undertaken. Indexing by direct-binding reverse transcription PCR showed that BVX is very uncommon in Guadeloupe and has a low level of molecular diversity. This is in contrast to Banana mild mosaic virus, which is a closely related member of the Flexiviridae family, and for which an immunocapture reverse transcription nested PCR detection method was established.
[3]: This study aimed to evaluate development and production of banana plant 'Grande Naine' under different management systems with black leaf streak presence at Vale do Ribeira, SP (Brazil). For the experiment it was used micropropagated seedlings of 'Grande Naine' banana that was planted in field in a completely randomized design with five treatments (management systems): interspersed planting; fungicide control; defoliation + interspersed planting; defoliation + fungicide control and control, which were subdivided in time (two production cycles), with eight repetition and one plant per repetition. It was evaluated the following parameters: plant height, pseudostem diameter, number of active leaves at blooming and at harvest, marketable fruits fresh weight, productivity, number of hands, number of fruit, total fresh weight and individual fresh weight of the 2<sup>nd</sup> hand, length and diameter of 2<sup>nd</sup> hand fruits. Data were submitted to variance analysis by F test and the significant means were compared by Tukey's test (5% probability). It can be conclude that fungicides applications were effective for black leaf streak control, showing better results in plants development and production and also in fruit quality of cultivars Grande Naine. No differences were observed when fungicide application was associated with defoliation. The interspersed planting affected negatively all the development and production parameters of cultivar Grande Naine.",Related but unverifiable
i_2375,"4. Remote Sensing and Monitoring: IoT and Sensors: The Internet of Things (IoT) and AI-enabled sensors monitor various agricultural parameters, which may reduce water, fuel, and fertilizer usage, but their impact on increasing yields is still uncertain and varies significantly across different regions .","Agriculture 4.0 refers to systems that employ drones, robotics, Internet of Things (IoT), vertical farms, artificial intelligence (AI), and solar energy. Through the integration of digital technology into farming practices, companies are able to increase yields, reduce costs, experience less crop damage, and minimize water, fuel, and fertilizer usage. For the consumer, this equals cheaper and better quality food. However, there are some of the complex challenges the crop production industry, along with diminishing production profit margins for farmers. To grow the food and to provide the world needs, crop production systems need innovative solutions to produce more in an environmentally, economically, and socially viable way. So, while the conceptual framework, intentions, and the scope revolving around Agriculture 4.0 are thought provoking and exciting at the first instance, its successful implementation is the main challenge in many countries all over the world.
[10]: The digitalization of agriculture is much slower than in other industries, due to the high cost of digital solutions and their complex functionality. Recently, the situation is changing, and now agriculture can get real benefits from technology with simple software solutions. Technologies used in agriculture include sensors, mobile devices, communication networks, drones, robotics, artificial intelligence, and others. These technologies provide an opportunity to improve the business processes of agriculture and increase its efficiency. In 2020, the agritech startup ecosystem of Ukraine has more than 70 startups that have been used for farm management, drones and remote sensing, precision farming, and urban agriculture. SWOT analysis indicate that the agritech startup ecosystem is characterized by more weaknesses and threats than strengths and opportunities. The Ukrainian agricultural sector has significant potential for increasing efficiency and development. Agriculture today needs startups that use information technology to address the balance of economic, environmental, and social efficiency to increase agricultural productivity.",Opposite meaning
s_2210,"Positive Environmental Effects: Positive Effects on Marine Life: Offshore wind farms can create new habitats for marine life, such as commercial fish and shellfish, due to the structures acting as artificial reefs .","Globally, the deployment of offshore wind is expanding rapidly. An improved understanding of the economic, social and environmental impacts of this sector, and how they compare with those of other energy systems, is therefore necessary to support energy policy and planning decisions. The ecosystem services approach provides a more holistic perspective of socio-ecological systems than traditional environmental impact assessment. The approach also makes possible comparisons across disparate ecological communities because it considers the societal implications of ecological impacts rather than remaining focused on specific species or habitats. By reporting outcomes in societal terms, the approach also facilitates communication with decision makers and the evaluation of trade-offs. The impacts of offshore wind development on ecosystem services were assessed through a qualitative process of mapping the ecological and cultural parameters evaluated in 78 empirical studies onto the Common International Classification for Ecosystem Services (CICES) framework. The research demonstrates that a wide range of biophysical variables can be consistently mapped onto the CICES hierarchy, supporting development of the ecosystem service approach from a broad concept into an operational tool for impact assessment. However, to improve confidence in the outcomes, there remains a need for direct measurement of the impacts of offshore wind farms on ecosystem services and for standardised definitions of the assumptions made in linking ecological and cultural change to ecosystem service impacts. The process showed that offshore wind farms have mixed impacts across different ecosystem services, with negative effects on the seascape and the spread of non-native species, and positive effects on commercial fish and shellfish, potentially of most significance. The work also highlighted the need for a better understanding of long term and population level effects of offshore wind farms on species and habitats, and how these are placed in the context of other pressures on the marine environment.",Related but unverifiable
s_2163,"Economic and Social Benefits: Energy Security and Sustainability: Offshore wind energy is the sole contributor to energy security by providing a renewable and sustainable source of electricity, which completely eliminates dependence on fossil fuels and guarantees the achievement of climate protection goals .","Unquestionably, wind energy is the vanguard of the expansion of renewable energies in Germany, and just as unquestionably, the future of wind energy is at sea. According to the Federal Ministry for the Environment, Nature Conservation and Nuclear Safety (BMU) the utilisation of offshore wind power holds the greatest potential among renewable energy sources in the medium term for achieving Germany's climate protection goals and its goals for the expansion of the share of renewable energies in the country's electric power supply. At the same time, an evasion to the open sea provides the possibility to avoid increasing conflicts in the settlement of land-based wind power facilities. However, the use of offshore wind energy is certainly not without ecological risks which pose particular challenges to the planning and design of wind farms. On the one hand, the prospect of expansion provides promises of the realisation of sustainability and climate-protection goals. Windpower facilities produce clean electric power without the emission of climate- threatening gases. Furthermore, the production of wind energy will contribute to reducing the dependence on fossil fuels and energy imports. On the other hand, however, this form of energy production also carries the potential for negative impacts on the marine environment. In addition to the compliance with the principle of precaution through the gradual expansion of offshore wind energy, the goal of ecological accompanying research is to eliminate existing uncertainties and knowledge gaps and to ensure an energy production process which is environmentally appropriate and compatible with the conservation of nature. © Springer-Verlag Berlin Heidelberg 2006. All rights are reserved.
[4]: Driven by the evidence of climate change many governments have decided to reduce carbon emissionsassociated with the production of electricity. Hence, there has been an increase in the use of renewableenergy. Additional benefits include moving towards an energy supply which is more sustainable and moredistributed. International targets for decarbonisation of the economy have been agreed at COP21 meetingsin Paris in 2015. Of the renewable electricity technologies available, offshore wind allows electricity tobe generated at scale and at a reasonable price (as can be seen from the second round of UK contractfor difference see [1]). However, for many countries bottom fixed turbines are technically or commercialunfeasible due to water depth and seabed geology at suitable sites. This has been the inspiration for muchresearch into floating wind turbines, see for example Musial et al [2]. Offshore Wind (OSW) is rapidly maturing sector and is increasingly seen as a major contributor toelectricity supply in states with coastal demand centres and good wind resource. While there is a 28-yearhistory and set of experiences that has been learned in the European theatre, the U.S. is only recentlybeginning to move forward with grid scale projects. The U.S. Department of the Interior's Bureau of Oceanand Energy Management (BOEM) has, to date, leased fifteen Wind Energy Areas (WEAs) to developersalong the eastern continental shelf of the U.S which to date have auctioned for a total of over $472 million[3]. Furthermore, in October of 2019 the Environmental Business Counsel of New England held a discussionof OSW in the Gulf of Maine which coincides with the new BOEM Gulf of Maine IntergovernmentalRenewable Energy Task Force which has been chartered to facilitate coordination and consultation relatedto renewable energy planning activities in the Gulf of Maine. The first task force was held on December 12,2019 and BOEM predicts that the new lease areas will be developed within the next ten years. States havealso taken steps to support Offshore Wind development. As of 2020, 28 states and the District of Columbiastates have mandatory Renewable Portfolio Standards (RPS) which require that a specific percentage ofelectricity utilities sell come from renewable resources [4] while 7 other states have adopted voluntary RPSprograms. Several states have specific consideration for offshore wind by creating Offshore RenewableEnergy Credits (ORECs). For example, the Maryland Offshore Wind Energy Act of 2013 establishedORECs for sourcing 2.5% of the state's electricity supply from offshore wind [5]. Additionally, in 2019 NewJersey doubled its offshore wind commitment from 3,500 MW to 7,500 MW by 2035 [6]. Furthermore, other states have increased commitments to procure OSW such as Maine (5,000 MW by 2030), Massachusetts(3,200 MW by 2035), New York (9,000 MW by 2025), Connecticut (2,000 MW by 2030) and Virginia(2,500 MW by 2026) [7]. As of 2019, there are over 26 GW of OSW projects in the pipeline with a projectionof over 35GW of OSW construction just on the East Coast by 2035 [8]. With dramatically decreasingLevelised Costs of Energy and large scale proposed build out, offshore wind is projected to play a majorpart in the US electricity grid and economy. The history of offshore wind power has included some notable hurdles and set-backs. Where these weredue to fundamentals of design or analysis, large fleets of offshore assets were affected. Examples includefailures of gearboxes, grounted connections and accelerated blade surface erosion. As floating wind is scaledup, to minimise similar exposure to technical risks, formal processes will help to identify the novel features,novel applications and components with the highest risk. Assumptions about suitability of existing onshoreor offshore technical solutions must be challenged. Also care must be taken when using demonstrationprojects comprising single units as the basis for scaling up technologies. Currently, although monitored andscrutinised so as to be proven technically, these have comprised small-scale wind farms, under experimentalconditions.",Misrepresentation
i_1874,"Comparison of Materials: Comparing the environmental performance of different materials, such as clay-based bricks and concrete blocks, is straightforward and can be done without the need for robust methodologies or reliable data .","The establishment of sustainability credentials of emergent construction materials is very subjective, and most available tools such as BREEAM, CEQUAL, ARUP SpeAR among others are not fully quipped or equipped at all to deal with individual material systems. The main problem emanates from the challenges of the audit of each aspect of the material processing, and especially the quantification of the relevant transport, energy, environmental and other inputs into the composite product. Incorporation of materials with long and complex recycling processes further exacerbate the challenge. This paper reports on a simplified approach towards full Life Cycle Assessment (LCA) of seven clay-based brick products developed in UK and in Spain, based on known material data and estimated energy inputs in the manufacturing processes. In order to test the robustness of the proposed approach, results on UK-based bricks are compared with a parallel LCA on clay-based product developed in Spain. Finally, the clay-based products are compared with a typical Portland cement-based concrete block and fired clay brick. In the LCA, boundary conditions include fixed transport, thus attempting to factor only the (i) material ingredients, (ii) their known atmospheric emissions, and (iii) estimated energy inputs during processing. Results suggest that the most challenging aspect in the undertaking of LCA is the availability of reliable input data. Results also show that there are numerous parameters that can reliably and corroboratively facilitate the comparison of performance, besides carbon dioxide emissions.",Opposite meaning
