ID,claim_clean,reference_clean,predict
i_1054,Multiciliated Cells: Generate fluid flow to clear mucus and debris from the airways .,"The respiratory system is composed of a multitude of cells that organize to form complex branched airways that end in alveoli, which respectively function to guide air flow and mediate gas exchange with the bloodstream. The organization of the respiratory sytem relies on distinct forms of cell polarity, which guide lung morphogenesis and patterning in development and provide homeostatic barrier protection from microbes and toxins. The stability of lung alveoli, the luminal secretion of surfactants and mucus in the airways, and the coordinated motion of multiciliated cells that generate proximal fluid flow, are all critical functions regulated by cell polarity, with defects in polarity contributing to respiratory disease etiology. Here, we summarize the current knowledge of cell polarity in lung development and homeostasis, highlighting key roles for polarity in alveolar and airway epithelial function and outlining relationships with microbial infections and diseases, such as cancer.",Related but unverifiable
s_737,"Key Features and Applications: Electric Vehicles: A123's batteries are used in hybrid and electric vehicles, providing high power and energy density essential for vehicle performance .","Anticipation of the life of electric vehicle (EV) batteries is key to the technology's success. Simulation tools combined with data derived from the including driving patterns and climate conditions, are being used to predict the effects of real-world scenarios on batteries. OEMs and Tier One suppliers are using CAE tools to accelerate the testing process, and extrapolate how long a battery can survive in regular driving scenarios. A123 Systems is tackling the problem by feeding into the simulations data from real-world sources. The company has extensive expertise and is starting to have enough real-world experience of different climates and different driving styles. It is observed that the charging pattern of a battery in a hybrid application is different to that of an electric vehicle. Real-world testing is a useful tool and Ford is incorporating data collected from its electric and hybrid vehicle fleet to improve its simulation tools.",Related but unverifiable
i_247,Limitations: Complexity of Attacks: The subtle differences between various poisoning attacks suggest that they are nearly impossible to detect and mitigate effectively .,"Software-Defined Networking (SDN) provides significant flexibility when it comes to complex network management. This makes this technology an ideal candidate for dealing with network management issues in satellite and terrestrial networks.One key innovation of SDN is the separation of the control plane from the data plane. This results in a new network element: the controller. Given the importance of the role of the logically centralised (physically distributed) controller, it becomes an important point to protect in the new SDN paradigm. It could be vulnerable to attacks that are common in traditional networks such as Distributed Denial of Service (DDoS). In this paper, we address a type of attack that could threaten the operation of SDN-based environments: poisoning attacks.To perform its function, the logically centralised controller must have an accurate view of the network state. The accuracy of this view is crucial to the operation of the network. This view is obtained by exchanging information among controllers and between controllers and network elements. Such information flow could be vulnerable to different types of poisoning attacks. The motivation for writing this paper is that (1) poisoning attacks on SDN networks could have great impact, (2) most of them are relatively recent and (3) the differences between such attacks could be subtle. Therefore, we address the issues by classifying poisoning attacks in SDN. We classify both attacks and defences. For attacks we make a distinction between direct poisoning attacks and attacks that are designed to evade a specific defence.",Misrepresentation
s_721,"Additional Considerations: Surface Roughness: Surface roughness affects the bond strength between layers, which in turn impacts the electrical properties. Ensuring a smooth surface can help in maintaining stable resistance .","Recent advances in fused filament fabrication (FFF), such as five-axis printing, patching existing parts, and certain hybrid manufacturing processes, involve printing atop a previously manufactured polymer substrate. The success of these technologies depends upon the bond strength between the substrate and the newly added geometry. ANOVA and response surface methods were used to determine the effect of three process parameters on bond tensile strength: surface roughness, layer thickness, and raster angle. Experimental results indicate that the process-property relationships are not identical to those found in single, continuous FFF operations, and that the physical bonding mechanisms may also be different. Bond strength was found to be highly sensitive to surface roughness and layer thickness, and distinct optimal parameter settings exist. These results represent a first step toward understanding bond strength in such circumstances, allowing manufacturers to intelligently select process parameters for the production of both the substrate and the secondary geometry.",Related but unverifiable
i_1552,The United States' regulatory framework aims to facilitate the transition from fossil fuels to renewable energy while managing CO2 emissions .,"Carbon capture and storage (CCS) represents a potentially useful tool to enable the European Union (EU) to manage its emissions of carbon dioxide (CO<inf>2</inf>) as it transitions from a fossil-fuel to a renewables energy strategy, The full-length paper examines the regulatory requirements for effective operation of CCS by identifying the issues and risks associated with the capture, transport, and storage of CO<inf>2</inf>, and reviews the regulatory options available and their applicability to the operation, management, and control of CCS.
[3]: Carbon dioxide capture and storage (CCS) has recently been receiving increasing recognition in policy debates. Various aspects of possible regulatory frameworks for its implementation are beginning to be discussed in Europe. One of the issues associated with the wide use of CCS is that it requires the establishment of a carbon dioxide (CO <inf>2</inf>) transport network, which could result in the spatial restructuring of power generation and transmission systems. This poses a significant coordination problem necessitating public planning and regulation. This paper provides a survey over multiple research strands on CCS, particularly energy system modeling and spatial optimization, pertaining to the efficient installment of CCS-related infrastructure throughout Europe. It integrates existing findings and highlights the factors that determine policy coordination needs for a potential wide implementation of CCS in the next decades. © 2012 Springer Science+Business Media B.V.",Entity error
s_68,"Comparative Studies: Evaluating different machine learning methods like Bayesian Additive Regression Trees, Neural Networks, and Classification and Regression Trees for phishing email detection .","There are many applications available for phishing detection. However, unlike predicting spam, there are only few studies that compare machine learning techniques in predicting phishing. The present study compares the predictive accuracy of several machine learning methods including Logistic Regression (LR), Classification and Regression Trees (CART), Bayesian Additive Regression Trees (BART), Support Vector Machines (SVM), Random Forests (RF), and Neural Networks (NNet) for predicting phishing emails. A data set of 2889 phishing and legitimate emails is used in the comparative study. In addition, 43 features are used to train and test the classifiers.
[4]: Phishing is a rapidly increasing threat to the modern internet where phisher mimics a legit web-page to get user into the phishers cage. The aim of phisher is to get sensitive records or information about the user such as credit card details, email and passwords. Anti-Phishing Working Group recently reported that 86,276 unique phishing URLs have been detected in the month of September, 2019. Thus, to resolve this threat, different methods and techniques have been proposed such as blacklist, whitelist, heuristics of URL, content based, image processing as well as Machine Learning based. Machine Learning (ML) is a modern technique and its algorithms have better efficiency, accuracy and performance. Thus, this paper critically reviews and evaluates Machine Learning based classifiers on the basis of datasets used, feature extraction techniques and performance measures used for the detection of phishing URLs. Moreover, the literature review reveals that every ML base approach has its advantages and limitations; hence, suggesting one classifier over other is challenging. However, Random Forest (RF) and Support Vector Machine (SVM) are mainly used classifiers in the literature of this study, where RF achieved the highest accuracy using larger dataset. In contrast, SVM achieved the second highest accuracy using smaller dataset. This research concludes that RF is an efficient approach for the detection of phishing URLs. Finally, insights are provided at the critical evaluation section and this research proposed extracted features that can enhance the literature in order to develop an effective URL phishing detection method.",Entailment
s_1702,"Chromatographic Techniques: Capillary Zone Electrophoresis: Description: This method allows for the rapid analysis of sugars in fruit juices and nectars, providing results in less than 8 minutes .","A method for the determination of sugars in several fruit juices and nectars by capillary zone electrophoresis with indirect UV-vis detection has been developed. Under optimal conditions, commercial fruit juices and nectars from several fruits were analyzed, and the sugar and cyclamate contents were quantified in less than 6 min. A study for the detection of blends of high-value juices (orange and pineapple) with cheaper alternatives was also developed. For this purpose, different chemometric techniques, based on sugar content ratios, were applied. Linear discriminant analysis showed that fruit juices can be distinguished according to the fruit type, juice blends also being differentiated. Multiple linear regression models were also constructed to predict the adulteration of orange and pineapple juices with grape juice. This simple and reliable methodology provides a rapid analysis of fruit juices of economic importance, which is relevant for quality control purposes in food industries and regulatory agencies.",Entailment
s_413,"This integration can lead to more efficient and scalable services. Economic and Social Connectivity: Platforms facilitate the creation of ecosystems that connect various stakeholders, including businesses, consumers, and service providers. This connectivity fosters innovation and collaboration, driving economic growth and social development .","Digital platforms are changing the nature of business across the world. Firms orchestrate digital innovations and break traditional business boundaries through participation in ecosystems enabled by digital platforms. This chapter focuses on a specific type of ecosystem called a frugal ecosystem. A frugal ecosystem is an entrepreneurial ecosystem usually found in the developing world and is highly constrained by resources, poor infrastructure, and scarcity. Therefore, firms focus on low-cost, sustainable, and social innovation to succeed. Using a case study approach, the chapter provides insights from two frugal digital platform ecosystems in India: 1) the JobMatch platform that is used to orchestrate informal, low-skilled job seekers, connecting them with potential employers; 2) the IGG platform that orchestrates a community of waste management workers to integrate them into the recycling ecosystem of the city. The chapter extends the discussion on digital platform ecosystems in a frugal context and brings new insights. It also leverages literature on digital and spatial affordances to interrelate constraints, institutional voids, and frugal innovation. The novelty of the findings will guide future research in this area.
[6]: The paper presents the ideas generated by a Romanian Research project ""Knowledge management architecture in environmental, social and economic areas, designed to support the sustainable regional development strategy "", financed under the national research budget. One major result of the project is represented by the development of a regional virtual platform as a driver for knowledge management and innovation. This virtual environment creates a space for integrating and articulating ideas and innovative solutions in a wide participative way. The platform represents an integrator and mediator for the regional business environment and main stakeholders, as well as a connectivity channel for bridging other European and world networks and clusters. The global knowledge economy creates new challenges for the industrial space from at least two perspectives: the development of knowledge products and services, and the increased enterprises' connectivity through complex networks integrating dynamic clusters. The enterprises have to cope with the quick technological changes, with complex organizational systems and with global networking requirements. Consequently, the major enterprise's needs focus on innovation, in order to increase competitiveness in a sustainable way. In this context, the increased accessibility to the new technologies and innovative solutions, as well as the capacity to generate knowledge and innovation represent the major intangible assets of the global enlerprise.The most of the industries, including the metallurgy, are already connected in networks of organizations, technologies, products and consumers, ensuring their visibility and interactions on the market. The capacity of increasing the partnerships and various associations represent a major success factor of the actual global enterprise. In the same time, the enterprises are concerned more about the global perspective than about the local one, and consequently have not always strong links with the local development. In this new perspective, the research team identified the gap between the local administration and the regional actors related to the sustainable regional development and proposed the use of advanced ICT tools for creating a regional virtual platform for supporting the networking among the regional stakeholders and facilitating the development of regional knowledge base, for the benefit of the regional sustainable development. In this perspective, the business actors are more sensitive to the local environmental, economic and social issues, and could contribute to the regional strategy design, as main regional stakeholders. In the same time, the business area will lake advantage of the open access to valuable regional knowledge repository and to other platforms, such as digital business ecosystems European platform.",Related but unverifiable
s_587,"2. Solid Lubricants: Graphite and Molybdenum Disulfide (MoS2): These solid lubricants can be incorporated into composites to enhance wear resistance. For instance, nickel-based composites with graphite and MoS2 have shown improved tribological properties .","Nickel-based graphite-containing composites were prepared by powder metallurgy method. Their mechanical properties at room temperature and friction and wear properties from room temperature to 600 °C were investigated by a pin-on-disk tribometer with alumina, silicon nitride and nickel-based alloy as counterfaces. The effects of graphite addition amount, temperature, load, sliding speed and counterface materials on the tribological properties were discussed. The micro-structure and worn surface morphologies were analyzed by scanning electron microscope (SEM) attached with energy dispersive spectroscopy (EDS). The results show that the composites are mainly consisted of nickel-based solid solution, free graphite and carbide formed during hot pressing. The friction and wear properties of composites are all improved by adding 6-12 wt.% graphite while the anti-bending and tensile strength as well as hardness decrease after adding graphite. The friction coefficients from room temperature to 600 °C decrease with the increase of load, sliding speed while the wear rates increase with the increasing temperature, sliding speed. The lower friction coefficients and wear rates are obtained when the composite rubs against nickel-based alloy containing molybdenum disulfide. Friction coefficients of graphite-containing composites from room temperature to 600 °C are about 0.4 while wear rates are in the magnitude of 10<sup>-5</sup> mm<sup>3</sup>/(N m). At high temperature, the graphite is not effective in lubrication due to the oxidation and the shield of 'glaze' layer formed by compacting back-transferred wear particles. EDS analysis of worn surface shows that the oxides of nickel and molybdenum play the main role of lubrication instead of graphite at the temperature above 400 °C. © 2008 Elsevier B.V. All rights reserved.",Misrepresentation
i_1301,"** Educational Programs: ** Programs like the ""Wellness Initiative"" in Sweden, which educate patients about lifestyle changes post-myocardial infarction, have been successful in promoting smoking cessation .","Background: Modification of risk factors such as smoking, obesity, physical inactivity, and hypertension after acute myocardial infarction (AMI) has been shown to reduce mortality and morbidity. Therefore, most hospitals in Sweden invite patients with myocardial infarction to an educational program, the ""Heart School,"" where they can learn about lifestyle changes. Whether this kind of education program applied in routine care increases the proportion of patients achieving secondary prevention goals is unknown. Methods: A cohort of consecutive patients treated for AMI and included in a quality registry was followed up during 1 year. The main aim was to study the effects of taking part in the Heart School on smoking habits, blood pressure and low-density lipoprotein cholesterol levels, exercise habits, cardiac symptoms, quality of life, and readmissions to hospital. Patients included in the national quality register of secondary prevention after AMI who had participated in the educational program were compared with those who had not participated in the program. Achievements of secondary prevention goals 1 year after the myocardial infarction were evaluated. The study included 2,822 patients. Results: The result showed that patients who participated in the Heart School stopped smoking more often than those who did not participate (adjusted odds ratio, 2.01; 95% confidence interval, 1.46-2.78). The Heart School had no effects on the other variables that were examined. Conclusion: The interventions currently used in the Swedish Heart School seem to be insufficient to obtain sustainable lifestyle changes, except for smoking cessation. © 2009 Lippincott Williams and Wilkins.",Entity error
s_1430,"Tannins: Maintained or possibly improved milk production levels while reducing methane emissions, suggesting a significant benefit to dairy farming practices .","Dairy cows are responsible for significant emissions of enteric methane (CH<inf>4</inf>) and produce nitrous oxide (N<inf>2</inf>O) and ammonia (NH<inf>3</inf>) gas from manure. As an abatement strategy, we explored the effects of long-term condensed tannin (Quebracho and chestnut extracts) addition to dairy cow diets. Previous studies have demonstrated that tannins in cow diets reduce methane and ammonia efflux, but none have done so over a >1-month time period. A modified stanchion barn equipped with gas analysis instrumentation measured CH<inf>4</inf>, N<inf>2</inf>O, and NH<inf>3</inf> fluxes into and from the barn, at the onset of the experiment, and 45 and 90 days after feeding groups of lactating dairy cows a control diet or two levels of tannin extract at 0.45 and 1.8 % of dietary dry matter. Few statistical differences among treatments were observed, likely a consequence of high variability and low sample size necessary for conducting a study of this duration. However, on a per-cow basis, low and high tannin diets lowered CH<inf>4</inf> emissions by 56 g cow<sup>−1</sup> day<sup>−1</sup> and by 48 g cow day<sup>−1</sup>, respectively. Diet tannin additions lowered CH<inf>4</inf> (33 %), NH<inf>3</inf> (23 %), and N<inf>2</inf>O (70 %) per unit milk corrected emissions in the high tannin treatment compared to the control at the end of the experiment, without significant loss in milk production. These results suggest that relatively low concentrations of diet tannin additions can reduce ruminant CH<inf>4</inf> and gaseous N emissions from manure. The tannin effect observed after 90 days is a starting point for considering tannin additions as a potential long-term strategy for improving the environmental footprint of milk production.",Entailment
s_1706,"Spectroscopic Techniques: Visible to Near-Infrared Spectroscopy (vis/NIRS): Description: This method is often considered superior to all traditional methods due to its simplicity and rapidity, making it the best choice for all applications in sugar analysis .","The determination and quantification of sugars is important for quality control and assurance of horticultural produce. This review discusses analytical methods for determination of sugars and sweetness of fresh and processed fruit and vegetables, including the use of destructive and non-destructive instrumental techniques to evaluate sugar composition and characterize taste profile or sweetness. From the standard hand-held refractometer to the hydrometer, electronic tongue and high pressure liquid chromatography (HPLC) equipped with different detectors, a wide range of devices have been used to determine sugar composition and sweetness of many fruit and vegetable products. Although chromatographic techniques are very accurate and useful, they require extensive sample preparation based on solvent extraction and hence are generally time-consuming and expensive. Visible to near infrared spectroscopy (vis/NIRS) has been proposed as an interesting alternative to traditional methods due to its rapidity, simplicity, cost effectiveness and potential for routine analysis if proper calibration and validation steps were developed. Current trends favour analytical methods that are simple to use, quick and non-destructive. The prospects for using emerging technologies such as hyperspectral imaging and nuclear magnetic resonance for non-destructive assessment of sugar content and sweetness of fresh and processed horticultural food products are also discussed.",Misrepresentation
s_585,"1. Use of Hard Coatings: Diamond-Like Carbon (DLC) and Chromium Nitride (CrN): These coatings can significantly reduce wear when applied to sliding contacts. However, it is important to note that the effectiveness can vary depending on the type of lubricant used .","Hard coatings and surface adsorptive/reactive lubricants are two common strategies for improving wear protection, but what if they are used together? In this study, steel-steel and steel-coating sliding was investigated in boundary lubrication of polar and non-polar oils containing a ZDDP or an ionic liquid. Two hard coatings, diamond-like-carbon (DLC) and chromium nitride (CrN), were used. For a steel-steel contact, wear was effectively reduced by using a more surface reactive lubricant, as expected. However, the steel ball wear was increased against a hard coating and further worsened with a more polar oil and/or a more surface reactive additive. The wear mechanism is proposed as a combined effect of physicochemical interactions with the lubricant, mechanical polishing by the counterface, and material adhesion.",Opposite meaning
s_1626,6. DNA Barcoding: COI Gene: DNA barcoding using the COI gene can be employed for identifying indicator species of aquatic organisms. This method has been used successfully in ecological investigations and can be adapted for seaweed identification .,"Nowadays various methods are used for estimation of ecological state of water bodies; the method of bioindication is one of them. Identification of indicator species of aquatic organisms via the visual method with the aid of a microscope may be performed with a high degree of certainty only by highly experienced zoologists. This method requires deep knowledge of morphological description of every organism, which includes approximately from 15 to 25 characteristics, thus the method greatly depends on subjectiveness of an investigator. At the same time the known methods of molecular genetics are used for determination of the taxonomy of organisms but have not been still used in ecological investigations of water bodies. The method of DNA barcoding which was used by us for identification of indicator species of zooplankton in freshwater bodies in the city of Kazan is one of such molecular methods. The experiment resulted in sequence analysis of the four base sequences of COI gene fragments which were added to the GenBank international database under the following unique numbers: Scapholeberismucronata - HQ336794 (658 bp), Moinamicrura - HQ336797 (658 bp), Mesocyclopsleuckarti - HQ336795 (658 bp), Brachionuscalyciflorus - HQ336793 (660 bp). The estimation of three lakes in Kazan city is based on identification of indicator species of zooplankton by COI gene.",Related but unverifiable
i_2021,"Although Thlaspi caerulescens had a higher Cd concentration in its shoots, tobacco's greater biomass led to more efficient overall Cd removal .","Phytoremediation has attracted much more attention in environmental cleanup. The relatively low biomass and slow growth of metal hyperaccumulators restrict the efficiency of phytoextraction of heavy metals using these plants. The objective of this study was to compare the efficiency of phytoextraction of cadmium (Cd) with the hyperaccumulator Thlaspi caerulescens and three high biomass plant species (India mustard, tobacco and sunflower). A pot experiment was conducted using a soil contaminated with Cd (2. 87 mg-kg<sup>-1</sup>) from past application of manure and fertilizer with Cd for long time. The results showed that the Thlaspi caerulescens had a higher ability of Cd accumulation than other three plants species. The Cd concentration in the shoots of Thlaspi caerulescens reached 43.7 mg-kg<sup>-1</sup>, whereas only 1.7 mg-kg <sup>-1</sup>Cd was found in the shoots of sunflower. Cd concentration in the shoots of Thlaspi caerulescens was 10, 27 and 56 times of that of tobacco, Indian mustard, and sunflower, respectively. However, tobacco had the highest biomass, which was 35, 3 and 2 times of Thlaspi caerulescens, Indian mustard and sunflower, respectively. Total uptake of Cd from the soil was 117, 35, 30 and 10 ±g'pot<sup>-1</sup> for tobacco, Thlaspi caerulescens, India mustard and sunflower, respectively. Phytoextracion efficiency was 1%, 0.6%, 0.5% and 0.08% for tobacco, Thlaspi caerulescens, India mustard and sunflower, respectively. Furthermore, there was no significant difference in either total or extractable Cd concentration in the soil after the four plant species were harvested.",Entailment
s_351,"Preventive Measures: Encryption of network traffic using protocols like HTTPS, SSL/TLS, and VPNs can prevent attackers from reading intercepted data .","This educational project uses a second generation Raspberry Pi that runs multiple Open Source software packages, to perform network penetration testing and to analyze the results. Implementing this project provides undergraduate students with practical hands-on experience and explains advanced concepts in computer hardware, operating systems, and network security. This project is fairly affordable, highly portable, easily deployable, alarmingly impactful, and highly rewarding. It also demonstrates the need for secure wireless networks against various attacks such as Man-in-the-Middle (MitM). This paper illustrates step-by-step instructions to assemble and integrate the project's hardware parts, to download and configure software packages, and to perform customized network operations such as packet sniffing and filtering. Kali Linux for Raspberry Pi is the chosen operating system due to its extensive and powerful collection of White Hat hacking tools such as Wireshark (Network Protocol Analyzer), Nmap (Network Mapper), and SSLstrip (Secure Sockets Layer strip). Additional wireless network auditing tools are used from the robust FruityWifi package. Wireshark filters, captures, and analyzes network packets, such as hypertext transfer protocol secure (HTTPS) requests. SSLstrip strips the secure connection and convert HTTPS to hypertext transfer protocol (HTTP), gaining access to sensitive information such as login credentials. This simple to implement yet powerful project, demonstrates the ease of hiding and discreetly deploying a Raspberry Pi on a vulnerable wireless network to sniff network packets that is considered protected behind firewalls, while maintaining a safe distance and anonymity from the target.",Opposite meaning
s_720,Additional Considerations: Material Selection: The choice of conductive material is critical. Different commercial conductive materials exhibit varying levels of resistance and sensitivity to mechanical and thermal stresses .,"Nowadays, a challenging scenario involving additive manufacturing (AM), or 3D printing, relates to concerns on the manufacturing of electronic devices. In particular, the possibility of using fused filament fabrication (FFF) technology, which is well known for being very widespread and inexpensive, to fabricate structures with embedded sensing elements, is really appealing. Several researchers in this field have highlighted the high electrical resistance values and variability in 3D-printed strain sensors made via FFF. It is important to find a way to minimize the electrical resistance and variability among strain sensors printed under the same conditions for several reasons, such as reducing the measurement noise and better balancing four 3D-printed strain gauges connected to form a Wheatstone bridge to obtain better measurements. In this study, a design of experiment (DoE) on 3D-printed strain gauges, studying the relevance of printing and design parameters, was performed. Three different commercial conductive materials were analyzed, including a total of 105 printed samples. The output of this study is a combination of parameters which allow both the electrical resistance and variability to be minimized; in particular, it was discovered that the ""welding effect"" due to the layer height and printing orientation is responsible for high values of resistance and variability. After the optimization of printing and design parameters, further experiments were performed to characterize the sensitivity of each specimen to mechanical and thermal stresses, highlighting an interesting aspect. A sensible variation of the electrical resistance at room temperature was observed, even if no stress was applied to the specimen, suggesting the potential of exploiting these materials for the 3D printing of highly sensitive temperature sensors.",Entailment
s_1381,Unfiltered coffee contains diterpenes (cafestol and kahweol) that can raise cholesterol levels .,"[1] Coffee consumption is associated with decreased levels of liver enzyme activities, gamma-GT and aminotransferases (especially when alcohol consumption or increased body mass index are present), a decreased risk of cirrhosis, compensated or not, and of death from cirrhosis (especially from alcoholic cirrhosis), a reduction in fibrosis in various chronic liver diseases and of fibrosis speed of progression in hepatitis C, and with a decrease in the prevalence and incidence of hepatocellular carcinoma. In experimental studies, in animals or in vitro, coffee and some of its components (caffeine, diterpenes, and particularly polyphenols) have shown benefits in term of insulin resistance, lipid metabolism, endothelial function, antioxidant effects (some mediated by Nrf2), apoptosis, glucuronidation, and hepatic fibrogenesis. Therapeutic trials are now awaited.","Classification: Opposite meaning

Justification:
• The claim asserts that diterpenes in unfiltered coffee (cafestol and kahweol) “can raise cholesterol levels,” i.e., they have a detrimental effect on lipid metabolism.  
• The reference explicitly states that coffee and some of its components, including “diterpenes,” “have shown benefits in term of … lipid metabolism.”  
• A component that confers “benefits” to lipid metabolism logically conflicts with a statement that the same component raises (worsens) cholesterol.  
Therefore the claim directly negates the sense conveyed in the reference, producing an opposite‐meaning contradiction."
i_1350,"3. Perioperative and Pregnancy Management: In certain situations, transfusions are used prophylactically during pregnancy to manage thalassemia complications .","Blood transfusion remains an important therapeutic intervention in patients with sickle cell disease (SCD), aiming to both increase the oxygen carrying capacity of blood and to reduce the complications of vaso-occlusion. Simple, manual exchange and automated exchange can be effective in reducing the acute and chronic complications of SCD, and the advantages and disadvantages of each methodology mean they all have a role in different situations. Evidence for the role of emergency transfusion in the management of the acute complications of SCD, including acute pain and acute chest syndrome, comes from observational data. Several important randomized controlled trials have shown the efficacy of transfusion in primary and secondary stroke prevention in patients with SCD but, outside these areas, clinical practice lacks a clear evidence base. Evidence for the role of long-term transfusion in the prevention of the non-neurologic chronic complications of SCD comes from analysis of secondary outcomes of these randomized trials and from observational data. In view of the paucity of data, the risks and benefits of transfusion should be fully discussed with patients/families before a long-term transfusion program is commenced. Evidence is only available for the role of preoperative transfusion or for prophylactic transfusion through pregnancy in certain situations, and the role of transfusions outside these situations is discussed. Questions about when and how to transfuse in SCD remain and will need further randomized trials to provide answers.",Entity error
i_1215,"Interventions and Support: Holistic Approaches: Comprehensive rehabilitation programs that include financial support, health services, and social services are essential to maintain the well-being of both caregivers and stroke survivors .","[Purpose] Quality of life (QoL. can be closely related to caregiver burden, which may be a potential mediating effect on the relationships among stroke patient caregivers. This study investigated the predictors of caregiver's QoL based on patient and caregiver characteristics, with caregiver burden as a mediator. [Methods] This study was conducted using surveys, a literature review, and interviews. Survey data were collected from 238 subjects, who were diagnosed with stroke, and their family caregivers from October 2013 to April 2014. [Results] Caregiver health status, income, spouses caring for patients, and duration of hospitalization were identified as significant predictors of caregivers' QoL with a mediating effect of caregiver burden. The time spent on caregiving per day and patient education level were the only direct predictors of caregivers' QoL. [Conclusion] The responsibility of caring for patients with stroke, in particular for a spouse, must be administered by means of a holistic familycentered rehabilitation program. In addition, financial support and availability of various health and social service programs must be comprehensively provided in order to maintain caregivers' well-being.",Related but unverifiable
s_1185,"This inflammation is primarily caused by hyperlipidemia and biomechanical forces, which are the main contributors to atherosclerosis .","Cardiovascular diseases (CVDs) are the foremost cause of mortality worldwide. Atherosclerosis is the underlying pathology behind CVDs. Atherosclerosis is manifested predominantly by lipid deposition, plaque formation, and inflammation in vascular intima. Initiation and progression of plaque require many years. With aging, atherosclerotic plaques become vulnerable. Localization of these plaques in the coronary artery leads to myocardial infarction. A complete understanding of the pathophysiology of this multifaceted disease is necessary to achieve the clinical goal to provide early diagnosis and the best therapeutics. The triggering factors of atherosclerosis are biomechanical forces, hyperlipidemia, and chronic inflammatory response. The current review focuses on crucial determinants involved in the disease, such as location, hemodynamic factors, oxidation of low-density lipoproteins, and the role of endothelial cells, vascular smooth muscle cells, and immune cells, and better therapeutic targets.",Related but unverifiable
s_352,"Tools like SSLstrip can downgrade secure connections, so it is crucial to ensure robust encryption practices and monitor for such downgrade attacks .","This educational project uses a second generation Raspberry Pi that runs multiple Open Source software packages, to perform network penetration testing and to analyze the results. Implementing this project provides undergraduate students with practical hands-on experience and explains advanced concepts in computer hardware, operating systems, and network security. This project is fairly affordable, highly portable, easily deployable, alarmingly impactful, and highly rewarding. It also demonstrates the need for secure wireless networks against various attacks such as Man-in-the-Middle (MitM). This paper illustrates step-by-step instructions to assemble and integrate the project's hardware parts, to download and configure software packages, and to perform customized network operations such as packet sniffing and filtering. Kali Linux for Raspberry Pi is the chosen operating system due to its extensive and powerful collection of White Hat hacking tools such as Wireshark (Network Protocol Analyzer), Nmap (Network Mapper), and SSLstrip (Secure Sockets Layer strip). Additional wireless network auditing tools are used from the robust FruityWifi package. Wireshark filters, captures, and analyzes network packets, such as hypertext transfer protocol secure (HTTPS) requests. SSLstrip strips the secure connection and convert HTTPS to hypertext transfer protocol (HTTP), gaining access to sensitive information such as login credentials. This simple to implement yet powerful project, demonstrates the ease of hiding and discreetly deploying a Raspberry Pi on a vulnerable wireless network to sniff network packets that is considered protected behind firewalls, while maintaining a safe distance and anonymity from the target.",Entailment
s_286,"Types of Search Algorithms: Swarm Intelligence Algorithms: Definition: Inspired by the collective behavior of social organisms. Examples: Particle Swarm Optimization (PSO), Gravitational Search Algorithm (GSA) .","Artificial Searching Swarm Algorithm (ASSA) is a new optimization algorithm. This paper presents two type behaviors rules of searching swarm, and discusses the performance of the algorithm based on the different rules. By analyzing the simulation results, an improved ASSA with mutative searching step is proposed. The function simulation tests prove that the improved algorithm implements better performance than that of original algorithm in both searching precision and convergent speed. © 2009 IEEE.
[10]: Microseismic source location (MSL) provides crucial information for the interpretation of rock mass stability and early warning of rock mass hazards. The accuracy of MSL mainly depends on the formation of the sensor array, the multi-velocity model, and the locating algorithm. Especially, the choice of algorithm plays a decisive role, which requires both optimal accuracy and efficiency for searching the global optimal solution. In this paper, an advanced heuristic algorithm, Gravitational Search Algorithm (GSA), is applied for MSL in tunnel engineering. A standard framework of the GSA-based searching process is first built. Its accuracy, stability, and speed of convergence are rigorously compared and analyzed with particle swarm optimization and simplex algorithm using synthetic and real microseismic data. Four types of equivalent velocity models are combined with the searching algorithm to further discuss the applicability and performance of GSA in different situations. The studies show that for all the cases, GSA has the highest speed of convergence with the best accuracy. Locating errors are controlled within 10 m, which fulfills the requirement of engineering accuracy. A representative case study is conducted using microseismic data prior to a major rockburst in a twin-tube highway tunnel. The calculated cluster of seismic events using GSA-based algorithm well matches the actual unstable areas. This work indicates that GSA is an optimal algorithm for microseismic source location and rockburst warning in tunneling.",Related but unverifiable
s_1133,"Inferred Summary: Based on the provided abstracts, the median duration until failure or development of high-level resistance in EFV-based treatment regimens is not explicitly stated. However, some studies suggest that virological failure and resistance can occur within the first few months of treatment: Virological Failure: Virological failure in EFV-based regimens has been observed as early as 4 weeks and up to 24 weeks in some studies .","Objectives: In a context of life-long therapy, we asked whether it could be possible to reduce the number of antiretroviral drugs without jeopardizing viral suppression. Methods: ECOVIR was a prospective study aiming to assess whether in patients on combination ART with ≥4 antiretrovirals for ≥24 weeks and virally suppressed for ≥48 weeks, a drug-reduced (DR) regimen could be proposed. The intervention consisted of discontinuing genotypically less susceptible drugs to reach a DR regimen with ≤3 antiretrovirals. The primary endpoint was the proportion of patients maintaining viral suppression at week (W) 24. Results: From 89 eligible individuals for the study, a DR regimen was proposed in 86 (97%) patients, of whom 71 were switched to a DR regimen. Baseline characteristics [median (IQR)] were: age 58 (53-65) years, duration of treatment 24 (21-26) years and viral suppression 8 (6-11) years. The cumulative resistance profile showed full resistance to lamivudine/emtricitabine (91%), abacavir (74%), efavirenz/nevirapine (70%), rilpivirine (56%), darunavir (q24h/q12h) (42%/29%), lopinavir (69%), atazanavir (71%) and raltegravir (24%). The final DR regimen consisted of a two-drug or three-drug regimen in 54 patients (76%) and in 17 patients (24%), respectively. The success rate of a DR regimen at W24 was 93.9% (95% CI 84.4-97.6, Kaplan-Meier estimate). Four patients experienced virological failure (at W4, W8 and W12), all with plasma viral load (pVL) <600 copies/mL and no emergence of resistance mutations. The DR strategy allowed a monthly cost saving of 36%. Conclusions: In experienced patients with high-level resistance, individualized strategies based on expert advice can offer DR regimen options with fewer drug-drug interactions and a significant economic impact while ensuring virological success.
[2]: Among 66 antiretroviral-naive children aged <3 years with human immunodeficiency virus (HIV) or coinfected with HIV and tuberculosis and initiating efavirenz-based antiretroviral therapy (ART), non-nucleoside reverse transcriptase inhibitor (NNRTI) resistance was detected before ART in 5 (7.6%). Virologic failure occurred in 2 of these children; they were last tested at 16 and 24 weeks of ART. Pre-ART NNRTI resistance was not associated with virologic failure.",Misrepresentation
s_527,Summary of Key Points: Turbulent Transition Theory: Useful for predicting and managing turbulent transitions by adjusting disturbance amplitude and frequency .,"The energy gradient theory for flow instability and turbulent transition was proposed in our previous work. It was shown that the disturbance amplitude required for turbulent transition is inversely proportional to Re, which is in agreement with the experiments. In present study, the energy gradient theory is extended to include the effect of disturbance frequency on turbulent transition. The theoretical result obtained accords well with the experimental data in literature. © 2010 Publishing House for Journal of Hydrodynamics.",Related but unverifiable
s_1478,"Considerations: Environmental Impact: The use of herbicides and pesticides has no significant environmental implications, and they do not affect non-target species or soil properties. For example, herbicide treatments do not alter soil nitrogen dynamics or microbial biomass .","Longleaf pine (Pinus palustris P. Mill) survival and growth, net nitrogen mineralization, and soil microbial biomass, were evaluated after four growing seasons in a Florida wet flatwoods site following chemical vegetation control during the first year or second year after planting, or during both years. The four herbicide treatments included sulfometuron methyl at 0.26 ai kg ha<sup>-1</sup>, hexazinone (0.56 ai kg ha<sup>-1</sup>), sulfometuron (0.26 ai kg ha<sup>-1</sup>) plus hexazinone (0.56 ai kg ha<sup>-1</sup>) mix, and imazapyr at 0.21 ai kg ha<sup>-1</sup>. Imazapyr was the only treatment to significantly improve growth over the control in a single application. Consecutive annual applications of imazapyr and hexazinone on seedlings also improved growth rates compared to the control. Sulfometuron methyl-treated pine trees had lower survival rates and were smaller than pines growing in the control plots after a single application. The survival and growth rates of imazapyr-treated seedlings were improved when the chemical was applied during the second growing season after planting, instead of the first year. Imazapyr and hexazinone applications increased net nitrogen mineralization rates, but imazapyr was the only treatment to increase ammonification; compared to the control. Microbial and fungal biomass carbon showed no differences between treatments. The results did show that microbial biomass significantly increased with two consecutive years of herbicide applications over a single application. Imazapyr applied during the second growing season proved to be the best treatment for improving pine growth, controlling competitive vegetation, minimizing pine mortality, and to remain effective when soils are saturated.",Opposite meaning
i_2045,"Environmental Cues and Habitat Selection. Water Movement and Connectivity: The movement of water can impact the dispersal of eggs and larvae. In reservoirs, altered hydrodynamics can completely prevent the downstream movement of fish eggs and larvae, which inevitably leads to the failure of all migratory species to reproduce successfully .","Fish ladders are generally conceived to reestablish connectivity among critical habitats for migratory species, thus mitigating the impacts of the blockage of migration routes by dams. If this management tool is to be meaningful for conserving fish species, it must provide a fully permeable connection and assure both upward and downward movements. However, because reservoirs have very different hydrodynamics than the original river, it is expected that, at least in the inner area, they may constitute an additional barrier to this movement, especially for descending fish. Thus, the present study sought to determine if migratory fish and their offspring disperse downstream from the dam after ascending a ladder and spawning in the upper reaches of a basin. To achieve this purpose, we evaluated the limitation imposed by lentic areas to the descent of eggs, larvae and adults of migratory species; we also determined the abundance and composition of larvae present in the plankton near the dam, and compared the intensity of the upward and downward movements of adult fish. Samples of ichthyoplankton were taken upriver, inside the reservoir, in the river downstream from the dam, and in the forebay of the Lajeado Dam on the Tocantins River (Luis Eduardo Magalhães Hydroelectric Plant), from October, 1999 through September, 2004. The densities of fish ascending and descending the ladder were determined experimentally on eight occasions, from June, 2004 to March, 2005. Due to difficulties in identifying the true fish origin (up or down) in the environments connected by the fish passage system, the evaluation of the distribution of migratory fish in reservoirs was based on the landings of the commercial fishery conducted along the Itaipu Reservoir during the four years preceding (2001 through 2003) the construction of the lateral channel (fish-passage mechanism). Fish eggs and larvae drifting down the Tocantins River did not appear in samples taken in the lower half of the reservoir; those found in water flowing through the spillways, turbines or fish ladder of Lajeado Dam belonged essentially to non-migratory clupeids that spawn in the inner part of the reservoir. In addition, results showed that in a reservoir with no fish-passage mechanism, migrants select habitats that still maintain riverine characteristics, in the upper parts of the impounded area. The downward movements are negligible compared to those upward, in the experiments conducted in the fish ladder. It is concluded, therefore, that the Lajeado fish ladder, and possibly those at other dams, is essentially a one-way route that promotes upstream movements of migrants, without the necessary return of adults or their offspring. Thus, the low permeability of the connections provided by these management tools can drastically increase the level of environmental impact that they were actually intended to reduce. Copyright © 2007 Sociedade Brasileira de Ictiologia.",Misrepresentation
i_1744,Lower precipitation levels leading to water stress and reduced vegetation vigor .,"Precipitation is one of the important factors that influences vegetation growth and distributions. Using GF-1 remotely sensed images and observed precipitation data, this paper discusses the response relationship between the normalized difference vegetation index (NDVI) and the standardized precipitation index (SPI) in Hutubi County at different time scales from January to December, 2014. The results show that: (1) From a macro point of view, NDVI has obvious geographical characteristics, the Central Plains region has the highest NDVI values; whereas mountains and hills in the southern region and deserts in the northern region have relatively low NDVI values. (2) There is a clear changing trend in the area of vegetation cover. (3) The SPI randomness decreases but the SPI persistence increases with increment in time scales. The sensitivity of the SPI to precipitation is different at different time scales. (4) The SPI has a good correlation with NDVI at six-months time scale. (5)The overall distributions of both basically have the same shape and trendwithhigher SPI values in April and May, and higher NDVI are from June to August. This confirms the lag-time of precipitation influence on vegetation.
[4]: Changes in precipitation patterns were expected to have strong impacts on temperate ecosystem dynamics. North China has experienced opposite trends of precipitation change (increased in the west and decreased in the east) in the past several decades. Under such a background, we analysed mean growing season (GS) (April-October) grass Normalized Difference Vegetation Index (NDVI) changes using combined dataset of Global Inventory, Monitoring, and Modelling Studies and Moderate Resolution Imaging Spectroradiometer NDVI in North China during 1982-2011. The results showed that in mean GS NDVI increased for grasslands in both Northeastern China (NE) and Northwestern China (NW). Increase in NDVI in NW was mainly due to the increase in precipitation (r = 0.50, p < 0.01). However, the decrease in precipitation did not cause a decrease in grass NDVI in NE, suggesting that precipitation is still higher than the most sensitive value and NDVI changes were significantly correlated with the increased temperature (r = 0.43, p < 0.05).",Opposite meaning
i_422,"Primary Use Cases: Environmental Monitoring: Air Quality Monitoring: IoT sensors can measure environmental parameters like air quality, and while cloud-based systems are involved, they are primarily responsible for detecting anomalies and providing real-time alerts, which is often more effective than edge computing solutions .","The advent of the Internet of Things (IoT) has led to the generation of tremendous amounts of data from various sources. Cloud based systems are effective in storage and application of machine learning algorithms on such datasets. However, in some cases it is important to enable real time processing for making immediate decisions. There are many applications which require instantaneous analysis of the generated data for remedies in event of an anomaly. Data associated with such use cases remains significant only for a short duration of time. Various electronic sensors, e.g. Temperature, Moisture, Air Quality, Pressure, Wind Velocity etc. present in a Wireless Sensor Network generate streams of values. It can be processed using pipelines which provide prompt and quick analysis for decision making. Stream Processing Systems can be helpful in such cases as they analyse data streams within a few milliseconds to a few seconds. In this paper, we discuss an event based processing of streaming data from air pollution sensors to create a real time anomaly detection system. To reduce the delays associated with the generation of alarms in our pipeline, Apache Foundation's Stream Processing Tools, Kafka and Flink were used for operations on our streams. To further accelerate the process, all the analysis is conducted on an embedded edge computing gateway device rather than sending data to the cloud for batch processing. The results are obtained in the form of a geographical map visualization using ELK stack. The map highlights the coordinates of the location with an unhealthy air quality index in real time.",Opposite meaning
s_729,Benefits of AI in the AEC Industry: Improved Decision-Making: AI aids in making informed decisions during the early design stages and throughout the project lifecycle .,"[7] Artificial intelligence (AI) technology, as one of the most advanced science and technology in the current society, has been applied more and more widely to production and life, and especially in manufacture industry. This paper studies the application of artificial intelligence in mechanical manufacture industry. Firstly, it briefly introduces the definition and development of artificial intelligence and that of mechanical manufacture industry. Secondly, it analyzes the advantages of AI. Lastly, it illustrates how artificial intelligence technology is applied in mechanical manufacture mainly from the aspects of fault diagnosis, quality inspection, improving the safety of working places and other aspects as well.",Related but unverifiable
i_223,"4. Immersive and Interactive Learning Environments: Learn-by-Doing Techniques: Integrating immersive, learn-by-doing techniques in VR environments, as seen in language learning applications, can be highly effective. These techniques allow users to engage interactively and intuitively with the content, which can be adapted for VR theater interfaces to make them more accessible and engaging .","In this paper, we present I-FLEG, a serious language game designed for interactively learning French as a second language. The game is integrated in Second Life and exploits the 3D virtual reality environment provided by this platform to implement immersive, learn-by-doing techniques that have proved to be among the most effective learning strategies in second language acquisition. Furthermore, the integration of the game in Second Life permits to fulfill many important desiderata of computer-aided learning technology. It allows ubiquitous, long distance learning as well as universal access. In addition, these characteristics by facilitating the collection of big amounts of test data over the web render our game an ideal device for both monitoring learner performance in dependence on situational context factors and for comparing different teaching methodologies.",Related but unverifiable
i_1467,"However, I can offer some general insights based on related information from the abstracts: Catheter Fragments and Embolism: Several abstracts discuss the embolization of catheter fragments, which can provide some context. For instance, catheter fragments as long as 11.6 cm have been reported to cause embolism and require removal to prevent complications . This suggests that foreign objects of significant length and rigidity, such as catheter fragments, can indeed cause embolism.","Embolization of a catheter fragment is a very rarely seen complication, and few cases have been reported in children. Catheter fragments must be urgently extracted due to life-threatening complications. Most catheter fragments are removed very soon after being lost in the cardiovascular system, including the venous system and right side of the heart. In our report, we describe a child with catheter fragment, which was removed from the left ventricle 32 days after embolization. This catheter fragment was successfully retrieved percutaneously using a gooseneck snare catheter through the femoral artery.
[2]: Venous catheters are important therapeutic devices for the administration of fluid and chemotherapeutic agents; however, their use may be associated with serious complications, such as catheter rupture and embolism. Most data on port catheter embolization consist of isolated case reports; only a few studies have examined a large number of patients with port catheter embolism. The purpose of this study was to identify the incidence of clinical symptoms in patients with catheter dislocation and to determine the role of catheter fragment localization in combination with the presenting symptoms. We conducted a retrospective analysis of patients admitted to Martin-Luther University Hospital Center from January 1994 to September 2005. In total, 41 patients with centrally dislocated catheter fragments were analyzed. Most catheter fragments were located in the pulmonary artery, superior vena cava, and right atrium. Of the patients in whom the catheter fragments were located in the right atrium, right ventricle, and the pulmonary artery, 7.3% presented cardiac symptoms. Catheter malfunction occurred in 39%. In 53.7%, catheter embolism was found incidentally. The embolized catheter fragments were retrieved by a goose-neck snare under fluoroscopy within 24 hours after the diagnosis without any complications. The mean length of these fragments was 11.6 cm. Catheter embolism may go undiagnosed for a prolonged period and be found incidentally. In these patients, predominantly local symptoms occur; however, severe systemic clinical signs may develop. The risk of serious complications in asymptomatic catheter embolism is unknown. Catheter fragments should be removed to prevent further complications. © 2008 Sage Publications.
[3]: Background: Detachment and embolization (DE) is a rare complication of totally implantable central venous access devices (TIVADs). This study aimed to analyze clinical findings, etiology, and treatment options in DE of TIVADs. Methods: Patients who experienced DE between 2010–2019 were included. Indications, implantation techniques, time to diagnosis, patient complaints, diagnostic methods, rupture site, location of embolization, treatment methods, and chest X-rays prior to detachment were analyzed retrospectively. Results: DE of TIVAD was detected in 12(1.2%) patients. Eleven patients had breast cancer and one had colon cancer. Mean age at implantation was 45.3 ± 9.6(31–61.3) years. Seven (58%) patients were asymptomatic, four (33.3%) had TIVAD malfunction, and one (8.3%) had pain and swelling at port site after injection. Mean time from implantation to diagnosis was 1149.92(16–2795) days. The etiologies comprised Pinch-off Syndrome (POS) in eight (66%) patients, detachment directly adjacent to the lock mechanism in three (25%) patients, and probable iatrogenic injury during explantation in one (9%) patient. The most common site of embolism was the superior vena cava (25%). While the embolized fragment was removed percutaneously in 11 patients, medical follow-up was treatment choice for one patient. Conclusions: DE is a rare complication with an incidence rate of 1.2% in this study. Since most patients were asymptomatic, chest radiography plays an important role in diagnosis. The most common cause was POS, and it can be prevented by inserting the catheter from lateral third of the clavicle during subclavian vein catheterization. The first-choice treatment was percutaneous femoral retrieval. However, if not technically possible, alternative treatment options are thoracotomy or follow-up with anticoagulant therapy.",Entailment
i_457,Reduce Costs: Minimize the expenses associated with traditional voting methods .,"E-Voting has become a very controversially discussed topic during the last few years. Primarily caused by the fact of decreasing voter participation, some politicians regard e-voting as the magic bullet. Although IT experts and data privacy specialists disapprove of it, e-voting will be introduced during the upcoming Austrian Students' Union polls in early 2009. All advantages of e-voting, like an increased turnout of voters due to additional voting channels or cost reduction, have already been rebutted by a number of studies. Critics also strongly emphasize the disadvantages of electronic elections, such as violating the principles of electoral law as well as the loss of transparency of the voting process. © Springer-Verlag 2009.
[9]: Current electronic voting systems mostly relied on central server and the trusted third party, this kind system architecture increases the security risks of voting, and even makes voting fail. In order to solve this issue, an electronic voting system BFV-blockchainvoting that supported BFV homomorphic encryption was proposed, and this system applied the blockchain technology to the electronic voting system to replace the trusted third party. Firstly, an open and transparent bulletin board was used to record the vote information, and an intelligent contract was used to realize the functions of verification and self counting. Secondly, in order to further improve the security and reliability of the voting process, the voter's registration information was signed by SM2 signature algorithm, the ballot was managed by both parties that can supervise each other, and the counting data was encrypted by the BFV full homomorphic encryption algorithm. Finally, the evaluation of performance shows that it only costs 1.69 ms to complete one ballot in the proposed electronic voting system. This electronic voting scheme based on the BFV full homomorphic encryption and blockchain has better security attributes such as manipulation-resistance, anonymity, verifiability, double-voting resistance, coercion-resistance and resistance to quantum attacks. The scheme is suitable for a variety of voting scenarios and can meet the efficiency requirements in large voting scenarios.",Related but unverifiable
i_915,"Post-Disaster Schools in Afghanistan: In response to the destruction caused by the war in Afghanistan, a modular system suitable for school design has been proposed. This system uses natural materials available in the area and traditional architectural methods to construct efficient and cost-effective school buildings, aiding in the recovery process for children affected by the war .","Disasters pose a great danger to societies due to the impact on various aspects of life such as social, educational, economics which calls to find better post-disaster solutions. This paper is highlighting the war in Syria as one of the human-made disasters that threaten Syrian's children present and future. Education is an essential factor in terms of societies' recovery and to children's recovery process and overcoming the trauma of war. Providing post-disaster school building is an essential part of children's post-war recovery. The current paper is trying to identify a modular system suitable for school design and propose a school model that depends on natural materials available in the area and using the traditional architectural methods in an attempt to construct a building with a good efficiency and at lower costs. The methodology is based on a survey on a number of schools in Syria to show the impact of the war on the school buildings. The paper suggests an architectural design system to achieve the best environmental results in terms of thermal comfort and ventilation in order to minimize the cost of air-conditioning and mechanical equipment.",Entity error
i_1971,"Sector-Specific Policies: Compressed Air Systems (CASs): In the industrial sector, France is targeting energy savings and CO2 emission reductions through the optimization of Compressed Air Systems (CASs). These systems are widespread in industry and represent a substantial portion of electricity costs and emissions .","The increase of energy consumption, global warming, resource depletion and the rise of policies focused on climate change and greenhouse gas emissions reductions, have promoted to countries and industries the implementation of strategies focused on increase energy efficiency and reduce GHG emissions. Compressed Air Systems (CASs) are one of the most widespread systems used in industry. In countries such as China, USA, Australia, France and Italy, CASs accounts around 10% of the overall electricity costs. In Colombia the energy used in the industrial sector, rise the 33 % of the total energy consumption, equal to 481.429 TJ/year; the electricity consumption is a 13 % of this value, equivalent to 13,3 TWh/year. This paper determine the potentials energy saving of CASs for two industrial cities of the Colombian Caribbean Coast region, showing that there is a high energy saving potential, around 50 GWh/year and a reduction of CO<inf>2</inf> emissions of 10,702 tons of CO<inf>2</inf>/year, which can be taken in consideration by the government and organizations to develop projects focused on reduce energy consumption and mitigate CO<inf>2</inf> emissions.",Related but unverifiable
s_1463,"2. ** Synergists: ** Combining insecticides with synergists like Piper aduncum essential oil has shown significant potentiation effects, enhancing the efficacy of pyrethroids against S. frugiperda .","[1] Spodoptera frugiperda (JE Smith) represents the first documented case of field-evolved resistance to a genetically engineered crop expressing an insecticidal protein from Bacillus thuringiensis (Bt). In this case it was Cry1F-expressing maize (Mycogen 2A517). The ladybird beetle, Coleomegilla maculata, is a common and abundant predator that suppresses pest populations in maize and many other cropping systems. Its larvae and adults are polyphagous, feeding on aphids, thrips, lepidopteran eggs and larvae, as well as plant tissues. Thus, C. maculata may be exposed to Bt proteins expressed in genetically engineered crops by several pathways. Using Cry1F-resistant S. frugiperda larvae as prey, we evaluated the potential impact of Cry1F-expressing maize on several fitness parameters of C. maculata over two generations. Using Cry1F resistant prey removed any potential prey-mediated effects. Duration of larval and pupal stages, adult weight and female fecundity of C. maculata were not different when they were fed resistant S. frugiperda larvae reared on either Bt or control maize leaves during both generations. ELISA and insect-sensitive bioassays showed C. maculata were exposed to bioactive Cry1F protein. The insecticidal protein had no effect on C. maculata larvae, even though larvae contained 20-32 ng of Cry1F/g by fresh weight. Over all, our results demonstrated that the Cry1F protein did not affect important fitness parameters of one of S. frugiperda's major predators and that Cry1F protein did not accumulate but was strongly diluted when transferred during trophic interactions. © 2012 The Author(s). [10] For a devastating agricultural pest, functional genomics promotes the finding of novel technology to control Spodoptera frugiperda, such as the genetics-based strategies. In the present study, 11 yellow genes were identified in Spodoptera frugiperda. The transcriptome analysis showed the tissue-specific expression of part yellow genes, which suggested the importance of yellow genes in some biological processes in S. frugiperda, such as pigmentation. Among these yellow genes, the expression profiles of yellow-y gene showed that it was expressed in all life stages. In order to realize the further study of yellow-y, we employed CRISPR/Cas9 system to knock out this gene. Following knock out, diverse phenotypes were observed, such as color changes in both larvae and adults. Different from the wild-type larvae and adults, G<inf>0</inf> mutants were yellowed since hatching. However, no color difference was observed with the pupal cuticle between the wild-type and mutant pupae before the 8th day. On the basis of the single-pair strategy of G0 generation, the yellow-y gene was proved to be a recessive gene. The G1 yellowish larvae with biallelic mutations displayed a relatively longer development period than wild-type, and often generated abnormal pupae and moths. The deletion of yellow-y also resulted in a decline in the fecundity. The results revealed that yellow-y gene was important for S. frugiperda pigmentation, as well as in its development and reproduction. Besides, the present study set up a standard procedure to knock out genes in S. frugiperda, which could be helpful for our understanding some key molecular processes, such as functional roles of detoxification genes as insecticide resistance mechanisms or modes of action of insecticides to facilitate the management of this insect pest.",Related but unverifiable
s_1630,"2. Technological and Agricultural Innovations: Microbial-Based Products: Utilizing beneficial microorganisms in the rhizosphere can improve plant health and productivity, reducing the need for chemical inputs .","To feed a world population, which will reach 9.7 billion in 2050, agricultural production will have to increase by 35–56%. Therefore, more food is urgently needed. Yield improvements for any given crop would require adequate fertilizer, water, and plant protection from pests and disease, but their further abuse will be economically disadvantageous and will have a negative impact on the environment. Using even more agricultural inputs is simply not possible, and the availability of arable land will be increasingly reduced due to climate changes. To improve agricultural production without further consumption of natural resources, farmers have a powerful ally: The beneficial microorganisms inhabiting the rhizosphere. However, to fully exploit the benefits of these microorganisms and therefore to widely market microbial-based products, there are still gaps that need to be filled, and here we will describe some critical issues that should be better addressed.",Entailment
s_458,"Key Components of a Hypothesis Space: Model and Data Relationship: Hypotheses are often formulated as models, such as mathematical or simulation models, which are then tested against collected data. This relationship ensures that the hypothesis space is grounded in empirical evidence and can be validated through systematic observation and experimentation .","[7] Scientific research aims to answer questions and acquire knowledge concerning the natural world. Many would agree the goals of scientific research are to describe, predict, and explain these natural phenomena. Specific goals can be achieved by outlining an objective, deciding which discipline to study, and understanding which different lab techniques can produce data for a chosen hypothesis. Scientific research is important because the continual growth of knowledge drives development and new medical advances for a stronger future and better understanding of our world.",Related but unverifiable
i_1401,"Comparative Data: Key Points: New Zealand's Trends: While specific incidence rates per 100,000 children in New Zealand are not detailed, there is evidence of a significant increase in childhood brain tumor cases over time .","Introduction: Childhood brain tumours (CBTs) are the second most common type of cancer in individuals aged 0–24 years globally and cause significant morbidity and mortality. CBT aetiology remains poorly understood, however previous studies found higher CBT incidence in high-income countries (HIC) compared to low-middle income countries (LMIC), suggesting a positive relationship between incidence and wealth. Materials & methods: Aggregated data from Cancer Incidence in Five Continents (CI5) were used to explore CBT epidemiology. Incidence rate ratios (IRR) compared CBT rates between twenty-five geographically and economically diverse countries. The relationship between incidence and economic development was explored using linear regression models and Spearman's rank correlation tests. Trends in CBT incidence between 1978 and 2012 were investigated using average annual percentage changes (AAPC). Results: CBT incidence was highest in North America and lowest in Africa. CBT incidence rates increased significantly with increasing GDP per capita (p = 0.006). Gini index was significantly negatively associated with CBT incidence. Incidence decreased with increasing income inequality within countries, indicated by higher Gini indices (p = 0.040). Increasing and decreasing CBT incidence trends were observed within individual countries, although only Italy (p = 0.02) and New Zealand (p < 0.005) experienced statistically significant changes over time. Conclusions: The excess disease found in HIC may be explained by environmental risk factor exposure increasing CBT risk in wealthy populations. However, systematic limitations of substandard cancer detection and reporting in LMIC may mean incidence disparities result from misinformation bias rather than genuine differences in risk factor exposure. Further research is required to comprehensively describe CBT epidemiology and explain study findings.",Misinterpretation
s_1205,Management and Treatment Considerations: Emergency Medical Services: Highway Medical Points and Air Services: Development of specialized emergency services for rapid response and transportation to trauma centers is sufficient to address all polytrauma cases effectively .,Some urgent issues of medical care delivery to victims with polytrauma are presented in the article. Solving of the problems is connected with development of emergency medical care system in road accidents. Objective - improvement of the system of medical care delivery to patients with polytrauma after road accidents in emergency and everyday activity. Results. The information includes the data about development of the network of highway medical points of territorial centers for disaster medicine and the use of air medical service in the regions of the Russian Federation. The clinical guidelines for medical care delivery in polytrauma in emergency and every-day activity are considered. Conclusion. The main efforts to solve polytrauma problems in road accidents should be directed to timely emergency medical care delivery to victims on the emergency site and their quick medical evacuation to the specialized medical institution (level 1 trauma center) for the following treatment and rehabilitation. Some offers for further active participation of territorial disaster medicine centers in coordination and monitoring of emergency medical care delivery and working out of optimum routing for patients with polytrauma in road accidents are given.,Misrepresentation
s_1777,"Nanozyme-based Biosensors: Applications: Detection of mycotoxins, antibiotics, pesticides, pathogens, and other contaminants, which are the only significant threats to food safety .","Food safety as a huge world public health threat has attracted increasing attention. Effective detection methods are of great importance to ensure food safety. However, the development of reliable and efficient detection methods has been a challenging task because of the complexity of food matrices and trace levels of food contaminants. Recently, emerging nanomaterials with mimetic enzyme activity, namely, nanozymes, have been employed for novel biosensor development, which has greatly accelerated the advancement of food safety assay. In this review, we summarize the mechanism and advances in nanozyme-based biosensors such as colorimetric biosensors, fluorescence biosensors, chemiluminescent biosensors, electrochemical biosensors, SERS-based biosensors, and other biosensors. Impressively, the applications of the nanozyme-based biosensors in food safety screening have also been comprehensively summarized (including mycotoxins, antibiotics, pesticides, pathogens, intentional adulteration, metal ions, and others). In the end, future opportunities and challenges in this promising field are tentatively proposed.",Misinterpretation
s_1086,"Key Points: Paraneoplastic Syndromes and Ovarian Cancer: Paraneoplastic syndromes are rare disorders triggered by an immune response to a malignancy. They can affect various systems, including the nervous system and skin .","Paraneoplastic neurological syndromes (PNS) are defined as distant effects of tumors on the nervous system other than metastasis, direct invasion, and metabolic and vascular effects. Despite being rarely encountered diseases of neurology, they are important as early indicators of systemic cancer. There are rare cases reported in the literature of paraneoplastic peripheral neuropathy associated with the development of ovarian malignancy. Our case exhibited positive anti-Yo, ovarian adenocarcinoma, and peripheral neuropathy.
[2]: Paraneoplastic neurologic disorders are rare manifestations of a malignant neoplasm and mostly immune-mediated. Out of a broad spectrum of tumors ovarian and breast carcinomas are frequently the underlying cause presenting a challenge for the gynecologist. The combination of a rapidly progressive severe neurologic disability and a small, as yet unknown tumor is the typical clinical presentation. In addition to the most frequent paraneoplastic cerebellar degeneration resulting in severe ataxia, limbic encephalitis, brain stem encephalitis, sensory neuropathy, stiff-person syndrome, dermatomyositis and paraneoplastic retinopathy have been described. The cornerstone for the diagnosis are onconeural antibodies in serum and cerebrospinal fluid reacting with both the nervous system and the underlying cancer. Paraneoplastic neurologic syndromes in women with ovarian or breast cancer imply a grave prognosis. Although antitumor therapy may be effective in many cases and are essential for the success of additional immunotherapy, most patients remain severely disabled and mortality is remarkably high. © Georg Thieme Verlag KG Stuttgart.
[3]: Purpose: The aim of the study is to present MRI examinations of the brain and spinal cord, performed in girls with acute severe neurological presentation of paraneoplastic syndrome associated with ovarian teratomas. Paraneoplastic neurological syndrome (PNS) is a rare disorder caused by remote effects of malignancy in different organs. The pathogenesis of PNS concerns the autoimmune system and specific antibodies. PNS can be seen as encephalomyelitis, limbic encephalitis, progressive multifocal leukoencephalopathy, cerebellar ataxia, brainstem encephalitis, and paraneoplastic cerebellar degeneration. These symptoms are potentially reversible, if the underlying neoplasm is removed. Methods: We presented three girls, aged 13, 17, and 18 years. They were all referred to the hospital because of an acute onset of severe disseminated encephalomyelitis. All MRI exams were performed on a 1.5 T scanner with a routine brain and spinal cord protocol, including TSE T2-WI and FLAIR sequences. In all cases, a contrast agent was injected in the standard dose. Results: Neurological examination performed at the onset of the disease revealed hemiparesis, seizures, and consciousness disturbances. In one girl, visual field loss was also disclosed. They were all healthy before the onset of the disease. Brain and spinal cord MR imaging revealed multiple hyperintense lesions located supratentorially in the white matter of both hemispheres, in the pons, cerebellum, and spinal cord. Patients were treated with methyloprednisolone IV and IVIG. They all improved but significant sequelae were present. Two of them developed symptoms of acute demyelinating polyradiculoneuropathy within 2 months after the onset of encephalomyelitis. At the same time, brain MRI showed progression of the lesions. In two patients, anti-Yo antibodies were present in blood. Extensive examinations revealed bilateral ovarian teratomas in two patients, and left-sided ovarian teratoma in one case. Surgical resection of teratomas resulted in rapid clinical improvement. Conclusions: These cases show that in children and adolescents, acute demyelinating disease can be a manifestation of paraneoplastic neurological syndrome. Thus, PNS should always be considered in the differential diagnosis of encephalomyelitis. In female children and adolescents with suspected PNS, it is important to search for ovarian tumours.",Entailment
i_1202,"Synergistic Effects: Fixed-Combination Packs: The use of fixed-combination packs containing bisphosphonates, calcium, and vitamin D has been shown to improve patient compliance and ensure a complete therapy course, thereby optimizing treatment outcomes .","[8] Until recently, calcium supplementation with vitamin D and hormone replacement therapy were the mainstays of treating osteoporosis associated with the menopause. Hormone replacement therapy, indeed, was (and is) effective in preventing fracture, but is no longer to be considered to be a primary indication for this purpose. Thus, while continuing with calcium and vitamin D, drug therapy now consists of the antiresorptive agents: raloxifene, calcitonin, and the bisphosphonates. These drugs reduce bone turnover, and do prevent fractures, but are limited to halting further deterioration of skeletal microarchitecture. The newest agent against osteoporosis is teriparatide, an amino terminal fragment parathyroid hormone containing 34 amino acids. PTH(1-34), or teriparatide, exhibits many of the classical actions of the whole molecule. It is anabolic with respect to bone when used according to well-defined protocols. Bone microarchitecture is restored with increases in cortical thickness and in connectivity. This paper describes the activities as known at present of the bisphosphonates and of teriparatide and reviews studies of their use alone and in combination with each other. © 2005 Controversies in Obstetrics and Gynecology, Polish Society of Perinatal Medicine, the International Society of Reproductive Medicine, the World Foundation for Medical Studies in Female Health and the Center for the Study of Cryopreservation of Oocytes and Spermatozoa. [18] Objective: To develop an initiative using standardized discharge orders to improve the posthip fracture care of patients aged 50 years or older. Design: Prospective nonrandomized study. Setting: Hospital orthopaedic service. Participants: Patients at our institution older than age 50 years sustaining a hip fracture who were followed for at least 6 months and qualified for osteoporosis medication. Intervention: The endocrinology and orthopaedic areas agreed to add calcium/vitamin D supplementation, a dual-energy x-ray absorptiometry scan request, and a consult with endocrinology to the hospital discharge orders. Outcome Measures: The proportions of patients using calcium or bisphosphonate before and after the intervention were compared using the McNemar test. The designated level of significance was 0.05. Results: Originally, 37 of 137 patients were taking calcium/vitamin D supplements. Following this initiative, 92 of 137 were taking the supplement (P < 0.0001). Seventeen of 137 patients were taking bisphosphonate initially and 65 of 137 after the initiative (P < 0.0001). After the initiative, 100% of the discharged patients were offered calcium/vitamin D, a dual-energy x-ray absorptiometry scan, and an endocrinology appointment. All of the patients who reported for the endocrinology consult appointment were offered bisphosphonate therapy. Eighty-two patients kept the appointment for the dual-energy x-ray absorptiometry scan, and 54 saw the endocrinologist. Conclusion: The addition of a calcium/vitamin D supplement and an endocrinology appointment to the hospital discharge orders was an effective method of improving treatment and enhancing compliance.Copyright © 2011 by Lippincott Williams & Wilkins.",Related but unverifiable
i_1177,"Key Factors Contributing to TB Prevalence in Europe: Demographic Factors: Occupation: Certain occupations, such as healthcare workers, are at higher risk of TB due to increased exposure to TB patients. The duration of employment and specific job roles also influence the risk .","Background:Health care workers (HCWs) are at risk of latent tuberculosis infection (LTBI). In China, tuberculosis (TB) is a major public health problem, but the prevalence of LTBI in HCWs especially in the hospital for pulmonary diseases has not been assessed enough. The aim of this study was to determine the prevalence and putative risk factors of LTBI among HCWs in a chest hospital and a TB research institute in China.Methodology/Principal Findings:A cross-sectional study was conducted among HCWs in China in 2012. LTBI was assessed by T-SPOT.TB, and information on HCWs was collected using a standardised questionnaire. Risk factors for LTBI were analyzed by univariate and multivariate regression. The overall prevalence of LTBI among HCWs was 33.6%. Analyzed by job category, the highest prevalence was found among laboratory staff (43.4%). In the different workplaces, the proportion of LTBI was significantly higher among the high risk workplaces (37.4%) compared to the low risk workplaces. The duration of employment had a significant impact on the prevalence of LTBI. Positive T-SPOT.TB test results accounted for 17.6%, 16.8%, 23.5%, 41.8% and 41.6% in groups of ≤2, 3-5, 6-10, 11-20, and >20 working years respectively. In multivariate analysis, job categories (Laboratory staff [2.76 (95% CI: 1.36; 5.60)], technician staff [2.02 (95% CI: 1.12; 3.64)]); working duration as a HCW for 11 to 20 years [3.57 (95% CI: 1.46; 8.71)], and 20 years above [3.41 (95% CI: 1.28; 9.11)]; and the history of household TB contact [2.47 (95% CI: 1.15; 5.33)] were associated with increased risk of LTBI.Conclusions/Significance:Prevalence of LTBI estimated by T-SPOT.TB is high among Chinese HCWs and working duration, job category and the history of household TB contact were associated with increased risk. These data highlight adequate infection control measures should be undertaken. © 2013 Zhang et al.",Entity error
s_1360,High-intensity concurrent exercise is particularly effective in reducing total abdominal fat .,"[6] Background: Obesity is a worldwide health problem which is associated with a lot of complications. One of these comorbidities is the metabolic syndrome that is in correlation with abdominal fat thickness and waist circumference. Various methods were used to reduce abdominal fat thickness such as liposuction. A noninvasive method is the topical agent. In this study, we investigated the effectiveness of Arnebia euchroma (AE) ointment on the abdominal fat thickness. Materials and Methods: This study was a double-blind clinical trial which was done at the endocrinology clinic in Khorshid Hospital, Isfahan, Iran, in 2014. After explaining the procedure and obtaining informed consent, the candidates were randomly divided into the case and control groups. The participants of the case and control groups applied AE ointment or placebo for 6 weeks on their abdominal area. Body mass index, waist and buttock circumference, and abdominal fat thickness were measured in both case and control groups at their first visit and then at the next 2, 4, and 6 weeks. We used t-test for comparing parametric variables between groups, paired t-test for changes from baseline to final, and repeated measure ANOVA for changes at different steps. Results: Sixty female candidates participated in this study (thirty in each group). Ten patients left the study and fifty participants finished the trial. At the end of the study, participants had a significant weight loss (2.96 ± 1.6 kg, P < 0.001) that was slightly more in the case group (3.15 ± 1.5 kg vs. 2.75 ± 1.7, P = 0.375). Abdominal circumference also decreased significantly in the participants (11.3 ± 6.7 cm, P < 0.001), but the changes were more significant in the case group (13.9 vs. 6.5 cm, P = 0.004). Similarly, abdominal fat thickness decreased significantly in the participants (2.3 ± 1.1 cm, P < 0.001), although changes were not significantly different between two groups (2.53 vs. 2.04 cm, P = 0.139). Conclusion: Topical AE ointment can reduce the abdominal fat thickness as well as the waist circumference without causing any side effect.",Related but unverifiable
s_17,"Handling Uncertainty: Extend Apache Spark to support uncertainty and fuzziness, which is crucial for applications requiring probabilistic reasoning .","In this paper we describe how the Predictive Model Markup Language (PMML) standard enhances the JBoss Drools production rule engine with native support for using predictive models in business rules. The historic debate between symbolic and connectionist approaches to rule/model orchestration provides numerous examples of hybrid systems combining ""hard"" and ""soft"" computing techniques to achieve di-erent levels of integration. Rules are often used to decide when and which model to invoke; model outputs, in turn, can be used to evaluate the preconditions of a rule. In a loosely coupled system, the rule engine calls an external component implementing the predictive model, but this has several disadvantages, most notably the need to setup proper communications and reconcile any di-erence in the way the components encode the data. We propose instead, a tightly integrated system where predictive models and rules become part of the same reasoning framework. The models, encoded using the PMML 4 standard, are loaded and processed by a compiler implemented using the rule engine it-self. The PMML document is transformed into a set of facts that de-ne the model, and a series of rules that formalize the model's behavior. In addition, most PMML data processing, validation, and transformation procedures are also implemented using auto-generated rules. Finally, in oder to integrate model inputs and outputs seamlessly in the inference process, we exploit an extension of the Drools engine which adds native support for uncertainty and/or fuzziness. Copyright 2011 ACM.",Entity error
i_1209,"Positive Impacts: Emotional and Physical Support: While caregivers provide some emotional and physical support, it is often insufficient for stroke survivors to effectively manage daily activities and maintain their independence, as many caregivers report feeling overwhelmed and unprepared for their roles .","In Australia, more than 346,000 individuals who experience a stroke return to living in their homes with varying degrees of disability. They rely on emotional and physical support from informal carers, typically family members. Informal carers have an indispensable role in patient care poststroke, and the ability of carers to manage this role effectively is crucial for stroke survivors to be able to return home. The aim of this study was to examine the impact of the caring role on carers of stroke survivors, particularly the services provided and the levels of depression and well-being experienced. The study used a longitudinal design incorporating survey methods. Stroke survivors were assessed for functional ability, quality of life, and depression using three assessment tools: the Stroke Impact Scale, World Health Organization Quality of Life-BREF scale, and Zung Self-Rating Depression Scale. A total of 26 people were surveyed: 13 stroke survivors and their 13 carers. Carer knowledge of stroke support services was also explored. Information was collected by using survey methods and structured interviews at 3 weeks and at 3 months postdischarge. The main finding was that depression scores for carers and stroke survivors were below Australian norms at both assessment time points. The major concern identified by carers was poor follow-up procedures for initiating rehabilitation in the home. This study highlighted that a lack of appropriate discharge planning, in conjunction with early discharge of stroke survivors, can have an impact on the rehabilitation process and place increased and unrealistic demands on carers.
[4]: Background. Stroke is still one of most frequent causes of long-term disability. In Poland 68.5% post-stroke survivors requires the assistance of family caregivers during home care. This way stroke affects not only the patients, but theirs families too. Material and methods. A rigorous research was conducted using specified keywords. Representative Polish and abroad literature was sinthesized and discussed. Results. Caregivers problem can significantly influence course and results of the therapy of stroke-survivors. Family caregivers are often unprepared for the demands required of them. Family members may struggle to adapt to a care-giving role, and relationships between stroke survivors and other family members can be altered by the illness. Conclusion. Caregivers of stroke patients report inadequate support, which often do not meet their needs. The findings call for improved standards of health care and welfare, both on the area of patients and caregivers according to their needs. © 2011 Via Medica.",Related but unverifiable
s_1028,"Comparison with Critically Ill Non-Septic Patients: Inflammatory Markers: In critically ill non-septic patients, such as those with acute decompensated heart failure (ADHF), there is also an increase in CD16 expressing monocytes (both intermediate and nonclassical) compared to healthy controls. However, the proportion of these monocytes decreases with treatment, suggesting a resolution of the acute inflammatory state .","Background Distinct monocyte subsets predict cardiovascular risk and contribute to heart failure progression in murine models, but they have not been examined in clinical acute decompensated heart failure (ADHF). Methods and Results Blood samples were obtained from 11 healthy control subjects (HCs) and at admission and discharge from 19 ADHF patients. Serologic markers of inflammation were assessed at admission and discharge. Monocyte populations were defined with the use of flow cytometry for cell-surface expression of CD14 and CD16: CD14++CD16- (classic), CD14++CD16+ (intermediate), and CD14+CD16++ (nonclassic). In ADHF patients, C-reactive protein (CRP) and interleukin-6 (IL-6) were higher compared with HCs (both P <.001) and decreased from admission to discharge (CRP: 12.1 ± 10.1 to 8.6 ± 8.4 mg/L [P =.005]; IL-6: 19.8 ± 34.5 to 7.1 ± 4.7 pg/mL [P =.08]). In ADHF patients, the admission proportion of CD14++CD16- monocytes was lower (68% vs 85%; P <.001) and that of CD14++CD16+ (15% vs 8%; P =.002) and CD14+CD16++ (17% vs 7%, P =.07) monocytes higher compared with HCs. Additionally, the proportion of CD14++CD16- monocytes increased (68% to 79%, P =.04) and the CD14+CD16++ monocytes decreased (17% to 7%, P =.049) between admission and discharge. Conclusions Following standard treatment of ADHF, the monocyte profile and circulating inflammatory markers shifts to more closely resemble those of HC, suggesting a resolution of the acute inflammatory state. Functional studies are warranted to understand how specific monocyte subsets and systemic inflammation may contribute to ADHF pathophysiology.",Misrepresentation
i_251,"Algorithm Steps: Thresholding: Based on the calculated differences, the algorithm determines thresholds to segment the image. This helps in distinguishing different regions within the image, such as edges or textures, and may also enhance the visual quality of the segmented images for better human interpretation .","Thresholding is a popular image segmentation method that often requires as a preliminary and indispensable stage in the computer aided image process, particularly in the analysis of X-ray welding images. In this paper, a modified gray level difference-based transition region extraction and thresholding algorithm is presented for segmentation of the images that have been corrupted by intensity inhomogeneities or noise. Classical gray level difference algorithm is improved by selective output of the result of the maximum or the minimum of the gray level with the pixels in the surrounding, and multi-structuring of neighborhood window is used to represent the essence of transition region. The proposed algorithm could robustly measure the gray level changes, and accurately extract transition region of an image. Comparisons with other approaches demonstrate the superior performance of the proposed algorithm. © 2013 Shanghai Jiaotong University and Springer-Verlag Berlin Heidelberg.
[2]: The searching algorithm of edge grey levels in column and row was proposed. The basic principle of the algorithm is as follows. Starting from the pixel of highest grey level and computing the disparity in grey level of each two adjacent pixels within the same column of image, the grey levels of pixels where the disparity reaches maximum and minimum are taken as the upper and lower thresholds of image edges in that column and that row. Thresholds are searched in each column and row of image. Besides that, the other edge detection algorithm was presented based on golden section, together with multi-threshold and limited area. Computational complexity of new algorithm was analyzed. Experimental results show that new algorithm extracts the edge of thermal image quickly and meets the practical demands of automatic target recognition.",Entailment
s_25,"AI systems can also identify discrepancies in clinical documentation, such as missed diagnoses, and prompt secondary reviews to ensure accuracy .","Objective: This quality assurance study assessed the implementation of a combined artificial intelligence (AI) and natural language processing (NLP) program for pulmonary nodule detection in the emergency department setting. The program was designed to function outside of normal reading workflows to minimize radiologist interruption. Materials and methods: In all, 19,246 CT examinations including at least some portion of the lung anatomy performed in the emergent setting from October 1, 2021, to June 1, 2022, were processed by the combined AI-NLP program. The program used an AI algorithm trained on 6-mm to 30-mm pulmonary nodules to analyze CT images and an NLP to analyze radiological reports. Cases flagged as negative for pulmonary nodules by the NLP but positive by the AI algorithm were classified as suspected discrepancies. Discrepancies result in secondary review of examinations for possible addenda. Results: Out of 19,246 CT examinations, 50 examinations (0.26%) resulted in secondary review, and 34 of 50 (68%) reviews resulted in addenda. Of the 34 addenda, 20 patients received instruction for new follow-up imaging. Median time to addendum was 11 hours. The majority of reviews and addenda resulted from missed pulmonary nodules on CT examinations of the abdomen and pelvis. Conclusion: A background quality assurance process using AI and NLP helped improve the detection of pulmonary nodules and resulted in increased numbers of patients receiving appropriate follow-up imaging recommendations. This was achieved without disrupting in-shift radiologist workflow or causing significant delays in patient follow for the diagnosed pulmonary nodule.",Entailment
