ID,claim_clean,reference_clean,predict
i_90,"Benefits of Combining GNN and MAPPO: Enhanced Coordination: GNNs help in learning the communication protocols between agents, which is essential for coordinated actions in a multi-agent system .","Communication learning is an effective way to solve complicated cooperative tasks in multi-agent reinforcement learning (MARL) domain. Graph neural network (GNN) has been widely adopt for learning the multi-agent communication and various GNN-based MARL methods have emerged. However, most of these methods are not specially designed for heterogeneous multi-agent scenarios, where agents have heterogeneous attributes or features based on different observation spaces or action sets. Without effective processing and transmission of heterogeneous feature information, communication learning will be useless and even reduce the performance of cooperation. To solve this problem, we propose a communication learning mechanism based on heterogeneous GNN and graph information maximization to learn effective communication for heterogeneous agents. Specifically, we use heterogeneous GNN for learning the efficient message representations, which aggregate the local feature information of neighboring agents. Furthermore, we maximize the mutual information (MI) between message representations and local values to make efficient use of information. Besides, we present a MARL framework that can flexibly integrate the proposed communication mechanism with existing value factorization methods. Experiments on various heterogeneous multi-agent scenarios demonstrate the effectiveness and superiority of the proposed method compared with baselines.",Entailment
s_1730,Monitoring Soil Moisture: Farmers often use simple tools like perforated tubes or soil moisture sensors to monitor the water level and determine the appropriate time for re-flooding .,"The supply of irrigation in Thailand is currently insufficient to satisfy rice production demands, despite the country being the world's leading rice producer and exporter. Thus, traditional rice production based on flooding systems should be changed to water-saving management using the so-called alternate wetting and drying method (AWD). This research introduced a suitable AWD 5/-15 broadcasting method into farmer's fields in eight provinces of Thailand in the dry and wet seasons of 2016. The results showed that the AWD practice increased grain yields by 8-22% in the dry season compared with the yields from farmer's practices. The AWD practice reduced total water use by 5-30% and increased water productivity 10-35% compared with farmer's traditional practices. In addition, the total CH<inf>4</inf> emissions from the AWD practice in the dry season were lower than those from farmer's practices by 7-83%, but the AWD practice in the wet season resulted in decreased CH<inf>4</inf> emissions at only three out of the eight sites. The total N<inf>2</inf>O emissions were slightly different between the AWD and farmer's practices. However, in both AWD and farmer's practices, N<inf>2</inf>O emissions were much lower than CH<inf>4</inf> emissions. Finally, the incomes and net profits in both seasons were significantly higher using AWD from 4.4-13.5 USD/ha and 45.8-60.8 USD/ha, respectively, while the total costs for both practices were not significantly different. Thus, AWD practices may help farmers decrease their water supply risk, especially in the dry season, and increase profits from rice production.
[2]: As one of the most widely promoted effective irrigation strategies for rice, alternate wetting and drying (AWD) irrigation can not only reduce water use but also increase mineral nutrient use efficiency. In this research, we compared the differences in grain yield, grain quality, phosphorus use efficiency (PUE), and growth states of roots and shoots of lowland and upland rice cultivars that were subjected to different irrigation and phosphorus (P) fertilizer application treatments in a field study for two years. The irrigation treatments consisted of two irrigation regimes: continuously flooded (CF) and AWD irrigation and the P fertilizer treatments included three P rates, i.e., 0, 45, and 90 kg ha<sup>−1</sup> (P0, P45, and P90, respectively). The results revealed that AWD irrigation led to an increase in grain yield and improved PUE of both rice varieties at P45. The roots were longer and deeper under AWD irrigation, which contributed to the higher grain yield and higher resource use efficiency obtained with this treatment. At the lower P rates, both rice types translocated more P from vegetative tissues to grains, which led to a better PUE. Molecular analysis show that plant hormones (IAA, gibberellins, cytokinins and ABA) and members of the OsPht1 family are also involved in the regulation of P homeostasis under AWD irrigation. Our results demonstrate that AWD irrigation can also enhance PUE for the rice in the field.
[3]: We carried out a pool culture experiment to determine the optimal water treatment depth in loam and clay soils during the late growth stage of super rice. Three controlled water depth treatments of 0–5, 0–10 and 0–15 cm below the soil surface were established using alternate wetting and drying irrigation, and the soil water potential (0 to –25 kPa) was measured at 5, 10 and 15 cm. A 2-cm water layer was used as the control. We measured soil enzyme activities, root antioxidant enzyme activities, chlorophyll fluorescence parameters, and rice yield. The results showed that the 0–5-cm water depth treatment significantly increased root antioxidant enzyme activities in loam soil compared with the control, whereas soil enzyme activities, chlorophyll fluorescence parameters and yield did not differ from those of the control. The 0–10- and 0–15-cm water depth treatments also increased root antioxidant enzyme activities, whereas soil enzyme activities, chlorophyll fluorescence parameters and yield decreased. In clay soil, the soil enzyme activities, root antioxidant enzyme activities, chlorophyll fluorescence parameters, and yield did not change with the 0–5-cm water treatment, whereas the 0–10- and 0–15-cm water treatments improved these parameters. Therefore, the appropriate depths for soil water during the late growth period of rice with a 0 to –25 kPa water potential were 5 cm in loam and 15 cm in clay soil.",Related but unverifiable
s_1159,"Electrolyte Disorders: Impact on Cardiac Function: Electrolyte imbalances, such as hypokalemia and hyperkalemia, can significantly affect cardiac function and blood pressure. Hypokalemia can lead to prolonged QT intervals and arrhythmias, while hyperkalemia can cause severe cardiac rhythm abnormalities. Additionally, it is plausible that chronic electrolyte imbalances may contribute to long-term cardiovascular diseases, although this remains to be fully established in clinical studies .","Electrolyte disorders can alter cardiac ionic currents kinetics and depending on the changes can promote proarrhythmic or antiarrhythmic effects. The present report reviews the mechanisms, electrophysiolgical (EP), electrocardiographic (ECG), and clinical consequences of electrolyte disorders. Potassium (K<sup>+</sup>) is the most abundent intracellular cation and hypokalemia is the most commont electrolyte abnormality encountered in clinical practice. The most signifcant ECG manifestation of hypokalemia is a prominent U wave. Several cardiac and non cardiac drugs are known to suppress the HERG K<sup>+</sup> channel and hence the IK, and especially in the presence of hypokalemia, can result in prolonged action potential duration and QT interval, QTU alternans, early afterdepolarizations, and torsade de pointes ventricular tachyarrythmia (TdP VT). Hyperkalemia affects up to 8% of hospitalized patients mainlyin the setting of compromised renal function. The ECG manifestation of hyperkalemia depends on serum K<sup>+</sup> level. At 5.5-7.0 mmol/L K<sup>+</sup>, tall peaked, narrow-based T waves are seen. At > 10.0 mmol/L K<sup>+</sup>, sinus arrest, marked intraventricular conduction delay, ventricular techycardia, and ventricular fibrillation can develop. Isolated abnormalities of extracellular calcium (Ca<sup>++</sup>) produce clinically significant EP effects only when they are extreme in either direction. Hypocalcemia, frequently seen in the setting of chronic renal insufficiency, results in prolonged ST segment and QT interval while hypercalcemia, usually seen with hyperparathyroidism, results in shortening of both intervals. Although magnesium is the second most abudent intracellular cation, the significance of magnesium disorders are controversial partly because of the frequent association of other electrolyte abnormalities. However, IV magnesium by blocking the L-type Ca<sup>++</sup> current can succesfully terminate TdP VT without affecting the prolonged QT interval. Finally, despite the frequency of sodium abnormalities, particularly hyponatremia, its EP effects are rarely clinically significant. © 2011 Via Medica.
[7]: Electrolyte disorders are frequent, especially in the intensive care unit (ICU) and the emergency department. The most important imbalances of electrolyte homeostasis include disorders of sodium, potassium, calcium, and phosphate. Hyponatremia and hyperkalemia are certainly the most common disorders and require prompt and safe correction, once the diagnosis is made and the underlying illness is identified. There-fore, the physiology of electrolytes will be covered briefly here, while the main emphasis is on the causes and management of electrolyte abnormalities. Patients with hyponatremia are at high risk of cerebral edema, while hyperkalemia may lead to life-threatening cardiac rhythm abnormalities. © Springer-Verlag Berlin Heidelberg 2010.",Related but unverifiable
s_531,"1. Rural Electrification: Off-grid Photovoltaic (PV) Solutions: Systems engineering can enhance the sustainability of rural electrification programs by addressing institutional, economic, environmental, and socio-cultural dimensions. Effective management and local participation are essential to ensure the reliability and acceptance of these systems .","Peru has historically been among the Latin-American countries with a low rural electrification rate. Aiming to improve this situation, the country conducted several electrification efforts in the last few decades that included off-grid photovoltaic (PV) solutions for remote areas (where the grid expansion was unviable). More recently, the government has also sponsored a 'massive program' that aims to deploy a minimum of 150,000 off-grid PV solutions in the upcoming years. In this paper, we assess the sustainability of rural electrification programs in Peru, paying special attention to the ongoing ""massive program"". Our assessment considers four dimensions of sustainability (institutional, economic, environmental, and socio-cultural) and is based on an exhaustive qualitative document analysis complemented by semi-structured expert interviews. We found that the lack of strong formal institutions with a flexible and decentralized structure seriously compromises the sustainability of rural electrification efforts in Peru. Staff rotation and overlapping competences have caused disturbing changes and inhibited following a strategic line, while widespread outsourcing combined with weak controls have often affected the reliability of the deployed systems. Although cross subsidies have made off-grid PV systems affordable for users, systems often fell short of energy demand. Notably, we found that Peruvian officials appear to be unaware of the importance of local participation, and there is a significant mistrust between the government and the rural population (especially in areas where mining is extensive). As a consequence, most of the projects are still designed without the participation and engagement of the communities, which has frequently led to project failures, payment defaults, and inhibited seizing opportunities regarding productive uses of off-grid PV systems. We expect that our findings may help Peruvian institutions to address the most severe drawbacks affecting their rural electrification efforts based on off-grid PV systems.",Related but unverifiable
s_1994,"General Recycling Principles: Recycling Processes: Different materials require specific recycling processes. For example, steel packaging is often recycled due to its magnetic properties, which make it easier to separate from other waste .","[4] Packaging plays a very important role in our daily life especially when buying commodities from a retail or a wholesale store. The importance of packaging is when items are shipped around the world, which in recent years is on a daily basis. Though packaging ensures the safety and durability of the merchandise and carries the brand name of the seller, it leads to accumulated waste where most of these conventional packing materials cannot be recycled. With the large amount of companies transporting goods from factories to warehouses and then to retailers, as well as the enormous online orders placed daily, there is a massive amount of plastic waste such as Styrofoam, cardboard, and paper that are utilized in the process. However, sustainable packaging is a boon to this problem, which is referred to as Green packaging; it offers an environmental friendly alternative playing a great role in protecting products, preventing waste and enabling efficient business conduct promoting environmental sustainability. Sustainable packaging is made by recycling materials thereby reducing the waste during production or raw material processing. The manufacturing process of such packaging materials also tends to be more efficient, further minimizing resources needed and reducing the negative impact that the business has on the environment. Sustainable packaging is produced in an environmentally friendly manner through the use and reuse of biodegradable and recyclable materials and is considered energy efficient. As a part of Corporate Social Responsibility, sustainable packaging is a relatively new addition to the environmental considerations, where, reduced as well as ecofriendly material for packaging provide an attractive opportunity to promote environmental sustainability. Industries, Promoters and Companies using such packaging material not only reduce their carbon footprint but campaign the use of recycled materials minimizing waste generation. Through this, it is indirectly aimed at preserving the world's ecosystems, improving human life quality and viability for a longer period. Moreover, sustainable packaging is economically viable for both consumers and manufacturers additionally ensuring a cleaner environment for the future generations. [5] Materials for recycling may consist of end-of-life (EOL) product streams, byproducts and waste streams from original equipment manufacturing and the production of components, and finally also rejects, byproducts and waste streams from raw-material producers. A common feature is that all consist of compounds. The elements of the compounds can be recycled only by chemical or metallurgical means. [12] Lead (II)-laden wastewater from lead acid battery and printed wire board industries are hazardous to human health and environment due to their toxicity and persistent characteristics. This study focuses on eco-friendly industrial Lutjanus erythropterus fish bone meal waste as biosorbent for Lead (II) removal. In this study, the effects of optimization of biosorption, isotherm, kinetic, thermodynamic, characterization of biosorbent were investigated, and the characteristics of biosorbent were compared with those of commercial resins. The half saturation removal of biosorbent amount was determined at 0.09 g in order to represent the excessive metal in real industrial wastewater condition compared to biosorbent and to minimize the consumption of chemicals and biosorption operation time. Such approach is supported by optimization results and Langmuir isotherm. Results obtained were better with Freundlich than with Langmuir isotherm, confirming the presence of heterogeneous monolayer with reversible binding sites. The biosorption mean energy inferred that chemisorption occurred in Lead (II) biosorption, and pseudo-second-order kinetics implied that chemisorption mechanism is the rate-limiting factor. Thermodynamic described an endothermic non-spontaneous reaction with reversible bonding between Lead (II) ions and binding sites. Characterization analysis further confirmed a macroporous surface morphology with multi-binding sites of hydroxyl, carboxyl, and amide groups which contributed to reversible bonding in chemisorption mechanism. The 85 % of recovery supported reversible binding in chemisorption. The biosorbent is at least 70 times cheaper than resins. Hence, this developed biosorbent is a potential candidate to replace resins and can be used in the pretreatment of industrial wastewater application due to cost effectiveness and low environmental impacts. This study successfully gains an insight into green technology by converting waste to a useable product and zero waste concept by minimizing environmental solid management and pollution control.",Related but unverifiable
s_1150,"Associated Conditions: Autoimmune Diseases: CD is often associated with other autoimmune conditions, such as type 2 diabetes and thyroid diseases .","Celiac disease (CD) is an autoimmune disorder that affects genetically predisposed individuals who are sensitive to gluten and related proteins. It affects children and adults with increasing prevalence in the older age groups. Both adaptive and innate immune responses play role in CD pathogenesis which results in damage of lamina propria and deposition of intraepithelial lymphocytes. There are other proposed mechanisms of CD pathogenesis like gastrointestinal infections, intestinal microbiota, and early introduction of gluten. The diagnosis of CD is based on clinical symptoms and serological testing, though a majority of cases are asymptomatic, and small intestinal biopsies are required to confirm the diagnosis. Celiac disease is generally associated with other autoimmune diseases, and it is advisable to test these patients for diseases like type 1 diabetes mellitus, Addison's disease, thyroid diseases, inflammatory bowel disease, and autoimmune hepatitis. The patient with a new diagnosis of CD requires close follow-up after starting treatment to see symptom improvement and check dietary compliance. A newly diagnosed patient is advised to follow with a dietitian to better understand the dietary restrictions as about 20% of patients stay symptomatic even after starting treatment due to noncompliance or poor understanding of diet restrictions. The most effective treatment for CD is a gluten-free diet, but work on non-dietary therapy is in process and few medications are in the clinical trial phase.
[16]: Celiac disease (CD) is associated with several autoimmune diseases (ADs) and, in particular, thyroid autoimmunity (TA) and Type 1 diabetes (T1D). TA and T1D are defined as associated conditions to CD (conditions at increased prevalence in CD but not directly related to gluten ingestion). The diagnosis of CD may precede or follow that of TA/T1D. To date, the available evidence suggests that the common genetic background is the main factor determining the high prevalence of the association. Conversely, no conclusive findings clarify whether extrinsic gluten-related factors (age at the first introduction, concomitant breastfeeding, length of gluten exposure and gluten-free diet) may link CD to the ADs. The aim of this review is to evaluate whether genetic background alone could explain the association between CD and ADs or if gluten-related factors ought to be considered. The pathophysiological links clarifying how the gluten-related factors could predispose to ADs will also be discussed.",Entity error
s_553,"Enhancing Organizational Resilience: Digital Transformation: The era of digitalization, which includes the adoption of embedded systems, challenges organizations to adapt and innovate. This transformation impacts various organizational dimensions such as information management, innovation, and leadership, which are critical for resilience .","Organizational resilience, understood as the capacity that allows organizations to make adjustments in their behavior before the succession of changes, disturbances and traumatic events, facilitating adaptation to the environment, is configured as a key element of their functioning and culture. The era of digitalization represents a new challenge for organizations, multiplying the situations in which organizational capacities are tested, promoting highly competitive environments. An investigation was carried out involving 45 professionals from a Social Services Center of Málaga (Spain), focusing on the identification of organizational resilience factors. The analysis of the results showed that the organizational dimensions where the incidence of digital transformation is assumed to be more evident (information and knowledge, innovation and creativity, leadership and elimination of traditional division barriers) are not perceived today as an element key in the adaptation and survival of organizations. The low perceived importance of these factors can provide us with information on intervention strategies to be proposed, which ensure the confrontation with the new social, economic, political and cultural circumstances produced by digitalization.",Opposite meaning
s_1703,"Application: Effective for quality control in food industries, though not specifically mentioned for strawberries .","A method for the determination of sugars in several fruit juices and nectars by capillary zone electrophoresis with indirect UV-vis detection has been developed. Under optimal conditions, commercial fruit juices and nectars from several fruits were analyzed, and the sugar and cyclamate contents were quantified in less than 6 min. A study for the detection of blends of high-value juices (orange and pineapple) with cheaper alternatives was also developed. For this purpose, different chemometric techniques, based on sugar content ratios, were applied. Linear discriminant analysis showed that fruit juices can be distinguished according to the fruit type, juice blends also being differentiated. Multiple linear regression models were also constructed to predict the adulteration of orange and pineapple juices with grape juice. This simple and reliable methodology provides a rapid analysis of fruit juices of economic importance, which is relevant for quality control purposes in food industries and regulatory agencies.",Entailment
i_1075,"Contraindications for Practicing Yoga: Individuals with chronic diseases, particularly musculoskeletal conditions, should exercise caution. Yoga can exacerbate symptoms in those with chronic musculoskeletal diseases, leading to severe adverse events. Additionally, it is possible that individuals with a history of anxiety or stress-related disorders may also experience heightened adverse effects during yoga practice, although this has not been specifically studied .","Background: Yoga is a representative mind-body therapy of complementary and alternative medicine. In Japan, yoga is practiced widely to promote health, but yoga-associated adverse events have also been reported. To date, the frequencies and characteristics of yoga-related adverse events have not been elucidated. This study was conducted to elucidate the frequencies and characteristics of adverse events of yoga performed in classes and the risk factors of such events. Methods: The subjects were 2508 people taking yoga classes and 271 yoga therapists conducting the classes. A survey for yoga class attendees was performed on adverse events that occurred during a yoga class on the survey day. A survey for yoga therapists was performed on adverse events that the therapists had observed in their students to date. Adverse events were defined as undesirable symptoms or responses that occurred during a yoga class. Results: Among 2508 yoga class attendees, 1343 (53.5%) had chronic diseases and 1063 (42.3%) were receiving medication at hospitals. There were 687 class attendees (27.8%) who reported some type of undesirable symptoms after taking a yoga class. Musculoskeletal symptoms such as myalgia were the most common symptoms, involving 297 cases, followed by neurological symptoms and respiratory symptoms. Most adverse events (63.8%) were mild and did not interfere with class participation. The risk factors for adverse events were examined, and the odds ratios for adverse events were significantly higher in attendees with chronic disease, poor physical condition on the survey day, or a feeling that the class was physically and mentally stressful. In particular, the occurrence of severe adverse events that interfered with subsequent yoga practice was high among elderly participants (70 years or older) and those with chronic musculoskeletal diseases. Conclusions: The results of this large-scale survey demonstrated that approximately 30% of yoga class attendees had experienced some type of adverse event. Although the majority had mild symptoms, the survey results indicated that attendees with chronic diseases were more likely to experience adverse events associated with their disease. Therefore, special attention is necessary when yoga is introduced to patients with stress-related, chronic diseases.",Misrepresentation
s_2172,4. Global Reporting Initiative (GRI) The GRI's G4 Sustainability Reporting Guidelines provide a framework for comparing industries based on 20 indicators related to the triple bottom line. This framework helps prioritize industries for more detailed feasibility studies .,"Governments often seek to facilitate sustainable growth through the targeted support of specific industries that are deemed to have considerable sustainable development potential. However, the selection of appropriate sectors generally relies on resource-intensive assessment processes. With the recent flood of sustainability information into the public domain, there appears to exist an opportunity to use this information to improve the efficiency of the initial stages of evaluating target industries. This work investigated the development of a framework that makes use of public sustainability disclosures to rapidly compare industries in terms of their sustainable development potential. The goal was to evaluate whether such a framework could usefully provide a way to prioritize the execution of more in-depth feasibility studies on industries showing superior sustainable development potential. The developed framework was based on the Global Reporting Initiative's G4 Sustainability Reporting Guidelines and makes use of 18 indicators to compare industries in terms of various triple bottom line considerations. The framework was applied to a case study of the platinum industry in South Africa to establish its usefulness, potential and limitations. The framework facilitated a reasonably holistic, transparent and easily interpretable comparison of industries. However, its consideration of industry fit in the local economy, expected development trends and quantification of indirect economic impacts were found to be areas that could be improved. Some of these concerns might be overcome by the improved availability of public information in the future.",Numeric error
i_1247,"This bloating is consistently severe throughout the menstrual cycle, with only minor changes in abdominal girth measurements .","Objective: To explore the association between the symptom of abdominal bloating and the diagnosis of endometriosis. Methods: Twenty-six patients with endometriosis diagnosed by laparoscopy and 25 women without endometriosis were recruited to a case-control study. Subjects completed detailed questionnaires regarding perception of abdominal bloating, bloating-related symptoms, and effect on lifestyle. Abdominal girth was measured three times daily for one whole menstrual cycle, as were ratings of perceived abdominal bloating severity and discomfort. Experiences of abdominal and gastrointestinal symptoms were compared. Results: A significantly larger proportion of women with endometriosis than control subjects experienced abdominal bloating (96% vs. 64%). In women with abdominal bloating, the following were more common in those who had endometriosis: associated severe discomfort (30% vs. 0%), wearing loose clothes during bloating (87% vs. 38%), and simultaneous hand swelling (30% vs. 6%). The experiences of cyclically related diarrhea and constipation were more frequent with endometriosis. While there were significant changes in bloating and discomfort ratings across the menstrual cycle, there was a trend towards a difference between the control subjects and unmedicated endometriosis groups only in how the pattern of bloating severity fluctuated across the cycle. Lower abdominal girth measurements changed significantly across menstrual cycle phases. Control and unmedicated endometriosis groups differed significantly in girth changes across the menstrual cycle, controls experiencing much less variation. Compared with the unmedicated endometriosis group, women receiving hormonal treatment had higher bloating severity ratings and discomfort scores, but there was no objective difference in abdominal girth. Conclusion: Painful abdominal bloating appears to be common in women with endometriosis and causes considerable symptomatic distress.",Opposite meaning
i_929,"Technological Advancements: Automated and Connected Vehicles: These vehicles promise to reduce road accidents, traffic congestion, and energy use. They also offer greater accessibility to user groups such as the elderly and disabled, potentially transforming the transportation landscape .","[12] The public transportation represents the ideal solution that can be offered with the purpose of satisfying the mobility request through an urban area. A highly organized and efficient public transportation system which offers adequate movement possibilities, in a short time and through high safety and comfort conditions, forms the basis of an urban transportation system that improves the sustainable development of a urban area. Over this paperwork it is going to be estimated the optimization effects of the Pitesti urban transportation system, and even more, it is going to be established the ""translation"" way of the different improvements for the public transportation system as input data into the urban transport model. In this way it will be shown how the renewal of the vehicles and the modernization of the bus stations could get to the increasing of the urban transport share, thus succeeding the decrease of the own vehicles transport. As a consequence, through the private vehicles movements decrease it is get, in the end, a fuel consumption and gas emissions reduction, in the same time resulting a high traffic performance both for the public transportation and for the own private vehicle transportation.",Related but unverifiable
i_1204,"Additional Benefits: Reduction in Morbidity and Mortality: While adequate intake of calcium and vitamin D is mentioned, it is likely that these nutrients alone are sufficient to significantly reduce morbidity and mortality related to osteoporotic fractures, overshadowing the need for pharmacological treatments .","Osteoporosis and fragility fractures associated with osteoporosis are the causes of increases in morbidity, disability and mortality, with important consequences for healthcare costs. Hence, osteoporosis therapy has been demonstrated as effective in lowering both vertebral and non-vertebral fracture risk and mortality. Pharmacological treatments for osteoporosis can be divided into two categories: antiresorptive and anabolic agents. Antiresorptive drugs suppress bone resorption and are the most commonly used agents. Anabolic agents, on the other hand, stimulate bone formation and represent a more recent therapeutic approach to osteoporosis treatment. Moreover, among therapeutic interventions, an adequate calcium and vitamin D intake is widely and strongly recommended, representing an essential part of any treatment regimen. This article summarises the current status of pharmacological treatment of post-menopausal osteoporosis and the major evidence concerning old and new drugs. © Touch Briefings 2011.
[11]: Osteoporosis is a skeletal disorder characterized by compromised bone strength that predisposes a person to increased fracture risk. Fractures are often associated with increased morbidity, higher mortality, loss of function and even psychological consequences. Pharmacotherapeutic interventions (e.g., bisphosphonates, selective estrogen receptor modulators, calcitonin, and teriparatide) in women with postmenopausal osteoporosis provide substantial reduction in fracture risk over and above risk reduction with calcium and vitamin D supplementation alone. The importance of nutritional support along with an appropriate exercise regimen, avoiding smoking and excessive alcohol use is to be emphasized along with the pharmacologic approach to osteoporosis. Despite the effectiveness of therapy with pharmacologic agents, most patients who start therapy do not remain on treatment for more than 1 year.",Opposite meaning
s_1623,"3. High-Performance Thin-Layer Chromatography (HPTLC): Bioautography Assays: This method involves separating seaweed metabolites using HPTLC, followed by identification of bioactive bands through bioautography assays. This approach is useful for tracing compounds with radical scavenging and antimicrobial activities .","[3] The wide industrial application of phycocolloids (e.g. alginates, agar and carrageenans) is based on their particular properties to form gels in aqueous solution. These seaweed polysaccharides present a chemical structure related with the taxonomic position of the algae: carrageenans are produced by carrageenophytes (red algae belonging mainly to the genera Kappaphycus, Eucheuma, Chondrus, Gigartina and Chondracanthus). Recently, new spectroscopic techniques have provided more accurate identification of the natural composition of the polysaccharides produced by these seaweeds. With the combination of two spectroscopic techniques (FTIR-ATR and FT-Raman) it is possible to identify the principal seaweed colloids in ground seaweed samples as in extracted material. Since the seaweed samples receive the minimum of handling and treatment (e.g. they are simply dried and ground), the composition determined represents, as accurately as possible, the native composition of the phycocolloids. © 2008 Elsevier Ltd. All rights reserved. [5] An optimized and validated inductively coupled plasma mass spectrometry (ICP-MS) method was used to analyze trace elements in seaweeds. Different volumes and rates of HNO<inf>3</inf> and H<inf>2</inf>O<inf>2</inf>, digestion times, and microwave power levels were tested to ascertain the best conditions for sample digestion. Analytical mass and instrumental parameters were selected to assure accurate and precise determination of As, Cd, Co, Cr, Mo, Ni, Pb, Sb, Se, and V by ICP-MS. The method was optimized and validated using biological Certified Reference Materials. In addition, some samples of seaweeds (Porphyra and Laminaria) from France, Spain, Korea, and Japan were analyzed using the optimized method. Porphyra presented higher concentrations of most elements, except for As, than Laminaria. Seaweeds from Korea and Japan tended to display the highest concentrations of Pb and Cd. In contrast, Spanish and French samples showed the highest levels of some micro-elements essential to human nutrition. © 2009 Elsevier Inc. All rights reserved. [11] Detection, identification and classification of yeasts have undergone a major transformation in the last decade and a half following application of gene sequence analyses and genome comparisons. Development of a database (barcode) of easily determined DNA sequences from domains 1 and 2 (D1/D2) of the nuclear large subunit rRNA gene and from ITS now permits many laboratories to identify species quickly and accurately, thus replacing the laborious and often inaccurate phenotypic tests previously used. Phylogenetic analysis of gene sequences is leading to a major revision of yeast systematics that will result in redefinition of nearly all genera. This new understanding of species relationships has prompted a change of rules for naming and classifying yeasts and other fungi, and these new rules are presented in the recently implemented International Code of Nomenclature for algae, fungi, and plants (Melbourne Code). The use of molecular methods for species identification and the impact of Code changes on classification will be discussed, as will use of phylogeny for prediction of biotechnological applications.",Related but unverifiable
i_317,"Primary Techniques: Advanced Techniques: Parallel Processing: Employing parallel programming techniques to handle high-performance computing demands, enabling faster processing of large datasets .","[3] With a view of accomplishing the needs for further analysis on image, Image pre-processing methods are applied on an image for its betterment. Image enhancement is a pivotal part in digital image techniques. The main objective behind image enhancement is to apply an algorithm to original image, so that the resultant image is well suited for a specific task. Digital image enhancement is apt in providing diverse methods for better visualization of image for purpose of object detection and recognition by the machine. Enhancement techniques help us to view the image more efficiently by integrating color and intensity in it. This paper provides detail analysis of different basic enhancement techniques like Min-Max Filter, Gaussian filter, Invert filter, Histogram equalization and Contrast stretching for enrichment of image using ERDAS software. After the analysis an enhanced image is achieved using histogram equalization due to the dynamic range of pixels can grow best for better visualization of an image for better analysis.  [8] This paper gives an overview of different digital Image Inpainting techniques used contemporarily for image restoration and enhancement process. Inpainting, dis-occlusion, image completion, retouching and filling-in are different terms for the same task: if an image is given with a missing section, the values in the missing area has to be restored by its values in an undetectable way. The patches are filled in from the neighbouring pixels. Inpainting can be used for removal of objects from an image also. Inapainting techniques are made more sophisticated by applying Neural Network and Fuzzy logic for fast and accurate filling of patches.",Unrelated and unverifiable
i_1692,"Plastics in aquatic environments can adsorb EDCs, facilitating their transport and potentially altering their fate in ecosystems .","The interaction of plastics with hydrophobic organic compounds (HOCs) is well established. Several HOCs are known carcinogens and/or endocrine disruptors. To determine how chemicals in plastic affect the marine environment, it is necessary to understand the kinetics of HOC sorption/desorption. This includes the understanding of sorption kinetics and mechanisms along with simple modeling concepts such as the first order rate kinetic model that can often adequately describe the overall phenomenon. However, to more mechanistically understand the chemical uptake and desorption process, the diffusion of chemicals in plastic is also discussed as well as the direct observation of this process in sectioned plastic particles. Moreover, modeling is required to understand the diffusion of chemicals in microplastic particles. In addition, case studies from the literature are presented which seek to understand how compounds move in and out of the plastics found in the marine environment or when in contact with other fluids besides seawater such as stomach fluids or fish oil.
[7]: In aquatic environments, plastic debris accumulates chemical pollutants from the surrounding water, potentially altering the fate of xenobiotics in these ecosystems. The effects of biofouling on the potential for plastic to sorb environmental pollutants remain poorly understood. In this study, we test the hypothesis that concentrations of metals are directly related to biofilm accumulation on microplastics submerged in natural estuarine waters. Two types of pre-production plastic pellets (polylactic acid (PLA) and low-density polyethylene (LDPE)) and glass pellets, were suspended for up to 28 days in an urbanized estuary (San Francisco Bay, California) to investigate how biofilm affects the accumulation of metals on these materials. During the initial weeks of the experiment, biofilm growth differed between locations, but after 28 days, PLA and LDPE had similar amounts of biofilm at the two field sites. Biofilm was the only significant predictor variable for Ba, Cs, Fe, Ga, Ni and Rb, and simple regressions of these metals after one month of submersion predicted much of the variability in the data (respective adjusted R<sup>2</sup> values: 0.46, 0.90, 0.86, 0.81, 0.87, 0.90; p < 0.001). For other metals influenced by location or substrate material, multivariate analysis showed that increases in metal concentrations were predicted by increases in biofilm for Cu, Pb, Al, K, U, Co, Mg (p < 0.001) and Mn (p < 0.01). This work highlights the role of biofilm in facilitating metal accumulation on plastic debris and contributes to current understanding of the underlying processes that influence the behavior of microplastics as aquatic contaminants.",Entailment
i_1152,"Avoiding the use of glasses may not be advisable, as it could potentially lead to uncorrected refractive errors and associated complications .","Myopia is the commonest ocular abnormality and the high and growing prevalence of myopia, especially but not only in Asian populations, as well as its progressive nature in children, has contributed to a recent surge in interest. Such worldwide growing prevalence seems to be associated with increasing educational pressures, combined with lifestyle changes, which have reduced the time that children spend outdoors. Highly nearsighted people are at greater risk for several vision-threatening problems such as retinal detachments, choroidal neovascularization, cataracts and glaucoma, thus the potential benefits of interventions that can limit or prevent myopia progression would be of remarkable social impact. Our understanding of the regulatory processes that lead an eye to refractive errors is undoubtedly incomplete but has grown enormously in the last decades thanks to the animal studies, observational clinical studies, and randomized clinical trials recently published. In this review we assess the effects of several types of life-style and interventions, including outdoor activities, eye drops, undercorrection of myopia, multifocal spectacles, contact lenses, and refractive surgery on the onset and progression of nearsightedness. © Springer Science+Business Media 2013.
[4]: IMPORTANCE: Myopia is a significant public health problem, making it important to determine whether a bifocal spectacle treatment involving near prism slows myopia progression in children. OBJECTIVE: To determine whether bifocal and prismatic bifocal spectacles control myopia in children with high rates of myopia progression and to assess whether the treatment effect is dependent on the lag of accommodation and/or near phoria status. DESIGN, SETTING, AND PARTICIPANTS: This 3-year randomized clinical trial was conducted in a private practice. A total of 135 (73 female and 62 male) Chinese-Canadian children (aged 8-13 years; mean [SE] age, 10.29 [0.15] years; mean [SE] myopia, -3.08 [0.10] D) with myopia progression of at least 0.50 D in the preceding year were randomly assigned to 1 of 3 treatments. A total of 128 (94.8%) completed the trial. INTERVENTIONS: Single-vision lenses (control, n = 41), +1.50-D executive bifocals (n = 48), and +1.50-D executive bifocals with 3-Δ base-in prism in the near segment of each lens (n = 46). MAIN OUTCOMES AND MEASURES: Myopia progression (primary) measured using an automated refractor following cycloplegia and increase in axial length (secondary) measured using ultrasonography at intervals of 6 months for 36 months. RESULTS: Myopia progression over 3 years was an average (SE) of -2.06 (0.13) D for the single-vision lens group, -1.25 (0.10) D for the bifocal group, and -1.01 (0.13) D for the prismatic bifocal group. Axial length increased an average (SE) of 0.82 (0.05) mm, 0.57 (0.07) mm, and 0.54 (0.06) mm, respectively. The treatment effect of bifocals (0.81 D) and prismatic bifocals (1.05 D) was significant (P < .001). Both bifocal groups had less axial elongation (0.25 mm and 0.28 mm, respectively) than the single-vision lens group (P < .001). For children with high lags of accommodation (≥1.01 D), the treatment effect of both bifocals and prismatic bifocals was similar (1.1 D) (P < .001). For children with low lags (<1.01 D), the treatment effect of prismatic bifocals (0.99 D) was greater than of bifocals (0.50 D) (P = .03). The treatment effect of both bifocals and prismatic bifocals was independent of the near phoria status. CONCLUSIONS AND RELEVANCE: Bifocal spectacles can slow myopia progression in children with an annual progression rate of at least 0.50 D after 3 years. These results suggest that prismatic bifocals are more effective for myopic children with low lags of accommodation. TRIAL REGISTRATION: clinicaltrials.gov Identifier: NCT00787579 Copyright 2014 American Medical Association. All rights reserved.",Related but unverifiable
i_579,Public charging stations are not necessary for long-distance travel and are often sufficient for those with home charging capabilities .,"Electric mobility is an important means to decarbonise the transport sector. Especially in cities, the use of zero-emission vehicles like electric vehicles is favourable, as emissions of conventional cars cause severe air pollution. Besides CO2, the most important emissions are nitric oxides, particular matter and noise. Given the trend of urbanisation, the problem of air pollution in large cities will rather grow than diminish. Although electric vehicles are an infrastructure-depen­dent technology, one important advantage of plug-in electric vehicles (EV) com­pared to hydrogen-powered vehicles is the possibility to use the existing electricity infrastructure in households for charging. While additional public charging infra­structure is also needed for interim charging or overnight charging for the so-called 'on-street parkers' without own garage, the majority of vehicles could be operated as EVs without additional public charging infrastructure. However, public charging infrastructure is an important component for the large-scale diffusion of electric vehicles and political action seems necessary since no business models are pres­ently available. In the present paper the authors combine different data sets con­cerning German charging points and mobility patterns to describe the different needs for charging infrastructure, and provide an overview of the underlying dif­ferent technical options. Based on the current charging infrastructure stock, the set­up methodology and the impact of user needs on charging infrastructure, the authors compare a coverage-oriented and a demand-oriented approach. The authors also estimate the number of public charging points for those two approaches. Finally, criteria for charging infrastructure are categorised and related to the dif­ferent approaches. It results that the number of charging stations needed for the two",Related but unverifiable
i_739,"Benefits and Applications: Early Warning Systems: Tools that provide early warnings for potential risks often lead enterprises to overreact to situations, causing unnecessary disruptions and inefficiencies in meeting market demands .","Aiming at the business competition in the global market, how to real-timely monitor the dynamic trends of supply chain in the market has been a difficulty of supply chain management. By putting into several levels of monitoring process of the supply chain, we developed a method for the information system of supply chain monitoring on the basis of the IDEF model. With this method, one would expect to detect unexpected variations at an early stage and to give early-warnings for potential risks. The enterprises would have enough time to respond to unwanted situations, to take preventive decisions and to meet efficiently the market demands. ©2010 IEEE.",Opposite meaning
s_628,Technologies for Monitoring and Tracing Wood-Based Materials: FBG sensors can be embedded in construction elements to monitor deformations and ensure the operational safety of materials like wood. This method allows for constant measurement and analysis during the construction and usage phases .,"The paper describes technology of monitoring a joist slab used in a single-family residential building constructed in the Polytech system. Prefabricated units made from a modified mortar based on expanded polystyrene derived from recycling were used to manufacture building walls. The joist slab is based on prefabricated walls, by means of a reinforced concrete tie beam. In order to control the tie beam under realistic conditions, a monitoring technology was suggested that involved introducing fiber Bragg gratings deformation sensors. The big advantage of this measuring system is that this method enables constant measurements of deformations in a construction element during its exploitation. The most important element of the solution is a FBG sensor introduced into the slab structure. The use of measuring method based on sensors with Bragg's gratings enables constant analysis of operational safety of a given element in the construction phase, during the normal use and loading of the house. During sample loading and unloading, the compound reinforced concrete slab worked in the elastic range. Tests carried out by means of the fiber optic sensor helped to determine the initial imperfection of the slab and its actual deformation.",Related but unverifiable
s_1395,"Research is ongoing to develop drugs targeting specific molecular pathways involved in HPV-induced carcinogenesis, which will likely eliminate the need for any surgical interventions in the future .","Infection of high-risk human papillomaviruses (HPVs) is a prerequisite for the development of cervical carcinoma. HPV infections are also implicated in the development of other types of carcinomas. Chronic or persistent infection of HPV is essential but HPV alone is inadequate, additional endogenous or exogenous cues are needed along with HPV to induce cervical carcinogenesis. The strategies that high-risk HPVs have developed in differentiating epithelial cells to reach a DNA-synthesis competent state leading to tumorigenic transformation are basically due to overexpression of the E6 and E7 oncoproteins and the activation of diverse cellular regulatory or signaling pathways that are targeted by them. Moreover, the Wnt/β-catenin/Notch and phosphoinositide 3-kinase (PI3K)/protein kinase B (Akt) pathways are deregulated in various cancers, and have also been implicated in HPV-induced cancers. These are basically related to the ""cancer hallmarks,"" and include sustaining proliferative signals, the evasion of growth suppression and immune destruction, replicative immortality, inflammation, invasion, metastasis and angiogenesis, as well as genome instability, resisting cell death, and deregulation of cellular energetics. These information could eventually aid in identifying or developing new diagnostic, prognostic biomarkers, and may contribute to design more effective targeted therapeutics and treatment strategies. Although surgery, chemotherapy and radiotherapy can cure more than 90% of women with early stage cervical cancer, the recurrent and metastatic disease remains a major cause of cancer mortality. Numerous efforts have been made to design new drugs and develop gene therapies to treat cervical cancer. In recent years, research on treatment strategies has proposed several options, including the role of HPV E5, E6, and E7 oncogenes, which are retained and overexpressed in most of the cervical cancers and whose respective oncoproteins are critical to the induction and maintenance of the malignant phenotype. Other efforts have been focused on antitumor immunotherapy strategies. It is known that during the development of cervical cancer, a cascade of abnormal events is induced, including disruption of cell cycle control, perturbation of antitumor immune response, alteration of gene expression, deregulation of microRNA and cancer stem cell and stemness related markers expression could serve as novel molecular targets for reliable diagnosis and treatment of HPV-positive cancers. However, the search for new proposals for disease control and prevention has brought new findings and approaches in the context of molecular biology indicating innovations and perspectives in the early detection and prevention of the disease. Thus, in this article, we discuss molecular signaling pathways activated by HPV and potential targets or biomarkers for early detection or prevention and the treatment of HPV-associated cancers.
[11]: This chapter reviews the current treatment of chronic and neoplastic human papillomavirus (HPV)-associated conditions and the development of novel therapeutic approaches. Surgical excision of HPVassociated lower genital tract neoplasia is very successful but largely depends on secondary prevention programmes for identification of disease. Only high-risk HPV-driven chronic, pre-neoplastic lesions and some very early cancers cannot be successfully treated by surgical procedures alone. Chemoradiation therapy of cervical cancer contributes to the 66-79% cervical cancer survival at 5 years. Outlook for those patients with persistent or recurrent cervical cancer following treatment is very poor. Topical agents such as imiquimod (immune response modifier), cidofovir (inhibition of viral replication; induction apoptosis) or photodynamic therapy (direct damage of tumour and augmentation of anti-tumour immunity) have all shown some useful efficacy (~50-60%) in treatment of high grade vulvar intraepithelial neoplasia (VIN). Provider administered treatments of genital warts include cryotherapy, trichloracetic acid, or surgical removal which has the highest primary clearance rate. Patient applied therapies include podophyllotoxin and imiquimod. Recurrence after ""successful"" treatment is 30-40%. Further improvements could derive from a rational combination of current therapy with new drugs targeting molecular pathways mediated by HPV in cancer. Small molecule inhibitors targeting the DNA binding activities of HPV E1/E2 or the antiapoptotic consequences of E6/E7 oncogenes are in preclinical development. Proteasome and histone deacetylase inhibitors, which can enhance apoptosis in HPV positive tumour cells, are being tested in early clinical trials. Chronic high-risk HPV infection/neoplasia is characterised by systemic and/or local immune suppressive regulatory or escape factors. Recently two E6/E7 vaccines have shown some clinical efficacy in high grade VIN patients and this correlated with strong and broad systemic HPV-specific T cell response and modulation of key local immune factors. Treatments that can shift the balance of immune effectors locally in combination with vaccination are now being tested. © 2012 Elsevier Ltd. All rights reserved.",Misrepresentation
i_1239,"Psychological impacts are primarily feelings of loss of control, failure, and self-blame, which are universally experienced by all women during pregnancy, largely due to cultural expectations around pregnancy .","This article provides a qualitative, non-medical analysis of pregnancy bed rest to contribute to feminist scholarship on women's experiences of embodiment and reproduction. Drawing on surveys and interviews, I examine pregnancy bed rest from the perspective of those who have experienced it. I argue that pregnancy bed rest significantly disrupts women's sense of control over their bodies, and that this disruption is partly manifested through feelings of failure and self-blame. Women's feelings of failure are heightened within a cultural context that emphasizes the importance of individual control over reproductive processes and ignores marginalized experiences of pregnancy. I then examine how women strategize ways to momentarily regain some control over their self and lives and thereby reduce feelings of failure. Analysis of women's pregnancy bed rest experiences furthers our understanding of an experience that drastically alters women's sense of control and self-discipline as well as their relationship to their bodies. It also sheds light on pregnancy as an experience that is informed at least as much by the cultural context as it is by the body. © 2011 Taylor & Francis.",Missing information
i_1714,"Preventive maintenance strategies, such as crack sealing and thin overlays, have been shown to improve pavement conditions and reduce fuel consumption, thereby lowering CO2 emissions .","Road network requires timely maintenance to keep pavement surface in good condition for reduction of fuel consumption with the limited budget. This study focused on development of pavement preservation strategies in the road network considering multi-objective optimization of agency cost and environmental impact (in terms of CO<inf>2</inf> emission). Field data from long-term pavment performance (LTPP) database were used to quantify the impact of pavement preservation treatments (crack seal, chip seal, and thin overlay) on the changes of surface roughness. The emission rate functions of vehicles with respect to speed and pavement surface condition were developed using Motor Vehicle Emission Simulator (MOVES) with the updated tire rolling resistance coefficients. The multi-objective optimization problem was solved using the Simulated Constraint Boundary Model (SCBM) method. The final solution was recommended based on the minimized distance from the utopia point to the Pareto front. The results show that the optimization solutions are affected by the available budget, existing pavement condition, truck traffic, and unacceptable level of pavement roughness. For multi-objective optimization of minimizing both agency cost and CO<inf>2</inf> emission, the recommended preservation treatments among different segments is a combination of crack seal and thin overlay in most cases. These findings can be used by highway agencies to make road maintenance decisions considering the tradeoff between agency cost and environmental impact.",Entailment
i_2114,"Preparation Method: Incorporation of Calcium Ions: Calcium ions can be introduced to the chitosan-citric acid mixture to further enhance the crosslinking process. Calcium ions can interact with the carboxyl groups of citric acid, forming a more robust hydrogel network. This step is crucial for improving the mechanical strength and stability of the hydrogel .","This work described the successful preparation of encapsulated nitrogen-phosphorus-potassium (NPK) fertilizers with the use of carboxymethyl cellulose/alginate (CMC/Alg) blend employing citric acid (CA) as the crosslinking agent. The study involved the preparation, characterization, release studies, and efficacy evaluation of the said fertilizer system. Fourier transform infrared (FTIR) and fluorescence spectroscopic methods, scanning electron microscopy (SEM), particle size analysis, and zeta potential measurements showed the successful formation of spherical particles with varying sizes (ranging from 733–1200 nm) via crosslinking. Release profiles of the CMC/Alg NPK conformed to the standards of controlled-release fertilizer with a maximum release rate of 50% for CMC/Alg NPK in 30 d. Investigation of the release mechanism using the Korsmeyer-Peppas mathematical model showed that the release of nutrients is governed by both coating material relaxation and diffusion processes. Controlled release behavior was demonstrated as confirmed in the efficacy evaluation of the prepared fertilizer in a 2-mo pot experiment using mung bean.",Related but unverifiable
i_1294,"6. Technology-Based Interventions: Utilizing technology, such as cell-phone text messaging, to provide daily reminders for oral contraceptive use has been shown to have no significant impact on improving contraceptive adherence among teens. In fact, this approach may not effectively address the issue of teens forgetting their daily doses, which often leads to unintended pregnancies .","Sexually active adolescents are at risk for unintended preg-nancy. Teen pregnancies can be prevented by consistent use of birth control, such as oral contraceptives. However, many teens forget their daily doses and eventually stop using oral contra-ceptives altogether. Teen pregnancies are more likely to be medically complicated and can adversely impact the teen, her child, and their community. Cell-phone use is becoming wide-spread, and teen cell-phone users frequently use text messaging. We describe a study in which we use cell-phone text-messaging technology in a novel way: we provide daily oral contraceptive dosing reminders and educational messages and evaluate oral contraceptive continuation at 6 months. We will use the informa-tion we obtain to develop specific, practice-based interventions to improve reproductive health programs and policies. Copyright © 2007 American Academy of Pediatrics. All rights reserved.",Related but unverifiable
s_710,"Machining Techniques for High Precision: Five-Axis Flank Milling: Precision: Five-axis flank milling is used for machining complex geometries with tight tolerances, such as turbine blades. This method can handle difficult-to-cut materials like titanium or nickel alloys, ensuring precision through advanced mathematical models for predicting cutting forces .","Jet engine impeller blades are flank-milled with tapered, helical, ball-end mills on five-axis machining centers. The impellers are made from difficult-to-cut titanium or nickel alloys, and the blades must be machined within tight tolerances. As a consequence, deflections of the tool and flexible workpiece can jeopardize the precision of the impellers during milling. This work is the first of a two part paper on cutting force prediction and feed optimization for the five-axis flank milling of an impeller. In Part I, a mathematical model for predicting cutting forces is presented for five-axis machining with tapered, helical, ball-end mills with variable pitch and serrated flutes. The cutter is divided axially into a number of differential elements, each with its own feed coordinate system due to five-axis motion. At each element, the total velocity due to translation and rotation is split into horizontal and vertical feed components, which are used to calculate total chip thickness along the cutting edge. The cutting forces for each element are calculated by transforming friction angle, shear stress and shear angle from an orthogonal cutting database to the oblique cutting plane. The distributed cutting load is digitally summed to obtain the total forces acting on the cutter and blade. The model can be used for general five-axis flank milling processes, and supports a variety of cutting tools. Predicted cutting force measurements are shown to be in reasonable agreement with those collected during a roughing operation on a prototype integrally bladed rotor (IBR). Copyright © 2007 by ASME.",Entailment
i_472,"Modeling References in IS Research: Version Management: While managing the evolution of reference models over time is often considered critical, the proposed concept for version management may not significantly impact the relevance of these models as they evolve, given that the stock of reference models is assumed to be unchangeable .","The central idea in reference modeling is the reutilization of the business knowledge contained in a reference model for the construction of specific information models. The user's task in reference model-based construction is the adaptation of the reference model. The derivation of specific models from reference models characterized as such corresponds with the creation of reference model variants. Research on the design of such variant constructions generally assumes an unchangeable stock of reference models. The potentials available in the management of these variant constructions, which reflect the changes in reference models through time and, in doing so, their evolutionary development, has not yet been tapped into. The article at hand analyzes this problem and presents a concept for the version management of reference models as a solution. The task to be mastered using the proposed approach will be concretized using data structures and a system architecture, as well as prototypically implemented in the form of an application system. © 2007 Physica-Verlag Heidelberg.","The paragraph is well-formed and verifiable.  
The abstract says the article “presents a concept for the version management of reference models as a solution” to exploit the untapped potential of managing their evolutionary development, implying the concept is meant to have a significant positive impact.  
The claim says that this “proposed concept … may not significantly impact the relevance of these models.”  
This directly negates the gist of the reference.  

Answer: Opposite meaning"
i_248,"Limitations: Resource Utilization: Some mitigation strategies may require significant computational resources, which can impact network performance .","This work aims to formulate an effective scheme which can detect and mitigate of Distributed Denial of Service (DDoS) attack in Software Defined Networks. Distributed Denial of Service attacks are one of the most destructive attacks in the internet. Whenever you heard of a website being hacked, it would have probably been a victim of a DDoS attack. A DDoS attack is aimed at disrupting the normal operation of a system by making service and resources unavailable to legitimate users by overloading the system with excessive superfluous traffic from distributed source. These distributed set of compromised hosts that performs the attack are referred as Botnet. Software Defined Networking being an emerging technology, offers a solution to reduce network management complexity. It separates the Control plane and the data plane. This decoupling provides centralized control of the network with programmability and flexibility. This work harness this programming ability and centralized control of SDN to obtain the randomness of the network flow data. This statistical approach utilizes the source IP in the network and various attributes of TCP flags and calculates entropy from them. The proposed technique can detect volume based and application based DDoS attacks like TCP SYN flood, Ping flood and Slow HTTP attacks. The methodology is evaluated through emulation using Mininet and Detection and mitigation strategies are implemented in POX controller. The experimental results show the proposed method have improved performance evaluation parameters including the Attack detection time, Delay to serve a legitimate request in the presence of attacker and overall CPU utilization.
[3]: Distributed Denial of Service (DDoS) attacks became a true threat to network infrastructure. DDoS attacks are capable of inflicting major disruption to the information communication technology infrastructure. DDoS attacks aim to paralyze networks by overloading servers, network links, and network devices with illegitimate traffic. Therefore, it is important to detect and mitigate DDoS attacks to reduce the impact of DDoS attacks. In traditional networks, the hardware and software to detect and mitigate DDoS attacks are expensive and difficult to deploy. Software-Defined Network (SDN) is a new paradigm in network architecture by separating the control plane and data plane, thereby increasing scalability, flexibility, control, and network management. Therefore, SDN can dynamically change DDoS traffic forwarding rules and improve network security. In this study, a DDoS attack detection and mitigation system was built on the SDN architecture using the random forest machine-learning algorithm. The random forest algorithm will classify normal and attack packets based on flow entries. If packets are classified as a DDoS attack, it will be mitigated by adding flow rules to the switch. Based on tests that have been done, the detection system can detect DDoS attacks with an average accuracy of 98.38% and an average detection time of 36 ms. Then the mitigation system can mitigate DDoS attacks with an average mitigation time of 1179 ms and can reduce the average number of attack packets that enter the victim host by 15672 packets and can reduce the average number of CPU usage on the controller by 44,9%.",Related but unverifiable
i_1277,"HIV-positive adolescents likely experience anxiety and PTSD at levels comparable to those in the general adolescent population, suggesting that their mental health issues are not particularly severe .","Background: Mental health problems of adolescents are underserved in low and middle-income countries where they account for a significant proportion of disease burden. Perinatally infected HIV-positive adolescents have a high prevalence of mental health disorders; however, little is known about those retained in care in South Africa. Methods: HIV-positive adolescents aged 13–19 years (n = 343) accessing five paediatric antiretroviral clinics in Johannesburg were assessed using standardized measures for depression, anxiety, post-traumatic stress disorder (PTSD), and suicidality. Descriptive and bivariate analyses were conducted on all variables using Statistica v13. Results: Twenty-seven percent were symptomatic for depression, anxiety, or PTSD; 24% reported suicidality. Peer violence was significantly correlated to all mental health problems, as was hunger, being inappropriately touched, being hit, and being female. Those reporting sickness in the past year were more symptomatic. High exposure to violence was evident. Additionally, not feeling safe at home or in the community increased risk for all mental health disorders. Knowing one's HIV status was protective as was having dreams for the future. Conclusion: HIV-positive adolescents accessing care demonstrated high levels of mental health problems that are largely unrecognized and could potentially be addressed within health systems. Mental health difficulties are driven by social challenges that require attention.",Opposite meaning
s_1433,This method is the only viable option for hard-to-dry materials like fruit pulps and juices .,"Foam-mat drying allows processing of hard-to-dry materials such as tomato paste and a variety of fruit pulps and juices. Preferential product quality stems from accelerated drying at generally lower drying temperatures. Reduced density of foamed materials leads, however, to a decreased dryer load, which has to be compensated for by shorter drying time to maintain the dryer throughput. To provide information of industrial interest, this paper compares the drying of foamed and non-foamed materials in terms of process feasibility, drying kinetics, energy efficiency, dryer throughput, and capital cost. Convective drying of both foamed and non-foamed apple juice dried in a 19-mm layer at 55°C has indicated higher drying rates for foamed juice which resulted in reduced drying time from 500 to 200 min. Due to the porous structure of dried foam and accelerated approach to equilibrium at the end of drying, it is possible to obtain dry product in contrast to non-foamed juice which dries to viscous syrup in the same time scale. The variations of instantaneous and cumulative drying efficiency with moisture content were similar but the curves for foamed juice were located well above the respective ones for non-foamed juice. Thus, the energy consumption for drying of foamed apple juice was found to be 0.2 of that for drying of non-foamed juice. The dryer throughput was calculated as 0.83 and 0.68 kg m<sup>-2</sup>h<sup>-1</sup>, respectively. Because of higher throughput and shorter drying time, the foam-mat dryer can be smaller which would reduce capital costs by about 11% for a belt conveyor dryer and by 10% for a drum dryer.",Misrepresentation
i_603,Innovative Financing: Exploring novel financing mechanisms within PPP frameworks to support the development and scaling of prefabricated housing projects .,"Public-private partnerships (PPPs) may facilitate the implementation of fit-for-purpose land administration (FFPLA); however, the approach can be compromised when funding for land registration is insufficient or donor projects end. This paper aims to introduce a new form of PPP to the literature on FFPLA, further extending the discourse and options available on PPPs for FFPLA. A background review finds that whilst PPPs have had long standing application in land administra-tion, there is room to explore approaches that seek increased involvement of non-conventional land sector actors. A case study methodology is applied to analyse recent developments of FFPLA in Côte d'Ivoire that includes a partnership between the government and a consortium of private sector companies. Results describe the novelty, challenges, opportunities, and success factors for the approach, when compared to existing forms of PPPs. It is found that the innovative partnership approach may create novel avenues for financing FFPLA in developing countries and for more ac-tive forms of participation of the private sector in improved land tenure governance. The model potentially creates sustainable buy-in from private sector corporations, who whilst not convention-ally closely undertaking land administration efforts, rely intrinsically on it to achieve corporate social responsibility objectives.",Entity error
s_1285,"Pathways and Complications: Advanced Glycation End Products (AGEs): Persistent hyperglycemia leads to the formation of AGEs, which contribute to vascular and tissue damage .","Diabetes mellitus (DM) is a group of metabolic disorders of carbohydrate metabolism in which glucose is underutilized, resulting in hyperglycemia. Reproductive impairment in poorly controlled diabetes mellitus type 1 (T1DM) results from a combined effect of insulin deficiency and hyperglycemia that disrupt the functioning of metabolic signals participating in the regulation of the reproductive system. Good metabolic control as a result of intensive insulin therapy has a great impact on the fertility and childbearing possibilities in the T1DM females. Advanced glycation end products (AGEs) are formed by nonenzymatic modification of proteins, lipids, and nucleic acids by glucose. The formation and accumulation of AGEs are known to progress at an accelerated rate in diabetes. AGEs either act on the pro-inflammatory cell surface receptors called RAGE or bind to the circulating anti-inflammatory sRAGE that prevents activation of cell-surface RAGE by AGEs and other proinflammatory ligands. Pregnancy has been found to induce a significant increase in RAGE protein levels in both myometrium and omental vasculature. This review will focus on the role of AGEs and RAGE in pregnancy complicated by DM type 1 as well as ways to reduce the rate of congenital malformations in the offspring of diabetic type 1 women.
[6]: Diabetes mellitus is a heterogeneous metabolic disorder, characterized by derangement in the regulation of the body's energy metabolism, which affects the use of carbohydrates, lipids, and proteins. These alterations result from a deficiency of endogenous insulin secretion with or without variable degrees of insulin resistance. Diabetes mellitus has a multifactorial etiology, which includes genetic predisposition, environmental factors, and lifestyle. The primary biochemical changes of uncontrolled diabetes mellitus are hyperglycemia, dyslipidemia, and increased protein catabolism. Derangement of the lipid profile involves an increase in very low-density lipoproteins (VLDL) and triglycerides, and a decrease in small dense low-density lipoproteins (LDL), along with a decrease in high-density lipoprotein (HDL). Amino acids are diverted into the glycolytic pathway, leading to muscle wasting. Persistent hyperglycemia causes the formation of advanced glycation end products (AGEs) and the activation of receptors for AGE through the diversion of excess blood glucose to alternate glycolytic pathways. The activation of other pathways, such as the polyol pathway, the hexosamine pathway, and protein kinase C, produces reactive oxygen species (ROS) and increases oxidative stress. Microvascular complications are retinopathy, nephropathy, and neuropathy, while macrovascular complications are coronary heart disease, cerebrovascular disease, and peripheral arterial disease. Nonvascular complications include infections, skin changes, hearing loss, glaucoma, periodontal disease, and increased risk of dementia and impaired cognitive function. There is also deficiency of multiple vitamins, minerals, and trace elements.",Entailment
s_961,"Topical vs. Systemic Administration: While most ocular diseases are treated with topical applications, systemic administration of moxifloxacin also results in significant drug levels in ocular tissues. However, the systemic route generally leads to lower drug concentrations in the eye compared to direct topical application .","Objectives: Most ocular diseases are treated with topical applications of eye drops. After instillation of an eye drop, typically less than 5% of the applied drug penetrates the cornea and reaches intraocular tissues, while a major fraction of the instilled dose is absorbed and enters the systemic circulation. The objective of present work is to improve ocular bioavailability and corneal contact time of a Moxifloxacin for better permeation through cornea.
[6]: PURPOSE. The purpose of this study was to characterize local distribution and systemic absorption of the tumor necrosis factor (TNF)-α inhibitory single-chain antibody fragment (scFv) ESBA105 following topical administration to the eye in vivo. METHODS. Rabbits received ESBA105 as topical eye drops in two dosing regimens. First, pharmacokinetics after the topical route of administration was compared to the intravenous (i.v.) route by means of applying the identical cumulative daily dose of ESBA105. In a second study rabbits received five eye drops daily for six consecutive days in a lower frequency topical dosing regimen. Kinetics and biodistribution of ESBA105 in ocular tissues and fluids as well as in sera were determined in all animals. RESULTS. After topical administration to the eye, ESBA105 quickly reaches therapeutic concentrations in all ocular compartments. Systemic exposure after topical administration is 25,000-fold lower than exposure after i.v. injection of the identical cumulative daily dose. ESBA105 levels in vitreous humor and neuroretina are significantly higher on topical administration than after i.v. injection. Absolute and relative intraocular biodistribution of ESBA105 is different with topical and systemic delivery routes. Compared to its terminal half-life in circulation (7 hours), the vitreal half-life of ESBA105 is significantly enhanced (16-24 hours). CONCLUSIONS. On topical administration, ESBA105 is efficiently absorbed and distributed to all compartments of the eye, whereby systemic drug exposure is very low. Based on its unique intraocular biodistribution and pharmacokinetics and the absolute intraocular levels reached, topical ESBA105 appears highly attractive for treatment of various ophthalmological disorders. Copyright © Association for Research in Vision and Ophthalmology.",Entity error
i_680,"Innovative Repair Materials and Techniques: Epoxy Resin Injection has been effective in repairing shrinkage and stressed cracks, enhancing the bonding interface crack resistance, and improving the durability of the repaired structures .","It is almost inevitable for concrete structural cracks to happen. But most of cracks can be patched and thus concrete structures can restore their original function. In order to improve the durability and reinforce the practical function of concrete structures, repairs can be done to the cracks. This study proposes new and old crack comprehensive repair technology. Experimental research on crack repair to concrete beams is conducted in the way of a combination of basalt fiber cement mortar and grouting method. Results show that shrinkage cracks and stressed cracks can be obviously patched; repaired structures also can obtain a good integration; bonding interface crack resistance can be obviously enhanced; and the durability of repaired structures are remarkably improved. © 2011 IEEE.",Entity error
s_1251,"Feeding Disruption Test (FDT) may also provide insights into the behavioral adaptations of resistant insects in natural environments, potentially influencing pest management strategies .","BACKGROUND: Resistance monitoring is an important aspect of insect resistance management and the preservation of insecticide efficacy. The adult vial test (AVT) is most often used for resistance monitoring for a variety of insects. A potential alternative method is feeding disruption where resistant insects are distinguished from susceptible insects on the basis of their ability to feed on insecticide in nectar containing a colorimetric marker to measure feeding. The advantages of a feeding disruption test (FDT) for lepidopteran adults might include a more rapid assay than AVT, an assay format easier to prepare, a bioassay applicable to both oral and contact insecticides and the provision of food and water during the course of the test. The objective of the present work was to determine the feasibility of an adult FDT. RESULTS: Heliothis virescens moths fed permethrin and spinosad in dyed nectar yielded dose-dependent ingestion, fecal production and mortality data. A permethrin diagnostic dose distinguished pyrethroid-resistant from pyrethroid-susceptible moths, based on fecal production. CONCLUSION: Proof of concept was demonstrated for an adult FDT in which resistant moths were distinguished from susceptible moths on the basis of the ability of the insect to feed on insecticide in dyed nectar and produce dyed feces. © 2012 Society of Chemical Industry.",Related but unverifiable
i_2344,"Supplementation with vitamin C has been shown to mitigate some of the negative effects of water restriction, although its impact on DMI specifically was not significant .","Water restriction in small ruminants is usually accompanied by a drop in feed intake, body weight, and disturbances in the normal internal milieu. However, attempts to lessen the burden of water stress with vitamin C (VC) supplementation have been greeted with conflicting reports. Therefore, this experiment was conducted to evaluate the effect of single and/or multiple VC supplementations in water-restricted Xhosa goats by evaluating their performance, heat tolerance, and blood metabolites. In total, 42 does, 12 mo old and with an average weight of 15.92 ± 2.12 kg were evaluated for 75 d. The does were distributed according to a complete randomized design into seven groups of six comparable animals: W0, without water restriction (control); W70, water restriction of 70% of ad libitum water intake (WI); W50, water restriction of 50% ad libitum WI; W70+, water restriction of 70% of ad libitum WI plus 3 g VC daily; W50+, water restriction 50% of ad libitum WI plus 3 g VC daily; W70++, water restriction of 70% of ad libitum WI plus 3 g VC and extra 5 g VC given every eighth day; and W50++, water restriction of 50% of ad libitum WI plus 3 g VC and extra 5 g VC given every eighth day. Goats under the W50 group were the most affected (P < 0.05) and the effect was more pronounced in their body condition scores (BCs). Weight loss due to water restriction was reduced by VC supplementation in treated groups. Changes in body thermal gradient, rectal temperature, cholesterol, and bilirubin were similar (P > 0.05) across the various experimental groups. The attenuation effect of VC was significant (P < 0.05) in responses to respiratory rate, Na+, K+, Mg2+, Cl-, Ca2+, and urea. Supplementation of VC (either single or multiple) did not significantly (P > 0.05) improve the effect of water restriction on BCs, FAMACHA, glucose, globulin, alanine aminotransferase, and high-density lipoprotein. The additive effect of multiple VC significantly influenced (P < 0.05) Na+ and Mg2+. Limited WI affects growth and other physiological parameters in Xhosa goats. However, supplementation of VC may be beneficial at modulating the stressful stimuli imposed by water stress.",Related but unverifiable
i_2349,"Interoperability: Ensure that databases are interoperable, which will automatically lead to seamless integration and comparison of data from multiple sources without any additional effort required .","Culture collections contain indispensable information about the microorganisms preserved in their repositories, such as taxonomical descriptions, origins, physiological and biochemical characteristics, bibliographic references, etc. However, information currently accessible in databases rarely adheres to common standard protocols. The resultant heterogeneity between culture collections, in terms of both content and format, notably hampers microorganism-based research and development (R&D). The optimized exploitation of these resources thus requires standardized, and simplified, access to the associated information. To this end, and in the interest of supporting R&D in the fields of agriculture, health and biotechnology, a pan-European distributed research infrastructure, MIRRI, including over 40 public culture collections and research institutes from 19 European countries, was established. A prime objective of MIRRI is to unite and provide universal access to the fragmented, and untapped, resources, information and expertise available in European public collections of microorganisms; a key component of which is to develop a dynamic Information System. For the first time, both culture collection curators as well as their users have been consulted and their feedback, concerning the needs and requirements for collection databases and data accessibility, utilised. Users primarily noted that databases were not interoperable, thus rendering a global search of multiple databases impossible. Unreliable or out-of-date and, in particular, non-homogenous, taxonomic information was also considered to be a major obstacle to searching microbial data efficiently. Moreover, complex searches are rarely possible in online databases thus limiting the extent of search queries. Curators also consider that overall harmonization—including Standard Operating Procedures, data structure, and software tools—is necessary to facilitate their work and to make high-quality data easily accessible to their users. Clearly, the needs of culture collection curators coincide with those of users on the crucial point of database interoperability. In this regard, and in order to design an appropriate Information System, important aspects on which the culture collection community should focus include: the interoperability of data sets with the ontologies to be used; setting best practice in data management, and the definition of an appropriate data standard.",Misrepresentation
s_1312,Nutritional Support: Adequate intake of iron-rich foods and micronutrients is essential .,"Background: Anemia during pregnancy is a major nutritional problem that can cause health problems for mothers and their fetus. Prevention of anemia has been done but many obstacles are perceived by pregnant women. Families need to provide support to improve the prevention behavior of anemia. Objective: This research aims to explore the effect of educational intervention on family support for pregnant women in preventing anemia. Methods: A quasi-experimental design was carried out on 60 pregnant women who had done pregnancy checkups at Community Health Centre and had received iron supplement, in which 30 women were in the experimental group and the rests were in the control group. This study was conducted from December 2016 to January 2017. Family support was measured using questionnaires before and after educational intervention. Results: After educational intervention, there was a significant change from the pretest score to the posttest score in the experimental group (p<0.05). There was an increase in the average score in the experimental group, 14.47 ± 2.89 becomes 16.83 ± 2.32. Conclusion: Educational interventions can increase family support for maternal behavior in preventing pregnancy anemia such as improving adherence to taking iron supplements and high intake of food containing iron.
[13]: The aim of the present research is to carry out complex measures of treatment and to define their efficacy in pregnant women suffering from anemia and facing the threat of miscarriage. The use of the vitamins and dietary supplements such as vit. E, beta-carotene, acetylsalicylic acid in complex with treatment measures results in improvement in the bloodstream in pregnant women suffering from anemia in risk of pregnancy interruption at 8-9 weeks term. The dopplerometric research shows the improvement of all the indices.",Entailment
i_1289,"2. Group-Based Risk Reduction Programs: The National Institutes of Health recommends group-based comprehensive risk reduction programs. These programs have been effective in reducing self-reported risk behaviors, increasing the use of protection against pregnancy and STIs, and reducing the incidence of STIs. However, direct evidence of effectiveness in reducing pregnancy rates is limited .","The Community Preventive Services Task Force (Task Force) recommends group-based comprehensive risk reduction delivered to adolescents to promote behaviors that prevent or reduce the risk of pregnancy, HIV, and other sexually transmitted infections (STIs). The recommendation is based on suff?cient evidence of effectiveness in: • reducing a number of self-reported risk behaviors, including engagement in any sexual activity, frequency of sexual activity, number of sex partners, and frequency of unprotected sexual activity; • increasing the self-reported use of protection against pregnancy and STIs; and • reducing the incidence of self-reported or clinically documented STIs. Direct evidence of effectiveness for reducing pregnancy and HIV is, however, limited. The Task Force f?nds insuff?cient evidence to determine the effectiveness of group-based abstinence education delivered to adolescents to prevent pregnancy, HIV, and other STIs. Evidence was considered insuff?cient because of inconsistent results across studies.",Entity error
i_508,"Challenges in NLP Despite the advancements, several challenges remain: Data Incompleteness and Inaccessibility: Ensuring the availability and quality of data for training NLP models. Ambiguity and Complexity of Natural Language: Dealing with the inherent ambiguity and complexity of human languages. Computational Requirements: The need for significant computational resources to train and deploy advanced NLP models .","Natural language processing (NLP) has shown potential as a promising tool to exploit under-utilized urban data sources. This paper presents a systematic review of urban studies published in peer-reviewed journals and conference proceedings that adopted NLP. The review suggests that the application of NLP in studying cities is still in its infancy. Current applications fell into five areas: urban governance and management, public health, land use and functional zones, mobility, and urban design. NLP demonstrates the advantages of improving the usability of urban big data sources, expanding study scales, and reducing research costs. On the other hand, to take advantage of NLP, urban researchers face challenges of raising good research questions, overcoming data incompleteness, inaccessibility, and non-representativeness, immature NLP techniques, and computational skill requirements. This review is among the first efforts intended to provide an overview of existing applications and challenges for advancing urban research through the adoption of NLP.
[9]: Despite the relative successes of natural language processing in providing some useful interfaces for users, natural language understanding is a much more difficult issue. Natural language processing was one of the main topics of AI for as long as computers were put to the task of generating intelligent behavior, and a number of systems that were created since the inception of AI have also been characterized as being capable of natural language understanding. However, in the existing domain of natural language processing and understanding, a definition and consensus of what it means for a system to ""truly"" understand language do not exist. For a system to understand an idea, firstly it has to ground the meaning of the concepts in the idea that it manipulates - the concepts that are associated with the words it inputs and outputs. However, there has not been any standardized consensus on what constitutes adequate semantic grounding. This paper presents a spatio-temporal representational method as a basis for a specification of what constitutes adequate semantic grounding, particularly in connection with certain words and concepts related to grounding of physical concepts and mental constructs. This research has critically important implication for learning – true language understanding will usher in an era of learning through language instruction, which is how humans learn, to rapidly accumulate a vast amount of knowledge critical to the propagation of the species and the advancement of its civilization.",Related but unverifiable
i_825,"Hybrid Systems: Performance: Hybrid systems can offer a balance, leveraging the strengths of both approaches to optimize inventory levels and responsiveness .","RFID-enable electronic Kanban system can make the inventory status of the enterprises in supply chain remote real time visible. In consideration of the structural character and the function of the enterprises of the multi-echelon inventory system of supply chain distribution network, the RFID-Enable hybrid Push/Pull control strategy are designed. In this strategy, manufactures are controlled by the Push strategy, the distributions and retailers are controlled by the RFID-Enable Pull strategy based on RFID-enable electronic Kanban system. Three indicators that evaluate the performance of control strategies are presented, which include the total inventory cost, the total shortage loss and the inventory turnover rate. To test the performance of the RFID-Enable Push/Pull Hybrid control strategy, the hybrid strategy is compared with RFID-Enable Pull and Push control strategy. Base on the principle of discrete event system simulation, we design and realize the simulation model, and simulate many different structural supply chain systems controlled by the three kinds of control strategy mentioned above; the results of the simulation experiment demonstrate that the RFID-Enable Push/Pull Hybrid control strategy performs best among the three kinds of control strategy. © 2014 IEEE.
[5]: Lack of visibility in a supply chain will cause the uncertainty of demand. Usually, the suppliers at upstream always carry much higher inventory level than the actual demand. However, the strategy of CPFR provides a way to reduce the huge loss led by bull whip effect by scientifically forecasting the customer's demand and reasonably replenishing the inventory. This paper discusses the way to realize CPFR by demand forecast with time series analysis and push/pull integrated inventory management system, and brings out a demand forecast and pre-alarm integrated quick response warehousing system design in the end. © 2007 IEEE.",Entailment
s_530,Summary of Key Points: Numerical and Experimental Modeling: Essential for designing and validating marine structures to withstand fluid instabilities .,"The submerged and semi-submerged structures (off-shore platforms, wind farms, floating buildings, marine turbines, oil conduits, buoys) in sea currents are often subjected to strong vibrations that condition the structural stability and also give rise to serious damage to the mechanical parts of the structures, with consequent efficiency loss of the system and above all, repercussions in the environment in which they are located. These vibrations increase when the structures are immersed in bounded flows (presence of the bed and/or the free surface). In order to attenuate and eliminate these problems, analytical and experimental means are used to describe the dynamic behaviour of structures for different flow field configurations and boundary conditions. Recent research has demonstrated that integrated numerical modelling (considering both structure and fluid characteristics) is the more suitable way to value the dynamic response of a system. To check on the reliability of the resolution methods experimental controls are needed that, for the complexity of structures, requires models with simplified geometries (spheres, cylinders, rectangles). In this context, the present work aims to provide some experimental results obtained analyzing both the oscillations and the forces acting on a structure to simple geometry (sphere) characterized by low values of mass and damping and invested by a free surface steady flow. © 2011 WIT Press.
[5]: This article deals with time-domain hydroelastic analysis of a marine structure. The convolution terms associated with fluid memory effects are replaced by an alternative state-space representation, the parameters of which are obtained by using realization theory. The mathematical model established is validated by comparison to experimental results of a very flexible barge. Two types of time-domain simulations are performed: dynamic response of the initially inert structure to incident regular waves and transient response of the structure after it is released from a displaced condition in still water. The accuracy and the efficiency of the simulations based on the state-space model representations are compared to those that integrate the convolutions. © 2009 by ASME.",Entailment
i_2206,"Bees also collect pollen from a wide range of plants, which can provide essential nutrients and potentially medicinal benefits .","Stingless bees play an important role as pollinators of plants. Heterotrigona itama is considered as important pollinator's bee and the most popular species in meliponiculture for high value honey. As a generalist stingless bee, they collected many types of pollen. Thirteen (13) types of pollens collected by H.itama have been identified in Indo-Malayan Meliponine Repository Sekayu, Terengganu. They are Antigonon leptopus (Polygonaceae), Biden pilosa (Asteraceae), Cocos nucifera (Arecaceae), Capsicum annuum (Solanaceae), Mimosa pudica (Fabaceae), Acacia auriculiformis (Fabaceae), Amaranthus spinosus (Amaranthaceae), Averrhoea carambola (Oxalidaceae), Cosmos sulphureus (Asteraceae), Hymenocallis littoralis (Amaryllidaceae), Sphagneticola tribolata (Asteraceae); Solanum melongena (Solanaceae) and Andrographis paniculata (Acanthaceae). These pollens were loaded mainly on corbiculae, which is called as ""selective pollen acquisition"" and also adhered abundantly on other body regions, which is called as ""incidental pollen acquisition"". These pollens were found adhered on antenna, compound eye, mandible, tongue, other legs, and abdomen; and also spread on the surface of both wings and on thorax.Those pollens on corbiculae or the selective pollens may not serve a reproductive role for the plant as they almost invariably moistened with nectar. While the incidental pollens are considered important and play an effective role in plant pollination as the chances of losing individual grains to get into contact with stigmas and perform pollination during floral visits are very likely. All thirteen (13) type of pollens were occured as both ""selective pollen acquisition"" and as ""incidental pollen acquisition"".",Related but unverifiable
s_2187,Key Strategies for Self-Sufficiency: Innovative Design Approaches: Dynamic Modelling: Using dynamic modelling to design process control strategies is the only way to achieve significant improvements in treatment capacity and energy consumption .,"A case-study of a retrofit of an existing wastewater treatment plant with full biological nutrient removal is described. During the planning process dynamic modelling was used, to evaluate effluent quality and to design a process control strategy for intermittent denitrification. Finally a 30% increase in treatment capacity could be achieved while lowering the energy consumption and improving the actual effluent quality without building new bioreactors in the main treatment line.",Misrepresentation
s_276,"8. TaxonTableTools (TTT): Purpose: Data analysis and visualization. Use Case: While not specifically for translation, it can be used to analyze and visualize translation data .","DNA metabarcoding is increasingly used as a tool to assess biodiversity in research and environmental management. Powerful analysis software exists to process raw data. However, the translation of sequence read data into biological information and downstream analyses may be difficult for end users with limited expertise in bioinformatics. Thus, there is a growing need for easy-to-use, graphical user interface (GUI) software to analyse and visualise DNA metabarcoding data. Here, we present TaxonTableTools (TTT), a new platform-independent GUI that aims to fill this gap by providing simple, reproducible analysis and visualisation workflows. At its base, TTT uses a ""TaXon table"", which is a data format that can be generated easily within TTT from two input files: a read table and a taxonomy table obtained using various published metabarcoding pipelines. TTT analysis and visualisation modules include Venn diagrams to compare taxon overlap among replicates, samples, or analysis methods. TTT analyses and visualises basic statistics, such as read proportion per taxon, as well as more sophisticated visualisations, such as interactive Krona charts for taxonomic data exploration. Various ecological analyses can be produced directly, including alpha or beta diversity estimates, and rarefaction analysis ordination plots. Metabarcoding data can be converted into formats required for traditional, taxonomy-based analyses performed by regulatory bioassessment programs. In addition, TTT is able to produce html-based interactive graphics that can be analysed in any web browser. The software comes with a manual and tutorial, is free and publicly available through GitHub (https://github.com/TillMacher/TaxonTableTools) or the Python package index (https://pypi.org/project/taxontabletools/).",Related but unverifiable
i_954,"Reliability Models: For embedded systems, it is often assumed that reliability models can be transformed into stochastic Petri nets to assess system reliability during the design phase, although this may not always be effective .","Architecture analysis and design language (AADL) is an important method for architecture modeling, performance analysis and verification in embedded field. And the system reliability is an important attribute of software quality metrics in embedded system. In this paper, we first established an AADL-based reliability model to describe the system functional requirements and the reliability information of the runtime embedded system. Then, by analyzing the differences of syntax, semantics and mathematical presentation between the AADL-based reliability model and the SPN model, we present the rules and methods to automatically transform the AADL-based reliability model to the stochastic Petri net (SPN) model, which is convenient for system designers to assess and measure system reliability in the design phase of system development. Finally, an example of model transformation process for an automaton in aviation systems is shown to verify the effectiveness of model transformation rules and methods.",Related but unverifiable
s_165,"6. Confidential Smart Contracts: The SHIELD framework for developing confidential smart contracts using a domain-specific annotation language. This framework allows banks to implement multi-party transactions securely and privately, enhancing the confidentiality of financial operations .","In recent years, as blockchain adoption has been expanding across a wide range of domains, e.g., digital asset, supply chain finance, etc., the confidentiality of smart contracts is now a fundamental demand for practical applications. However, while new privacy protection techniques keep coming out, how existing ones can best fit development settings is little studied. Suffering from limited architectural support in terms of programming interfaces, state-of-the-art solutions can hardly reach general developers. In this paper, we proposed the CLOAK framework for developing confidential smart contracts. The key capability of Cloak is allowing developers to implement and deploy practical solutions to multi-party transaction (MPT) problems, i.e., transact with secret inputs and states owned by different parties by simply specifying it. To this end, CLOAK introduced a domain-specific annotation language for declaring privacy specifications and further automatically generating confidential smart contracts to be deployed with trusted execution environment (TEE) on blockchain. In our evaluation on both simple and real-world applications, developers managed to deploy business services on blockchain in a concise manner by only developing CLOAK smart contracts whose size is less than 30% of the deployed ones.",Entity error
i_394,"Challenges and Considerations: Adoption Barriers: While data quality and protection, organizational culture, and clarity in return on investment are mentioned as challenges, it is likely that these factors alone are sufficient to prevent any meaningful adoption of AI in the industrial sector .","Background: Artificial Intelligence has been an area of great interest and investment in the industrial sector, offering numerous possibilities to enhance efficiency and accuracy in production processes. In this regard, this study aimed to identify the adoption challenges of Artificial Intelligence and determine which of these challenges apply to the industrial context of an emerging economy, considering the aspects of Industry 4.0. Methods: To achieve this objective, a literature review was conducted, and a survey was carried out among professionals in the industrial field operating within the Brazilian context. The collected data were analyzed using a quantitative approach through Cronbach's alpha and the Lawshe method. Results: The results indicate that to enhance the adoption of Artificial Intelligence in the industrial context of an emerging economy, taking into account the needs of Industry 4.0, it is important to prioritize overcoming challenges such as ""Lack of clarity in return on investment,"" ""Organizational culture,"" ""Acceptance of AI by workers,"" ""Quantity and quality of data,"" and ""Data protection"". Conclusions: Therefore, based on the achieved results, it can be concluded that they contribute to the development of strategies and practical actions aimed at successfully driving the adoption of Artificial Intelligence in the industrial sector of developing countries, aligning with the principles and needs of Industry 4.0.",Misinterpretation
i_1932,"Detection and Management: - : Advanced methods such as PCR-based assays for geosmin-producing cyanobacteria and QSOR models for predicting odor thresholds are used to detect and manage T&O issues, and it is believed that integrating machine learning techniques could further enhance the accuracy of these detection methods in the future .","Geosmin is a secondary metabolite responsible for earthy tastes and odors in potable water supplies. Geosmin continues to be a challenge to water utility management regimes and remains one of the most common causes of consumer complaints, as the taste of ""dirty"" water may suggest a failed disinfection regime and that the water may be unsafe to drink. Although cyanobacteria have been reported to be largely responsible for these taste and odor events, the answer as to how or why geosmin is produced has eluded researchers. We describe here for the first time the mechanism by which geosmin is produced in a model cyanobacterium, Nostoc punctiforme PCC 73102 (ATCC 29133), which we demonstrate utilizes a single enzyme to catalyze the cyclization of farnesyl diphosphate to geosmin. Using this information, we have developed a PCR-based assay that allows the rapid detection of geosmin-producing cyanobacteria. This test may be utilized to confirm and track the emergence of taste and odor-producing cyanobacteria in any given water body and thus can be used as an early warning system by managers of water bodies that may suffer from adverse taste and odor episodes. © 2008 American Chemical Society.
[9]: Taste and odor problems in drinking water have long been plaguing many water utilities and the public. Even though many odorants have been reported, up to now, identification of the odor-causing compounds is still a challenge for the water industry. In this study, 22 typical reported odor compounds with similar odor characteristics were selected as the training set to build the linear quantitative structure odor relationship (QSOR) model by the partial least squares (PLS) method. The logarithm of the odor threshold (OT) value divided by the molecular weight of the responsible compound (pOT) was selected as the response descriptor to express odor characteristics. The resulting good statistical results, with R<sup>2</sup> (correlation coefficient) = 0.8988, RMSE (root mean square error) = 0.4374, XR<sup>2</sup> (cross-validated correlation coefficient) = 0.8133, and XRMSE (cross-validated root mean square error) = 0.5993, indicate that the odor thresholds of potential odorants with similar or distinguishable odors could be predicted using the model with corresponding descriptor data of known-structure odorants. Moreover, external validation was also conducted using the nonlinear binary QSOR method, where the overall binary QSOR accuracy remained stable (around 90%) regardless of the chosen threshold values. By using the validated QSOR model, the pOT of the set of 8 test compounds was successfully predicted with good correlation to their experimental pOT values. This study could provide a novel and convenient way to screen the potential odorants from innumerable candidate chemicals.",Related but unverifiable
s_90,"Integration of AI in Cadastral Systems: The integration of AI in cadastral systems is part of a broader trend towards spatial data science. Spatial data science combines geography, earth science, and AI to solve complex problems related to human-environment interactions. This interdisciplinary approach enhances dynamic perception, intelligent reasoning, and knowledge discovery in geographic phenomena, which is crucial for effective land management .","The technological progress in the field of artificial intelligence (AI) has brought new opportunities and challenges to the intelligent development and innovative research in geospatial related fields. Geospatial artificial intelligence (GeoAI) refers to the interdisciplinary research direction that combines geography, earth science and artificial intelligence, and seeks to solve major scientific and engineering problems in human-environmental interaction systems through the research and development of spatial intelligence in machines to improve the dynamic perception, intelligent reasoning and knowledge discovery of geographic phenomena and earth science processes. This paper briefly summarizes the historical origins of GeoAI development, introduces spatially explicit and implicit AI models, reviews recent GeoAI research and applications(including spatial representation learning, spatiotemporal prediction and spatial interpolation, monitoring of geographic resources and environment, cartography, and geo-text data semantic analysis), and identifies several potential research challenges and directions for the future development of GeoAI.",Related but unverifiable
