ID,claim_clean,reference_clean,predict
i_74,Key Effects of Imbalanced Data: Misleading Performance Metrics: Standard metrics like accuracy can be misleading as they do not reflect the classifier's performance on the minority class .,"Imbalance data are defined as a dataset whose proportion of classes is severely skewed. Classification performance of existing models tends to deteriorate due to class distribution imbalance. In addition, over-representation by majority classes prevents a classifier from paying attention to minority classes, which are generally more interesting. An effective ensemble classification method called RHSBoost has been proposed to address the imbalance classification problem. This classification rule uses random undersampling and ROSE sampling under a boosting scheme. According to the experimental results, RHSBoost appears to be an attractive classification model for imbalance data.
[4]: Classification problems involving imbalance data will affect the performance of classifiers. In predictive analytics, logistic regression is a statistical technique which is often used as a benchmark when other classifiers, such as Naïve Bayes, decision tree, artificial neural network and support vector machine, are applied to a classification problem. This study investigates the effect of imbalanced ratio in the response variable on the parameter estimate of the binary logistic regression via a simulation study. Datasets were simulated with controlled different percentages of imbalance ratio (IR), from 1 % to 50 %, and for various sample sizes. The simulated datasets were then modeled using binary logistic regression. The bias in the estimates was measured using MSE (Mean Square Error). The simulation results provided evidence that imbalance ratio affects the parameter estimates where severe imbalance (IR = 1 %, 2 %, 5 %) has higher MSE. Additionally, the effects of high imbalance (IR ≤ 5 %) will be more severe when sample size is small (n = 100 & n = 500). Further investigation using real dataset from the UCI repository (Bupa Liver (n = 345) and Diabetes Messidor, n = 1151)) confirmed the imbalanced ratio effect on the parameter estimates and the odds ratio, and thus will lead to misleading results.",Related but unverifiable
i_1618,"Theories Applied: Agency Theory: This theory suggests that diverse boards, including gender-diverse ones, can better monitor and guide management, leading to improved environmental performance .","This paper seeks to contribute to the existing business strategy and the environment literature by examining the effect of governance structures on environmental performance within a unique context of improving environmental governance, policies, regulations, and management. Specifically, we investigate the extent to which corporate board gender diversity, including the proportion, age, and level of education of female directors, affects environmental performance of Chinese publicly listed corporations. Using one of the largest Chinese data sets to date, consisting of a sample of 383 listed A‐shares from 2011 to 2015 (i.e., observations of 1,674), our findings are threefold. First, we find that the proportion and age of female directors have a positive effect on the overall corporate environmental performance. Second, our findings indicate that the proportion and age of female directors also have a positive effect on the three individual environmental performance components, namely, environmental (a) strategy, (b) implementation, and (c) disclosure. Finally, and by contrast, we do not find any evidence that suggests that the level of education of female directors has any impact on environmental performance, neither the overall environmental performance measure nor its individual components. Our findings have important implication for regulators and policymakers. Our evidence is robust to controlling for alternative measures, other governance and firm‐level control variables, and possible endogeneities. We interpret our findings within a multitheoretical framework that draws insights from agency, legitimacy, neo‐institutional, resource dependence, stakeholder, and tokenism theoretical perspectives.
[2]: Purpose: Motivated by the agency theory, this study aims to empirically examine the nexus between board attributes and a firm's financing decisions of non-financial listed firms in Palestine and how the previous relationship is moderated and shaped by the level of gender diversity. Design/methodology/approach: Multiple regression analysis on a panel data was used. Further, we applied three different approaches of static panel data ""pooled OLS, fixed effect and random effect."" Fixed-effects estimator was selected as the optimal and most appropriate model. In addition, to control for the potential endogeneity problem and to profoundly analyze the study data, the authors perform the one-step system generalized method of moments (GMM) estimator. Dynamic panel GMM specification was superior in generating robust findings. Findings: The findings clearly unveil that all explanatory variables in the study model have a significant influence on the firm's financing decisions. Moreover, the results report that the impact of board size and board independence are more positive under conditions of a high level of gender diversity, whereas the influence of CEO duality on the firm's leverage level turned from negative to positive. In a nutshell, gender diversity moderates the effect of board structure on a firm's financing decisions. Research limitations/implications: This study was restricted to one institutional context (Palestine); therefore, the results reflect the attributes of the Palestinian business environment. In this vein, it is possible to generate different findings in other countries, particularly in developed markets. Practical implications: The findings of this study can draw responsible parties and policymakers' attention in developing countries to introduce and contextualize new mechanisms that can lead to better monitoring process and help firms in attracting better resources and establishing an optimal capital structure. For instance, entities should mandate a minimum quota for the proportion of women incorporation in boardrooms. Originality/value: This study provides empirical evidence on the moderating role of gender diversity on the effect of board structure on firm's financing decisions, something that was predominantly neglected by the earlier studies and has not yet examined by ancestors. Thereby, to protrude nuanced understanding of this novel and unprecedented idea, this study thoroughly bridges this research gap and contributes practically and theoretically to the existing corporate governance–capital structure literature.",Related but unverifiable
s_358,"2. Intelligent Tourism Management: Big Data Integration: AI leverages big data to improve the management of tourism services. This includes analyzing tourist behavior, predicting trends, and optimizing resource allocation .","In the process of the development of intelligent tourism management mode (ITMM), there are still some problems such as the lack of info authenticity and reliability screening, which leads to the difficulty of ITMM to really run the function of convenient tourists. Based on this, this paper first analyses the relationship between big data and Intelligent tourism, then studies the construction planning of ITMM based on big data, and finally gives the specific utilization strategy of ITMM based on big data.
[5]: A data based intelligent decision support system is proposed to solve problems of decision making of tourism management in complex environments. Firstly, the architecture of the decision support system integrated with several intelligence technologies is proposed, and some key technologies of implementation, such as 3S and decomposition of large decision table are also introduced. Then, some data analysis methods used in this decision support system are presented, which include tourism information categories, space time pattern of tourism status, tourism planning and navigation, early warning of tourism status and safety incidents. Finally, several applications of this system are also given. ©2010 IEEE.",Entailment
s_1140,"Autoimmune Component: The immune response includes both adaptive and innate mechanisms, resulting in the production of autoantibodies, such as those against gliadin .","Celiac disease is a multigenetic complex inflammatory disorder with an autoimmune component, induced by gluten, a protein found in wheat. It is a unique human disease model to dissect the innate and adaptive immune mechanisms underlying T-cell-mediated tissue destruction and the development of T-cell lymphoma in conditions of chronic T-cell activation. Copyright © Blackwell Munksgaard 2005.
[7]: Celiac disease (CD) is an autoimmune disorder that affects genetically predisposed individuals who are sensitive to gluten and related proteins. It affects children and adults with increasing prevalence in the older age groups. Both adaptive and innate immune responses play role in CD pathogenesis which results in damage of lamina propria and deposition of intraepithelial lymphocytes. There are other proposed mechanisms of CD pathogenesis like gastrointestinal infections, intestinal microbiota, and early introduction of gluten. The diagnosis of CD is based on clinical symptoms and serological testing, though a majority of cases are asymptomatic, and small intestinal biopsies are required to confirm the diagnosis. Celiac disease is generally associated with other autoimmune diseases, and it is advisable to test these patients for diseases like type 1 diabetes mellitus, Addison's disease, thyroid diseases, inflammatory bowel disease, and autoimmune hepatitis. The patient with a new diagnosis of CD requires close follow-up after starting treatment to see symptom improvement and check dietary compliance. A newly diagnosed patient is advised to follow with a dietitian to better understand the dietary restrictions as about 20% of patients stay symptomatic even after starting treatment due to noncompliance or poor understanding of diet restrictions. The most effective treatment for CD is a gluten-free diet, but work on non-dietary therapy is in process and few medications are in the clinical trial phase.
[8]: Background: Celiac disease is a multifactorial and polygenic disease with autoimmune features. The disease is caused by an inappropriate immune response to gluten. Elimination of gluten from the diet leads to disease remission, which is the basis for today's treatment of the disease. There is an unmet need for new alternative treatments. Key Messages: Genetic findings point to adaptive immunity playing a key role in the pathogenesis of celiac disease. MHC is by far the single most important genetic factor in the disease. In addition, a number of non-MHC genes, the majority of which have functions related to T cells and B cells, also contribute to the genetic predisposition, but each of them has modest effect. The primary MHC association is with HLA-DQ2 and HLA-DQ8. These HLA molecules present gluten epitopes to CD4+ T cells which can be considered to be the master regulators of the immune reactions that lead to the disease. The epitopes which the T cells recognize are usually deamidated, and this deamidation is mediated by the enzyme transglutaminase 2 (TG2). Celiac disease patients have disease-specific antibodies. In addition to antibodies to gluten, these include autoantibodies to TG2. Antibodies to deamidated gluten are nearly as specific for celiac disease as the anti-TG2 antibodies. Both types of antibodies appear only to be produced in subjects who are HLA-DQ2 or HLA-DQ8 when they are consuming gluten. Conclusion: It is hardly coincidental that TG2 is implicated in T-cell epitope formation and at the same time a target for autoantibodies. Understanding this connection is one of the major challenges for obtaining a complete understanding of how gluten causes tissue destruction and remodeling of the mucosa in the small bowel.",Misrepresentation
s_1582,"The food industry successfully balances food quality with environmental impacts, and there is no need for ongoing research to optimize processing conditions .","Civilization has begun around 3,500 BCE in Mesopotamia and the realization by people that they could manipulate food to preserve it, through sun drying, fermentation, freezing in the snow, or cooking by fire, was an important factor for the nomadic humans to start settling. Food by nature is subject to spoilage and the application of any kind of preservation method enables storage and weighted consumption. Throughout human history, many techniques have been developed and improved such as heat treatment, drying, freezing, extraction, mixing and the use of preservatives, among others. In the food industry of the modern world, each technique is implemented through sequential steps, known as unit operations. This opinion paper presents an overview of the main heating unit operations used in the food industry, highlighting their benefits to converting raw materials into palatable products with high quality and safe for consumption. Examples are presented to illustrate how several food products available in the market were submitted only to physical transformations based on scientific knowledge. However, there is a range of intensity in physical processing and the applied energy level depends on the nature of the food, target microorganism, storage conditions, type of packaging, and desired shelf-life. The importance of food safety is stressed since processed foods have been criticized for confusion between nutritious values and processing steps. There are still many challenges to the food industry to design the process in optimal conditions for food quality and with less environmental impacts and novel thermal and non-thermal technologies have been studied and implemented.",Opposite meaning
i_1024,"Data Transmission: Wireless communication systems are designed to transmit data efficiently. This includes the transmission of voice, video, and other forms of data. Technologies like Bluetooth, Wi-Fi, and ZigBee are commonly used to handle different data transmission needs, each with its own advantages in terms of data rate, power consumption, and network configuration .","Wireless communications promises to serve as a key medical technology by automating patient monitoring and greatly improving the accuracy of readings compared to written records. Bluetooth, Wi-Fi, and ZigBee are three types of wireless interfaces that can be useful in connected medical devices. Each uses a portion of the industrial/scientific/medical (ISM) radio bands that are reserved internationally for the use of unlicensed devices. Each is covered by industry standards and industry consortiums that help ensure the interoperation of devices made by different manufacturers. Bluetooth provides the simplest type of wireless link for a medical device, a one-to-one connection (typically) between the medical device and some other device. Wi-Fi can easily handle the large amounts of data involved. However, Wi-Fi consumes significantly more power than Bluetooth. ZigBee creates self-forming, self-healing wireless mesh networks that allow all participating devices to communicate with one another and act as repeaters to transfer data between devices.",Related but unverifiable
i_513,Organizational Benefits: Enhanced Security: Organizations benefit from improved security as employees become more knowledgeable and vigilant about cybersecurity threats. This reduces the risk of data breaches and cyber incidents .,[2] Purpose: This study aims to investigate the cybersecurity awareness manifested as protective behavior to explain self-disclosure in social networking sites. The disclosure of information about oneself is associated with benefits as well as privacy risks. The individuals self-disclose to gain social capital and display protective behaviors to evade privacy risks by careful cost-benefit calculation of disclosing information. Design/methodology/approach: This study explores the role of cyber protection behavior in predicting self-disclosure along with demographics (age and gender) and digital divide (frequency of Internet access) variables by conducting a face-to-face survey. Data were collected from 284 participants. The model is validated by using multiple hierarchal regression along with the artificial intelligence approach. Findings: The results revealed that cyber protection behavior significantly explains the variance in self-disclosure behavior. The complementary use of five machine learning (ML) algorithms further validated the model. The ML algorithms predicted self-disclosure with an area under the curve of 0.74 and an F1 measure of 0.70. Practical implications: The findings suggest that costs associated with self-disclosure can be mitigated by educating the individuals to heighten their cybersecurity awareness through cybersecurity training programs. Originality/value: This study uses a hybrid approach to assess the influence of cyber protection behavior on self-disclosure using expectant valence theory (EVT).,Related but unverifiable
s_206,"The introduction of the multi-input fuzzy rules emulated network (MIFREN) is not explicitly credited to any individual or group in the provided abstracts. The abstracts discuss various applications and developments in fuzzy systems and neural networks . However, none of the abstracts provide specific information about the origin or the individuals responsible for the introduction of MIFREN.",Thickness estimation of a varying-thickness media is carried out using an algorithm acting as an artificial neural network for time-frequency representation (TFR) of Lamb waves. Dispersion curves are reconstructed using a self adjustable network multi-input fuzzy rules emulated network (MIFREN). The uncertainty in the time-frequency determination is compared with a typical spectrogram technique. The proposed algorithm is computationally less complex than others used in the past. Experimental results were obtained by exciting Lamb waves on an aluminum plate with varying thickness; these were compared with numerical estimations. © 2009 American Institute of Physics.,Entailment
i_108,"Interpretable machine learning models, such as decision trees and decision lists, are often preferred solely because they are based on if-then rules, which guarantees that all users will find them easy to understand .","Artificial Intelligence (AI) is widely used in decision making procedures in myriads of real-world applications across important practical areas such as finance, healthcare, education, and safety critical systems. Due to its ubiquitous use in safety and privacy critical domains, it is often vital to understand the reasoning behind the AI decisions, which motivates the need for explainable AI (XAI). One of the major approaches to XAI is represented by computing so-called interpretable machine learning (ML) models, such as decision trees (DT), decision lists (DL) and decision sets (DS). These models build on the use of if-then rules and are thus deemed to be easily understandable by humans. A number of approaches have been proposed in the recent past to devising all kinds of interpretable ML models, the most prominent of which involve encoding the problem into a logic formalism, which is then tackled by invoking a reasoning or discrete optimization procedure. This paper overviews the recent advances of the reasoning and constraints based approaches to learning interpretable ML models and discusses their advantages and limitations.",Misrepresentation
i_1614,"Factors: The length of anaerobic and aerobic phases, as well as the DO concentration, are critical factors affecting phosphorus removal efficiency .","[11] A process was developed for biological treatment of municipal wastewater for carbon and nitrogen removal while producing added-value polyhydroxyalkanoates (PHAs). The process comprised steps for pre-denitrification, nitrification and post-denitrification and included integrated fixed-film activated sludge (IFAS) with biofilm carrier media to support nitrification. In a pilot-scale demonstration (500–800 L), wastewater treatment performance, in line with European standards, were achieved for total chemical oxygen demand (83% removal) and total nitrogen (80% removal) while producing a biomass that was able to accumulate up to 49% PHA of volatile suspended solids with acetic acid or fermented organic residues as substrates. Robust performance in wastewater treatment and enrichment of PHA-producing biomass was demonstrated under realistic conditions including influent variability during 225 days of operation. The IFAS system was found to be advantageous since maintaining nitrification on the biofilm allowed for a relatively low (2 days) solids retention time (SRT) for the suspended biomass in the bulk phase. Lower SRT has advantages in higher biomass yield and higher active fraction in the biomass which leads to higher PHA productivity and content. The outcomes show that production of added-value biopolymers may be readily integrated with carbon and nitrogen removal from municipal wastewater. [13] The airlift reactor technology has been successfully applied at full scale for both COD and nitrogen removal. In this study, the results of the biofilm development and biological performance of two full scale reactors are discussed. At Paulaner Brewery in Munich, the airlift reactor was applied for COD and ammonia removal of anaerobically treated wastewater. In the other case the airlift reactor was applied as a pretreatment of nitrogen removal by the Anammox process. Water from a Tannery company in Lichtenvoorde in the Netherlands, The Hulshof Royal Dutch Tanneries, was pretreated anaerobically for COD removal and aerobically to remove the sulphides as sulphur. In an airlift reactor the ammonia was partially oxidised to nitrite. In both cases the granular biomass developed well; the concentrations amounted to 250 ml/L and 500 ml/L respectively. In the first case, 4 kg/m<sup>3</sup>/day of COD was removed, the soluble concentration of COD was less than 250 mg/L. The nitrification to nitrate was nearly complete and amounted to 0.5 kg NH<inf>4</inf>-N/m<sup>3</sup>/day. In the second application, 50% of the ammonia (on average 0.45 kg N/m<sup>3</sup>/d) was nitrified to nitrite. This process was easily controlled by regulating the amount of air according to the nitrite and ammonia concentrations in the effluent. It can be concluded that in both cases the particular processes were very stable and easy to operate. © IWA Publishing 2007. [15] In order to achieve high efficiency of biofilm and removing nitrogen with low consumption, people have developed a new eco-ceramic concrete filler, used for the denitrification in treating municipal wastewater. When the water temperature is 25 ∼ 30°C, the pH of influent is 7.0 ∼ 7.5, the concentration of DO is 2.5 ∼ 3.0mg /L, and the removal rates of COD, ammonia and total nitrogen are 78.6 ∼ 91.8%, 83.4 ∼93.6% and 63.4 ∼ 73.8 % respectively. The removal of the pollutants mainly concentrates on the front and center of the reactor. We can also draw a conclusion from the experiment that, SOUR, the dry weight of biofilm and the thickness of biofilm present a pattern of diminishing along the corridor. The average decreasing ratio of each filler are 0.81%, 1.3% and 1.05%, respectively. and the activity of per unit mass of biofilm has increased along the corridor, and the end of it is 51.5% more than the front, which indicates that the system has good ability of resistance. © (2012) Trans Tech Publications, Switzerland.",Related but unverifiable
i_1583,"Antibiotics and Pharmaceuticals: Ecological Effects: The presence of PPCPs in the environment has no significant impact on food webs, disease dynamics, biodiversity, or community composition, suggesting stable ecosystem-level conditions .","Pharmaceuticals and personal care products (PPCPs) are contaminants of emerging concern that are increasing in use and have demonstrated negative effects on aquatic organisms. There is a growing body of literature reporting the effects of PPCPs on freshwater organisms, but studies on the effects of PPCPs to marine and estuarine organisms are limited. Among effect studies, the vast majority examines subcellular or cellular effects, with far fewer studies examining organismal- and community-level effects. We reviewed the current published literature on marine and estuarine algae, invertebrates, fish, and mammals exposed to PPCPs, in order to expand upon current reviews. This paper builds on previous reviews of PPCP contamination in marine environments, filling prior literature gaps and adding consideration of ecosystem function and level of knowledge across marine habitat types. Finally, we reviewed and compiled data gaps suggested by current researchers and reviewers and propose a multi-level model to expand the focus of current PPCP research beyond laboratory studies. This model includes examination of direct ecological effects including food web and disease dynamics, biodiversity, community composition, and other ecosystem-level indicators of contaminant-driven change.",Opposite meaning
i_1232,"Specifically, lobular carcinoma of the breast tends to metastasize to peritoneal fluid .","Context.-The incidence and types of malignancies in effusion cytology are largely limited to studies performed in the 1970s through the 1990s. Objective.-To examine how the incidence of different types of malignancies in effusions has changed with time. Design.-A computerized search for fluid cytology from 2000 through 2016 (database included age, gender, cytologic diagnosis, and type of malignancy) was performed, and all cases were reviewed. Results.-Of 30 085 effusion specimens, 3285 (11%) were positive for malignancy (2175 pleural, 955 peritoneal, and 155 pericardial). Of those, 1023 (31%) had known primary sites (648 pleural, 267 peritoneal, and 108 pericardial). Malignancy was more common in females than males in both pleural (15% versus 9%) and peritoneal (14% versus 5%) effusions (P,.001). The most common metastatic tumors in pleural fluid were lung for males and breast for females; in peritoneal fluid, hematolymphoid for males and Müllerian tumors for females; in pericardial fluid, lung for both genders. Among invasive mammary carcinomas, lobular carcinoma tended to metastasize to peritoneal fluid, whereas ductal carcinoma tended to metastasize to pleural fluid (P,.001). Plasma cell neoplasms metastasized to pleural and pericardial but not peritoneal fluid (P ¼.002). Conclusions.-Although pulmonary and Müllerian tumors continue to be the most common origin of metastasis in pleural and peritoneal fluid for males and females, respectively, the frequencies for other malignancies have changed. Familiarity with the more common sites of metastasis in effusion cytology is important, especially in patients with unknown primary, as this will be valuable in judicious triaging of specimens for ancillary studies.",Entailment
i_1620,"Theories Applied: Stakeholder Theory: This theory emphasizes that gender-diverse boards are more likely to consider the interests of a broader range of stakeholders, including those concerned with environmental issues .","This paper seeks to contribute to the existing business strategy and the environment literature by examining the effect of governance structures on environmental performance within a unique context of improving environmental governance, policies, regulations, and management. Specifically, we investigate the extent to which corporate board gender diversity, including the proportion, age, and level of education of female directors, affects environmental performance of Chinese publicly listed corporations. Using one of the largest Chinese data sets to date, consisting of a sample of 383 listed A‐shares from 2011 to 2015 (i.e., observations of 1,674), our findings are threefold. First, we find that the proportion and age of female directors have a positive effect on the overall corporate environmental performance. Second, our findings indicate that the proportion and age of female directors also have a positive effect on the three individual environmental performance components, namely, environmental (a) strategy, (b) implementation, and (c) disclosure. Finally, and by contrast, we do not find any evidence that suggests that the level of education of female directors has any impact on environmental performance, neither the overall environmental performance measure nor its individual components. Our findings have important implication for regulators and policymakers. Our evidence is robust to controlling for alternative measures, other governance and firm‐level control variables, and possible endogeneities. We interpret our findings within a multitheoretical framework that draws insights from agency, legitimacy, neo‐institutional, resource dependence, stakeholder, and tokenism theoretical perspectives.",Related but unverifiable
s_1054,- **PI3K/Akt Pathway**: Plays a role in tumor recognition and could be targeted for combination therapy with Vγ2Vδ2 T cells .,"Many ovarian cancer cells express stress-related molecule MICA/B on their surface that is recognized by Vγ2Vδ2 T cells through their NKG2D receptor, which is transmitted to downstream stress-signaling pathway. However, it is yet to be established how Vγ2Vδ2 T cell-mediated recognition of MICA/B signal is transmitted to downstream stress-related molecules. Identifying targeted molecules would be critical to develop a better therapy for ovarian cancer cells. It is well established that ATM/ATR signal transduction pathways, which is modulated by DNA damage, replication stress, and oxidative stress play central role in stress signaling pathway regulating cell cycle checkpoint and apoptosis. We investigated whether ATM/ATR and its down stream molecules affect Vγ2Vδ2 T cell-mediated cytotoxicity. Herein, we show that ATM/ATR pathway is modulated in ovarian cancer cells in the presence of Vγ2Vδ2 T cells. Furthermore, downregulation of ATM pathway resulted downregulation of MICA, and reduced Vγ2Vδ2 T cell-mediated cytotoxicity. Alternately, stimulating ATM pathway enhanced expression of MICA, and sensitized ovarian cancer cells for cytotoxic lysis by Vγ2Vδ2 T cells. We further show that combining currently approved chemotherapeutic drugs, which induced ATM signal transduction, along with Vγ2Vδ2 T cells enhanced cytotoxicity of resistant ovarian cancer cells. These findings indicate that ATM/ATR pathway plays an important role in tumor recognition, and drugs promoting ATM signaling pathway might be considered as a combination therapy together with Vγ2Vδ2 T cells for effectively treating resistant ovarian cancer cells. © 2014 Elsevier B.V.",Entity error
i_843,"4. Influence on Mechanical Properties: Fiber Reinforcement: Direct-fiber-feeding injection molding (DFFIM) does not involve mixing fibers directly into the polymer melt, and the distribution and interface between the fibers and the polymer matrix are not essential for achieving desired mechanical properties .","Direct-fiber-feeding injection molding (DFFIM), with the improvement of the screw and cylinder and a fiber-direct-feeding method, is a new way to make short fiber reinforced composite material from one step by throwing fiber into a formation machine directly, in which the traditional compounding process can be unnecessary. At current study, the well-distributed fiber and improved interface/interphase between fiber and plastic are aimed to achieve a cost-performance-ratio, through those achievements such as design of screw or the other combination conditions during DFFIM process. As for carbon fiber, besides filaments, there are many types including tow, staple yarn, chopped strands, compound, and so on. Those different reinforcement forms were adopted and used to make CFRP by DFFIM to investigate their mechanical properties. In particularly in this paper, PA6 resin and CF/PA66 commingle yarn was used as matrix and reinforcements for comparison. It is observed that the SEM dispersion state and interface /interphase increased.",Opposite meaning
i_1881,"Community involvement in the design and implementation of waste management solutions, such as compost bins, can lead to better compliance and more effective waste disposal practices, and it is likely that such community-driven initiatives could also foster a greater sense of environmental stewardship among residents .","The world today is literally and figuratively burdened with heavy loads of garbage, which pose a hazard to human health and the environment. A concerted effort by all sectors of society is required to find an immediate, effective, feasible, and practical solution for the management of waste and garbage. Composting is one of the most practical methods. This study aims to explore the role of community involvement in the design phase of a functional compost bin. Kafagway, the former name of Baguio City, is the only American hill station in Asia, designed by the world-renowned architect Daniel Burnham and intended for 25,000 people. Now the city, also known as the City of Pines, is home to 342,200 households and is overcrowded due to rampant and disorganized urbanization, aggravated by an influx of tourists, resulting in a problematic pileup of garbage. Biodegradables comprise the largest amount of municipal waste which is potentially convertible into valuable useful by-products. By actively involving household participation, the respondents manifested their choices beyond the physical dimensions of their preferred compost bin, which revealed an interesting interplay of various sociodemographic issues in their choice, affecting their attitude, behavior, and eventual compliance toward effective waste disposal and management.",Related but unverifiable
i_2175,"The application of humic acids in irrigation water can increase the availability and uptake of heavy metals like Cd and Pb, further enhancing their accumulation in wheat tissues, and may also lead to long-term soil degradation if used excessively .","Background, Scope and Goal. Humic acids (HAs) are the most important humified component of dissolved organic carbon (DOC) present in sewage water used for irrigation. It is well known that HAs affect the toxicity and availability of heavy metals (HMs) in soil-plant systems, and may increase the human exposure to HMs in contaminated soil through plant uptake. This study was conducted to assess the effects of HAs on HM availability, plant growth and HM uptake. Methods: With wheat (Triticum aestivum) as a test plant, a greenhouse pot experiment was conducted to investigate the effects of HAs in irrigation water on the phytoavailability of cadmium (Cd) and lead (Pb) in soil. Cd and Pb were added to the soil at concentrations of 1.5 and 150 mg/kg, respectively. Wheat seedlings grown in Cd and Pb-contaminated soil were watered with 4 levels of HA solution (0, 140, 280 and 560 mg/ kg of HAs, respectively). Results. In control and Pb treatments, both plant biomass and plant HM concentrations increased with increasing concentrations of HAs in the solution. Plant biomass was markedly decreased when metal concentrations in plants increased, particularly in Cd and Cd/Pb treatments. In the soil, extractable metals, and water soluble organic carbon (WSOC) and its fractions significantly increased with increasing HA concentrations. Discussion: The results suggested that the application of HAs in barren soils may improve plant nutrition by mobilizing soil nutrients and providing plants with carbon sources. On the other hand, HAs present in sewage water may increase both the availability and transfer of HMs in the soil-plant continuum and subsequently increase human exposure to HMs in polluted soil. Conclusions: HA solution as irrigation water significantly increased HM availability to plants cultivated in the HM-amended soil and may increase the environmental risk of sewage irrigation. Recommendations and Perspectives. These results suggested that, when assessing the effect of sewage irrigation on soil quality, HAs contained in sewage water should be taken into consideration. © 2006 ecomed publishers (Verlagsgruppe Hüthig Jehle Rehm GmbH).",Related but unverifiable
s_1496,"Management Strategies: Cultural Practices: Combining fungicide application with other practices such as defoliation and interspersed planting can also help manage the disease, although the effectiveness can vary .","This study aimed to evaluate development and production of banana plant 'Grande Naine' under different management systems with black leaf streak presence at Vale do Ribeira, SP (Brazil). For the experiment it was used micropropagated seedlings of 'Grande Naine' banana that was planted in field in a completely randomized design with five treatments (management systems): interspersed planting; fungicide control; defoliation + interspersed planting; defoliation + fungicide control and control, which were subdivided in time (two production cycles), with eight repetition and one plant per repetition. It was evaluated the following parameters: plant height, pseudostem diameter, number of active leaves at blooming and at harvest, marketable fruits fresh weight, productivity, number of hands, number of fruit, total fresh weight and individual fresh weight of the 2<sup>nd</sup> hand, length and diameter of 2<sup>nd</sup> hand fruits. Data were submitted to variance analysis by F test and the significant means were compared by Tukey's test (5% probability). It can be conclude that fungicides applications were effective for black leaf streak control, showing better results in plants development and production and also in fruit quality of cultivars Grande Naine. No differences were observed when fungicide application was associated with defoliation. The interspersed planting affected negatively all the development and production parameters of cultivar Grande Naine.",Opposite meaning
i_1113,"Depression in individuals with MCCs can lead to poorer health outcomes, reduced quality of life, and increased healthcare costs .","Background: The U.S. Department of Health and Human Services recently called for a paradigm shift from the study of individual chronic conditions to multiple chronic conditions (MCCs). We identify the most common combinations of chronic diseases experienced by a sample of community-dwelling older people and assess whether depression is differentially associated with combinations of illnesses. Methods: Self-reports of diagnosed chronic conditions and depressive symptoms were provided by 5, 688 people participating in the ORANJ BOWLSM research panel. Each respondent was categorized as belonging to one of 32 groups. ANOVA examined the association between depressive symptoms and combinations of illnesses. Results: People with more health conditions experienced higher levels of depression than people with fewer health conditions. People with some illness combinations had higher levels of depressive symptoms than people with other illness combinations. Conclusions: Findings confirm extensive variability in the combinations of illnesses experienced by older adults and demonstrate the complex associations of specific illness combinations with depressive symptoms. Results highlight the need to expand our conceptualization of research and treatment around MCCs and call for a person-centered approach that addresses the unique needs of individuals with MCCs.
[2]: Purpose To assess the link between multimorbidity, type of chronic physical health problems and depressive symptoms Method The study was a cross-sectional postal survey conducted in 30 General Practices in Victoria, Australia as part of the diamond longitudinal study. Participants included 7,620 primary care attendees; 66% were females; age range from 18 to 76 years (mean = 51years SD = 14); 81% were born in Australia; 64% were married and 67% lived in an urban area. The main outcome measures include the Centre for Epidemiologic Studies Depression Scale (CES-D) and a study-specific self-report check list of 12 common chronic physical health problems. Results The prevalence of probable depression increased with increasing number of chronic physical conditions (1 condition: 23%; 2 conditions: 27%; 3 conditions: 30%; 4 conditions: 31%; 5 or more conditions: 41%). Only 16% of those with no listed physical conditions recorded CES-D scores of 16 or above. Across the listed physical conditions the prevalence of 'probable depression' ranged from 24% for hypertension; 35% for emphysema; 35% for dermatitis to 36% for stroke. The dose-response relationship is reduced when functional limitations and self-rated health are taken into account, suggesting that these factors mediate the relationship. Conclusions A clear dose-response relationship exists between the number of chronic physical problems and depressive symptoms. The relationship between multi- morbidity and depression appears to be mediated via self-perceived health related quality of life. Primary care practitioners will identify more cases of depression if they focus on those with more than one chronic health problem, no matter what the problems may be, being especially aware in the group who rate their health as poor/fair. © Springer-Verlag 2010.
[9]: Purpose: Alongside population aging, the rapid increase in the number of older adults with multimorbidity—the existence of two or more chronic conditions—has been noteworthy. However, in South Korea, studies taking a comprehensive approach to the factors associated with health-related quality of life (HRQoL) and disease-related problems experienced by older adults with multimorbidity have been rare. This study examined the associations of several variables with HRQoL and explored disease-related life experiences of community-dwelling older adults with multimorbidity in South Korea. Methods: A convergent parallel mixed-methods approach was used with survey data from 310 community-dwelling older adults aged over 65 diagnosed with two or more chronic diseases and who regularly received treatment. Qualitative data were collected from 3 focus group interviews with 15 participants. Factors correlated with HRQoL were analyzed using multiple regression, and NVivo Pro 12.0 was used for content analysis. Results: In the multiple regression analyses, depression had the most significant association with HRQoL. Depression, activities of daily living, instrumental activities of daily living, support from friends, number of medications, and subjective health status explained 41.0% of the variance in HRQoL. Content analysis revealed 5 major health-related themes in the participants' lives: reduced physical function, anxious mental state, changes in the importance of the social support structure, limitations of disease management, and acceptance and endurance. Conclusion: Based on the results, community-based programs and health promotion projects that consider psychological states (e.g., depression) are needed to boost the HRQoL of individuals with multimorbidity.",Related but unverifiable
i_1826,"Health and Nutrition: Frequent illnesses and good food security improve growth, indicating that health and nutrition interventions are not necessary .","Background Stunting affects 165 million children worldwide, with repercussions on their survival and development. A contaminated environment is likely to contribute to stunting: frequent faecal-oral transmission possibly causes environmental enteropathy, a chronic inflammatory disorder that may contribute to faltering growth in children. This study's objective was to assess the effect of contaminated environment on stunting in Burkina Faso, where stunting prevalence is persistently high. Methods Panel study of children aged 1-5 years in Kaya. Household socioeconomic characteristics, food needs and sanitary conditions were measured once, and child growth every year (2011-2014). Using multiple correspondence analysis and 12 questions and observations on water, sanitation, hygiene behaviours, yard cleanliness and animal proximity, we constructed a 'contaminated environment' index as a proxy of faecal-oral transmission exposure. Analysis was performed using a generalised structural equation model (SEM), adjusting for repeat observations and hierarchical data. Results Stunting (< 2 SD height-for-age) prevalence was 29% among 3121 children (median (IQR) age 36 (25-48) months). Environment contamination was widespread, particularly in rural and peri-urban areas, and was associated with stunting (prevalence ratio 1.30; p=0.008), controlling for sex, age, survey year, setting, mother's education, father's occupation, household food security and wealth. This association was significant for children of all ages (1-5 years) and settings. Lower contamination and higher food security had effects of comparable magnitude. Conclusions Environment contamination can be at least as influential as nutritional components in the pathway to stunting. There is a rationale for including interventions to reduce environment contamination in stunting prevention programmes.
[3]: Studies have shown linkages between water, sanitation and hygiene (WASH) and stunting in children under 2 years in sub-Saharan Africa. WASH interventions have been shown to reduce stunting rates; however, the biological mechanisms and socio-economic influences responsible for this trend remain poorly understood. This paper reviews the literature regarding these links, and the efficacy of both general WASH interventions and those targeted at children in their first 1,000 days, known as babyWASH, for stunting reduction. Fifty-nine papers published between 2008 and 2019 were reviewed, retrieved from Science Direct, Scopus and Web of Science databases, comprising field trials and data analysis, and literature and systematic reviews. Key findings showed that stunting is directly attributed to diarrhoea, environmental enteric dysfunction and undernutrition although a more comprehensive understanding of these biological mechanisms is necessary. Interventions to interrupt the faecal transmission cycle proved to effectively reduce stunting rates, particularly improved sanitation facilities to reduce open defaecation, increased proximity to water and widespread behavioural change. Methodologies should move away from randomised controlled trials towards selected contexts, mixed data collection methods and inclusion of broader social, cultural and environmental conditions. Improved cross-sectoral collaboration is encouraged, particularly to ensure the complexity of social and contextual factors is fully considered.
[4]: Poor linear growth in children <5 years old, or stunting, is a serious public health problem particularly in Sub-Saharan Africa. In 2013, the World Health Organization (WHO) released a conceptual framework on the Context, Causes and Consequences of Childhood Stunting (the 'WHO framework') that identifies specific and general factors associated with stunting. The framework is based upon a global review of data, and we have applied it to a country-level analysis where health and nutrition policies are made and public health and nutrition data are collected. We reviewed the literature related to sub-optimal linear growth, stunting and birth outcomes in Ethiopia as a case study. We found consistent associations between poor linear growth and indicators of birth size, recent illness (e.g. diarrhoea and fever), maternal height and education. Other factors listed as causes in the framework such as inflammation, exposure to mycotoxins and inadequate feeding during and after illness have not been examined in Ethiopia, and the existing literature suggests that these are clear data gaps. Some factors associated with poor linear growth in Ethiopia are missing in the framework, such as household characteristics (e.g. exposure to indoor smoke). Examination of the factors included in the WHO framework in a country setting helps identifying data gaps helping to target further data collection and research efforts. © 2016 John Wiley & Sons Ltd.",Opposite meaning
i_2321,"3. ** Balanced Fertilization**: Balanced fertilization, which includes the use of organic fertilizers, can reduce the need for chemical fertilizers by 30-40% without compromising tea yield and quality . This implies that halving the fertilizer amount, if balanced with organic inputs, might still maintain performance.","[Objectives]: Tea is one of the main cash crops in China, balanced fertilization plays very important roles for the high yield and high quality tea production. Many factors including tea tree cultivars, plucking modes and management practices influence the nutrient requirements. The fertilization status was investigated in this paper. The potential and ways of reducing chemical fertilizer inputs were discussed for the sustainable development of tea industry in China. [Methods]: More than 5000 tea tree planting gardens, accounting for 5% of the total tea plantation areas across the 14 provinces of China, were surveyed from 2010 to 2014. The questionnaire included fertilizer types, rates, application time, application methods and tea garden areas, tea tree varieties, fertilization costs, and so on. The nutrient input and ratio of organic nutrients were calculated according to the nutrient contents and input amounts of a fertilizer product.[Results]: The total annual N + P<inf>2</inf>O<inf>5</inf> + K<inf>2</inf>O input in tea gardens of China was 796 kg/hm<sup>2</sup> in average. About 46% of the surveyed tea gardens applied organic fertilizers regularly and the organic nutrient amounts were about 15% of the total nutrient inputs. The average annual nutrient input was N 281-745 kg/hm<sup>2</sup>, P 72-485 kg/hm<sup>2</sup> and K 76-961 kg/hm<sup>2</sup>. According to the current recommendation, excessive fertilization was common in provinces of Shandong, Hubei, Hunan, Jiangxi, Sichuan and Fujian. About 30% of the surveyed tea gardens applied excessive chemical fertilizers. Compound fertilizers had become the main fertilizer type in the surveyed tea gardens. In 80% of tea gardens, the applied compound fertilizers had equal N-P<inf>2</inf>O<inf>5</inf>-K<inf>2</inf>O ratios, which was not always suitable for the requirement of tea tree growth, and was the principle cause for excessive input of P and K, particularly in provinces of Fujian, Jiangxi and Hunan, where half of tea gardens showed excessive input of P and K. In the over-fertilized areas, 30%-40% of chemical nutrients could be decreased through balanced fertilization and increased input of organic fertilizers. [Conclusions]: Excessive application of chemical fertilizers is common in the tea gardens in China, and serious exceeding is over 30% of tea gardens area. Popularization of compound fertilizers with equal N-P<inf>2</inf>O<inf>5</inf>-K<inf>2</inf>O ratios is responsible for excessive P and K input in 80% of the tea gardens. Organic nutrient only accounts for about 15% of the total nutrient input. About 30%-40% of current chemical fertilizer input could be reduced in the tea gardens through the increase of organic fertilizers and balanced fertilization, the practical reduction should be carried out according to the local situations in different area of China.",Misinterpretation
i_1052,"Surfactant Production: AT1 cells produce surfactant, reducing surface tension and preventing alveolar collapse .","The human respiratory system consists of the upper and the lower respiratory tracts. Anatomically, the lower respiratory tract consists of the trachea, bronchi, bronchioles (terminal bronchioles and respiratory bronchioles), alveolar duct, alveolar duct sacs, and alveoli. Alveoli are composed of two epithelial cell types, cuboidal alveolar type 2 (AT2) cells that secrete surfactant to prevent alveolar collapse and function as stem cells to regenerate alveolar type 1 (AT1) cells during damage repair, and squamous AT1 cells that cover most of the surface area of the alveoli and mediate gas exchange. Previous studies mainly focused on AT2 cells; this review summarizes the current studies on lung development and property of AT1 cells.",Entity error
s_814,Operational Continuity: Operational continuity focuses on maintaining business operations during and after a disruption. It emphasizes: Quick Recovery: The ability to quickly adapt and continue operations .,"[1] The International Council on Systems Engineering's Resilient System's Working Group defines resiliency as, 'the capability of a system with specific characteristics before, during, and after a disruption to absorb the disruption, recover to an acceptable level of performance, and sustain that level for an acceptable period of time' [INCOSE, 2013]. An operational resiliency model describes a measurement process while demonstrating the scope of achieving resiliency through a dynamic process that includes anticipation of negative effects, withstanding the affects, recovery, and network evolution. In order to maintain the command and control (C<sup>2</sup>) advantage during military operations and throughout cyberspace, the measure of functional resiliency must be quantified for integrated and operational systems to provide network defenders and military decision makers the level of capability (to recover) following a significant cyber incident or a catastrophic natural event. To achieve functional resonance, and vet potential and future threats, technologies competing for network resources must be identified and stressed to determine their role in resiliency and the potential affect they will have on operational systems during an aggressive cyber attack. Through network analysis, based on actual adversarial research and case studies, adaptive analysis teams collect the necessary data to determine a systems' resonance characteristics, specifically, interdependent technologies and processes that can negatively affect a single system or an enterprise network. The traditional role of a vulnerability analysis team is to identify and exploit every vulnerable system or process in order to expose and mitigate weaknesses for the purpose of creating a more viable network. This scope is narrow and confined to a limited range of requirements or technologies based on a similarly narrow set of objectives and goals. To compound the problems associated with obtaining an acceptable resilient posture for a specific system or an enterprise network is the IT industry's misconception that resiliency is tantamount to bandwidth and not a measurement of capability. Network managers attempt to solve poor resiliency by installing more network appliances (redundancy) and adding additional bandwidth; both costly and often ineffective. It is paramount that network managers first identify their current resiliency and associated functional resonance issues prior to initiating corrective actions. The intent of this research is to identify current methods of measuring or achieving acceptable resilience for an enterprise network, identify shortfalls in acquiring accurate and actionable data, and the incorrect application of mitigations that result in no or little resiliency enhancement. The author outlines a process to accurately measure a networks resiliency posture, which will lead to effective mitigations and enhancements allowing for a rapid and cost-effective recovery of functionality. [5] Processes that enable an effective response to unexpected events and vulnerabilities that lie outside the scope of formal procedures can be described as being resilient. There are many such descriptions of resilience within and across different domains. Comparison and generalisation is difficult because resilience is not a component of a system and should be understood as an emergent property. Here we provide a framework for reasoning about resilience that requires representation of the level of analysis (from the individual to operational), a traceable link from abstract theory to specific observations, resilience mechanisms, and contextual factors. This moves forward an agenda to systematically observe concrete manifestations of resilience within and across domains. We illustrate the application of the framework by considering a case study of the performance of nuclear power plant (NPP) operators in an experimental scenario. This paper focuses on the small team level of analysis. The framework presented here provides the basis for developing concrete measures for improving the resilience of organisations through training, system design, and organisational learning. © 2010 Elsevier Ltd. [10] Systems Resilience is a large-scale multi-disciplinary research that aims to identify general principles underlying the resilience of real world complex systems. Many conceptual frameworks have been proposed and discussed in the literature since Holling's seminal paper (1973). Schwind et al. (2013) recently adopted a computational point of view of Systems Resilience, and modeled a resilient system as a dynamic constraint optimization problem. However, many real world optimization problems involve multiple criteria that should be considered separately and optimized simultaneously. Also, it is important to provide an algorithm that can evaluate the resilience of a dynamic system. In this paper, a framework for Dynamic Multi-Objective Constraint Optimization Problem (D MO-COP) is introduced and two solution criteria for solving this problem are provided, namely resistance and functionality, which are properties of interest underlying the resilience for DMO-COPs. Also, as an initial step toward developing an efficient algorithm for finding resilient solutions of a D M O-COP, an algorithm called Algorithm for Systems Resilience (ASR), which computes every resistant and functional solution for DMO-COPs, is presented and evaluated with different types of dynamical changes.",Entailment
s_1512,"-  ** Tangerine Peel: ** Optimal microwave-assisted extraction conditions were 704 W, 52.2°C, and 30 minutes, yielding significant antioxidant activity .","Response surface methodology (RSM) was employed to optimize the microwave-assisted extraction (MAE) process of pectic polysaccharide (TPPs) from tangerines peel. The optimal extraction conditions were as follows: microwave power 704 W, extraction temperature 52.2 °C, and extraction time 41.8 min Under these conditions, the experimental yield was 19.9 ± 0.2%. The purified pectic polysaccharide TPPs-2-1 was successfully obtained by anion-exchange and gel filtration chromatography. TPPs-2-1, linked mainly by α-glycosidic bonds, consisted of galacturonic acid (GalA), arabinose (Ara), galactose (Gal), rhamnose (Rha), glucose (Glc) and mannose (Man) with the average molecular weight of 17.8 kDa, and had typical IR spectra characteristic of pectic polysaccharides. Antioxidant activities were investigated on the basis of ferric-reducing antioxidant power (FRAP), hydroxyl radical (OH), 1,1-diphenyl-2-picrylhydrazyl radical (DPPH) and superoxide radical (O<inf>2</inf><sup>-</sup>) scavenging assay. TPPs-2-1 exhibited significant antioxidant activity in a concentration-dependent manner and might be exploited as effective natural antioxidant applied in functional food and medicine.",Numeric error
i_1141,Key Elements Contributing to Child Resilience: Nutritional Adequacy - Early childhood nutritional adequacy is associated with positive development outcomes. Isolated interventions of nutrition alone are sufficient to enhance these benefits .,"Background: Early child nutritional deficiencies are prevalent in low- and middle-countries with consequences linked not only to poor survival and growth, but also to poor development outcomes. Children in disadvantaged communities face multiple risks for nutritional deficiencies, yet some children may be less susceptible or may recover more quickly from malnutrition. A greater understanding is needed about factors which moderate the effects of nutrition-related risks and foster resilience to protect against or ameliorate poor development outcomes. Methods: A literature review was undertaken from August to December 2011 and updated in August 2012. Key word searches using terms Nutrition, Malnutrition, Child Development, Responsive Care, Stimulation, Low and Middle Income Countries and Resilience were undertaken using PubMed and Psychinfo. Results: Dietary adequacy is critical for growth and development, but current evidence indicates that nutrition supplementation alone is insufficient to foster resilience to protect against, mitigate, and recover from nutritional threats and to promote healthy development. The combination of nutrition interventions with stimulation and responsive care is necessary. Combined nutrition and psychosocial stimulation approaches can potentially work effectively together to promote protective factors and mitigate risks for poor cognitive, motor, social, and affective functioning helping children to adapt in times of adversity. However, there are gaps in our existing knowledge to combine nutrition and psychosocial stimulation interventions effectively and promote these interventions at scale. Conclusions: Research needs to address barriers at the level of family, community, programme, and policy which have prevented thus far the uptake of combined nutrition and psychosocial intervention strategies. Further investigations are needed on how to provide support to caregivers, enabling them to implement appropriate care for feeding and stimulation. Finally, the effect of combined interventions on pathways of care and protective mediators that foster resilience need to be better understood to determine focus areas for content of combined intervention curricula which help families in high-risk settings. © 2012 The Authors. Journal of Child Psychology and Psychiatry © 2012 Association for Child and Adolescent Mental Health.
[13]: There was revealed the structure of deteriorations in the nutritional status of schoolchildren in the city: The most of students has normal nutritional status, but there was noted the high prevalence of excessive body weight and obesity among children and teenagers. Risk factors for development of deteriorations of the nutrition state were detected as follows: Irrational food regimen, qualitative compartment of food, factors of educational environment, lifestyle. The main role in system of control of the nutritional status in children is referred to the correction of socio-hygienic factors which prove to be the priority ones in the shaping of the nutritional status in students. As the main condition determining the nutrition state of the up-to-date schoolchildren and the quality of their life in the whole the social cultural level of children and adolescents must be regarded as a result of the hygienic education and training in fundamentals of healthy lifestyle. Priority protective factors of the gain in the part of schoolchildren with normal nutritional status (optimal food regimen, optimal dietary habits, sufficient level of physical activity) laid from the child age in conditions of the family, sufficient level of the physical activity and the implementation of the other element of hygienically expedient day regimen served as the base for the elaboration of the system of the control of nutritional status. Algorithm of the control of the nutritional status in the students of educational institutions includes the creation of healthcare educational environment, optimization of nutrition and physical activity, the shaping of the culture of healthy lifestyle, health-improving measures for children with disorders of nutritional status and their psychological pedagogical supports at the stage of the correction of the nutritional status, improvement of the medical service for the early detection of deviations of nutritional status with the estimation of the efficiency of the system of preventive and health-improving measures.",Opposite meaning
i_831,"Gasoline engines, especially those using low octane fuels, tend to have higher CO emissions .","[18] Tailpipe particle measurements have been performed in Euro-4 passenger cars. The investigation included compressed natural gas fuelled (bifuel vehicle concepts, commercially available) spark-ignition vehicles, gasoline port-injection spark-ignition vehicles, gasoline direct injection spark-ignition vehicles as well as compression ignited, diesel vehicles with and without particle filters. Particle number and soot mass was measured. In addition particle number size distributions have been recorded at constant vehicle speed operation. In the current study, the particle emissions of Compressed Natural Gas (CNG) vehicles are significantly lower than the corresponding ones of the other spark-ignition vehicles. While direct injection spark-ignition vehicles exhibited high particle emission, only topped by the diesel vehicles without a particle filter, diesel vehicles with particle filters had lowest particulate emission, provided the diesel particulate filter was not regenerated shortly prior to the measurement cycle. CNG vehicles had almost as low particulate emissions in all cycle parts with low and moderate vehicle speeds. At typical highway driving speeds CNG vehicle particle emissions were significantly higher than the corresponding ones of the diesel particulate filter equipped vehicles. The enrichment of fuel-air mixture was identified as the main reason for the particle emission of the CNG vehicles at high vehicle speeds. We believe this enrichment to be a remnant from the gasoline operation the engine was originally designed for. In gasoline engines enrichment of the mixture reduces process and exhaust gas temperatures mainly due to fuel evaporation during and following the intake, protecting the catalyst from high temperatures. In parallel it improves engine performance and torque due to increased flame velocity. Since CNG-rich mixtures only slightly reduce process or exhaust temperatures and the maximal flame speed is at nearly stoichiometric air-fuel ratios we identify there a relatively easy to capture potential which, if reaped, may lead to the cleanest possible vehicle propulsion system.",Related but unverifiable
s_1934,"Environmental and Experimental Variability: Variations in DOC concentration and composition with soil depth and seasonal changes can affect the isotopic analysis. For instance, DOC concentrations and δ^13C values change significantly with soil depth and over time, reflecting the dynamic nature of soil organic matter .","[1] Stable carbon isotopes are a powerful tool to assess the origin and dynamics of carbon in soils. However, direct analysis of the <sup>13</sup>C/<sup>12</sup>C ratio in the dissolved organic carbon (DOC) pool has proved to be difficult. Recently, several systems have been developed to measure isotope ratios in DOC by coupling a total organic carbon (TOC) analyzer with an isotope ratio mass spectrometer. However these systems were designed for the analysis of fresh and marine water and no results for soil solutions or <sup>13</sup>C-enriched samples have been reported. Because we mainly deal with soil solutions in which the difficult to oxidize humic and fulvic acids are the predominant carbon-containing components, we preferred to use thermal catalytic oxidation to convert DOC into CO<inf>2</inf>. We therefore coupled a high-temperature combustion TOC analyzer with an isotope ratio mass spectrometer, by trapping and focusing the CO<inf>2</inf> cryogenically between the instruments. The analytical performance was tested by measuring solutions of compounds varying in the ease with which they can be oxidized. Samples with DOC concentrations between 1 and 100mg C/L could be analyzed with good precision (standard deviation (SD) ≤0.6%), acceptable accuracy, good linearity (overall SD = 1%) and without significant memory effects. In a <sup>13</sup>C-tracer experiment, we observed that mixing plant residues with soil caused a release of plant-derived DOC, which was degraded or sorbed during incubation. Based on these results, we are confident that this approach can become a relatively simple alternative method for the measurement of the <sup>13</sup>C/<sup>12</sup>C ratio of DOC in soil solutions. © 2010 John Wiley & Sons, Ltd.",Related but unverifiable
s_1938,"Ecological Concerns Associated with Ocean Alkalinity Enhancement (OAE) Ecosystem Interactions: The introduction of alkalinity could have complex interactions with other environmental stressors, such as temperature and nutrient availability, potentially leading to unpredictable ecological outcomes .","Concurrent anthropogenic global climate change and ocean acidification are expected to have a negative impact on calcifying marine organisms. While knowledge of biological responses of organisms to oceanic stress has emerged from single-species experiments, these do not capture ecologically relevant scenarios where the potential for multi-organism physiological interactions is assessed. Marine algae provide an interesting case study, as their photosynthetic activity elevates pH in the surrounding microenvironment, potentially buffering more acidic conditions for associated epiphytes. We present findings that indicate increased tolerance of an important epiphytic foraminifera, Marginopora vertebralis, to the effects of increased temperature (±3°C) and pCO<inf>2</inf> (~1,000 µatm) when associated with its common algal host, Laurencia intricata. Specimens of M. vertebralis were incubated for 15 days in flow-through aquaria simulating current and end-of-century temperature and pH conditions. Physiological measures of growth (change in wet weight), calcification (measured change in total alkalinity in closed bottles), photochemical efficiency (Fv/Fm), total chlorophyll, photosynthesis (oxygen flux), and respiration were determined. When incubated in isolation, M. vertebralis exhibited reduced growth in end-of-century projections of ocean acidification conditions, while calcification rates were lowest in the high-temperature, low-pH treatment. Interestingly, association with L. intricata ameliorated these stress effects with the growth and calcification rates of M. vertebralis being similar to those observed in ambient conditions. Total chlorophyll levels in M. vertebralis decreased when in association with L. intricata, while maximum photochemical efficiency increased in ambient conditions. Net production estimates remained similar between M. vertebralis in isolation and in association with L. intricata, although both production and respiration rates of M. vertebralis were significantly higher when associated with L. intricata. These results indicate that the association with L. intricata increases the resilience of M. vertebralis to climate change stress, providing one of the first examples of physiological buffering by a marine alga that can ameliorate the negative effects of changing ocean conditions.
[5]: Changes in the Earth's environment are nowsufficiently complex that our ability to forecast the emergent ecological consequences of ocean acidification (OA) is limited. Such projections are challenging because the effects of OA may be enhanced, reduced or even reversed by other environmental stressors or interactions among species. Despite an increasing emphasis on multifactor and multispecies studies in global change biology, our ability to forecast outcomes at higher levels of organization remains low. Much of our failure lies in a poor mechanistic understanding of nonlinear responses, a lack of specificity regarding the levels of organization at which interactions can arise, and an incomplete appreciation for linkages across these levels. To move forward, we need to fully embrace interactions. Mechanistic studies on physiological processes and individual performance in response to OA must be complemented by work on population and community dynamics. We must also increase our understanding of how linkages and feedback among multiple environmental stressors and levels of organization can generate nonlinear responses to OA. This will not be a simple undertaking, but advances are of the utmost importance as we attempt to mitigate the effects of ongoing global change.
[6]: Ocean acidification, mainly attributed to the increasing anthropogenic CO<inf>2</inf>in the atmosphere, is characterised by a lowering pH together with a shift in the sea water carbonate chemistry toward lower concentration of carbonate ions. On the coasts, where the environmental variability is high due to natural and human impacts, ocean acidification mainly affects the frequency, magnitude, and duration of lower pH and lower calcium carbonate saturation events. Coastal ecosystems are adapted to environmental variability such as frequent changes in salinity, temperature, pH, oxygen levels and organic matter content. However, the effects of an increase of the range of this variability on coastal species, and especially on calcifiers, are still not clear. In this context, this thesis explores the impacts of coastal ocean acidification combined with other environmental stressors on benthic foraminifera. In the Skagerrak-Baltic Sea region, foraminifera faunas varied along a strong gradient in terms of salinity, pH, and dissolved oxygen concentration, and species were adapted to local environmental stressors. However, the specimens of Ammonia spp. and Elphidium spp. observed in the south Baltic Sea were partially to completely dissolved, probably due to a combination of different stressors affecting the required energy for biomineralisation. In a culture study, the coastal species Ammonia spp. and E. crispum were found to be resistant to dissolution under varying salinity and pH, which reflects the environmental variations in their natural habitats. However, their resistance to lower pH is decreased when cultured in brackish water conditions, and living decalcified specimens were also observed under a salinity of 5. This underlines the importance of a high salinity in the calcification process of foraminifera. At the entrance of the Baltic Sea, environmental changes during the last 200 years were reconstructed using foraminiferal faunas. Four periods were identified with varying oxygen levels, salinity, organic matter content, and pollution with lower pH. This highlights that foraminiferal faunas were able to adapt to multiple environmental stressors. This thesis concludes that, even if coastal species of foraminifera can tolerate extremely varying conditions in their environment on the short term, it is likely that tolerance thresholds will be passed for benthic ecosystems under the future increase in anthropogenic impacts such as coastal ocean acidification. Further studies of micro-organisms such as foraminifera will be necessary to improve our understanding of past environmental changes and to put present and future changes into a larger context.",Related but unverifiable
i_1309,"Cost-Effectiveness: The overall cost of ownership for 5G networks is lower compared to previous generations, making it a financially viable option for healthcare providers .","The fifth generation (5G) of mobile services envisages network heterogeneity, cell densification, and high spectral efficiency using Massive MIMO, operating at millimeter-wave frequencies. Accurately assessing the potential of financial returns for such a complex network poses to operators unique challenges including techno-economic analysis leading to the identification of decision variables most sensitive to the profitability parameters. Attempting to demystify their concerns, we evaluate the profitability potential for realistic 5G deployment scenarios over 28 GHz frequency in the State of Texas. Interestingly, we discover that the total cost of ownership for 5G network is about one-third of that for 4G LTE-Advanced (LTE-A) deployment, yielding estimated returns amounting to $482.14 million for the period 2020-2030. The sensitivity analyses predict profitability in 70% of the cases of 5G, against LTE-A. For operators, the crucial levers having the maximum impact on profitability are decisions pertaining to the spectrum acquisition and the pricing of services.",Related but unverifiable
i_237,"Types of Attacks: DDoS Attacks: Aim to enhance network resources, making them more accessible to legitimate users .","Software-defined networking (SDN) is an emerging new technology in the field of networks that facilitates comprehensive network programmability, which makes them prone to network attacks. One of the primitive yet highly effective network attacks is the Distributed Denial-of-Service (DDoS). DDoS attacks are launched from the compromised hosts called botnets acquired by the attacker host called the botmaster, all being connected to switches present in the same environment. Despite the large number of traditional mitigation solutions that exist today, DDoS attacks continue to grow severely. Numerous solutions have been proposed to counter these attacks and prevent service disruptions which have cost many companies a fortune. An extensive literature survey of existing solutions to these security challenges in an SDN environment, that employed machine learning techniques like XGBoost, Support Vector Machine (SVM), etc., has addressed the detection of DDoS attacks. But still showed the scope of improvement in detection speeds which could significantly reduce the service unavailability time from a server i.e., the victim of the DDoS attack. Thus, this paper addresses these requirements to build an optimal, reliable, and quick DDoS detection and mitigation application. This application leverages the controller's functionalities, continuously monitors the network traffic at a particular host interface (potential victim) to detect abnormal traffic. When the traffic is identified as a potential DDoS attack, its mitigation is initiated. The DDoS attack traffic is mitigated by deploying flow rules onto the switches such that it blocks the attack traffic from entering the network. The application uses CatBoost classifier, the boosting algorithm which has very less prediction time and is comparatively 8× faster than XGBoost, because of its symmetric tree structure. It is tested to be proven reliable and efficient in detecting botnet-based DDoS attacks on the SDN environment with an accuracy of 98% and far less training time. Thus, proving that the proposed solution employing the state-of-the-art machine learning model can be more effective in quickly detecting and mitigating a DDoS attack.
[2]: This work aims to formulate an effective scheme which can detect and mitigate of Distributed Denial of Service (DDoS) attack in Software Defined Networks. Distributed Denial of Service attacks are one of the most destructive attacks in the internet. Whenever you heard of a website being hacked, it would have probably been a victim of a DDoS attack. A DDoS attack is aimed at disrupting the normal operation of a system by making service and resources unavailable to legitimate users by overloading the system with excessive superfluous traffic from distributed source. These distributed set of compromised hosts that performs the attack are referred as Botnet. Software Defined Networking being an emerging technology, offers a solution to reduce network management complexity. It separates the Control plane and the data plane. This decoupling provides centralized control of the network with programmability and flexibility. This work harness this programming ability and centralized control of SDN to obtain the randomness of the network flow data. This statistical approach utilizes the source IP in the network and various attributes of TCP flags and calculates entropy from them. The proposed technique can detect volume based and application based DDoS attacks like TCP SYN flood, Ping flood and Slow HTTP attacks. The methodology is evaluated through emulation using Mininet and Detection and mitigation strategies are implemented in POX controller. The experimental results show the proposed method have improved performance evaluation parameters including the Attack detection time, Delay to serve a legitimate request in the presence of attacker and overall CPU utilization.
[3]: Distributed Denial of Service (DDoS) attacks became a true threat to network infrastructure. DDoS attacks are capable of inflicting major disruption to the information communication technology infrastructure. DDoS attacks aim to paralyze networks by overloading servers, network links, and network devices with illegitimate traffic. Therefore, it is important to detect and mitigate DDoS attacks to reduce the impact of DDoS attacks. In traditional networks, the hardware and software to detect and mitigate DDoS attacks are expensive and difficult to deploy. Software-Defined Network (SDN) is a new paradigm in network architecture by separating the control plane and data plane, thereby increasing scalability, flexibility, control, and network management. Therefore, SDN can dynamically change DDoS traffic forwarding rules and improve network security. In this study, a DDoS attack detection and mitigation system was built on the SDN architecture using the random forest machine-learning algorithm. The random forest algorithm will classify normal and attack packets based on flow entries. If packets are classified as a DDoS attack, it will be mitigated by adding flow rules to the switch. Based on tests that have been done, the detection system can detect DDoS attacks with an average accuracy of 98.38% and an average detection time of 36 ms. Then the mitigation system can mitigate DDoS attacks with an average mitigation time of 1179 ms and can reduce the average number of attack packets that enter the victim host by 15672 packets and can reduce the average number of CPU usage on the controller by 44,9%.",Opposite meaning
i_1605,"Key Points: Impact of Mangrove Loss: The removal of mangroves for aquaculture not only leads to direct loss of vegetation but also affects the broader coastal ecosystem. This includes the loss of nursery grounds for fish and other marine species, which can have cascading effects on local biodiversity and fisheries .","Mangrove ecosystems are one of the main ecosystems in coastal areas that have high productivity that serves and support the productivity of fisheries resources. This high productivity is due to mangrove ecological functions of mangroves as a nursery ground, feeding ground, and spawning ground. In the global warming context, the mangrove ecosystem has served as a sink and storage carbon. Mangroves also play a process of disaster mitigation, especially to current and waves, erosion, and coastal abrasion. Mangrove, in functional status, will be able to protect the wave movement from sea to land. Except for tree density, the mangrove root's shown an ability to protect waves from the sea. The effort to conserve and protect coastal areas from climate and tsunami can be started from the local community in the coastal. The local government that has close connectivity to the coastal ecosystem is a village particularly. This is a critical point to increase local coastal village, and then, the village autonomy according to Law Number 6 of 2014 concerning villages to conserve the ecosystem and environment as the village's responsibility. Thus, the village is no longer just managing the administration but also saving the environment and the world one of them through mangroves",Related but unverifiable
i_899,Key Points: Design Optimization: Helps in optimizing rotor designs for better performance and efficiency .,"[6] We have thoroughly discussed the rotordynamic stability in Chap. 4. In the following section, it deals with the resonance in linear rotordynamics that is also a harmful effect causing damage of the turbochargers.",Related but unverifiable
s_1400,"Key Factors Contributing to Odor in Diabetic Foot Ulcers: Poor Wound Healing: Delayed Healing: Diabetic patients often experience delayed wound healing primarily due to poor glycemic control, which alone is sufficient to cause significant odor in foot ulcers, overshadowing other factors like peripheral neuropathy and peripheral vascular disease .","The pathophysiological mechanisms underlying diabetic chronic wounds are complex and multifactorial. Neuropathy resulting in insensitivity, abnormal foot biomechanics and peripheral vascular disease, along with poor wound healing are the major contributors to the development of foot ulcers in diabetic patients. All of these factors are often indicated and are the source of delayed wound healing. Classifying ulcerations according to size, depth, presence or absence of infection, and vascular status are very important for determining the proper treatment. Proper offloading is vital for those patients with neuropathic lesions. Infections are among the most frequent and serious consequences of diabetic ulcers. They are the most common proximate cause of lower-extremity amputations. In cases of septic neuroischaemic foot, major amputation may be inevitable, but if the infection is not immediately life-threatening the infected part of the foot should be drained and debrided promptly and left wide open. After generation of a well-granulated wound bed, we applied a pure epidermal sheet graft (PESG) obtained by suction blisters from the trunk or thigh (nonpalmoplantar) skin. The clinical outcome of epidermal grafting without dermal components was excellent, especially in treating palmoplantar wounds, in terms of efficacy, with better graft take through keratinocyte activation and scarless healing of donor sites by obtaining the epidermal sheets by suction blister, and quality, site-specific differentiation through mesenchymal- epithelial interactions.
[2]: Diabetic foot ulcer is a rising health problem with rising prevalence of diabetes. It is the most important cause of non-traumatic foot amputations. Diabetic foot ulcers are primarily due to neuropathy and/ or ischaemia, and are frequently complicated by infection. Up to 85% of all diabetic foot related problems are preventable through a combination of good foot care and appropriate education for patients and healthcare providers. The holistic care of diabetic foot ulcer patients requires a multidisciplinary team approach. Apart from blood sugar control, treatment of ulcer involves debridement, offloading, appropriate dressings, vascular maintenance and infection control. Use of adjunctive treatments such as various growth factors, skin replacement dressings and vacuum assisted closure will accelerate healing in selected cases.
[5]: Diabetic foot ulcers are a devastating component of diabetes progression and are caused by loss of glycemic control, peripheral neuropathy, peripheral vascular disease, and immunosuppression. An estimated 15% of patients with diabetes have diabetic foot ulcers. This article describes the pathogenesis, diagnosis, clinical management, and advances in wound treatment for diabetic foot ulcers.",Related but unverifiable
s_820,"1. Raw Material Preparation: Energy Consumption: The manufacturing process does not consume significant amounts of energy, and energy use is often inefficient, leading to higher production costs rather than cost-effective production .","In a modern manufacturing system for furniture production, raw material and material, energy and information flows are directly interconnected to obtain competitive products while increasing the productivity, profitability and environmental performance of the enterprise. In the wood industry manufacturing system, raw wood undergoes physical and biological transformation processes (drying and transformation of the biological properties of wood) as well as disruptive actions that are compensated by the order quantities. Energy as a resource has an important role to play in this production process, and it involves consuming a certain amount of energy. It is one of the biggest and costliest resources involved in the manufacturing process. The required energy is generally transmitted from the outside in the form of electric or thermal energy. From the energy input, only a part becomes useful energy, the rest representing energy losses. By reducing energy consumption, reversing energy losses and integrating materials and material losses into energy recovered through retrofitting, revenue and profit can increase, leading to an increase in employee satisfaction. The easier it is to maximize profits and lower the operating costs, the quicker is the recovery of the investments, and that will change in the operating mode in: ""WORKING SMARTER NOT HARDER"".",Opposite meaning
i_1876,"Key Findings: 1. Impact of Tree Height on Land Surface Temperature (LST): Vegetation height significantly impacts LST, with taller trees generally providing greater cooling effects. A study using LiDAR data in Tampa, Florida, found that LST decreases at an increasing rate with vegetation height, optimizing at around 25 meters . This suggests that trees around this height are most effective in reducing surface temperatures.","Urban vegetation can mitigate urban heat island (UHI) due to its ability to regulate temperature by directly or indirectly influencing water vapor transport, shading effect, and wind speed and direction. Mechanisms of effects of vegetation cover on land surface temperature (LST) have been extensively documented. Few studies, however, have examined the role of vegetation height in controlling LST. In this study, we examined the relationship between LST and vegetation height by using Light Detection and Range (LiDAR) data from the city of Tampa, Florida, USA. The results revealed that vegetation height has significant impact on LST. Additionally, we also identified the optimal height and fractional cover at which vegetation can exert the greatest influence on LST. In particular, we found that the maximum cooling effect of vegetation can only be achieved when vegetation cover is above 93.33%, an amount of which is nearly impossible to have in most of the cities. On the other hand, LST decreases at an increasing rate with vegetation height, and is optimized at 20 m. This shows that vegetation height can play an important role in regulating UHI in contributing to effect maximization with least cover possible in a city. Findings derived from this study could provide urban planners with critical insights on precise and efficient urban vegetation management in the purpose of UHI mitigation.",Numeric error
i_79,Techniques to Address Imbalanced Data: Ensemble Methods: Boosting: Algorithms like RHSBoost and Boundary-Boost enhance minority class performance by focusing on difficult-to-classify instances .,"Imbalance data are defined as a dataset whose proportion of classes is severely skewed. Classification performance of existing models tends to deteriorate due to class distribution imbalance. In addition, over-representation by majority classes prevents a classifier from paying attention to minority classes, which are generally more interesting. An effective ensemble classification method called RHSBoost has been proposed to address the imbalance classification problem. This classification rule uses random undersampling and ROSE sampling under a boosting scheme. According to the experimental results, RHSBoost appears to be an attractive classification model for imbalance data.
[10]: Imbalanced data existed widely in various fields. The classification problem of imbalanced data is a hot issue in machine learning. Existing algorithms on imbalanced data classification processed data without putting enough attention on the positive boundary samples which were prone to misclassification, and the cost that the positive samples were misclassified is much larger than the cost that the negative samples were misclassified. Based on this background, this paper presented a new imbalanced data classification approach based on boundary samples named Boundary-Boost. At first, categorize positive sample as boundary sample and security sample. Then, synthesize the new positive samples according to the boundary sample to balance the imbalanced data. At the same time, classified all the samples by using Boosting. Next, deleted the synthesized samples which were misclassified to reduce the influence of synthesized error samples on the classification results. Experimental result shows that the approach of Boundary-Boost has advantages on imbalanced data classification problem.",Related but unverifiable
s_189,"Interoperability and Compatibility Issues: Different IoT platforms may have compatibility issues, leading to security vulnerabilities. For example, the openHab platform has been shown to suffer from limited device compatibility, which can prevent effective integration of IoT devices . This can result in unauthorized control over surveillance systems.","Internet of Things (IoT) refer to a group of smart devices connected over a common network which can improve the quality of our lives either via automation of various home chores e.g. switching on lights at certain pre-programmed hours or allowing remote control of home appliances. While IoT offers a promising future for automation, convenience and analytics, it currently faces many issues that prevent private industry or residential home owners from deploying them. Two major issues include security concerns and device incompatibilities among different IoT platforms. A recent research paper has exposed the insecurity of the SmartThings framework which allows over privileged access of third party apps to all capabilities of a SmartThings device. This combined with unsafe dynamic method invocation exposes home owners to dangerous manipulations of deployed IoT devices e.g. unlock a home. To overcome this vulnerability, users may choose an open source platform e.g. openHab. However, openHab suffers from limited device compatibility issue since it does not support most of the SmartThings devices. Thus, we propose our IoTOne solution which supports heterogeneous IoT devices and avoids both the security vulnerabilities and the limited device compatibilities issues. Our IoTOne solution also checks for security vulnerabilities before publishing IoTOne App.",Misrepresentation
s_99,"Artificial Intelligence and Machine Learning in Land Consolidation: AI in Land Management: Optimization and Decision-Making: Machine learning frameworks can optimize development strategies by analyzing well performance, spatial and temporal relationships, and other critical factors. This approach has been successfully applied in the Bakken Formation for optimizing well completion and spacing .","With hundreds of rigs running and thousands of wells producing in unconventional plays, more and more data becomes available every day and it is ever more tempting to apply machine learning techniques for unconventional development, be it to identify geology sweet spot, understand performance drivers and optimize development strategies such as well spacing, completion and production designs etc. However, most of the previous applications of machine learning are limited to either certain types of data or small areas of interest. Consequently, the results often lack the predictability or generalizability necessary to impact important development decisions. We developed a flexible, scalable and integrated machine learning framework to leverage all sources of data for the goal of optimizing unconventional resources development. The framework is built on a big data warehouse and on-demand capability to efficiently visualize and analyze large volumes of heterogeneous data. The most important pillar of the framework is the ability to transform all different types of data with fit-for-purpose methodologies to be closely related to the evaluation and prediction of well performance. This is enabled mechanistically by an interface to scripting languages such as R or Python for interactive data processing, validation and visualization. We also developed several innovative methodologies to overcome some common challenges in characterizing well performance and analyzing well spatial and temporal relationships in terms of well spacing, stacking and infill timing. Ultimately, all the data is regularized to be ready for machine learning. The framework enables a rich set of state-of-the-art machine learning techniques. More importantly, the integration of machine learning with geology, reservoir and development data in a visual environment enables very intuitive and interactive testing, validation and interpretation, which provides valuable insight and confidence for development decision making. The framework has been extensively employed in Permian Basin for important technical studies such as evaluation of new formation, optimization of well completion and spacing, and even PUD reserve booking compatible with SPEE recommended reliable technology. Field case studies clearly demonstrate the applicability and efficiency of the framework as well as the predictability and insights the machine learning techniques offer.",Entity error
s_1035,"Key Components: Antioxidants: Enzymatic Antioxidants: Superoxide dismutase, catalase, and selenium-containing glutathione peroxidase help protect against oxidative stress, and it is believed that these antioxidants may also play a role in enhancing cognitive development in infants during early life .","Milk contains plenty of enzymatic and non-enzymatic antioxidant components that probably account for the vital antioxidant protection of the infants at early stages of life against the development of complications induced by oxygen free radicals. Indigenous milk enzymes play a key role in regulating lactogenesis, including active involution of mammary gland. Moreover, they are essential constituents of antioxidation and the innate immune system of milk. Among antioxidant enzymes, superoxide dismutase, catalase and selenium-containing glutathione peroxidase have been demonstrated in human milk. Mainly, the enzyme content of colostrum is higher than that in corresponding mature milk. Beside lipophilic antioxidant in human milk, tocopherols, carotenoids and vitamin A are of great interest. Those components demonstrate the highest levels in colostrum and decline during early lactation, despite the fact that total lipids increase. The complete list of active antioxidant components in human milk is not yet known. This review reports the main findings of enzymatic and non-enzymatic antioxidants, as well as antioxidant capacity of human milk. Synergism of action of several antioxidants helps to eliminate free radicals in newborns. Bearing in mind that milk contains a number of antioxidants, many reactions are possible and it is difficult to define the exact contribution and function of each antioxidant. Besides qualitative and quantitative analysis of human milk antioxidants, the measurement of total antioxidant capacity could be a useful tool for examination of this dynamic, complex fluid.",Related but unverifiable
s_1127,"Potential Functions of Collagen-Derived Proline in Bone Metastatic Cancer Dormancy: Collagen-derived proline, particularly through its role in collagen stability and structure, can significantly influence the dormancy and reactivation of bone metastatic cancer cells. Collagen I (Col-I) is a major component of the bone matrix and has been shown to play a critical role in the dormancy-to-proliferation switch of metastatic cancer cells. The interaction between Col-I and cancer cells can activate signaling pathways that lead to cytoskeletal reorganization and cell proliferation .","Breast cancer that recurs as metastatic disease many years after primary tumor resection and adjuvant therapy seems to arise from tumor cells that disseminated early in the course of disease but did not develop into clinically apparent lesions. These long-term surviving, disseminated tumor cells maintain a state of dormancy, but may be triggered to proliferate through largely unknown factors. We now show that the induction of fibrosis, associated with deposition of type I collagen (Col-I) in the in vivo metastatic microenvironment, induces dormant D2.0R cells to form proliferative metastatic lesions through β1-integrin signaling. In vitro studies using a three-dimensional culture system modeling dormancy showed that Col-I induces quiescent D2.0R cells to proliferate through β1-integrin activation of SRC and focal adhesion kinase, leading to extracellular signal-regulated kinase (ERK)-dependent myosin light chain phosphorylation by myosin light chain kinase and actin stress fiber formation. Blocking β1-integrin, Src, ERK, or myosin light chain kinase by short hairpin RNA or pharmacologic approaches inhibited Col-I-induced activation of this signaling cascade, cytoskeletal reorganization, and proliferation. These findings show that fibrosis with Col-I enrichment at the metastatic site may be a critical determinant of cytoskeletal reorganization in dormant tumor cells, leading to their transition from dormancy to metastatic growth. Thus, inhibiting Col-I production, its interaction with β1-integrin, and downstream signaling of β1-integrin may be important strategies for preventing or treating recurrent metastatic disease. ©2010 AACR.
[2]: The most frequent site of prostate cancer metastasis is the bone. Adhesion to bone-specific factors may facilitate the selective metastasis of prostate cancer to the skeleton. Therefore, we tested whether prostate cancer bone metastasis is mediated by binding to type I collagen, the most abundant bone protein. We observed that only bone metastatic prostate cancer cells bound collagen I, whereas cells that form only visceral metastases failed to bind collagen. To confirm the relationship between collagen adhesion and bone metastatic potential, a collagen-binding variant of human LNCaP prostate cancer cells was derived through serial passage on type I collagen (LNCaP <inf>col</inf>). Fluorescence-activated cell sorting analysis showed that LNCaP<inf>col</inf> cells express increased levels of the integrin collagen I receptor α<inf>2</inf>β<inf>1</inf> compared with LNCaP cells. Antibodies to the α<inf>2</inf>β<inf>1</inf> complex inhibited LNCaP<inf>col</inf> binding to collagen, confirming that integrins mediated the attachment. Correspondingly, LNCaP<inf>col</inf> cells displayed enhanced chemotactic migration toward collagen I compared with LNCaP cells, an activity that could be blocked with α<inf>2</inf>β<inf>1</inf> antibodies. To directly test the role of α<inf>2</inf>β<inf>1</inf>-dependent collagen binding in bone metastasis, LNCaP and LNCaP<inf>col</inf> cells were injected into the tibia of nude mice. After 9 weeks, 7 of 13 (53%) mice injected with LNCaP<inf>col</inf> developed bone tumors, whereas 0 of 8 mice injected with LNCaP cells had evidence of boney lesions. LNCaP<inf>col</inf> cells were found to express increased levels of the metastasis-promoting RhoC GTPase compared with parental LNCaP. We conclude that collagen I attachment mediated by α<inf>2</inf>β<inf>1</inf> initiates motility programs through RhoC and suggest a mechanism for prostate cancer metastasis to the bone. ©2006 American Association for Cancer Research.",Related but unverifiable
s_1480,Essential for growth and feed intake.  The recommended dietary Zn requirement is around 65 mg/kg up to day 14 and 70 mg/kg thereafter  .,"This review critically examines the literature on the current status of trace mineral nutrition and the effect of organically complexed trace minerals, focusing on copper (Cu), iron (Fe), manganese (Mn) and zinc (Zn), on broiler chicken production. The requirements of Cu, Fe, Mn and Zn by broiler chickens need to be redefined due to today's fast growing birds and the availability of organic trace minerals. Zn is one of the key trace minerals for chickens and although it maintains a relatively stable tissue concentration, dietary deficiency of Zn strongly depresses the feed intake, and hence the growth, of broiler chickens. Based on studies using a semiconventional diet, it is reasonable to conclude that the total Zn requirement for broiler chickens is around 60 mg/kg up until day 14 and 70 mg/kg from 14 day onwards, including the Zn content in the basal diet. However, it is difficult to determine the requirements of other organic trace minerals such as Cu, Fe and Mn because under a Zn adequate condition, it is impossible to produce deficient symptoms of these minerals on the basis of growth response. It also identifies gaps in knowledge of inorganic and organic trace mineral nutrition for the modern broiler chicken. © 2009 CSIRO.",Numeric error
s_142,"4. Comparison with Other Techniques: Deep Learning Approaches: Traditional methods like deep learning approaches require predefined initial conditions and are sensitive to noise and artifacts, which can lead to suboptimal segmentation .","Segmentation of ultrasound images is a challenging task due to the lower contrast and the speckle noise. Active contour is one of the most widely used techniques for ultrasound image segmentation. This method has drawbacks such as the predefined initial curve position and the number of contour points to be considered. A new active contour segmentation for extracting the intima media layer and plaque in the Common Carotid Artery (CCA) ultrasound images is presented in this paper. This paper has proposed a fuzzy weighted graph based active contour segmentation technique to overcome all these drawbacks. The proposed method is used for segmenting Intima-Media Thickness (IMT) and plaque in common carotid artery B-mode ultrasound images to assess the risk of stroke in the human subject under investigation. Using canny edge detection and connected component analysis methods, the initial contour was determined and applied as input to the proposed active contour segmentation algorithm. The proposed algorithm was compared with five conventional methods. Experimental results prove that the proposed approach has produced better results than traditional methods. The overall probability of error achieved by the proposed algorithm was 5.28%, which was very less compared to other conventional methods.
[4]: Uterine fibroids segmentation in ultrasound images is of great importance in the definition of intra-operative planning of ultrasound-guided high-intensity focused ultrasound (HIFU) therapy. However, it is challenging to obtain accurate, robust and efficient uterine fibroid segmentation due to low quality of ultrasound images. In this study, the authors propose a novel adaptive localised region and edge-based active contour model using shape constraint and sub-global information to accurately and efficiently segment the uterine fibroids in ultrasound images with robustness against initial contour. The authors first define adaptive local radius for the localised region-based model and combine it with the edge-based model to accurately and efficiently capture image's heterogeneous features and edge features. Then, they incorporate a shape constraint to reduce boundary leakage or excessive contraction to obtain more accurate segmentation. To overcome the initialisation sensitivity, they introduce the sub-global information to prevent the curve from trapping into the local minima and obtain robust results. Furthermore, the authors optimise computation by adaptively sharing local region and employing the multi-scale segmentation method to achieve efficient segmentation. The proposed method is validated by uterine fibroid ultrasound images in HIFU therapy and the results demonstrate that it can achieve accurate, robust and efficient segmentation.",Related but unverifiable
s_1343,"4.  -  Targets the IL-4 receptor, inhibiting IL-4 and IL-13 signaling pathways .","Bullous pemphigoid (BP) is an autoimmune blistering disorder that predominantly affects the elderly. Treatment regimens typically include topical and systemic immunosuppressive medications. Although effective, systemic corticosteroids are sometimes poorly tolerated in the elderly patient, contributing to the overall morbidity and mortality of BP. Dupilumab is a monoclonal antibody targeting interleukin 4 receptor alpha (IL4Rα), approved for the treatment of atopic dermatitis, as well as moderate to severe asthma and chronic rhinosinusitis with nasal polyposis. In recent reports, dupilumab has been successfully used off-label to treat a variety of pruritic disorders, including chronic spontaneous urticaria [1], anal and genital itch [2], allergic contact dermatitis [3], and prurigo nodularis [4, 5]. We report here a case of an elderly patient with refractory BP whose symptoms of pruritus and blistering became well-controlled with the addition of dupilumab to the treatment regimen.",Related but unverifiable
s_683,"Challenges and Considerations: Data Quality and Training: One of the challenges in implementing AI in HVAC systems is the quality and specificity of the training data. FDAs trained on specific data sets may not perform well in real-world applications without further adjustments and improvements. Additionally, it is possible that incorporating user feedback into the training process could enhance the adaptability of FDAs in diverse operational environments, although this remains to be empirically validated .","Buildings are responsible for a large portion of the overall energy consumption. With the rising penetration of renewable energies, the heating and cooling demand of buildings will be increasingly satisfied by heat pumps. However, faults in the heat pump systems reduce energy efficiency or cause system failure, leading to an increased demand for primary energy. Hence, fault detection algorithms (FDA) are used to identify faults before system failure or efficiency deterioration occurs. With the rise of artificial intelligence and big data as well as more detailed monitoring systems, data-driven FDA have become a focus of research in recent years, showing promising results with acceptable effort. However, studies often use specific training data sets, thus generating FDAs adapted to a specific experimental system. In this paper, we investigate whether FDAs trained on a fault data set gathered with a laboratory heat pump system can be deployed on a real-world application system without the need for expensive modifications. We also investigate a big data approach, in which we use data collected over an extended period of time to train the FDAs. To this end, we use a data set kindly provided by the National Institute of Standards and Technology (NIST) containing data for typical heat pump failures measured on a specially outfitted air-water heat pump. From this data, we extract a series of features as input for the FDAs and evaluate the importance of those features for the FDAs. We train the algorithms to detect faults on the NIST data set, and transfer the fitted FDAs to our own measurement data. The results show that the trained FDAs perform very well on the NIST data set, but poorly on the real-world data set. We identify several reasons for the FDAs' poor performance and derive mitigating actions. We believe that big data approaches for FDAs are facing several issues beyond the simple gathering of large data quantities, especially the labelling of occurred faults and completeness of the data set.",Related but unverifiable
s_1472,"Considerations for Use in Aquaculture. Environmental Impact: The release of Cu-NPs into aquatic environments requires careful monitoring to prevent ecological harm. Studies have shown that Cu-NPs can accumulate in fish tissues, leading to potential long-term impacts .","In a pilot scale study, silver and copper nanoparticles were synthesized from two different plant sources viz Flacourtia indica and Prosopsis juliflora. The in vivo toxicity of silver and copper nanoparticles was tested on Danio rerio (Zebra fish) under different concentrations (1 ppm, 10 ppm and 100 ppm). Through the investigation, the nanoparticles treated fishes developed with hyper pigmentation in the ventral region. The minimum lethal concentration required to bring lethality caused by silver nanoparticle was 10 ppm whereas for copper nanoparticles it was 1 ppm. Further, the concentration of silver and copper nanoparticles accumulated inside the fish was evaluated by Atomic Absorption Spectroscopy. The in vivo concentration of silver and copper nanoparticles steadily increases with increase in dosage of nanoparticles being tested.",Entailment
i_1967,"Implications: Mitigation and Adaptation: Addressing global warming requires both mitigation (reducing greenhouse gas emissions) and adaptation (preparing for and managing the impacts). Strategies include transitioning to renewable energy sources, enhancing energy efficiency, and developing resilient infrastructure. Additionally, the integration of advanced technologies such as carbon capture and storage could play a crucial role in future climate strategies, although their effectiveness remains to be fully validated .","Scientific research confirms that global warming is the result of direct and indirect human activities that determines changes in composition of the global atmosphere and which overlap to natural climate variability observed over comparable period of time. The risk of serious climate change impacts suggests that urgent action is necessary to significantly reduce GHG emissions in the coming decades. The paper objectives are the development and evaluation of mitigation/adaptation (M/A) policy portfolios and the prioritisation of research needs and gaps. In this article, the authors developed three mitigation/adaptation climate change policy scenarios for Romania: Business as Usual (BAU), Optimistic (OPT) and Pessimistic (PES). The result of the assessment presents the best policy portfolio for Romania, in terms of achieving the national 2020 targets meaning 20% emission reductions (base year 1989), 19% increase of the energy efficiency (base year 2005) and 24% share of RES in the final energy consumption.
[3]: Global warming which is a natural phenomenon has given rise to climate change as a result of man's contribution to this phenomenon. The roles of humans to global warming in two-fold: Firstly, through industrial activities which have caused increase in the concentration of CO<inf>2</inf> and other green house gases thereby exacerbating the degree of global warming of the Earth's atmosphere to dangerous levels. The second concern is the denuding of Earth's of the Earth's forest; thereby reducing the Earth's potential to absorb the increase in CO<inf>2</inf>. Other effects are loss of biodiversity, desertification, genetic erosion, loss of soil fertility and flooding. The way out of the challenge is basically through adaptation and mitigation. Impacts of climate change are now inevitable hence the need to develop stress and drought tolerant species/varieties. Afforestation programs, Community forestry, Agroforestry practices would serve as mitigation strategies for this harmful global phenomenon. This paper therefore highlights some negative effects of climate change on food security, health, biodiversity and the threats they pose on Nigeria. It also looked into likely causes of climate change and the role of forest trees on how they mitigate the effects of climate change. © 2010 IEEE.",Related but unverifiable
s_1316,"Key Findings: Gait and Biomechanics: In patients with total hip arthroplasty (THA), changes in ankle pushoff during walking exercises can influence hip biomechanics. Decreased ankle pushoff leads to increased hip flexor power absorption, indicating a compensatory relationship between the ankle and hip joints during movement . This implies that ankle discomfort could alter hip joint mechanics and vice versa.","[5] Introduction: Changes occur in muscles and nerves with aging. In this study we explore the relationship between unipedal stance time (UST) and frontal plane hip and ankle sensorimotor function in subjects with diabetic neuropathy. Methods: UST, quantitative measures of frontal plane ankle proprioceptive thresholds, and ankle and hip motor function were tested in 41 subjects with a spectrum of lower limb sensorimotor function ranging from healthy to moderately severe diabetic neuropathy. Results: Frontal plane hip and ankle sensorimotor function demonstrated significant relationships with UST. Multivariate analysis identified only composite hip strength, ankle proprioceptive threshold, and age to be significant predictors of UST (R<sup>2</sup> = 0.73), explaining 46%, 24%, and 3% of the variance, respectively. Conclusions: Frontal plane hip strength was the single best predictor of UST and appeared to compensate for less precise ankle proprioceptive thresholds. This finding is clinically relevant given the possibility of strengthening the hip, even in patients with significant peripheral neuropathy. [15] Background: Leg length discrepancy (LLD) is common after total hip arthroplasty (THA) with a plethora of clinical consequences. The associations between symptomatic (sLLD; disturbing perception of anatomical leg length discrepancy), anatomical (aLLD; side difference in leg length between the center of rotation of the hip and the center of the ankle joint) and intraarticular (iLLD; side difference between the tear drop figure and the most prominent point of the trochanter minor) LLD and lower back have not yet been reported in the literature. We performed a retrospective study to answer if postoperative (1) symptomatic LLD, (2) anatomic LLD, and (3) a change in intraarticular leg length are associated with lower back pain in patients undergoing THA. Further, we aimed to answer (4) whether symptomatic LLD is associated with the magnitude of anatomical LLD and the change in intraarticular leg length. Hypothesis: LLD after THA is associated with lower back pain. Materials and methods: Seventy-nine consecutive patients were retrospectively analyzed for the presence of aLLD and iLLD using EOS™ and X-rays, and were interviewed for the presence of sLLD and lower back pain using a questionnaire 5 years after primary THA. Results: Postoperative new onset of lower back pain was reported by 9 (11%) patients. Twenty (25%) patients reported sLLD. Anatomical LLD > 5 mm was present in 44 (56%) (median 8.0 (IQR -3.0 to 12.0; range -22 to 22) mm) and > 10 mm in 17 (22%) (median 12.0 (IQR 11.0 to 16.5; range -22 to 22) mm) patients. iLLD changed > 5 mm in 44 (56%) (median 8.5 (IQR 7.0 to 10.0; range -8 to 18) mm) and > 10 mm in 10 (13%) (median 14.0 (IQR 12.5 to 14.5; range 11 to 18) mm). New onset lower back pain was associated with sLLD (p = 0.002) but not with aLLD or iLLD. Patients without preoperative lower back pain had a statistically significant association between presence of sLLD and an aLLD of > 10 mm (p = 0.01). Conclusions: Symptomatic LLD after primary THA is associated with postoperative new onset of lower back pain irrespective of the magnitude of LLD. In patients without lower back pain prior to THA, symptomatic LLD is associated with anatomical LLD of more than 10 mm. Level of evidence: IV.",Related but unverifiable
s_28,"Benefits: Enhanced Decision-Making: By extracting and structuring relevant clinical information, AI can support healthcare providers in making informed decisions about patient care and follow-up .","In secondary analysis of electronic health records, a crucial task consists in correctly identifying the patient cohort under investigation. In many cases, the most valuable and relevant information for an accurate classification of medical conditions exist only in clinical narratives. Therefore, it is necessary to use natural language processing (NLP) techniques to extract and evaluate these narratives. The most commonly used approach to this problem relies on extracting a number of clinician-defined medical concepts from text and using machine learning techniques to identify whether a particular patient has a certain condition. However, recent advances in deep learning and NLP enable models to learn a rich representation of (medical) language. Convolutional neural networks (CNN) for text classification can augment the existing techniques by leveraging the representation of language to learn which phrases in a text are relevant for a given medical condition. In this work, we compare concept extraction based methods with CNNs and other commonly used models in NLP in ten phenotyping tasks using 1,610 discharge summaries from the MIMIC-III database. We show that CNNs outperform concept extraction based methods in almost all of the tasks, with an improvement in F1-score of up to 26 and up to 7 percentage points in area under the ROC curve (AUC). We additionally assess the interpretability of both approaches by presenting and evaluating methods that calculate and extract the most salient phrases for a prediction. The results indicate that CNNs are a valid alternative to existing approaches in patient phenotyping and cohort identification, and should be further investigated. Moreover, the deep learning approach presented in this paper can be used to assist clinicians during chart review or support the extraction of billing codes from text by identifying and highlighting relevant phrases for various medical conditions.",Related but unverifiable
i_149,"AI-oriented data management frameworks can optimize data governance, execution engines, and declarative language models to handle dark data more effectively .","Artificial intelligence has been widely used in various scenarios due to its powerful learning and generalization ability. However, most of the existing AI techniques are facing three major challenges. First, existing AI techniques are hard to use for ordinary users, which depends on AI experts to select appropriate models, choose reasonable parameters and write programs, so it is difficult to be widely used in non-IT fields. Second, the training efficiency of existing AI algorithms is low, resulting in a lot of waste of computing resources, even delaying decision-making opportunities. Third, existing AI techniques are strongly dependent on high-quality data. If the data quality is low, it will make error decisions. The database technology can effectively solve these three problems, and AI-oriented data management has been widely studied. Firstly, this paper gives the overall framework of data management in AI. Then, it presents a detailed overview of AI-oriented declarative language model, AI-oriented optimization, AI-oriented execution engine, and AI-oriented data governance. Finally, the future research directions and challenges are provided.",Related but unverifiable
s_1573,"Active Compounds in Cocoa Pod Husk: Cocoa pod husk hemicellulose hydrolysate (CPHHH) can be used for the production of xylitol by certain yeast strains, indicating the presence of fermentable sugars and other compounds that support microbial growth .","[10] In Colombia, the cocoa pod husk (CPH) is expected to reach 2 100 000 t year<sup>-1</sup> in 2021 which is usually burned or left over for decomposing outdoors at the plantations without any environmental control. Therefore, this study evaluated the energetic potential of CPH obtained after the initial processing of this fruit (Theobroma cacao L.). Three biological materials were analyzed: clone CCN-51 (CPH<inf>1</inf>), clone ICS-39 (CPH<inf>2</inf>) and a hybrid (CPH<inf>3</inf>), which present high yield and number of fruits per tree. The samples were examined by using different characterization techniques for raw biomass and ashes; in addition to the ultimate, proximate and heating value analyses, different fouling indexes were determined in order to estimate the phenomena of solids formation inside the reactor when combustion or gasification is used as a thermochemical valorization process. The Colombian CPHs contain relatively homogeneous levels of C, H and O, but very heterogeneous ash contents (1.4 to 12.9 wt %). The three studied samples showed high content of K<inf>2</inf>O in ashes (67 to 74 wt %). The higher heating value (HHV) ranged from 15 395 to 16 670 kJ kg<sup>-1</sup>. Furthermore, the fouling index and the fusibility analysis suggest the appearance of agglomeration and sintering phenomena when CPH is used as a fuel. The gasification is proposed as the process with major possibilities for the energetic use of CPH. CPH<inf>1</inf> sample seems to allow a more stable and flexible operation, as compared to CPH<inf>2</inf> and CPH<inf>3</inf>.",Related but unverifiable
