ID,claim_clean,reference_clean,predict
s_1970,"Methods for Assigning Weights to Environmental Factors: Arithmetic Mean Model (AMM): Description: AMM calculates the HSI by averaging the suitability scores of different environmental variables. Application: This model was found suitable for predicting Chub mackerel habitat in the East China Sea based on SST, salinity, Chl-a, and SSHA . It can be adapted for skipjack tuna by selecting appropriate environmental variables.","The habitat quality of Chub mackerel (Scomber japonicus) in the East China Sea has been a subject of concern in the last 10 years due to large fluctuations in annual catches of this stock. For example, the Chinese light-purse seine fishery recorded 84000 tons in 1999 compared to 17000 tons in 2006. The fluctuations have been attributed to variability in habitat quality. The habitat suitability Index (HSI) has been widely used to describe fish habitat quality and in fishing ground forecasting. In this paper we use catch data and satellite derived environmental variables to determine habitat suitability indices for Chub mackerel during July to September in the East China Sea. More than 90% of the total catch was found to come from the areas with sea surface temperature of 28.0°-29.4°C, sea surface salinity of 33.6-34.2 psu, chlorophyll-a concentration of 0.15-0.50 mg/m<sup>3</sup> and sea surface height anomaly of -0.1-1.1 m. Of the four conventional models of HSI, the Arithmetic Mean Model (AMM) was found to be most suitable according to Akaike Information Criterion analysis. Based on the estimation of AMM in 2004, the monthly HSIs in the waters of 123°-125°E and 27°30′-28°00′ N were more than 0.6 during July to September, which coincides with the catch distribution in the same time period. This implies that AMM can yield a reliable prediction of the Chub mackerel's habitat in the East China Sea. © Springer Science+Business Media B.V. 2009.",Related but unverifiable
s_758,"Obstacles in Shifting to Digital Methods: Technical and Resource Constraints: Digital rendering and modeling can be resource-intensive, requiring significant computational power and specialized hardware .","The Method of Moments (MoM) technique is the backbone of all computational methods for the modeling and simulation of complex systems. With applications including fluid mechanics, electromagnetics, and fracture modeling, MoM is versatile and has laid the foundation for modern optimization methods. Modeling and simulation is absolutely necessary for the success of all complex engineering problems of today. Unfortunately, the size and complexity of some problems cause computations to be extremely time consuming. Even with optimized MoM methods, such as the Fast Multipole Method (FMM), some simulations can take days or weeks to complete with acceptable accuracy. Due to the limitations of traditional CPU hardware, research has been expanding to develop computation methods for Graphics Processing Unit (GPU) hardware. The GPU, which refers to the commodity off-the-shelf 3D graphics card, is specifically designed to be extremely fast at processing large graphics data sets (e.g., polygons and pixels). The computational power of today's commodity GPUs has exceeded that of PC-based CPUs. As the semiconductor fabrication technology advances, GPUs can use this additional hardware capability much more efficiently for computation than CPUs by increasing the number of computational pipelines (database, software networking modules and computational power). Additionally, many of the complex applications for MoM have computational patterns which are easily parallelizable and hence can be accelerated on commodity GPUs, achieving near real-time computation on ordinary PCs and laptops. This means that computational intensive modeling and simulation using GPUs is now becoming a realistic design tool. This paper presents the process and results of creating Method of Moments software that utilizes the parallelization benefits of GPU hardware. Written in a GPU language, CUDA, this software shows great potential for the future of complex modeling and simulation. © 2011 IEEE.
[11]: As the demand for machine learning, edge computing, and the Internet of Things technology increases, computing efficiency and energy consumption has become an important basis for computing choices. Although the graphics processing unit(GPU) has a high degree of parallel computing capability, its energy consumption is large, and the data transmission is limited by the system bus bandwidth. Therefore, our laboratory previously proposed the Brain Memory Architecture prototype architecture, which integrates FPGA and memory as a computing architecture, which has the advantages of high-efficiency, and low-power computing and does not require data exchange through the system bus. Based on this prototype architecture, this paper constructs the Brain Memory Architecture HW/SW Co-Design Platform (BMCD platform) to provide a good user interface so that users can easily build a hardware and software collaborative design computing environment. Through the library provided by the platform to establish the data transmission and calculation between acceleration hardware and memory to solve the bandwidth limitation of the traditional system bus. In this platform, the AXI4-stream interconnect core is provided as a standard interface for data handshaking with acceleration hardware, which reduces user design complexity and maintains the scalability of connection with other computing IP cores. In platform evaluation, design and adaptive CNN algorithm for hardware and software design platform, provide data quantization methods to reduce data bits to reduce the required data bandwidth and storage space and propose a dynamic adjustment algorithm for integer and decimal ratios to correct the accuracy and design problems that may be caused by data quantization. With this adaptive CNN algorithm architecture and BMCD platform to construct a rapid data transmission. This paper finally analyzes the comparison of the weight transmission time of different CNN models with the CPU and the GPU. The method proposed in this paper can reach about 20 times faster than the CPU and about 10 times faster than the GPU.",Entailment
i_720,Optimization Techniques: Sequential Linear Programming: This algorithm is primarily used in integrated control-structural design optimization to solve all vibration control problems effectively .,"Based on the design sensitivity analysis for structural dynamics in time domain, an integrated control-structural design optimization method is proposed to the vibration control of piezoelectric intelligent truss structure. In this investigation, the objective function and constraint functions include not only the conventional design indexes of structure but also the vibration control indexes and the feedback control variables. The structural design variables are optimized simultaneously with the vibration control system. The sensitivity relations for the control-structure optimization model are derived by using a new method, and the sequential linear programming algorithm is used to solve this kind of optimization problem. The numerical examples given in the paper demonstrate the effectiveness of methods and the program. © 2008 Springer-Verlag.",Misrepresentation
s_131,Text data mining and pattern recognition can be used to analyze user behavior and optimize library services .,"The main purpose of this paper is to assess and examine the possible application of Artificial Intelligence (AI) tools in Pakistani academic libraries, particularly those areas of library technical and library user services where AI could be applied in the near future. A secondary purpose is to bring the library perspective on AI to the forefront of the scholarly world. This is a self-exploratory study, in which a qualitative approach interview has been conducted with 10 chief librarians/library heads (5 public + 5 private sectors) from universities regarding their views on the adoption of artificial intelligence tools in Pakistani academic libraries. Results are tabulated in a descriptive format. Librarians are aware of AI technologies. Services based on Natural Language Processing (NLP) are used in libraries, e.g. Google Assistant, Voice Searching, and Google Translate. Pattern recognition methods, such as text data mining, are also used to retrieve library material and conduct online searching. Big data is accessed via services such as cloud computing, OneDrive, and Google Drive. There is a very low level of awareness of robotics and chatbots. This study provides librarians with suggestions as to how AI tools could be used in libraries which either have yet to adopt AI technologies or wish to implement more advanced tools. Pakistani library schools could collaborate with computer science departments to establish AI Labs in the respective library and information science (LIS) departments/libraries. AI challenges funding and technological skills are the key problem to implement with AI in the University Libraries.
[9]: Aim/Purpose The aim of this paper is to analyze various text classification techniques employed in practice, their strengths and weaknesses, to provide an improved awareness regarding various knowledge extraction possibilities in the field of data mining. Background Artificial Intelligence is reshaping text classification techniques to better acquire knowledge. However, in spite of the growth and spread of AI in all fields of research, its role with respect to text mining is not well understood yet. Methodology For this study, various articles written between 2010 and 2017 on ""text classification techniques in AI"", selected from leading journals of computer science, were analyzed. Each article was completely read. The research problems related to text classification techniques in the field of AI were identified and techniques were grouped according to the algorithms involved. These algorithms were divided based on the learning procedure used. Finally, the findings were plotted as a tree structure for visualizing the relationship between learning procedures and algorithms. Contribution This paper identifies the strengths, limitations, and current research trends in text classification in an advanced field like AI. This knowledge is crucial for data scientists. They could utilize the findings of this study to devise customized data models. It also helps the industry to understand the operational efficiency of text mining techniques. It further contributes to reducing the cost of the projects and supports effective decision making. Findings It has been found more important to study and understand the nature of data before proceeding into mining. The automation of text classification process is required, with the increasing amount of data and need for accuracy. Another interesting research opportunity lies in building intricate text data models with deep learning systems. It has the ability to execute complex Natural Language Processing (NLP) tasks with semantic requirements. Recommendations Frame analysis, deception detection, narrative science where data expresses a for Practitioners story, healthcare applications to diagnose illnesses and conversation analysis are some of the recommendations suggested for practitioners. Recommendation Developing simpler algorithms in terms of coding and implementation, better for Researchers approaches for knowledge distillation, multilingual text refining, domain knowledge integration, subjectivity detection, and contrastive viewpoint summarization are some of the areas that could be explored by researchers. Impact on Society Text classification forms the base of data analytics and acts as the engine behind knowledge discovery. It supports state-of-the-art decision making, for example, predicting an event before it actually occurs, classifying a transaction as 'Fraudulent' etc. The results of this study could be used for developing applications dedicated to assisting decision making processes. These informed decisions will help to optimize resources and maximize benefits to the mankind. Future Research In the future, better methods for parameter optimization will be identified by selecting better parameters that reflects effective knowledge discovery. The role of streaming data processing is still rarely explored when it comes to text classification.",Related but unverifiable
i_1768,GWP is crucial for climate policies and regulations as it helps in setting targets for GHG reductions and in evaluating the effectiveness of mitigation strategies .,"Purpose: The common practice of summing greenhouse gas (GHG) emissions and applying global warming potentials (GWPs) to calculate CO<inf>2</inf> equivalents misrepresents the global warming effects of emissions that occur over a product or system's life cycle at a particular time in the future. The two primary purposes of this work are to develop an approach to correct for this distortion that can (1) be feasibly implemented by life cycle assessment and carbon footprint practitioners and (2) results in units of CO<inf>2</inf> equivalent. Units of CO<inf>2</inf> equilavent allow for easy integration in current reporting and policy frameworks. Methods: CO<inf>2</inf> equivalency is typically calculated using GWPs from the Intergovernmental Panel on Climate Change. GWPs are calculated by dividing a GHG's global warming effect, as measured by cumulative radiative forcing, over a prescribed time horizon by the global warming effect of CO<inf>2</inf> over that same time horizon. Current methods distort the actual effect of GHG emissions at a particular time in the future by summing emissions released at different times and applying GWPs; modeling them as if they occur at the beginning of the analytical time horizon. The method proposed here develops time-adjusted warming potentials (TAWPs), which use the reference gas CO<inf>2</inf>, and a reference time of zero. Thus, application of TAWPs results in units of CO<inf>2</inf> equivalent today. Results and discussion: A GWP for a given GHG only requires that a practitioner select an analytical time horizon. The TAWP, however, contains an additional independent variable; the year in which an emission occurs. Thus, for each GHG and each analytical time horizon, TAWPs require a simple software tool (TAWPv1.0) or an equation to estimate their value. Application of 100-year TAWPs to a commercial building's life cycle emissions showed a 30 % reduction in CO<inf>2</inf> equivalent compared to typical practice using 100-year GWPs. As the analytical time horizon is extended the effect of emissions timing is less pronounced. For example, at a 500-year analytical time horizon the difference is only 5 %. Conclusions and recommendations: TAWPs are one of many alternatives to traditional accounting methods, and are envisioned to be used as one of multiple characterizations in carbon accounting or life cycle impact assessment methods to assist in interpretation of a study's outcome. © 2012 Springer-Verlag.
[2]: Energy technologies emitting differing proportions of methane (CH<inf>4</inf>) and carbon dioxide (CO<inf>2</inf>) vary significantly in their relative climate impacts over time, due to the distinct atmospheric lifetimes and radiative efficiencies of the two gases. Standard technology comparisons using the global warming potential (GWP) with a fixed time horizon do not account for the timing of emissions in relation to climate policy goals. Here we develop a portfolio optimization model that incorporates changes in technology impacts based on the temporal proximity of emissions to a radiative forcing (RF) stabilization target. An optimal portfolio, maximizing allowed energy consumption while meeting the RF target, is obtained by year-wise minimization of the marginal RF impact in an intended stabilization year. The optimal portfolio calls for using certain higher-CH<inf>4</inf>-emitting technologies prior to an optimal switching year, followed by CH<inf>4</inf>-light technologies as the stabilization year approaches. We apply the model to evaluate transportation technology pairs and find that accounting for dynamic emissions impacts, in place of using the static GWP, can result in CH<inf>4</inf> mitigation timelines and technology transitions that allow for significantly greater energy consumption while meeting a climate policy target. The results can inform the forward-looking evaluation of energy technologies by engineers, private investors, and policy makers.",Opposite meaning
s_274,"6. OpenNLP and CoreNLP: Purpose: NLP tasks including tokenization, sentence splitting, and named entity recognition. Use Case: Can be used for preprocessing text data in translation systems .","Natural Language Processing (NLP) is a key area of Artificial Intelligence (AI) that plays a critical role in many intelligent applications. To work on NLP, users can choose different Libraries, depending on their familiarity with a particular programming language. In this paper, we are focusing on Python and Java programming languages because of their libraries'richness in the Arabic Natural Language Processing (ANLP) and deep learning (DL) specifically.This paper presents a comparative study of some well-known ANLP and DL libraries considered to be the most valuable Arabic-supporting Python and Java libraries that can suitably deal with the specificities of the Arabic language. We will first focus on some libraries that are most commonly used in NLP tasks, namely NLTK, Gensim, OpenNLP, CoreNLP and GATE. Then, we will present some open-source DL libraries that are considered to be the most powerful DL libraries for ANLP, including TensorFlow, Theano, Keras and DeepLearning4j. These libraries simplify complex jobs and make data integration much easier with fewer codes and in less time.",Related but unverifiable
s_787,"3-D Imaging: Techniques such as 3-D crack analysis using CT scanners can diagnose the causes and degrees of pavement damage, providing detailed insights into the structural integrity of each pavement layer, and it is likely that these techniques could also be adapted for use in assessing the durability of other construction materials beyond pavement .","Currently, the quality of pavement is evaluated by examining the surface deformation and deflection, either visually, or by an automated pavement surface measuring device. However, these methods evaluate only the pavement surface or estimate the quality of each layer. In this study, we developed a technique for three-dimensionally diagnosing the causes and degrees of pavement damage. A 3-D crack analysis of each sample was conducted using a CT scanner and a 3-D void analysis program. 3-D images of in-situ specimens showed that longitudinal cracking occurred not from the surface or bottom, but from within the pavement. The technique can thus be used to directly identify the 3-D pavement damage of each layer; it can easily and precisely diagnosis the position and level of damage in asphalt concrete pavement.",Related but unverifiable
s_2036,"Impact of Indonesian Cuisine: Diverse Food Preparation Methods: Traditional methods of food preparation, which often involve frying and the use of dairy products, further increase the FOG content in the sewer systems .","Indonesia is the largest archipelago blessed with one of the richest mega-biodiversities and also home to one of the most diverse cuisines and traditional fermented foods. There are 3 types of traditional dairy foods, namely the butter-like product minyak samin; yogurt-like product dadih; and cheese-like products dali or bagot in horbo, dangke, litsusu, and cologanti, which reflect the culture of dairy product consumption in Indonesia.
[6]: This review revisits the Indonesian Bakso, a restructured meat product that is well preferred by wide ranges of social economy classes of the Indonesian community. Bakso has been a very good low-cost protein source for all. By understanding the complexity of the colloidal structure of Bakso that is constructed by the protein matrix and swelling starch granule interactions, it is also made clear in this review that Bakso has the potential for being more than just a low-cost protein source meal enjoyed by all. The colloidal complexities of the food system in Bakso allows it to entrap fortifications of bioactive compounds, bringing Bakso to the realm of functional foods. Various simple attempts have been made to improve the eating quality of Bakso by simple substitution of the starch with other plant-sourced starches that have functional properties. Effectiveness of these attempts had not scratched the surface of elevating Bakso into the functional food world, therefore it is an opened option to explore the potential of bringing encapsulation of functional components in this mini review processes into the mix. The variables in terms of bioactive functions, sources, polarities, solubilities and reactivities of the various compounds and encapsulating materials is still a large opportunity for further exploration. With encapsulation in play, this opens the doors of refitting Bakso with more varieties of bioactive compounds, and the elements of modifications that can be made to elevating Bakso in the functional food world.",Related but unverifiable
s_548,"Corrosion Resistance: FRC does not suffer from corrosion issues that affect steel rebar, which is a significant advantage in reducing long-term maintenance costs .","Civil infrastructure around the world is in a state of utter disrepair and significant efforts are needed on the part of all stakeholders to render our failing infrastructure back to a serviceable and safe state. The root of the problem is at the apparent lack of durability in our construction materials, inability on part of the owners to provide timely maintenance, absence of advanced condition assessment tools and lack of long-lasting, cost effective repair materials and technologies. This paper will present data to support the argument that fiber reinforced concrete (FRC) is an ideal material for achieving these goals. The paper also discusses smart fiber reinforced concrete materials carrying carbon fibers and carbon nano-tubes that possess sensing abilities. These materials can help us develop intelligent infrastructure with elegantly integrated sensing and health monitoring abilities. © 2013 Taylor & Francis Group, London, UK.
[10]: A continued process exists to implement innovative materials to enhance the sustainability and durability of the built infrastructure. Technologies developed over the last two decades have facilitated the use of glass fiber reinforced polymer (GFRP) composites as internal reinforcement bars (rebars) for concrete structures, which have proven to be an alternative to traditional steel reinforcement due to significant advantages, such as magnetic transparency and, most importantly, corrosion resistance, equating to durability and structural life extension. This study evaluated the durability of three different commercially available and most commonly used GFRP rebar types for resistance to aggressive environments, such as those experienced in coastal areas. In total, 216 specimens were exposed to seawater, at various temperatures (23, 40 and 60°C) for different time periods (60 and 120 days). The durability of these GFRP rebars was assessed by testing five different physio-mechanical properties, including: tensile strength, modulus of elasticity, transverse and horizontal shear strength, and bond-strength to concrete. Preliminary results show that the durability of the GFRP rebars after being exposed to seawater at different temperatures, varies considerably among the three different rebar types. Among the tested physio-mechanical properties, tensile strength suffered the highest degradation.",Related but unverifiable
s_500,"Circularization of Bed Material: Particle Size Distribution (PSD): The behavior of bed materials in circulating fluidized bed (CFB) boilers is significantly influenced by the particle size distribution. Smaller particles tend to have higher surface concentrations of elements like calcium (Ca), which is less volatile and thus remains in the bed material .","In this paper, the effect of the particle size distribution (PSD) of the bed material on alkali and alkaline earth metal behavior in circulating fluidized bed combustion of solid-recovered fuel was studied. The Sauter mean diameter, of the PSDs studied: Gaussian-, flat-, binary-, and narrow distributions, was 200 µm. The concentration of both alkali and alkaline earth metals was found to decrease with increasing particle size, both on the surface and the cross-section, except for the surface concentration for calcium (Ca) which showed the opposite trend for the Gaussian and flat PSDs, increasing from approximately 1.7%-w to above 3%-w. The total surface concentration varied from 2.1% for the binary PSD to 2.6% for the flat, while the cross-section concentration varied from 0.4% for the Gaussian PSD to 0.7% for the binary. Ca is less volatile than the other elements studied making it less prone to vaporize and leave the circulating fluidized beds with the flue gases and it was also the most abundant element in the fuel. The experimental results presented here indicate smaller variation in potassium, sodium, and magnesium behavior between the PSDs than for Ca and that particle size changing phenomena, such as attrition, influence it as well.",Opposite meaning
s_2139,"MPs are generated from the degradation of larger plastic debris through chemical, physical, and biological processes .","The presence of microplastics (MPs) in the atmosphere is becoming a global obstacle with infinite impacts on human health, agriculture, wildlife, and ecosystems. MPs are generated by the chemical, physical, and chemical degradation processes of plastic debris in roadside dumps and domestic waste. MPs that have contaminated the soil, sand, and water are reemitted into the atmosphere by the wind. Roadside dust is a major source of airborne microplastics. The aerodynamic shape of MPs favors long-distance transport, and pollution plumes also facilitate their transport and deposition. The abundance of airborne MPs depends on aerodynamics and environmental variables such as temperature, rainfall, humidity, human population density, local environment, and human activities. Wet and dry depositions of MPs contaminate water sources and food sources in the environment. Long-term ingestion of MPs into the human body via inhalation can adversely affect health. Additional field sampling and the implementation of standardized analytical protocols are required to identify the global distribution of atmospheric MPs and their potential effects on human health. This chapter discusses the sources, occurrence, pathways, and fate of airborne MPs in the environment, as well as their atmospheric chemistry. The potential health consequences of human MP exposure are discussed.
[2]: Microplastics (MP) are frequently detected in both aquatic (marine and freshwater) and atmospheric environments. The size of MP is usually < 5 mm. MP are considered as emerging contaminants. This chapter critically analyzes the recent developments on the occurrence and distribution of MP in aquatic and air environments. Extensive use of plastic products and improper management of plastic wastes lead to generation of MP upon exposure to environmental conditions. Environmental fate and transport of MP depend on their physical characteristics (size and density), existing aquatic conditions (water current and turbulence) and prevailing weather conditions (sunlight, rainfall and wind speed). MP exert ecotoxicity to aquatic biota, respiratory ailments upon inhalation of polluted air, and bioaccumulation in the food chain. Potential control strategies for reduction of MP levels in water and air include use of biodegradable plastic products, enhancement of plastic recycling contributing to circular economy, and removal through adsorption. Key knowledge gaps and future research directions are highlighted.",Related but unverifiable
i_1399,"Comparative Data: Key Points: Detection Bias: The increase in reported cases is primarily due to improved detection and diagnostic capabilities, suggesting that the actual incidence of brain tumors is not rising significantly .","In children, brain and spinal cord tumors account for approximately 25 % of all cancer (40–50 % of all pediatric solid tumors). Overall, they are second only to the leukemias in frequency. There have been reports of an increasing incidence of both adult and pediatric brain tumors which may, in part, be due to ""detection bias"" although some epidemiology groups suggest that the increases are real. The annual incidence is approximately 2–5 cases per 100,000 (1 in 2500 children aged 0–16), which translates to approximately 300–400 new cases being diagnosed in the UK per year.
[5]: Child mortality has declined remarkably during the last decades. While neonatal disorders, diarrhoea, pneumonia, and malaria as well as being underweight account for most of the child deaths worldwide, children's health discussions in Europe and the USA focus on other issues such as asthma, neurodevelopmental disorders, male genital malformations, and childhood cancer. There is clear evidence of increasing rates of asthma in various countries during the last decades, although rates in some countries may now have stabilised or even decline as recent UK data indicate. Although an increase in the frequency of neurodevelopmental disorders such as autism and attention deficit disorder has frequently been discussed, the limited data in this field does not justify such a conclusion. While geographic heterogeneity regarding reproductive outcomes is apparent, global trends have not been identified. Interpretation of the available information on asthma, neurodevelopmental disorders and reproductive outcomes is hampered by inconstant diagnostic criteria over place and time and the lack of good and comprehensive population-based surveillance data, which makes it impossible to ascertain trends in actual disease frequency. Data indicate that developed countries have a gradually increasing incidence in leukaemia with a corresponding drop in the incidence of lymphoma. Increases in brain tumour frequency may be related to the development and wide application of new diagnostic capabilities, rather than a true change in the incidence of malignant disease. With a better prognosis for childhood cancer survival, secondary cancers following chemotherapy appear to be increasing. A wide range of environmental factors is thought to have an impact on children's health. These factors include nutrition (protein, vitamins, antioxidants), lifestyle and behaviour choices such as tobacco and alcohol use, parental health, socio-economic status, choice of living environment (urban versus rural, etc.), and parent-sibling behaviour. From the available data, no general conclusions on the contribution of specific chemicals can be drawn. © 2006 Elsevier B.V. All rights reserved.",Entailment
i_1091,"Ethnic Differences: Ethnic background can influence the relationship between fat mass and insulin resistance. For instance, African Americans exhibit higher insulin resistance compared to Caucasians, even with similar body fat percentages. This is attributed to differences in fat distribution and adipocyte size .","Objective. South Asians are susceptible to insulin resistance even without obesity. We examined the characteristics of body fat content, distribution and function in South Asian men and their relationships to insulin resistance compared to Caucasians. Research Design and Methods. Twenty-nine South Asian and 18 Caucasian non-diabetic men (age 27,±3 and 27±3 years, respectively) underwent euglycemic-hyperinsulinemic clamp for insulin sensitivity, underwater weighing for total body fat, MRI of entire abdomen for intraperitoneal (IP) and subcutaneous abdominal (SA) fat and biopsy of SA fat for adipocyte size. Results. Compared to Caucasians, in spite of similar BMI, South Asians had higher total body fat (22±6 and 15±4% of body weight; p-value<0.0001), higher SA fat (3.5±1.9 and 2.2±1.3,kg, respectively, p-value=0.004), but no differences in IP fat (1.0±0.5 and 1.0±0.7 kg, respectively, p-value=0.4). SA adipocyte, cell size was significantly higher in South Asians (3491±1393 and 1648±864 μm2; p-value=0.0001) and was inversely correlated with both glucose disposal rate (r-value= -0.57; p-value=0.0008) and plasma adiponectin concentrations (r-value=-0.71, p-value<0.0001). Adipocyte size differences persisted even when SA was matched between South Asians and Caucasians. Conclusions, Insulin resistance in young South Asian men can be observed even without Increase in IP fat mass and is related to large SA adipocytes size. Hence ethnic excess in insulin resistance in South Asians appears to be related more lto excess truncal fat and dysfunctional adipose tissue than to excess visceral fat. © 2007 Chandalla et al.
[7]: Background: South Asians have a high prevalence of insulin resistance, which predisposes to type 2 diabetes. Rationale: In the current study, we examined whether insulin sensitivity in South Asian men and men of European descent (Europids) relates to truncal and lower body fat, number of adipocytes, and cell size distribution. Results: Fifteen South Asian men and 15 Europid young men with comparable body mass indexes completed assessments of insulin sensitivity, body composition analysis by dual-energy x-ray absorptiometry, and measurement of adipocyte cellularity in the subcutaneous abdominal (truncal) and gluteal (lower body) adipose tissue. The South Asians and the Europids had similar total body fat and fat contents in truncal and lower body regions. Compared to the Europids, the South Asians had a greater insulin resistance shown by fasting insulin, area-under-the-curve for postprandial insulin, oral glucose insulin sensitivity, homeostatic model assessment of insulin resistance, A-cell index, and triglyceride-tohigh- density lipoprotein ratio. The South Asians had similar number of adipocytes to the Europids, but the South Asians had significantly higher ratios of small-to-larger adipocytes. The South Asians further had a higher fraction of very large adipocytes. In both South Asians and Europids, truncal fat was positively associated with insulin resistance. In the South Asians but not in the Europids, lower body fat was associated with severity of insulin resistance. Conclusions: The results suggest first, a higher ratio of small-to-larger adipocytes in the South Asians consistent with a lesser lipid storage capacity of adipose tissue; and second, the positive association of lower body fat with insulin resistance in the South Asians implies that fat in their lower body worsens insulin resistance. This association was not observed in the Europids. © 2012 American Federation for Medical Research.",Related but unverifiable
s_1561,"Ecological Impact: The color polymorphism in Iris lutescens, primarily due to the presence of anthocyanins, significantly alters visual discrimination by pollinators such as bumblebees, suggesting that the color difference is the sole factor influencing pollinator behavior .","We describe a flower color polymorphism in Iris lutescens, a species widespread in the Northern part of the Mediterranean basin. We studied the biochemical basis of the difference between purple and yellow flowers, and explored the ecological and evolutionary consequences of such difference, in particular visual discrimination by insects, a potential link with scent emitted and the association between color and scent. Anthocyanins were found to be present in much greater concentrations in purple flowers than in yellow ones, but the anthocyanin composition did not differ between color morphs. Likewise, no quantitative difference in anthocyanin content was found between vegetative tissues of the two morphs. Floral anthocyanins were dominated by delphinidin 3-O-(p-coumaroylrutinoside)-5-O-glucoside (also called delphanin) and its aliphatic derivatives. Small amounts of delphinidin 3-O-(p-caffeoylrutinoside)- 5-O-glucoside and its aliphatic derivatives were also characterized. Based on a description of bumblebees' (one of the main pollinators of I. lutescens) color perception, purple and yellow flowers of I. lutescens could be visually discriminated as blue and blue-green, respectively, and likely by a wide variety of other insects. The overall chemical composition of the scent produced was not significantly different between morphs, being dominated by terpenoids, mainly myrcene, (E)-β-ocimene and limonene. A slight color-scent correlation was nevertheless detected, consistent with the shared biosynthetic origin of both pigments and volatile compounds. Therefore in this species, the difference in the amounts of pigments responsible for flower color difference seems to be the major difference between the two morphs. Pollinators are probably the main selective agent driving the evolution of flower color polymorphism in I. lutescens, which represents a suitable species for investigating how such polymorphism is maintained. © 2013 Elsevier Ltd. All rights reserved.",Misrepresentation
s_2070,"Farmers' perceptions of risk and their adaptive capacity are the sole determinants for implementing effective adaptation strategies, overshadowing other critical factors such as financial support and structural changes .","Nicaragua is one of the four countries most affected by climate change, and coffee production is expected to vastly shrink in some critical areas. This can have considerable effects on social structure since nearly a third of its working population depend on coffee for a living. Social perceptions of climate change and water pressures are a key issue in the public's acceptance of adaptation measures. Furthermore, the existing risk for crop production is not necessarily correlated with the farmers' awareness of that threat. This paper focuses on coffee producers' perception of risk and adaptive capacity for coffee crops in Nicaragua in response to climate change and water availability. We aim to analyze how dependent the producers are on water resources, and if this reliance affects their perception of risk and their expectations with regard to public and private support for dealing with adaptation. A survey of 212 representative farmers of the national population of farms in the country's two most important production areas was conducted for this purpose. We consider socio-economic and biophysical variables to explain the farmers' perceptions. Our findings show that experience and technical capacity are relevant to the adaptive capacity although smallholders do not always show high concern and their expectations with regard to external support are very low. The paper can be useful to prioritize the measures necessary for a greater level of involvement from stakeholders.
[6]: Climate change impacts threaten farmers' livelihoods and global food security. Adaptation to climate change can protect both farmers and our food supply. Structurational divergence theory (SD theory) provides a holistic framework to understand the unique contexts of groups impacted by climate change and to reveal constraints and opportunities for adaptation efforts. We apply SD theory to climate change adaptation, focusing on a population of Colombian coffee farmers in Risaralda who are impacted by climate change. Our findings reveal a SD cycle blocking successful adaptation. Climate change impacts exacerbate farmers' pre-existing financial strain and threaten their livelihoods, yet they lack the information and political and structural support needed to take action. This impedes development and creates a downward spiral of immobilization; the farmers will continue to be unprepared for climate change and practice inconsistent adaptation efforts until structures shift to provide them with the information and resources needed for successful adaptation.",Opposite meaning
i_1220,"Interventions and Outcomes: Family-Based Interventions: Interventions that involve family members in the management of diabetes have shown some results, but it is unclear if family-inclusive programs are consistently more effective than individual interventions, as the improvements in glucose metabolism and insulin sensitivity may not be significant for all patients .","Background: Lifestyle changes can reduce the risk of T2D; however, no study has evaluated the effect of a lifestyle intervention involving patientś family. The aim of this study was to compare the impact of an interdisciplinary family (FI) Vs individual intervention (II) on glucose metabolism, insulin resistance (IR), pancreatic β-cell function and cardiovascular risk markers in patients with prediabetes, as well as to measure the impact on their families' metabolic risk. Methods: Randomized Clinical Trial (RCT) to compare the impact of FI and II on IR and pancreatic β-cell function in subjects with prediabetes. There were 122 subjects with prediabetes (and 101 family members) randomized to FI or II. Data were collected in 2015-2016 and analyzed in 2017-2018. FI group had the support of their family members, who also received personalized diet and exercise recommendations; patients and their family members attended monthly a lifestyle enhancement program. II group received personalized diet and exercise recommendations. The follow-up was for 12 months. Glucose, IR, pancreatic β-cell function and secondary outcomes (body composition and lipid profile) were assessed at baseline, 6 and 12 months. Results: FI group improved area under the glucose curve (AUC) (from 18,597 ± 2611 to 17,237 ± 2792, p = 0.004) and the Matsuda index (from 3.5 ± 2.3 to 4.7 ± 3.5, p = 0.05) at 12 months. II group improved Disposition Index (from 1.5 ± 0.4 to 1.9 ± 0.73, p <.0001) at 12 months. The improvements achieved in weight and lipids at 6 months, were lost in II group at 12 moths, whereas in FI persisted. Adherence up to 12 months was not different between the study groups (FI 56% Vs II 60%). Conclusions: FI intervention was more effective by improving glucose AUC, insulin sensitivity and lipid profile, besides that, metabolic risk in family members of the FI group was maintained, while the risk of II group was increased. Trial registration: This study was retrospectively registered at clinicaltrials.gov on December 15, 2015 (NTC026365646).",Opposite meaning
i_2335,"Key Mechanisms: Enzymatic Activity: Cystathionine β-lyase: Overexpression of the STR3 gene in Saccharomyces cerevisiae likely leads to increased release of aromatic thiols during fermentation, which may enhance the tropical fruit characters in wines, although this effect is not universally observed .","Sulfur-containing aroma compounds are key contributors to the flavor of a diverse range of foods and beverages. The tropical fruit characters of Vitis vinifera L. cv. Sauvignon blanc wines are attributed to the presence of the aromatic thiols 3-mercaptohexan-1-ol (3MH), 3-mercaptohexan-1-ol-acetate, and 4-mercapto-4-methylpentan-2-one (4MMP). These volatile thiols are found in small amounts in grape juice and are formed from nonvolatile cysteinylated precursors during fermentation. In this study, we overexpressed a Saccharomyces cerevisiae gene, STR3, which led to an increase in 3MH release during fermentation of a V. vinifera L. cv. Sauvignon blanc juice. Characterization of the enzymatic properties of Str3p confirmed it to be a pyridoxal-5'-phosphate-dependent cystathionine β-lyase, and we demonstrated that this enzyme was able to cleave the cysteinylated precursors of 3MH and 4MMP to release the free thiols. These data provide direct evidence for a yeast enzyme able to release aromatic thiols in vitro that can be applied in the development of self-cloned yeast to enhance wine flavor. © 2011, American Society for Microbiology.",Related but unverifiable
i_1875,"Conclusion: While the abstracts do not provide a specific LCA of clay brick powder, they highlight the environmental impacts associated with clay brick production and the benefits of using alternative materials. Key areas of focus include reducing emissions, improving resource efficiency, and adopting circular economy practices to enhance sustainability in the brick manufacturing sector .","The life cycle assessment of the ABC (Pvt) Ltd brick manufacturing plant has considered land use, fossil resource scarcity, water consumption, global warming and fine particulate matter formation as the impact categories for assessment, with clay mining and coal as the input flows with the highest significant contributions to environmental load. The phase of clay mining (65.8%) is significantly impacting on all the investigated impact categories followed by brick moulding (24.8%) and brick roasting (9.4%) phases, respectively. Hotspots were assessed to identify potential for resource efficiency and circular economy at ABC bricks, Zimbabwe. It can be concluded that ABC is severely polluting the air with emissions above the Environmental Management Agency (EMA) standards for SO<inf>2</inf>, CO, PM and NO<inf>x</inf> thus putting kiln workers at risk of respiratory diseases. The calculated Air Quality Index (AQI) ranks CO as the most affecting pollutant with an average score of ∼600. Clay production efficiency was also determined, and an analysis revealed that extrusion and clamping stage contributed highly to the clay losses during brick moulding. Therefore, focus must be placed on these process steps to reduce raw material losses. Furthermore, an environmental waste (fly ash) was used in different weight percentage ratios of 10%, 20% and 100% to substitute clay. The increase of the fly ash content in the brick making process proved to significantly reduce the environmental load among the selected impact categories. ABC uses clay as its main raw material hence the high demand for clay. Strategies should include accounting of used clay daily and raw materials substitution. If ABC uses fly ash from its brick kilns and from other thermal power plant boilers to mix with clay in brick production, then the quantity of clay demanded will be reduced. Using fly ash will reduce rate of clay extraction while at the same time solving the problem of fly ash disposal in Zimbabwe. This circular option will ultimately result in reduced pit expansion, hence reducing top-soil loss and environmental degradation. It should not be disregarded that top-soil loss in turn affects food security. By adopting appropriate technologies, implementing resource efficiency, and designing circular economy patterns, the brick manufacturing sector in Zimbabwe may not only reduce production waste but also comply with enforced environmental protection legislation.
[2]: Manufacturing of bricks, using clay or fly ash, is one of the major contributors to greenhouse gas emissions as their manufacturing involves utilization of coal and cement. To overcome this limitation, alternative construction materials are developed by author using industrial and agro wastes like cotton mill waste, recycled paper mill waste, and rice husk ash. This work aims at performing a sustainability assessment of burnt clay bricks and bricks made of industrial and agro wastes used for brickwork in a low-cost house. The criteria considered for the assessment are economic, environmental, social, and technical aspects for manufacture of bricks and use of different bricks for brickwork. For the evaluation of environmental criterion, a life cycle assessment (LCA) tool is used. Overall sustainability index (SI) is calculated for alternatives based on the various criteria using MIVES approach. The relative SIs of clay and fly ash bricks, were 0.25 and 0.26, respectively. Overall, bricks made of industrial and agro wastes are found more sustainable with the highest SI for cotton waste bricks (0.94). Sensitivity analysis also confirmed that brickwork from waste based bricks is more sustainable compared to brickwork made from clay brick or fly ash brick.
[3]: Background, Goal and Scope. The ceramic tile industry is one of the most important industries in Spain, with the highest concentration of firms to be found in the province of Castellón on the Mediterranean coast. The basic input material for this industry is red clay. The aim of this study was to carry out an LCA of the process of mining, treating and marketing this clay in order to identify the stages and unit processes that have the greatest impact on the environment. This LCA examines all the stages of the red clay from cradle to the customer's gate, including the process of mining and treating the clay in the mining facilities and its later distribution to end users. Methods. Life cycle inventory (LCI): An exhaustive LCI was performed by collecting data from the mine run by Watts Blake Bearne Spain, S.A. (WBB-Spain) in Castellón. Inputs and outputs were collected for all the unit processes involved in the mining, treatment and marketing of the clay: - Mining the clay, which embraces the unit processes of removing the layer of vegetation covering the chosen area, preparing the area to allow access for the firm's vehicles, and boring or blasting the place the clay is to be extracted from. - Treating the clay that is mined to make the finished product, which entails all unit processes required to separate out the waste material and transport it to the tip (which will later be reconditioned), excavating and transporting the clay to the crushing plant and later storing it in heaps before delivery to customers. All the internal transport that takes place between each unit process has also considered. - Distribution of the final product, where the clay is loaded onto dumper trucks and delivered to the customer. Life cycle impact assessment (LCIA): According to ISO 1404X standards, the LCIA is performed at two levels. Firstly, the emissions accounted for in the inventory stage are sorted into impact categories to obtain an indicator for each category (mandatory elements). Secondly, the weighting of environmental data to a single unit is applied (optional elements). In compliance with ISO 14042, a sensitivity analysis is performed and three different impact assessment methods (Eco-Indicator'95, EcoIndicator'99 and EPS'2000) are applied in order to analyse their influence on the results. Results. The processes that involve the movement of clay within the mine (excavation and loading and transport to the crushing facilities and heaps) are the ones that make the greatest contribution to impact categories for pollutant emissions. As weighting methods in LCA remain a controversial issue, a recommendation when robust results are required, can be to use several methods to examine the sensitivity of the results to different values and worldviews. In our application case, in spite of the differences between the three impact assessment methods applied (Eco-Indicator'95, Eco-Indicator'99 and EPS'2000), the same conclusions can be established from the environmental point of view and we can conclude that the ultimate results are not sensitive in the transformation of mid-points to end-points. Discussion. Taking into account the characteristics of the product being analysed, in addition to the impact categories for pollutant emissions that are traditionally considered in LCA studies, environmental parameters related to resource use (fuel, electricity and water consumption), waste generation (dangerous and non-dangerous wastes) and land use (natural resource appreciation and land use efficiency) and its later rehabilitation (degree of rehabilitation) have been defined. These parameters can be used as additional criteria for an environmental product declaration or criteria for a future eco-labelling of red clay. Conclusion. The results of this study made it possible to identify the unit processes that make the greatest contribution to environmental impact that being, specifically, excavation and loading and transport to the crushing facilities and heaps. Such processes are directly related to the fuel consumption, category that faithfully reproduces the environmental profile of most of the impact categories related to pollution emissions. Special interest has the consideration of additional parameters to quantify the land use and its later rehabilitation. Recommendations. The ceramic tile industry has a basis to market and promote tile products with improved environmental impacts. Given that transport and extraction are dominant underlying issues, it is quite likely that such environmental improvements are also win-win in the economic sense. The availability of exhaustive life cycle inventories is the key to allow this industry to, rapidly, incorporate LCA during product development. Complimentary life cycle costings would also be relatively minimal in terms of effort. Perspectives. Although this study performs the LCI for the basic raw material (clay), future studies should be conducted to complete an LCI for the remaining elements employed by the ceramic tile industry, with the aim of developing a characteristic LCI database for this industry. This includes data on raw materials (feldspar, silicious and feldspars sand, boron, glaze, frit, etc.) and processes (enamelling, firing, water waste treatment, etc.). © 2007 ecomed publishers (Verlagsgruppe Hüthig Jehle Rehm GmbH).
[4]: The establishment of sustainability credentials of emergent construction materials is very subjective, and most available tools such as BREEAM, CEQUAL, ARUP SpeAR among others are not fully quipped or equipped at all to deal with individual material systems. The main problem emanates from the challenges of the audit of each aspect of the material processing, and especially the quantification of the relevant transport, energy, environmental and other inputs into the composite product. Incorporation of materials with long and complex recycling processes further exacerbate the challenge. This paper reports on a simplified approach towards full Life Cycle Assessment (LCA) of seven clay-based brick products developed in UK and in Spain, based on known material data and estimated energy inputs in the manufacturing processes. In order to test the robustness of the proposed approach, results on UK-based bricks are compared with a parallel LCA on clay-based product developed in Spain. Finally, the clay-based products are compared with a typical Portland cement-based concrete block and fired clay brick. In the LCA, boundary conditions include fixed transport, thus attempting to factor only the (i) material ingredients, (ii) their known atmospheric emissions, and (iii) estimated energy inputs during processing. Results suggest that the most challenging aspect in the undertaking of LCA is the availability of reliable input data. Results also show that there are numerous parameters that can reliably and corroboratively facilitate the comparison of performance, besides carbon dioxide emissions.",Entailment
s_782,"Full-Depth Reclamation: Research on full-depth reclamation combined with cement stabilization and geotextile drainage systems indicated significant improvements in mechanical properties and durability, enhancing the infiltration capacity and overall performance of the road structure .","Full-depth reclamation and cement strengthening has been used successfully to dry and strengthen granular pavements. However, some thin pavements fail due to severe wetting-up of the subgrade. thus requiring additional substructure strengthening and (or) drainage systems. This research investigated the laboratory characterization and in situ field mechanical behaviour of full-depth reclaimed and cement-stabilized granular materials in conjunction with a woven geotextile and sand drainage system. This research showed that the integration of cement-stabilized reclaimed granular materials with a geotextile separation layer and sand drainage system significantly improved the mechanical primary response and climatic durability properties of the reclaimed road structure. The cement-stabilized and geotextile separation-drainage system improved the structural asset management test results from a completely failed road structure to primary plus load-carrying capacity. This research also demonstrated an improved correlation between the mechanistic material constitutive properties of the stabilized aggregate to the end-product field structural assessment relative to conventional California bearing ratio and unconfined compressive strength test results.",Related but unverifiable
s_1125,"Key Points: Case Study on Carbamazepine: One case study mentioned a patient who developed severe anemia, leucopenia, and thrombocytopenia (components of pancytopenia) two days after switching from carbamazepine to levetiracetam . This suggests that hematologic toxicity can occur relatively quickly after starting or changing antiepileptic medication.","Haematological toxicity due to antiepileptic drugs is uncommon, but the increased risk of aplastic anaemia has been reported. Few case reports have been published regarding pancytopenia associated with levetiracetam treatment, and its intrinsic pathogenesis is still unknown. We describe the case of a woman aged 77 years who presented with abdominal pain and loss of appetite. She had been taking valproic acid, due to a previous episode of epileptic seizures, and presented with drowsiness and dizziness. Valproate was discontinued and therapy with levetiracetam was initiated. 2 days later, we observed severe anaemia, leucopenia and thrombocytopenia, which were attributed to levetiracetam. Although she recovered soon after the treatment was discontinued, it took 2 weeks for cell counts to return to normal.",Entity error
s_537,"4. Industrial Processes and Waste Management: Cleaner Production: Industrial engineering can implement cleaner production audits to optimize resource and energy use, reduce emissions, and achieve significant environmental and economic benefits. For example, in the cement manufacturing industry, cleaner production led to substantial savings and reduced environmental impact .","The rapid development of the magnesia refractory industry has caused serious problems of resource and energy waste and environmental pollution. Cleaner Production and Cleaner Production Audit are considered effective tools for energy conservation and emission reduction in the industry. This study presents an application of cleaner production and cleaner production audit in a typical large-scale magnesia raw material production plant in Liaoning, China and the results of their implementation. Through the 7 steps of a cleaner production audit (planning and organization, pre-assessment, assessment, option generation and screening, feasibility analysis, implementation, and maintenance of cleaner production), the resource and energy consumption and environmental emissions of the enterprise are investigated, the key auditing procedures are identified, and the cleaner production opportunities are analyzed. 28 cleaner production options, including raw material and energy substitution, technology improvement, facility maintenance and updates, process optimization and control, waste reutilization, management, and staff training and motivation, have been developed and implemented in a feasible way. After complete implementation of these options, great environmental and economic benefits are expected to be achieved: increased utilization of magnesite tailing powder by 281,000 t per year; annual savings of 25,000 t of magnesite ore; savings of 384,000 kW h of electricity; a 21.7% reduction in magnesite consumption per ton of FM product; improvement of the wastewater utilization rate from 70% to 100%; the removal of dust, SO<inf>2</inf> and NO<inf>x</inf> emissions produced by burning coal or producer gas; savings of 1.066 million USD per year. The results demonstrate that implementing cleaner production can not only bring huge environmental benefits, but also significant economic gains. Moreover, factory staff have recognized the benefits that cleaner production can bring to the plant, and plan to continue the process. Since there are few studies on the application of cleaner production in the magnesia refractory industry, this paper provides scientific guidelines for its implementation in other similar enterprises, and a theoretical and practical basis for promoting the sustainable development of the industry.",Related but unverifiable
s_1359,"Aerobic Exercise: While combining aerobic exercise with a caloric deficit may reduce visceral and subcutaneous abdominal fat, it is likely that this approach is the only effective method for achieving such results, as other forms of exercise do not seem to contribute significantly to fat loss .","ABSTRACT: Purpose: To determine whether a hypocaloric diet alone (WL) or with exercise training (AEX + WL) is effective in improving body composition, fitness, glucose utilization and CVD risk factors in sedentary women with a history of gestational diabetes (GDM) and with type 2 diabetes (T2DM). Materials and Methods: Longitudinal clinical investigation of 25 overweight/obese (BMI: 32 ± 1 kg/m<sup>2</sup>) women (59 ± 1 yrs) with a GDM history (n = 20) or T2DM (n = 5). Women completed 6 months WL (n = 10) or AEX+WL (n = 15) with VO<inf>2max</inf>, body composition, and glucose tolerance testing. Insulin sensitivity was measured during the last 30 min of 2 h hyperinsulinemic-euglycemic clamps (40 mU·m<sup>−2.</sup>min<sup>−1</sup>) before and after interventions. Results: Body weight decreased ~7% after WL and AEX+WL (p < 0.001), with an 11–12% decrease in fat mass (p < 0.0001). Visceral fat and subcutaneous abdominal fat decreased 27 and 10% after WL (p < 0.01) and 14 and 11% after AEX + WL (p < 0.05). VO<inf>2max</inf> increased 16% after AEX + WL (p < 0.001) and did not change after WL. Glucose AUC decreased 14 and 13% after WL (p < 0.05) and AEX + WL (p < 0.01) with a 42% decrease in insulin AUC after AEX + WL (p < 0.01). Glucose utilization increased 25% (p = 0.05) with AEX + WL and 7% with WL. Conclusions: A six-month aerobic exercise program combined with moderate weight loss reduces body weight, visceral and subcutaneous abdominal fat, and improves insulin sensitivity in older women who had previously been diagnosed with GDM and those with T2DM. These findings should encourage women with a history of GDM to engage in an active lifestyle and reduce caloric intake to lower the risk for the development of T2DM.
[3]: Introduction: Menopause seems to be among the factors related to the development of prediabetes and central obesity. Conversely, physical activity may have a major role in reducing metabolic syndrome in women of postmenopausal age. Material and methods: Forty-eight postmenopausal active and sedentary women within the ages of 45-65 years were randomized to four groups: 1) high-intensity concurrent interval exercise (HCI; n = 15), 2) moderate-intensity continuous concurrent exercise (MCC; n = 14), 3) control daily active (CDA; n = 10), and 4) control sedentary (COS; n = 9). The subjects in the preceding training groups exercised three times per week for 50-65 min/session with high/moderate concurrent exercise for 10 weeks. The levels of serum irisin, insulin sensitivity, abdominal fat distribution (visceral and subcutaneous), and total abdominal fat were measured at baseline and post-test. Results: This study showed that the HCI group had a significantly increased serum irisin (p < 0.001), stimulated favorable alterations in insulin sensitivity status (p = 0.003), and significantly decreased subcutaneous, visceral and, total abdominal fat (p < 0.001). Also, the insulin sensitivity status was significantly increased (p = 0.01) and subcutaneous abdominal fat significantly decreased in the MCC group (p = 0.018). However, this study's results did not find a considerable correlation between insulin sensitivity, irisin level, weight loss and abdominal fat distribution. Conclusions: High-intensity concurrent exercise has a greater influence on improving most metabolic-related parameters than moderate-intensity concurrent exercise.",Opposite meaning
i_1389,"Fetal and Neonatal Outcomes: Prematurity and Breech Presentation: Pregnancies complicated by OI have higher rates of preterm delivery and breech presentation, which can further complicate neonatal outcomes .","Objective: To assess at-birth health outcomes of neonates with osteogenesis imperfecta (OI). Study design: A total of 53 women who self-reported having had at least one child with OI completed the survey. We evaluated pregnancy length, neonatal intensive care unit (NICU) usage, at-birth complications, and the child's clinical information including OI type, height and weight. Results: Information was gathered on a total of 77 children (60 type I, 4 type III and 13 type IV). Health conditions reported at birth included breech presentation (24%), prematurity (27%), fracture (18%), bone deformity (18%) and respiratory problems (22%). Approximately 31% (n = 24) received NICU care. There was a significant association between younger maternal age, preterm delivery and NICU admission. Conclusion: Our findings suggest that newborns with OI appear to be at high risk of skeletal disorders, preterm delivery and breech presentation. Younger maternal age and preterm delivery seem to be strong predictors of the need for NICU care. Our data suggest that pregnant women with OI younger than 20 years of age may benefit from added clinical supervision in anticipation of adverse effects on their child.",Entailment
i_1798,"Qualitative Metrics: Metrics that capture aspects of CE design that are not easily quantifiable, such as resilience and robustness .","Current Circular Economy (CE) frameworks applied to product chains exhibit notable shortcomings. These include neglecting the resilience and robustness of design, requiring detailed economic and environmental data for impact assessment, and relying on qualitative rather than quantitative metrics capturing certain CE design aspects. In the current contribution, we addressed these shortcomings by developing an Ecologically inspired (Eco-inspired) Framework using the mathematical foundations of Ecological Network Analysis (ENA). While ENA metrics have previously found application in designing circular economies, particularly in Industrial Symbiosis (IS) networks, our adaptation tailors these metrics for use in product-level CE, recognizing the inherent distinctions between product-level CE and IS. Our Eco-inspired Framework comprises three key categories to provide holistic and granular-level metrics for designing product-level CE. The first set of metrics assesses circularity and resource efficiency. The second set gauges network intensity and robustness as complementary indicators ensuring a CE is both sustainable and resilient. The third group of metrics evaluates enhancement potential of CE strategies through introducing quantitative metrics for measuring the degree of closed-loop strategies and average circularity level of a CE design. The three comprehensive set of indicators within the Eco-inspired Framework uniquely captures various facets of circular design, whether originating from technological innovations and recovery improvement at the end of life (EoL), shifts in human consumption patterns, alterations in product design, or changes in business models. The framework's application is tested in designing a CE for multilayer Polyethylene-Polyamide (PE-PA) films. Using the Eco-inspired Framework, we identified the best strategy for designing a resilient and sustainable CE for PE-PA films. A diverse set of EoL strategies along with a reduction in product consumption can improve circularity and resilience by 650% and 255%, respectively, and mitigate greenhouse gas emissions by 90%. The framework minimizes trade-offs between sustainability and circularity goals and offers insights on how to enhance each strategy for achieving a resilient and sustainable CE for products.",Opposite meaning
i_414,"Cost-Effectiveness: By utilizing cloud resources, organizations can reduce the need for extensive on-premises infrastructure, leading to cost savings .","Cloud computing and the Internet of things (IoT) are two diverse technologies having complimentary relationship. The IoT generates massive amounts of data, and cloud computing provides a pathway for that data to travel to its destination. In the modern era, by integrating cloud computing and the Internet of things, a new paradigm has been introduced, i.e., cloud of Things. Cloud-based Internet of Things or cloud of things arose as a platform for intelligent use of applications, information in a cost-effective manner. Both technologies help to raise efficiency in the future. But the integration of these two technologies is challenging and bears some key issues. Therefore, this paper provides a brief investigation of cloud of things concept. In this paper, we review the literature about integration, to analyze and discuss the need behind integration in various applications. In the end, we identify some of the issues and challenges for future work in this promising.",Related but unverifiable
s_1135,Resistance Development: The presence of baseline resistance mutations like M184V can significantly increase the risk of virological failure in EFV-based regimens .,"Background: Study GS-01-934 was a randomized open-label phase III study comparing efavirenz and tenofovir/emtricitabine to efavirenz and zidovudine/lamivudine in treatment-naive HIV-1-infected individuals. Through 144 weeks, 50 of 487 participants without baseline nonnucleoside reverse transcriptase inhibitor resistance by population sequencing (efavirenz/ tenofovir/emtricitabine, n = 19; efavirenz/zidovudine/lamivudine, n = 31) experienced virologic failure (>400 copies/ml). Here, we analyzed whether the presence of low levels of K103N at baseline correlated with virologic failure. Methods: Available baseline plasma samples (n = 485) were amplified and tested for K103N using an allele-specific PCR (AS-PCR) assay with a lower detection cut-off of 0.5%. Results: Sixteen of 476 (3.4%) evaluable participants had low-level K103N at baseline by AS-PCR (0.8-15%). The abundance of the K103N subpopulation at baseline distinguished individuals with virologic failure from those who responded durably to efavirenz-containing therapy. Among six participants with at least 2000 K103N copies/ml before treatment, five experienced virologic failure, compared with only one virologic failure among 10 who had less than 2000 K103N copies/ml (P = 0.008). Multivariate logistic regression analysis showed that K103N viral load at least 2000 copies/ml increased the risk of virologic failure with an odds ratio of 47.4 (95% confidence interval 5.2-429.2, P = 0.0006). Conclusion: The presence of K103N mutant virus in plasma above 2000 copies/ml prior to therapy in treatment-naive individuals correlated with increased risk of virologic failure of these efavirenz-containing triple-drug regimens. © 2011 Wolters Kluwer Health | Lippincott Williams & Wilkins.",Entity error
i_1799,"Stakeholder Engagement and Decision-Making: Multi-Criteria Decision Making (MCDM): Methods like Fuzzy TOPSIS to rank business models and strategies based on multiple criteria, and it is believed that incorporating stakeholder feedback can further enhance the effectiveness of these rankings in real-world applications .",The concept of the circular economy has acquired importance in the academic world. The corporate firms and governments believe that the pressure on the environment can be reduced by implementing the circular economic system. The switching of a linear economy to a circular economy requires to build new business models that overcome the limitations of the linear model of the economy. This paper aims to rank the business models for the successful adoption of the circular economy through the criteria by employing an appropriate multi-criteria decision making (MCDM) method. Fuzzy Technique for Order of Preference by Similarity to Ideal Solution (Fuzzy TOPSIS) has been used in this study. Eleven Business Models have been identified through literature review and analyzed based on nine criteria for the business model to be successful. The ranking of results indicates that the product and process design is the most important business models for the implementation of the circular economy. The findings of this research enhance the understanding about the relative importance of the several business models based on which the management can formulate an effective strategy to systematically adopt an appropriate business model for successful implementation of an economic system.,Related but unverifiable
s_1265,"** Micronutrient Deficiencies: ** Zinc deficiency is a common issue in children, particularly in developing countries, and addressing this deficiency through supplementation can improve overall health outcomes . Improved health may lead to better appetite, although this is not explicitly stated in the studies.","More than two billion people worldwide are deficient in at least one micronutrient [1,2]. Micronutrient deficiencies are sometimes referred to as hidden hunger because they are often not clinically apparent until severe; however, they can have significant health consequences even at subclinical levels [3]. Deficiency of iron, vitamin A, and zinc together account for >10% of deaths among children younger than 5 years, as well as approximately 10% of the disability-adjusted life years, that is, years of life lost because of ill health, early death, or disability among children in this age group [4]. These figures, however, do not take into full account the interaction between micronutrient deficiency and infection [5].
[5]: Stunting, adolescent fractures, and osteoporosis later in life are all public health problems that may be eradicated with adequate nutrient intake in preschool diets. Preschool children's nutrient consumption was studied using the weighed food intake method. Demographic data were obtained using a questionnaire. A total of 116 preschool children in 9 villages formed the population for the study. Data were analyzed using EPI Info version 3.3.2 and the SPSS software package. The preschoolers' mean intake of protein (17.0 g) and energy (1068 kcal) was lower than Food and Agricultural Organization of the United Nations (FAO)/World Health Organization (WHO)—recommended intake, and calcium (474 mg) was lower than the Food and Nutrition Board—recommended intake. Zinc intake (9.9 mg) marginally met basal dietary requirements for zinc as recommended by WHO in a low-bioavailability diet. When subjects were separated according to age group, the nutrient intake of protein and calcium increased with age, but it was not statistically different (P < .05). Zinc consumption by children between the ages of 2 and 3 years was statistically lower (P < .05) than the consumption by the children between the ages of 3 to 4 years and 4 to 5 years. The energy intake in children aged 2 to 4 years was significantly lower (P < .05) than the intake of children aged 4 to 5 years. By the end of preschool age, the consumption of all nutrients was low, except for zinc, which marginally met the basal requirement of the subjects. © 2010, SAGE Publications. All rights reserved.",Related but unverifiable
i_503,"Current Trends in NLP Deep Learning and Neural Networks Recent advancements in deep learning and neural networks have significantly improved the performance of NLP systems. These technologies have enabled more accurate and efficient processing of natural language, leading to better results in tasks such as text classification, named entity recognition, and sentiment analysis .","Natural language is ubiquitous in the workflow of medical imaging. Radiologists create and consume free text in their daily work, some of which can be amenable to enhancements through automatic processing. Recent advancements in deep learning and ""artificial intelligence"" have had a significant positive impact on natural language processing (NLP). This article discusses the history of how researchers have extracted data and encoded natural language information for analytical processing, starting from NLP's humble origins in hand-curated, linguistic rules. The evolution of medical NLP including vectorization, word embedding, classification, as well as its use in automated speech recognition, are also explored. Finally, the article will discuss the role of machine learning and neural networks in the context of significant, if incremental, improvements in NLP.",Related but unverifiable
i_1293,"5. Community-Based Programs: A community-based teen pregnancy prevention program for Hispanic Americans highlighted the importance of culturally tailored interventions. Engaging aspects of Hispanic culture, such as family values and community support, contributed to the program's success .","Filipino Americans have more adolescent pregnancies than other Asian-Pacific Islanders (APIs). Few community-academic collaborations have addressed adolescent pregnancy prevention in this community. We sought to describe the lessons learned from and impact of a community-based teen pregnancy prevention program for Filipino Americans implemented by a Filipina pediatrics resident. We formed a community-academic partnership between the Filipino Youth Coalition, a community-based organization (CBO) in San Jose, California, and the Stanford School of Medicine's Pediatric Advocacy Program. We developed a culturally tailored parent-teen conference addressing adolescent pregnancy prevention in Filipino Americans. We qualitatively and quantitatively evaluated this intervention by collecting both pre- and post-conference data using a convenience sample design. Engaging particular aspects of Filipino culture (i.e., religion and intergenerational differences) helped to make this community-academic partnership successful. For physicians-in-training who are conducting community-based participatory research (CBPR), project challenges may include difficulties in building and maintaining academic- community relationships, struggles to promote sustainability, and conflicting goals of ""community insiders"" and ""academic outsiders."" Authors offer insights and implications for residents interested in practicing CBPR. CBPR is a key tool for exploring health issues in understudied populations. CBPR experiences can provide meaningful educational opportunities for physicians-in-training and can build sustained capacity in CBOs. They can also help residents to develop analytic skills, directly affect the health of the communities they serve, and, for minority physicians, give back to the communities they call home.",Entity error
i_412,"Key Characteristics: Scalability: Cloud platforms offer virtually unlimited storage and computing resources, accommodating the vast amounts of data generated by IoT devices, and it is anticipated that future advancements in AI will further enhance the efficiency of data processing in cloud-IoT integrations .","Cloud computing and the Internet of things (IoT) are two diverse technologies having complimentary relationship. The IoT generates massive amounts of data, and cloud computing provides a pathway for that data to travel to its destination. In the modern era, by integrating cloud computing and the Internet of things, a new paradigm has been introduced, i.e., cloud of Things. Cloud-based Internet of Things or cloud of things arose as a platform for intelligent use of applications, information in a cost-effective manner. Both technologies help to raise efficiency in the future. But the integration of these two technologies is challenging and bears some key issues. Therefore, this paper provides a brief investigation of cloud of things concept. In this paper, we review the literature about integration, to analyze and discuss the need behind integration in various applications. In the end, we identify some of the issues and challenges for future work in this promising.
[3]: Internet of Things (IoT) aims to connect the real world made up of devices, sensors and actuators to the virtual world of Internet in order to interconnect devices with each other generating information from the gathered data. Devices, in general, have limited computational power and limited storage capacity. Cloud Computing (CC) has virtually unlimited capacity in terms of storage and computing power, and is based on sharing resources. Therefore, the integration between IoT and CC seems to be one of the most promising solutions. In fact, many of the biggest companies that offer Cloud Services are focusing on the IoT world to offer services also in this direction to their users. In this paper we compare the three main Cloud Platforms (Amazon Web Services, Google Cloud Platform and Microsoft Azure) regarding to the services made available for the IoT. After describing the typical architecture of an IoT application, we map the Cloud-IoT Platforms services with this architecture analyzing the key points for each platform. At the same time, in order to conduct a comparative analysis of performance, we focus on a service made available by all platforms (MQTT middleware) building the reference scenarios and the metrics to be taken into account. Finally, we provide an overview of platform costs based on different loads. The aim is not to declare a winner, but to provide a useful tool to developers to make an informed choice of a platform depending on the use case.",Related but unverifiable
s_2021,"Stakeholder Involvement: Increasing the knowledge and involvement of various stakeholders, including policymakers and fishers, in climate adaptation and mitigation efforts is crucial .","Indonesia is among the most affected regions by climate variability and change. Located between the Pacific and the Indian Ocean, Indonesia is mostly influenced by some climate variabilities, such as the monsoon, El-Nino Southern Oscillation (ENSO), and Indian Ocean Dipole (IOD). These climate variabilities affect significantly on the Indonesian rainfall that further increase the chances of crop failure, specifically on the tobacco yield over Temanggung Regency which is known as the producer of good quality tobacco in Indonesia. Tobacco needs a sufficient dry condition prior to the harvest stage due to maintains its productivity and leaf quality. This ideal condition could be achieved when the dry season, typically in the mid of the year for Temanggung, is not affected by any wet climate variability. Moreover, based on this study, it was found that there was the most remarkable decline in tobacco productivity in 2016 since the required dry condition was interrupted by the prolonged significant rainfall which depicted by strong mid-year negative-IOD indices. The analysis utilized the dataset of tobacco productivity, daily rainfall intensity, and the indices of monsoon, ENSO, and IOD for the period of seven years, from 2010-2016. This study concludes that the climate variabilities give a huge contribution to the profitable tobacco cultivation. Furthermore, efforts to adapt and to mitigate the impacts of the climate variability in Indonesia, specifically for the agriculture sector, is needed by way of increasing the various stakeholder's knowledge that involved in policy planning and decision-making as well as involving the farmers in the training on climate adaptation and mitigation.",Related but unverifiable
i_1544,"While hosting social activities at the grassroots level may enhance community involvement, it is likely that such activities alone will completely solve the issues of solid waste management without the need for formal government intervention .","It is crucial to achieve effective solid waste management involving not only formal/ government agencies, but also individual/informal/voluntary actions in order to create a healthy environment. This study conducted to unveil the factors that increase individuals' community participation in solid waste management policy. The data were matched with a literature review on existing waste policies to identify gaps in knowledge, which could provide beneficial policy recommendations for the Jakarta Provincial Government. The ordinary least squares regression and Indonesian family life survey data were used. The respondents' waste handling and participation scores with potentially affected variables were calculated and regressed. Out of 1.791 respondents, the regression revealed that the participation of individuals from Jakarta is influenced by 1) the frequency of their involvement in social community activities, 2) their education level, and 3) per capita expenditure. The solid waste management score increased by 0.233 if the respondents were more socially active, with a participation score of 1. Empowerment had a 0.06 coefficient correlation relative to the waste handling score. According to the broader sample of 28.967 respondents from large cities in Indonesia. It was concluded that individuals' participation could be enhanced by hosting various social activities at the grassroots level. The study's gaps show that the Jakarta Provincial Government has a high propensity towards increasing individuals' participation in solid waste management by maximizing control of the factors mentioned above (especially empowerment), as well as by raising the frequency of citizens' involvement in social community activities at the grassroots level.",Opposite meaning
s_155,"Utilization of PPO in Financial Data Analysis: PPO is used in algorithmic trading systems to optimize trading strategies. For instance, it has been applied to high-frequency ethereum transactions, where the transaction process is modeled as actions, returns as rewards, and prices as states . This approach could be adapted for gold trading by treating gold prices similarly.","The emerging cryptocurrency market has lately received great attention for asset allocation due to its decentralization uniqueness. However, its volatility and brand new trading mode has made it challenging to devising an acceptable automatically-generating strategy. This study proposes a framework for automatic high-frequency bitcoin transactions based on a deep reinforcement learning algorithm — proximal policy optimization (PPO). The framework creatively regards the transaction process as actions, returns as awards and prices as states to align with the idea of reinforcement learning. It compares advanced machine learning-based models for static price predictions including support vector machine (SVM), multi-layer perceptron (MLP), long short-term memory (LSTM), temporal convolutional network (TCN), and Transformer by applying them to the real-time bitcoin price and the experimental results demonstrate that LSTM outperforms. Then an automatically-generating transaction strategy is constructed building on PPO with LSTM as the basis to construct the policy. Extensive empirical studies validate that the proposed method perform superiorly to various common trading strategy benchmarks for a single financial product. The approach is able to trade bitcoins in a simulated environment with synchronous data and obtains a 31.67% more return than that of the best benchmark, improving the benchmark by 12.75%. The proposed framework can earn excess returns through both the period of volatility and surge, which opens the door to research on building a single cryptocurrency trading strategy based on deep learning. Visualizations of trading the process show how the model handles high-frequency transactions to provide inspiration and demonstrate that it can be expanded to other financial products.",Entity error
i_2008,"Benefits and Challenges: Benefits: Enhanced Sustainability: By considering ecological interactions and carrying capacities, ecosystem-based approaches can lead to more sustainable aquaculture practices .","Predicting the effects of aquaculture development for coastal ecosystems remains challenging, particularly for data-limited systems, and tools that account for complex ecological interactions are needed to support ecosystem approaches to aquaculture. Here, we used qualitative network models (QNMs) to examine the potential community effects of increasing bivalve aquaculture in South Puget Sound, a large estuarine system in Washington, United States. QNMs are formalized conceptual models that require only a qualitative understanding of how variables composing a system interact (that is, the sign of interactions: +,-, and 0) and are therefore well-suited to data-limited systems. Specifically, we examined community-wide responses to scenarios in which bivalve cultivation effort increased for three different bivalve species (Manila clam Venerupis philippinarum, Pacific oyster Crassostrea gigas, and geoduck Panopea generosa). Further, we evaluated community-wide responses to the removal of benthic bivalve predators, a future increase in nutrient loadings, and combinations of these scenarios acting simultaneously. The scenarios enabled identification of potential trade-offs between increased aquaculture and shifts in the abundance of community members and assessment of the possible effects of different management actions. We also analysed the QNM to identify key interactions that influence the sign outcome of community responses to press perturbations, highlighting potential points for management intervention and linkages deserving of more focused quantitative study. QNMs are mathematically robust and highly flexible, but remain underutilized. We suggest that they may serve as valuable tools for supporting ecosystem approaches to aquaculture.
[2]: This paper presents an ecosystem modelling approach aimed at improving shellfish aquaculture management by explicitly considering natural benthic biodiversity. This methodology uses a combination of benthic field survey data, sediment and bathymetric mapping, physiological models and dynamic ecosystem modelling. The Wild species Integration for Shellfish Ecoaquaculture (WISE) approach helps to understand the baseline food requirements for maintaining natural benthic biodiversity of suspension-feeding organisms, thus informing managers on potential upper thresholds for shellfish aquaculture. WISE was tested in four coastal systems in Europe and China, including bays, estuaries and sea loughs with widely differing aquaculture activities. In the European systems, where the aquaculture industry is developing, species diversity and abundance are much higher and suspension-feeding wild species play an important role in the consumption of food resources. Densities of wild individuals were estimated to be 13 ind m<sup>- 2</sup> in Sanggou Bay (total: 2 × 10<sup>9</sup>), 33 ind m<sup>- 2</sup> in Xiangshan Gang (total: 122 × 10<sup>9</sup>), 95 ind m<sup>- 2</sup> in Carlingford Lough (total: 4.62 × 10<sup>9</sup>) and 175 ind m<sup>- 2</sup> in Loch Creran (total: 2.62 × 10<sup>9</sup>). Total clearance rates by wild populations were calculated as 5% of the total volume d<sup>- 1</sup> in Sanggou Bay (75 × 10<sup>6</sup> m<sup>3</sup> d<sup>- 1</sup>), 11% d<sup>- 1</sup> in Xiangshan Gang (434 × 10<sup>6</sup> m<sup>3</sup> d<sup>- 1</sup>), 40% d<sup>- 1</sup> in Loch Creran (93 - 99 × 10<sup>6</sup> m<sup>3</sup> d<sup>- 1</sup>) and 45% d<sup>- 1</sup> in Carlingford Lough (170-250 × 10<sup>6</sup> m<sup>3</sup> d<sup>- 1</sup>). In relative terms, wild populations play a more important role than cultivated shellfish in clearing suspended particles from the European systems due to the much lower aquaculture activity. 56% and 76% of total primary production in Loch Creran and Carlingford Lough, respectively, are consumed annually by wild organisms, while less than 50% is consumed in Chinese systems (45% in Sanggou Bay and 2.9% in Xiangshan Gang). Integration of the WISE approach within broader ecological modelling illustrates some of the trade-offs between commercial aquaculture and the conservation of biodiversity, showing that rates of and capacities for shellfish culture are reduced when both wild and cultured suspension-feeding species are considered in relation to the available seston. When food resources are partitioned between wild and cultivated species, there is a decrease in individual length and weight (9 to 22% reduction in shell length and 24 to 52% reduction in total fresh weight for the Pacific oyster; reductions of 6% in length and 20% in weight for blue mussel; reductions of 4% in length and 13% in individual weight for bivalves in Xiangshan Gang), resulting in a lower aquaculture production (e.g. for Pacific oyster, a reduction of 12.5% in Carlingford Lough, 34% in Loch Creran and of 9% for bivalves in Xiangshan Gang). © 2007 Elsevier B.V. All rights reserved.",Entailment
s_226,"- **Implicit Learning Tasks**: Implicit learning tasks can measure implicit learning of grammar rules, which can be useful for assessing language learners' grammatical knowledge. However, the reliability of these tasks for individual assessments is moderate and may not be sufficient for precise evaluations . Despite this, implicit learning tasks can still provide valuable insights into learners' implicit grammar knowledge.","Implicit learning can be defined as learning without intention or awareness. We discuss conceptually and investigate empirically how individual differences in implicit learning can be measured with artificial grammar learning (AGL) tasks. We address whether participants should be instructed to rate the grammaticality or the novelty of letter strings and look at the impact of a knowledge test on measurement quality. We discuss these issues from a conceptual perspective and report three experiments which suggest that (1) the reliability of AGL is moderate and too low for individual assessments, (2) a knowledge test decreases task consistency and increases the correlation with reportable grammar knowledge, and (3) performance in AGL tasks is independent from general intelligence and educational attainment.
[2]: Artificial grammar learning (AGL) is one of the most extensively employed paradigms for the study of learning. Grammaticality is one of the most common ways to index performance in AGL. However, there is still extensive debate on whether there is a distinct psychological process which can lead to grammaticality knowledge. An application of the COVIS model of categorization in AGL suggests that grammaticality might arise from a hypothesis-testing system (when grammaticality is appropriately balanced with other knowledge influences), so that prefrontal cortex damage should be associated with impaired grammaticality and intact chunk strength performance. This prediction was confirmed in a study of traumatic brain injury (TBI) patients and matched controls. The TBI patient cohort had diffuse prefrontal cortex damage as evidenced by the history of their injury, CT scans, and severe executive functioning problems. Our results allow a novel interpretation of grammaticality and AGL in general. © 2009 Elsevier B.V. All rights reserved.",Entailment
s_1401,"This prolonged healing process can lead to chronic wounds that are more susceptible to infection and odor production. Chronic Nature of Ulcers: The chronic nature of DFUs means that they are often open and exposed for extended periods, providing an environment conducive to bacterial growth and odor .","Diabetic foot ulcers (DFUs) are a common complication of diabetes and present a significant health risk to patients, as well as impose a large economic burden. Evaluation for contributory factors that may impact general health or healing, such as hyperglycemia, peripheral artery disease, neuropathy, and nutritional status, is of the utmost importance. Management of DFUs requires involvement of a multidisciplinary team and a standardized approach to patient care. Standard therapy for DFUs includes offloading and debridement. Assessment and control of infection are critical, including determining the severity of the infection, which may drive therapeutic approaches. For recalcitrant ulcers, adjuvant therapies are used to hasten the healing process, and newer therapies are under investigation.
[5]: Diabetic foot ulcers are a devastating component of diabetes progression and are caused by loss of glycemic control, peripheral neuropathy, peripheral vascular disease, and immunosuppression. An estimated 15% of patients with diabetes have diabetic foot ulcers. This article describes the pathogenesis, diagnosis, clinical management, and advances in wound treatment for diabetic foot ulcers.",Related but unverifiable
i_1001,"Power Splitting: Fiber optic splitters can distribute optical power among multiple output fibers, but they are primarily limited to fixed ratios (e.g. 50:50) due to the complexity of variable designs. While variable power splitters exist, they are rarely used in practical applications and do not significantly enhance flexibility in managing power distribution in optical networks .","Fiber optical power splitters (OPSs) have been widely employed in optical communications, optical sensors, optical measurements, and optical fiber lasers. It has been found that OPSs with variable power ratios can simplify the structure and increase the flexibility of optical systems. In this study, a variable-fiber OPS based on a triangular prism is proposed and demonstrated. By adjusting the output beam width of the prism, the power ratio can be continuously tuned. The optical simulations show that the horizontal displacement design is better than the traditional tilt angle design. Our scheme combines a dual-fiber collimator, a focus lens, and a triangular prism with a vertex angle of 120°. By changing the axial displacement of the prism, the power splitting ratio can be altered from 50:50 to 90:10. The polarization and wavelength dependence of the variable OPS were also investigated.
[4]: This paper describes the design of a variable optical power splitter which splits input optical signal power into variable ratios between two output ports. The proposed design is a hybrid scheme which uses a conventional Digital Spatial Light Modulator (DSLM) and a tunable focus Electrically Tunable Lens (ETL). The proposed splitter has an inherent dual-mode of operation and is capable of operating in a DSLM-only, ETL-only or a hybrid DSLM/ETL mode depending on the desired accuracy of the power split ratio. We show that the improved power splitter design can potentially offer a fine split ratio control through additional ETL focal length control. Moreover, it eliminates the need of ascertaining an exact random image pattern through hit-and-trial for an exact split ratio in a DSLM-only splitter mode. The DSLM is used to obtain the closest value to the desired split ratio using a fixed circular pattern with a variable radius while the ETL is tuned for further fine-tuning the split ratio in order to get closer to the required value. We also show that a dual-mode control delivers multiple possible solutions for any desired split ratio. Experimental results validate the working of the proposed splitter design.",Opposite meaning
i_2303,"Sensory analysis is essential to determine consumer preferences. For example, a sensory analysis of pearl millet porridge powder suggested that freeze-drying was likely the best method, although it may not have been significantly preferred by all panelists .","Ready-to-mix food products have a major impact on the food sector, as they are considered to be a near-impeccable alternative that can replace our standard food. Millet products are gaining importance due to increased awareness among consumers of their health benefits. Pearl millet can be used in a variety of different forms, including porridge, breads, fermented and nonfermented beverages, snacks, popped grain, etc. In this study, ready-to-mix traditional pearl millet (Pennisetum glaucum) porridge powder was developed by adapting different drying methods. The study examined the effects of drying food samples at different temperatures and durations: 60 °C for 48 hours in a tray dryer, −45 ± 5 °C for 48 hours in a freeze dryer, and 40 °C for 48 hours in a vacuum dryer. Pearl millet porridge powder is analyzed in terms of texture, water activity, color, water-holding capacity, pasting properties, and proximate composition. The results were tested statistically by one-way ANOVA. The results indicated that the freeze-drying technique retained its quality. The sensory analysis by a 9-point hedonic scale conducted for porridge powder with 15 semi-trained panelists indicated that the sample dried by freezing was more preferred.",Related but unverifiable
s_637,"Incident Management: Traffic cameras equipped with object detection capabilities have been shown to significantly enhance incident detection, verification, and response times, aiding in better traffic management and policy-making .","In recent years the effectiveness of video cameras and other technology on incident management has been widely discussed. However, the statistically significant effects of traffic cameras in regard to incident management are still unclear to policy makers. This paper used real field data to test whether traffic cameras as independent devices have significant effects on freeway traffic incident detection, verification, and response. The traffic camera as the impact factor and field data are classified into two groups. After the possibility of using the parametric analysis of variance was excluded because of the nonnormal distribution of the field data, a nonparametric method, the Mann–Whitney U test, was used to examine the effects of traffic cameras on incident management. Traffic cameras as the impact factor were found to have statistically significant effects on freeway traffic incident detection, verification, and response. The analysis results in this paper can help policy makers understand the effects of traffic cameras better and can also help to promote the effectiveness of decision making in investing in video surveillance systems. In addition, this study provides an international perspective for understanding the role of traffic cameras and is a useful reference for researchers and policy makers in other countries.",Related but unverifiable
i_952,"Evolutionary Algorithms: Techniques like genetic algorithms and simulated annealing are used for optimizing and verifying structural designs, ensuring they meet performance criteria .","In recent years a number of metaheuristic search techniques have been widely used in developing structural optimization algorithms. Amongst these techniques are genetic algorithms, simulated annealing, evolution strategies, particle swarm optimizer, tabu search, ant colony optimization and harmony search. The primary goal of this paper is to objectively evaluate the performance of abovementioned seven techniques in optimum design of pin jointed structures. First, a verification of the algorithms used to implement the techniques is carried out using a benchmark problem from the literature. Next, the techniques compiled in an unbiased coding platform are evaluated and compared in terms of their solution accuracies as well as convergence rates and reliabilities using four real size design examples formulated according to the design limitations imposed by ASD-AISC (Allowable Stress Design Code of American Institute of Steel Institution). The results reveal that simulated annealing and evolution strategies are the most powerful techniques, and harmony search and simple genetic algorithm methods can be characterized by slow convergence rates and unreliable search performance in large-scale problems. © 2009 Elsevier Ltd. All rights reserved.",Entailment
i_1007,Wavelength and Polarization Dependence: Some splitters may have varying performance based on the wavelength and polarization of the input signal. Designs that minimize these dependencies are preferred for consistent performance .,"Fiber optical power splitters (OPSs) have been widely employed in optical communications, optical sensors, optical measurements, and optical fiber lasers. It has been found that OPSs with variable power ratios can simplify the structure and increase the flexibility of optical systems. In this study, a variable-fiber OPS based on a triangular prism is proposed and demonstrated. By adjusting the output beam width of the prism, the power ratio can be continuously tuned. The optical simulations show that the horizontal displacement design is better than the traditional tilt angle design. Our scheme combines a dual-fiber collimator, a focus lens, and a triangular prism with a vertex angle of 120°. By changing the axial displacement of the prism, the power splitting ratio can be altered from 50:50 to 90:10. The polarization and wavelength dependence of the variable OPS were also investigated.",Related but unverifiable
s_806,"5. Economic and Policy Considerations: Global Potential: The potential for offshore wind varies globally, with regions like Non-OECD Europe and Asia showing the highest potential for development .","In the absence of structural incentives that price negative externalities, renewable energies rely primarily on investors' expectations of future performance to succeed in the marketplace. While there have been many disparate regional analyses of the prospects for clean energy, in particular wind, there is yet a cohesive framework for thinking about global interactions. Using data from the National Renewable Energy Laboratory (NREL), the article addresses three shortcomings in empirical renewable policy literature. First, the article briefly synthesizes the current state of the offshore wind literature. Second, the article develops a linear programming model to assess the relative prospects of offshore wind energy throughout seven world regions: Organization for Economic Co-operation and Development (OECD) North America, OECD Europe, OECD Asia and Eurasia, Non-OECD Europe and Eurasia, Non-OECD Asia, Africa, and Central & South America. Third, the article applies the Interactive Agency Model (IAM) as a systems-level framework for thinking about offshore wind development in the presence of social, economic, and institutional attributes. Results suggest that OECD Asia and Eurasia, OECD Europe, and non-OECD Europe and Eurasia, respectively, have the highest potential for offshore wind sector performance. Despite simplifying assumptions, this article presents one of the first evaluations of global offshore wind energy potential for policymakers and industry to consider in crafting future renewable energy investment decisions. © 2013 Elsevier Ltd.",Entity error
i_1061,General Antibiotic Options for UTIs: 1. Fosfomycin: Frequently recommended for uncomplicated UTIs due to its high efficacy and low resistance rates .,"Urinary tract infections (UTIs) caused by antibiotic-resistant Gram-negative bacteria are a growing concern due to limited therapeutic options. Gram-negative bacteria, specifically Enterobacteriaceae, are common causes of both community-acquired and hospital acquired UTIs. These organisms can acquire genes that encode for multiple antibiotic resistance mechanisms, including extended-spectrum-lactamases (ESBLs), AmpC- β -lactamase, and carbapenemases. The assessment of suspected UTI includes identification of characteristic symptoms or signs, urinalysis, dipstick or microscopic tests, and urine culture if indicated. UTIs are categorized according to location (upper versus lower urinary tract) and severity (uncomplicated versus complicated). Increasing rates of antibiotic resistance necessitate judicious use of antibiotics through the application of antimicrobial stewardship principles. Knowledge of the common causative pathogens of UTIs including local susceptibility patterns are essential in determining appropriate empiric therapy. The recommended first-line empiric therapies for acute uncomplicated bacterial cystitis in otherwise healthy adult nonpregnant females is a 5-day course of nitrofurantion or a 3-g single dose of fosfomycin tromethamine. Second-line options include fluoroquinolones and β-lactams, such as amoxicillin-clavulanate. Current treatment options for UTIs due to AmpC- β -lactamase-producing organisms include fosfomycin, nitrofurantion, fluoroquinolones, cefepime, piperacillin–tazobactam and carbapenems. In addition, treatment options for UTIs due to ESBLs–producing Enterobacteriaceae include nitrofurantion, fosfomycin, fluoroquinolones, cefoxitin, piperacillin-tazobactam, carbapenems, ceftazidime-avibactam, ceftolozane-tazobactam, and aminoglycosides. Based on identification and susceptibility results, alternatives to carbapenems may be used to treat mild-moderate UTIs caused by ESBL-producing Enterobacteriaceae. Ceftazidime-avibactam, colistin, polymixin B, fosfomycin, aztreonam, aminoglycosides, and tigecycline are treatment options for UTIs caused by carbapenem-resistant Enterobacteriaceae (CRE). Treatment options for UTIs caused by multidrug resistant (MDR)-Pseudomonas spp. include fluoroquinolones, ceftazidime, cefepime, piperacillin-tazobactam, carbapenems, aminoglycosides, colistin, ceftazidime-avibactam, and ceftolozane-tazobactam. The use of fluoroquinolones for empiric treatment of UTIs should be restricted due to increased rates of resistance. Aminoglycosides, colistin, and tigecycline are considered alternatives in the setting of MDR Gram-negative infections in patients with limited therapeutic options.
[2]: Empirical and prolonged antimicrobial treatment of urinary tract infections caused by Escherichia coli is associated with the emergence of bacterial resistance, and not all countries have strict policies against the indiscriminate use of drugs in order to prevent resistance. This cross-sectional and retrospective study (2010–2015) aimed to evaluate the sensitivity and resistance of patient-derived E. coli to different drugs broadly used to treat urinary infections in Brazil: ampicillin + sulbactam, cephalothin, ciprofloxacin, norfloxacin, and nitrofurantoin. We obtained 1654 E. coli samples from ambulatory patients with disease symptoms of the urinary tract from a Brazilian public hospital. While all antibiotics were effective in killing E. coli to a large degree, nitrofurantoin was the most effective, with fewer samples exhibiting antibiotic resistance. We assessed the costs of generic and brand name versions of each antibiotic. Nitrofurantoin, the most effective antibiotic, was the cheapest, followed by the fluoroquinolones (ciprofloxacin and norfloxacin), ampicillin + sulbactam and, lastly, cephalothin. Finally, assessment of antibiotic resistance to fluoroquinolones over the study period and extrapolation of the data led to the conclusion that these antibiotics could no longer be effective against E. coli-based urinary infections in approximately 20 years if their indiscriminate use in empirical treatment continues.
[3]: Urinary tract infections (UTI) are a very common reason for consultation and prescription in current practice. Excessive or inappropriate use of antibiotics in treating urinary tract infections is responsible for the emergence and spread of multiresistant uropathogenic bacteria. Aim of the study: To evaluate the isolation frequency and antibiotic resistance of uropathogenic Escherichia coli strains isolated at the Marrakech region. Material and methods: We conducted a retrospective study over a period of three years (from 1st January 2010 to 31 December 2012). It included all non-redundant uropathogenic E.coli strains isolated in the microbiology laboratory of the Avicenne hospital of Marrakech, Morocco. Results: During this study, 1472 uropathogenic enterobacteriaceae were isolated including 924 non-repetitive E.coli strains, an overall isolation frequency of 63%. Antibiotic resistance of isolated E.. coli strains showed resistance rates to amoxicillin (65%), sulfamethoxazole-triméthropime (55%), amoxicillin-clavulanic acid (43%), ciprofloxacin (22%), gentamicin (14%), nitrofurans (11%), amikacin (8%) and fosfomycin (7%). The number of E.. coli strains resistant to C3G by ESBL production was 67, an average frequency of 4.5% of all isolated uropathogenic enterobacteria. The associated antibiotic resistance in the case of ESBL-producing E.coli were 82% for ciprofloxacin, 76% for sulfamethozole trimethoprim, 66% for gentamicin and 56% for amikacin. No resistance to imipenem was recorded for the isolated E.coli strains, which represents an imipenem sensitivity of 100%. Conclusion: Antibiotic resistance of uropathogenic E.. coli strains limits treatment options and therefore constitutes a real public health problem. The regular updating of antibiotic susceptibility statistics of E.coli strains allows a better adaptation of the probabilistic antibiotic therapy to local epidemiological data. Level of evidence: 5.
[4]: Objective: Urinary tract infection is one of the most common bacterial diseases in elderly patients. The objective of this study is to determine the antibiotic resistance rates against first-line antibiotics used for the treatment of community-acquired urinary tract infections in elderly patients at our hospital, and use the results as guidance for empirical antibiotic therapy. Methods: In this study, data on all elderly patients aged 65 and older who were followed and treated in our hospital between March 2010 and March 2012 were evaluated retrospectively. Results: 406 microorganisms were isolated from the urine cultures of 401 patients included in the study, because 5 (1.2%) patients harbored two microorganisms. Of the 406 microorganisms, 320 (78.8%) were Gram-negative bacilli, 72 (17.7%) were Gram-positive cocci and 14 (3.5%) were Candida spp. Escherich-ia coli (n=262, 64.5%), Klebsiella pneumoniae (n=27, 6.6%), and Pseudomonas aeruginosa (n=17, 4.1%) were the most common among Gram-negatives, and Enterococcus faecalis (n=36, 8.9%) and coagulase-negative staphylococci (n=25, 6.2%) were the most common among Gram-positives. Susceptibility rates of E. coli strains were 89% for nitrofurantoin, 81% for trime-thoprim-sulfamethoxazole, 77% for amoxicillin-clavulanic acid, 70% for gentamicin and 66% for ciprofoxacin. Conclusions: Antimicrobial resistance must be monitored at each hospital in order to make correct choices for empirical antibiotic therapy. Surveillance studies are helpful for this purpose. In conclusion, nitrofurantoin and trimethoprim-sulfamethoxa-zole can safely be used for the empirical treatment of urinary tract infections in elderly patients.
[5]: Objectives: Urinary Tract Infections (UTIs) are the most common bacterial infections encountered in the Emergency Department (ED). Objectives of this study are to describe the urological pathogens associated with UTIs in the ED, report antibiotic susceptibilities, and assess empiric antibiotic treatment. Methods: A retrospective chart review of 154 patients with positive urine cultures from January to June 2016 were reviewed for inclusion in the study. Patients were excluded if less than 18 years of age, hospitalized, discharged from the ED without antibiotics or diagnosed with pyelonephritis. Patient demographics, uropathogens isolated, in-vitro susceptibility to commonly prescribed oral antibiotics (nitrofurantoin, ciprofloxacin, and sulfamethoxazole/trimethoprim), and antibiotics selected for treatment were recorded. Results: One hundred patients were included in the final analysis. Of the 106 bacterial isolates, Escherichia coli, Klebsiella pneumoniae, and Group B Streptococcus accounted for 62.5%, 8%, and 8% of pathogens, respectively. Overall susceptibilities were 88.1%, 87.9%, 85.4%, and 70.6% for nitrofurantoin, cefazolin, ciprofloxacin, and sulfamethoxazole/trimethoprim, respectively. Escherichia coli was most susceptible to nitrofurantoin at 96.9% followed by cefazolin at 94%. Ciprofloxacin was the most prescribed antibiotic followed by cephalexin, nitrofurantoin and sulfamethoxazole/trimethoprim. Conclusions: Based on bacterial susceptibility patterns, nitrofurantoin and cephalexin are reasonable first line agents in the empiric treatment of urinary tract infections identified in the emergency department. The most frequently prescribed antibiotic was ciprofloxacin, highlighting the importance of implementing antimicrobial stewardship initiatives and designing specific tools and educational programs for the emergency department targeted at minimizing fluoroquinolone use.",Entailment
i_616,Provides smooth and adaptive assistance. Can be combined with Functional Electrical Stimulation (FES) for enhanced muscle activation .,"Sit To Stand (STS) movement is an important daily living activity and usually a difficult task to achieve, particularly, by post stroke patients. In this study a hybrid control approach that combines the use of an impedance-based exoskeleton controller and an event-based Functional Electrical Stimulation (FES) of the knee extensor muscle to assist the STS transfer movement within an assistance as needed strategy. Actuation of the active lower limb exoskeleton is done using a Serial Elastic Actuator (SEA) that uses a torsion spring to guarantee the measurement of the human exoskeleton interaction torque. The measured torque is fed to a linear desired impedance model to generate a desired trajectory, which will be tracked by the exoskeleton's actuators. Experiments were conducted with one healthy subject to evaluate the feasibility and effectiveness of the proposed approach. The obtained performances show the synergy between the assistance provided through FES of the quadriceps muscle during the extension sub-phase of the STS movement and the one delivered by the knee joint actuator of the lower limb exoskeleton.",Entailment
i_365,"Popular Agile Methodologies: Extreme Programming (XP) focuses on improving software quality and responsiveness to changing customer requirements through practices like pair programming, test-driven development (TDD), and continuous integration .","Agile methods have transformed the way software is developed, emphasizing active end-user involvement, tolerance to change, and evolutionary delivery of products. The first special issue on agile development described the methods as focusing on feedback and change. These methods have led to major changes in how software is developed. Scrum is now the most common framework for development in most countries, and other methods such as extreme programming (XP), elements of lean software development, and Kanban are widely used. What started as a bottom-up movement among software practitioners and consultants has been taken up by major international consulting companies who prescribe agile development, particularly for contexts where learning and innovation are key. Agile development methods have attracted interest primarily in software engineering1, 2 but also in a number of other disciplines including information systems and project management.
[3]: Agile practices are considered as a major attraction for global software development (GSD) projects owing to its flexible nature. Beside the major benefits it offers to GSD, there are few challenges that hinders its implementation across the global software industry. This study contributes in constructing a systematic literature review for exploring the major factors impacting the agile adaptation at global level. We have identified and analyzed 28 research studies (2015-2019). These selected studies have revealed Scrum and Extreme Programming (XP) as the most popular agile practices that are adapted irrespective of the software type and organizational structure. Furthermore 5 tool categories are also presented i.e. modeling, requirement elicitation, data tracking tools etc. that are commonly used while practicing agile. The major findings of this study conclude that these agile methodologies are heavily adapted due to their iterative model and quick code delivery but basic challenges like poor customer involvement and lack of documentation are badly affecting its growth at global level.
[4]: A survey conducted on the agile software development methods and techniques, which are gaining increasing attention within the IT industry is discussed. The survey reports show that organizations such as Shine Technologies have adopted the agile method such as Extreme Programming (EP), Scrum, Agile MSF, AUP, and in particular FDD. The organization has also adopted agile development techniques such as Test Driven Development (TDD) or pair programming. Agile database development techniques including database refactoring and database regression testing are also beginning to attract attention. The survey shows that the adoption on agile approaches to software development has successfully affected the overall productivity and the quality of the systems that they delivered. Agile software development's focus on collaborative techniques, such as active stakeholder participation and increased feedback, have also helped to improve stakeholder satisfaction.",Related but unverifiable
i_1615,COD Removal: Efficiency: IFAS systems are highly effective in removing COD. Studies have reported COD removal efficiencies ranging from 78.8% to over 92% .,"The objective of this paper was to evaluate the effects of dissolved oxygen (DO) concentration and C/N ratio on the biological removal of carbon and nitrogen using an Integrated Fixed-film Activated Sludge (IFAS) reactor for nearly half a year. The results showed that the efficiency of organic matter removal was greater than 90% regardless of the value of the C/N ratio. Nitrogen removal was affected by the C/N ratio. Indeed, at a C/N ratio equal to 10, nitrogen removal efficiency was maximum with an average removal of 96.54%, 86.1% for ammonium and total nitrogen, respectively. Conversely, with a C/N ratio of 4, removal rate dropped significantly. Indeed, the average ammonium and total nitrogen removal were of 82% and 53%, respectively. An important nitrogen removal rate was achieved when the operating DO concentration was maintained between 1.0 and 2.0 mg L<sup>-1</sup>. The impact of the packing material and Mixed Liquor Suspended Solid (MLSS) concentrations on oxygen transfer was determined experimentally. In fact, up to 23% increase in the values of the mass transfer coefficient was observed after the addition of a packing material inside the reactor. However, an increase in the MLSS led to a decrease of the oxygen transfer coefficient.
[3]: In this study, by inoculating nitritation suspended sludge, simultaneous nitritation, anammox and denitrification (SNAD) was established quickly in an integrated fixed-biofilm activated sludge (IFAS) reactor to treat high-ammonia municipal wastewater. Results showed that, deep-level total nitrogen and chemical oxygen demand removal efficiencies (92.8% and 78.8%, respectively) were achieved, and their effluent concentrations were 13.2 and 39.3 mg/L, respectively. Excess generation of nitrate was once occurred under continuous aerobic condition, but it could be solved by suppressing nitrite oxidizing bacteria activity stably via switching to intermittent aeration mode (alternate 7 min of aerobic and 21 min of anoxic) and rising influent ammonium concentration temporarily (lasted 31 days). High-throughput sequencing analysis revealed that, Candidatus_Brocadia, as dominant anammox bacteria, was self-generated in flocs (2.93%) but mainly biofilm (7.67%), whereas uncultured_f_Nitrosomonadaceae as ammonia oxidizing bacteria was mainly found in flocs (2.4%). This work not only demonstrated that anammox bacteria could be self-generated and retained in the SNAD-IFAS system, but also suggested a promising application of the SNAD-IFAS in wastewater treatment plants.
[8]: In this study, performance of Integrated Fixed-film Activated Sludge (IFAS) system in treatment of Linear Alkylbenzene Sulfonate (LAS), and oil & grease in synthetic greywater and effect of Organic Loading Rates (OLRs) on removal efficiency within a period of 105 days were investigated. Present study was carried out in a pilot scale under such conditions as temperature of 30 ± 1 °C, dissolved oxygen of 2.32 ± 0.91 mg/l, pH of 8.01 ± 0.95 and OLRs of 0.11–1.3gCOD/L.d. Also, Scanning Electron Microscopy (SEM) images were employed to specify rate of the biofilm formed on the media inside the reactor IFAS. The best removal efficiency for COD, LAS and oil and grease were respectively obtained as 92.52%, 94.24% and 90.07% in OLR 0.44gCOD/L.d. The assessment of loading rate indicated that with increased OLR to 0.44gCOD/L.d, removal efficiency of COD, oil and grease was increased while with increased OLR, removal efficiency was decreased. In doing so, based on the statistical test ANOVA, such a difference between removal efficiencies in diverse OLRs was significant for COD (p = 0.003), oil and grease (p = 0.01). However, in terms of LAS, with increased value of OLR to 0.44gCOD/L.d, the removal efficiency was increased and then with higher OLRs, removal efficiency was slightly decreased that is insignificant (p = 0.35) based on the statistical test ANOVA. The SEM images also showed that the biofilm formed on the media inside IFAS reactor plays a considerable role in adsorption and biodegradation of LAS, and oil & grease in greywater. The linear relation between inlet COD values and rate of removed LAS indicated that the ratio of inlet COD (mg/L) to removed LAS (mg/L) was 0.4. Therefore, use of IFAS system for biodegradation of LAS, oil and grease in greywater can be an applicable option.",Entailment
s_1631,3. Sustainable Farming Practices: Rainfed Agriculture: Increasing the adoption of technologies in rainfed farming can close the yield gap and improve food security. This includes promoting sustainable intensification and diversification of production systems .,"[6] Climate change has an impact on the environment, especially in agriculture. Climate change which caused the emergence of extreme weather led to declining agricultural productivity or crop failures in several regions. Some areas of Gunungkidul are the most difficult areas to plant rice compared to other regencies/cities in the Special Region of Yogyakarta. The issue of agricultural land conversion is a problem for almost all countries in the world that are difficult to resolve as development increases. Different policies are implemented to minimize the adverse effects of the conversion of agricultural land in various regions of the world. One of the policies that applied in Indonesia is the policy of Sustainable Food Agriculture Land Protection or Perlindungan Lahan Pertanian Pangan Berkelanjutan (PLP2B policy). Until now, this policy was slowing the movement in Indonesia, including in Gunungkidul. This article aims to analyze the performance and dilemma of this policy in Gunungkidul. Qualitative research with case study approach had been done and data was collected through documentation or literature study, observation, in-depth interviews and Forum Group Discussion. The results showed that PLP2B policy has not been optimally implemented and still become a dilemma to local government rather than become a solution. [8] The capacity of the Government of Indonesia to grow the country to be developed country in 2025 as mentioned in The Master Plan for Acceleration and Expansion of Indonesia's Economic Development (abbreviated MP3EI) faces many challenges, one of them is financial capacity. Huge archipelago like Indonesia needs to be connected by good infrastructure, especially airport, and it's needed a big amount of money that the government still can afford it. The government realizes the limitation in funding the infrastructure needs. The government comes with the concept to form the cooperation with private sectors as known as a Public Private Partnership (PPP). The national planning agency in Indonesia for PPP planning and implementation issues the PPP book to provide potential investors the information on available infrastructure investment in Indonesia. Project listed in PPP Book are results of rigorous review and screening process by national planning agency. The projects are organized into potential projects, prospective projects, and ready to offer projects. The airport projects obtain the potential income from international flights and the forecast of passengers becomes the main factor in increasing the development of infrastructure. The PPP schemes is expected to fulfill the financial problems in infrastructure service providing. However, the private participation is expected not only to fill the funding but also to share experience and knowledge in the development, operation, and management of qualified infrastructure service. Therefore, the aim of the study is to develop risk mitigation strategy for airport infrastructure development projects and expected to be problem solving for the lack of succession of PPP and can be a solution for acceleration of infrastructure development in Indonesia. The research study was conducted by collecting data at several airports in Indonesia. The data used were primary and secondary data. The primary based upon field survey, while secondary according to the study on the various literatures of the success with the implementation of PPP in Indonesia and abroad. The findings and recommendations for the study are risk response and risk strategy in order to address of each risk that already identified. Risk response can be: Retention, Avoidance, Reduction, or Transfer. [14] The corrugated board industry in Indonesia is expecting another economic success fueled by increased consumer spending on factory produced processed foods and improved political stability and economic outlook. Other major factors that boost investment in box production are the five new board plants that have been commissioned during the past 18 months, and some existing factories that have installed new equipment in meeting expanding demand.",Related but unverifiable
i_4,"Key Components of the Framework: Explainability and Interpretability: A formal framework for interpretable machine learning can be adapted, where an iterative procedure of questions and answers helps establish optimal trade-offs between explanatory accuracy, simplicity, and relevance .","[1] Automatic decision-making approaches, such as reinforcement learning (RL), have been applied to (partially) solve the resource allocation problem adaptively in the cloudcomputing system. However, a complete cloud resource allocation framework exhibits high dimensions in state and action spaces, which prohibit the usefulness of traditional RL techniques. In addition, high power consumption has become one of the critical concerns in design and control of cloud computing systems, which degrades system reliability and increases cooling cost. An effective dynamic power management (DPM) policy should minimize power consumption while maintaining performance degradationwithin an acceptable level. Thus, a joint virtual machine (VM) resource allocation and power management framework is critical to the overall cloud computing system. Moreover, novel solution framework is necessary to address the even higher dimensions in state and action spaces. In this paper, we propose a novel hierarchical framework forsolving the overall resource allocation and power management problem in cloud computing systems. The proposed hierarchical framework comprises a global tier for VM resource allocation to the servers and a local tier for distributed power management of local servers. The emerging deep reinforcement learning (DRL) technique, which can deal with complicated control problems with large state space, is adopted to solve the global tier problem. Furthermore, an autoencoder and a novel weight sharing structure are adopted to handle the high-dimensional state space and accelerate the convergence speed. On the other hand, the local tier of distributed server power managements comprises an LSTM based workload predictor and a model-free RL based power manager, operating in a distributed manner. Experiment results using actual Google cluster traces showthat our proposed hierarchical framework significantly savesthe power consumption and energy usage than the baselinewhile achieving no severe latency degradation. Meanwhile, the proposed framework can achieve the best trade-off between latency and power/energy consumption in a server cluster. [9] In this paper, we address the problem of computing interpretable solutions to reinforcement learning (RL) problems. To this end, we propose a search algorithm over a space of simple closed-form formulas that are used to rank actions. We formalize the search for a high-performance policy as a multi-armed bandit problem where each arm corresponds to a candidate policy canonically represented by its shortest formula-based representation. Experiments, conducted on standard benchmarks, show that this approach manages to determine both efficient and interpretable solutions. © 2012 Springer-Verlag Berlin Heidelberg. [10] Symbolic planning models allow decision-making agents to sequence actions in arbitrary ways to achieve a variety of goals in dynamic domains. However, they are typically handcrafted and tend to require precise formulations that are not robust to human error. Reinforcement learning (RL) approaches do not require such models, and instead learn domain dynamics by exploring the environment and collecting rewards. However, RL approaches tend to require millions of episodes of experience and often learn policies that are not easily transferable to other tasks. In this paper, we address one aspect of the open problem of integrating these approaches: how can decision-making agents resolve discrepancies in their symbolic planning models while attempting to accomplish goals? We propose an integrated framework named SPOTTER that uses RL to augment and support (""spot"") a planning agent by discovering new operators needed by the agent to accomplish goals that are initially unreachable for the agent. SPOTTER outperforms pure-RL approaches while also discovering transferable symbolic knowledge and does not require supervision, successful plan traces or any a priori knowledge about the missing planning operator.",Related but unverifiable
i_1846,"Challenges and Implementation: Technological: Developing and adopting new technologies for recycling and waste management, such as blockchain for improving CE performance .","The recent circular economy movement has raised awareness and interest about untapped environmental and economic potential in the manufacturing industry. One of the crucial aspects in the implementation of circular or closed-loop manufacturing approach is the design of circular products. While it is obvious that three post-use strategies, i.e., reuse, remanufacturing, and recycling, are highly relevant to achieve loop closure, it is enormously challenging to choose ""the right"" strategy (if at all) during the early design stage and especially at the single component level. One reason is that economic and environmental impacts of adapting these strategies are not explicit as they vary depending on the chosen business model and associated supply chains. In this scenario, decision support is essential to motivate adaptation of regenerative design strategies. The main purpose of this paper is to provide reliable decision support at the intersection of multiple lifecycle design and business models in the circular economy context to identify effects on cost and CO<inf>2</inf> emissions. The development of this work consists of a systematic method to quantify design effort for different circular design options through a multi-method simulation approach. The simulation model combines an agent-based product architecture and a discrete event closed-loop supply chain model. Feasibility of the model is tested using a case of a washing machine provided by Gorenje d.d. Firstly, design efforts for reuse, remanufacturing, and recycling are quantified. Secondly, cost and emissions of different design options are explored with different business model configurations. Finally, an optimization experiment is run to identify the most cost-effective combination of reused, remanufactured, and recycled components for a business model chosen on the basis of the explorative study results.
[11]: The circular economy (CE) is an emergent concept to rethink and redesign how our economy works. The concept recognizes effective and efficient economic functioning at multiple scales-governments and individuals, globally and locally; for businesses, large and small. CE represents a systemic shift that builds long-term resilience at multiple levels (macro, meso and micro); generating new business and economic opportunities while providing environmental and societal benefits. Blockchain, an emergent and critical technology, is introduced to the circular economy environment as a potential enabler for many circular economic principles. Blockchain technology supported information systems can improve circular economy performance at multiple levels. Product deletion, a neglected but critical effort in product management and product portfolio management, is utilized as an illustrative business scenario as to blockchain's application in a circular economy research context. Product deletion, unlike product proliferation, has received minimal attention from both academics and practitioners. Product deletion decisions need to be evaluated and analyzed in the circular economy context. CE helps address risk aversion issues in product deletions such as inventory, waste and information management. This paper is the first to conceptualize the relationships amongst blockchain technology, product deletion and the circular economy. Many nuances of relationships are introduced in this study. Future evaluation and critical reflections are also presented with a need for a rigorous and robust research agenda to evaluate the multiple and complex relationships and interplay amongst technology, policy, commerce and the natural environment.",Entailment
