ID,claim_clean,reference_clean,predict
s_1524,"Tannin Levels: Tannin Content in Barley: Tannins are another group of anti-nutritional compounds found in grains. While specific data on tannin levels in pearl barley flour is not provided, it is known that tannins are generally concentrated in the outer layers of grains. Therefore, the pearling process, which removes these outer layers, would likely reduce the tannin content in pearl barley flour .","Purpose: Pearl millet (Pennisetum glaucum) is a rich source of nutrients as compared to the major cultivated cereal crops. However, major factors which limit its utilization are the presence of anti-nutritional factors (phytate, tannins and polyphenols) which lower availability of minerals and poor keeping quality because of higher lipase activity. Therefore, this paper aims to focus on the impact of different processing methods on the nutrient composition and anti-nutritional components of pearl millet. Design/methodology/approach: This is a literature review study from 1983 to 2017, focusing on studies related to pearl millet processing and their effectiveness in the enrichment of nutritional value through reduction of anti-nutritional compounds. Findings: From the literature reviewed, pearl millet processing through various methods including milling, malting, fermentation, blanching and acid as well as heat treatments were found to be effective in achieving the higher mineral digestibility, retardation of off flavor, bitterness as well as rancidity problems found during storage of flour. Originality/value: Through this review paper, possible processing methods and their impact on the nutrient and anti-nutrient profile of pearl millet are discussed after detailed studied of literature from journal articles and thesis.
[5]: Pearled barley kernels are usually cooked with rice in Japan. Their discoloration during and after cooking is one of the problems to promote barley consumption as a staple food. When cooked barley kernels were incubated, their a* values increased with time, which was influenced by water content of kernels. To evaluate a browning of cooked barley kernels, pearled barley kernels (10 varieties and 6 lines) were heated in mineral water at 105°C for 1 hour and further incubated at 70°C for 24 hours in a test tube. The a* value of the flour was measured after lyophilized and pulverized, and the increase in a* value during incubation after cooking (Δa*) was used as an indicator of the browning. The contents of flavanols in barley kernels decreased during incubation after cooking, as the Δa* increased. Prodelphinidin B3 decreased faster than procyanidin B3 and (+)-catechin. Varieties with high flavanol content in pearled kernels showed high ftavanol content in cooked kernels (r=0.986) and large flavanol loss during incubation after cooking (r= 0.921), when flavanol contents were determined by p-dimethylaminocinnamaldehyde (DMACA) method. The browning of cooked kernels was significantly correlated with the flavanol content in pearled kernels (r= 0.716) as well as the flavanol loss during incubation after cooking (r=0.838). The browning of cooked kernels was slightly observed in proanthocyanidin-free lines. These results indicate that flavanols are the major factor to cause the browning of cooked barley kernels.",Related but unverifiable
s_282,"Types of Search Algorithms: Binary Search: Definition: Efficiently searches for an element in a sorted array by repeatedly dividing the search interval in half. Complexity: O(log n). It is also believed that advancements in search algorithms, such as those inspired by natural processes, could lead to even more efficient searching techniques in the future .","Search is considered to be an important functionality in a computational system. Search techniques are applied in file retrievals and indexing. Though there exists various search techniques, binary search is widely used in many applications due to its advantage over other search techniques namely linear and hash search. Binary search is easy to implement and is used to search for an element in a large search space. The worst case time complexity of binary search is O (log<inf>2</inf> n) where n is the number of elements (search space) in the array. However, in binary search, searching is performed on the entire search space. The complexity of binary search may be further reduced if the search space is reduced. This paper proposes an Ant Colony Optimization based Binary Search (ACOBS) algorithm to find an optimal search space for binary search. ACOBS algorithm categorizes the search space and the key element is searched only in a specific category where the key element can exist thereby reducing the search space. The time complexity of ACOBS algorithm is O (log<inf>2</inf> c) where c is the number of elements in the reduced search space and c &lt; n. The proposal is best suited for real time applications where searching is performed on a large domain.",Entailment
s_126,"Key Areas of AI Implementation in Libraries: User Services and Interaction: AI tools like chatbots and virtual assistants can provide 24/7 user support, answering queries and assisting with information retrieval. These tools often utilize NLP to understand and respond to user inquiries effectively .","The main purpose of this paper is to assess and examine the possible application of Artificial Intelligence (AI) tools in Pakistani academic libraries, particularly those areas of library technical and library user services where AI could be applied in the near future. A secondary purpose is to bring the library perspective on AI to the forefront of the scholarly world. This is a self-exploratory study, in which a qualitative approach interview has been conducted with 10 chief librarians/library heads (5 public + 5 private sectors) from universities regarding their views on the adoption of artificial intelligence tools in Pakistani academic libraries. Results are tabulated in a descriptive format. Librarians are aware of AI technologies. Services based on Natural Language Processing (NLP) are used in libraries, e.g. Google Assistant, Voice Searching, and Google Translate. Pattern recognition methods, such as text data mining, are also used to retrieve library material and conduct online searching. Big data is accessed via services such as cloud computing, OneDrive, and Google Drive. There is a very low level of awareness of robotics and chatbots. This study provides librarians with suggestions as to how AI tools could be used in libraries which either have yet to adopt AI technologies or wish to implement more advanced tools. Pakistani library schools could collaborate with computer science departments to establish AI Labs in the respective library and information science (LIS) departments/libraries. AI challenges funding and technological skills are the key problem to implement with AI in the University Libraries.
[5]: Current language processing technologies allow the creation of conversational chatbot platforms. Even though artificial intelligence is still too immature to support satisfactory user experience in many mass market domains, conversational interfaces have found their way into ad hoc applications such as call centres and online shopping assistants. However, they have not been applied so far to social inclusion of elderly people, who are particularly vulnerable to the digital divide. Many of them relieve their loneliness with traditional media such as TV and radio, which are known to create a feeling of companionship. In this paper we present the EBER chatbot, designed to reduce the digital gap for the elderly. EBER reads news in the background and adapts its responses to the user's mood. Its novelty lies in the concept of 'intelligent radio', according to which, instead of simplifying a digital information system to make it accessible to the elderly, a traditional channel they find familiar -background news- is augmented with interactions via voice dialogues. We make it possible by combining Artificial Intelligence Modelling Language, automatic Natural Language Generation and Sentiment Analysis. The system allows accessing digital content of interest by combining words extracted from user answers to chatbot questions with keywords extracted from the news items. This approach permits defining metrics of the abstraction capabilities of the users depending on a spatial representation of the word space. To prove the suitability of the proposed solution we present results of real experiments conducted with elderly people that provided valuable insights. Our approach was considered satisfactory during the tests and improved the information search capabilities of the participants.",Entailment
s_322,"Effects on Careers in Software Engineering: Employment Opportunities and Challenges: While AI creates new opportunities in the field of intelligent software engineering, it also poses challenges such as the need for continuous learning and adaptation to new technologies .","Artificial Intelligence (AI) could have far reaching impact on economies and societies across the globe. The current avalanche of technological changes across the workplace demonstrated by AI has rekindled widespread fear of job losses and increase in inequality. This study sets out to analyze the perceptions of Asian undergraduates towards the increasing development of AI technologies in the workplace and assess how confident and adaptable they are in relation to challenges of AI as a viable future job competitor in the labour market. A survey instrument was administered randomly to 84 respondents from Yogyakarta State University and descriptive statistics was used in analyzing the data. The findings from the study revealed that more than 70 percent of respondents possess satisfactory levels of self-confidence and adaptability skills to take on the disruptive forces of AI technologies in the future but exhibits mixed feeling as regard to their perception of AI technologies in the workplace as the margin of difference among the three response options provided (Scared, Confident or Indifferent) were so small and below 50% for each option. This study bridges the gap in the literature relating to undergraduate's perception of AI in the workplace especially in Asia while also providing useful insights and recommendations to ensuring that all relevant stakeholders especially undergraduates maximizes the opportunities brought about by AI while reducing or totally eradicating the threats on their path.",Related but unverifiable
s_480,"Social Sustainability: Human-Centered Design: ML is not effectively used to promote social sustainability, as it often neglects workplace ergonomics and worker well-being. In fact, IoT technology combined with ML can lead to manufacturing processes that are less human-centered, diminishing health, satisfaction, and performance .","One of the most actual and consistent drivers for the industry is sustainability, which includes three main pillars: environment, economics, and society. While numerous methods for environmental and economic sustainability assessment have been proposed, social sustainability assessment is still lacking in structured methods and tools, although human has always played a key role. Moreover, technological development is pushing the industrial world toward a new paradigm, the ""Industry 4.0,"" which embeds topics such as data digitalization, cyber-physical systems, and machine learning. It entails significant changes in human resources management, without reducing their importance. Humans were part of the manufacturing system from the first industrial revolution, and no automation or digitalization can be possible without humans. The industry can no longer underestimate the reasonable application of human factors and ergonomics principles to the workplace. For this purpose, the paper provides a novel transdisciplinary engineering method to measure and promote social sustainability on production sites. It exploits Internet of Things technology to support the (re)design of manufacturing processes and plants toward human-centered connected factories. To improve the workers' well-being has positive effects on their health, satisfaction, and performance. The method has been implemented in a real industrial case study within the footwear industry. The sole finishing process has been analyzed from different perspectives to solve ergonomics-related problems and implement effective improvement strategies.",Opposite meaning
i_481,"Key Principles: User-Centric Ranking: Develop ranking algorithms that consider various factors such as text statistics, popularity, freshness, locality, content properties, and user background, which are the only factors necessary to tailor the search results to user preferences, ignoring other potential influences .","For an information retrieval system to be successful, it must have the ability to rank search results. As web search engines are the most often used and - in terms of ranking functionality - the most advanced existing systems, the principles they are based on and the strategies they use can be advantageous when applied to the library context. We categorize ranking factors into six different groups: 1. text statistics, 2. popularity, 3. freshness, 4. locality and availability, 5. content properties and 6. user background. We discuss the basic concepts and assumptions these ranking factors involve and offer potential implementations in the library context. The practice recommended here is for libraries to not only apply selected ranking factors - as existing library information systems already do - but to systematically test for the ranking factors best suited to their systems. We argue for a user-centric view on ranking, because in the end, ranking should be for the benefit of the user, and user preferences may vary across different contexts.
[9]: Canonical Information Retrieval systems perform a ranked keyword search strategy: Given a user's one-off information need (query), a list of documents, ordered by relevance, is returned. The main limitation of that ""one fits all"" approach is that long-term user interests are neglected in the search process, implicitly assuming that they are completely independent of the user query. Actually, there are information access scenarios that cannot be solved through a straightforward matching of queries and documents, since other elements influence the relevance of the retrieved results. In these scenarios, a smart search engine could exploit information about topics of interest, stored in the user profile, to automatically tailor ranking functions to a particular user. The main contribution of this paper is an extension of the vector space retrieval model in which user profiles learned by a content-based recommender system are taken into account to modify the ranking of search results. Experimental results in a movie retrieval scenario show how promising is the approach. Copyright © 2008, Association for the Advancement of Artificial Intelligence.",Missing information
s_139,"2. Improved Segmentation Accuracy: Higher Dice and Jaccard Scores: Compared to traditional UNet models, ResUNet achieves higher segmentation accuracy metrics. For instance, in brain tumor segmentation, ResUNet achieved a Dice score of 0.614444 and a Jaccard index of 0.815555, indicating better performance in capturing the true boundaries of the segmented regions .","Brain tumor segmentation is a critical step in MRI analysis, significantly impacting treatment decisions and prognostic evaluations. Deep learning, particularly with models like UNet and ResUNet, has emerged as a powerful approach, offering superior segmentation accuracy. The UNet model achieves a Dice score of 0.7 and a Jaccard index of 0.6, while the ResUNet model achieves a Dice score of 0.614444 and a Jaccard index of 0.815555. Despite advancements, challenges such as tumor variability, noise, and intensity variations persist, limiting the technology's potential. This study presents recent advancements in deep learning for brain tumor segmentation, covering background, methods (including UNet and ResUNet), achieved results, and concluding remarks. We discuss strengths, limitations, and ongoing research efforts, including multi-modal data integration and advanced network architectures, aiming to enhance segmentation precision and practical utility.",Opposite meaning
s_1157,"Calcium: Calcium Intake: Similar to potassium, a high calcium diet is also recommended for lowering blood pressure. However, compliance with such diets can be challenging, and patients often underestimate their sodium intake while overestimating their calcium intake .","Objective: A diet low in sodium, high in potassium, and high in calcium is recommended to lower blood pressure. However, compliance with this diet is poor, probably because of dietary intake underestimation. Therefore, we compared electrolyte intake as estimated from dietary recall with a 24-h urinary excretion. Methods: Thirty-six patients (26 men and 10 women) with a mean age of 46 ± 8 y participated in the study. All participants had essential hypertension and were on no drug therapy (n = 20) or non-diuretic monotherapy (n = 16). Patients were instructed to consume a low-sodium (50 mmol/d), high-potassium (supplementation with 30 to 60 mmol/d), and high-calcium (1000 mg/d) diet. Compliance with the diet was assessed at baseline and then 1, 2, and 3 mo after starting the diet. Sodium, potassium, and calcium intakes were carefully estimated from patients' dietary recall and 24-h urinary collection. Results: Estimated sodium intake significantly correlated with 24-h urinary excretion (R = 0.43 P < 0.001). However, estimated sodium intake was lower than urinary sodium excretion by 34% at baseline and by 47% after 3 mo of dieting (P < 0.05). Estimated potassium intake correlated with 24-h urinary excretion. Estimated calcium intake significantly increased from 933 ± 83 mg/d to 1029 ± 171 mg/d (P < 0.05). Calcium intake derived from patients' recall far exceeded and only slightly correlated with 24-h urinary excretion (R = 0.23, P < 0.01). Conclusions: Patients tend to underestimate their sodium intake by 30% to 50%; therefore, urinary sodium excretion is more accurate to assess sodium intake. Thus, 24-h urinary sodium excretion should be used in clinical practice and in clinical trials, especially when dietary non-compliance is suspected. © 2005 Elsevier Inc. All rights reserved.",Entailment
s_170,"IT Security: Increasing Cybersecurity Threats: The growing sophistication of cybercriminals and the expanding IT 'attack surface' due to interconnected devices and systems necessitate robust cybersecurity measures. Organizations are recognizing the need for holistic and proactive cybersecurity approaches beyond traditional access control and perimeter defenses. Furthermore, it is likely that organizations that adopt advanced AI-driven cybersecurity solutions will experience a significant reduction in breach incidents, although this remains to be fully substantiated .","The pace of digital transformation and new technology development and the growing sophistication of cyber criminals result in organisations facing greater scope and severity of cybersecurity attacks on a daily basis-estimated to cost between $375 and $575 billion per annum. It is anticipated that as more devices, systems, and infrastructure become interconnected and interdependent, and as more interfaces between customers, suppliers, and partners are leveraged, the IT 'attack surface' will continue to expand. Organisations vary in their approaches to attempting to prevent cybersecurity breaches: some are overly restrictive, making even routine business activities difficult, while others are too relaxed with poor oversight and inadequate protocols and procedures, creating unnecessary exposures. However, applying appropriate cybersecurity controls is now a particular necessity where digital leaders often have a higher tolerance and appetite for risk-taking and experimentation to identify key opportunities for the future. Organisations now need to rethink their cybersecurity management approaches, and recognise that traditional access control and perimeter defences alone are no longer sufficient. Rather holistic and proactive approaches that continually evolve and adapt to counter emerging threats and minimise the potential negative consequences of exposure are required. Understanding how effective the organisation is in its cybersecurity efforts is a prerequisite for ensuring controls remain abreast with, and appropriate for, the changing IT threat landscape. This paper presents a cybersecurity conceptual framework that can be used by organisations to provide a holistic analysis of their cybersecurity approaches. It details the key factors or management themes underpinning cybersecurity effectiveness and how the insights gained through assessing performance against these factors or management themes can be practically used to improve cybersecurity effectiveness.",Related but unverifiable
i_1082,"Neurological and Respiratory Symptoms: Neurological symptoms and respiratory issues can also occur, though they are less common .","Background: Yoga is a representative mind-body therapy of complementary and alternative medicine. In Japan, yoga is practiced widely to promote health, but yoga-associated adverse events have also been reported. To date, the frequencies and characteristics of yoga-related adverse events have not been elucidated. This study was conducted to elucidate the frequencies and characteristics of adverse events of yoga performed in classes and the risk factors of such events. Methods: The subjects were 2508 people taking yoga classes and 271 yoga therapists conducting the classes. A survey for yoga class attendees was performed on adverse events that occurred during a yoga class on the survey day. A survey for yoga therapists was performed on adverse events that the therapists had observed in their students to date. Adverse events were defined as undesirable symptoms or responses that occurred during a yoga class. Results: Among 2508 yoga class attendees, 1343 (53.5%) had chronic diseases and 1063 (42.3%) were receiving medication at hospitals. There were 687 class attendees (27.8%) who reported some type of undesirable symptoms after taking a yoga class. Musculoskeletal symptoms such as myalgia were the most common symptoms, involving 297 cases, followed by neurological symptoms and respiratory symptoms. Most adverse events (63.8%) were mild and did not interfere with class participation. The risk factors for adverse events were examined, and the odds ratios for adverse events were significantly higher in attendees with chronic disease, poor physical condition on the survey day, or a feeling that the class was physically and mentally stressful. In particular, the occurrence of severe adverse events that interfered with subsequent yoga practice was high among elderly participants (70 years or older) and those with chronic musculoskeletal diseases. Conclusions: The results of this large-scale survey demonstrated that approximately 30% of yoga class attendees had experienced some type of adverse event. Although the majority had mild symptoms, the survey results indicated that attendees with chronic diseases were more likely to experience adverse events associated with their disease. Therefore, special attention is necessary when yoga is introduced to patients with stress-related, chronic diseases.",Entailment
i_1456,"Expenditure Control: Efforts to control expenditures and utilization have historically failed, particularly within Medicaid, due to the autonomy and discretion of healthcare providers .","Five years and two near-death experiences later, the Patient Protection and Affordable Care Act of 2010 (ACA) has restructured the delivery of American health care. It has provided coverage to millions of Americans who previously lacked it, outlawed discrimination in the insurance marketplace, and armed patients with consumer-based tools to streamline their care. The ACA has had a positive impact throughout the country. But it can only go so far. Separate from providing access, the most daunting challenge facing American health care, and Medicare in particular, is how to control expenditures and utilization in an era of unprecedented enrollment growth. Past efforts to control expenditure and utilization have failed, and starkly conflict with the dominant paradigm in American health care that sanctifies the autonomy and nearly unlimited discretion of the American health care provider. This paradigm often views attempts that seek cost-effectiveness as heavyhanded government intervention. But as Medicare's enrollment is likely to swell from 52 million today to nearly 90 million by 2040, the costs and utilization problem will not abate with age. While the AC A may help reduce unnecessary and unwanted care and expand coverage, it cannot fully address the overtreatment problem due to a confluence of factors-namely, the often-acute emergent situations and incomparable pain patients encounter, the imperfect agency relationship between patients and payers, and the intractable information asymmetry that exists within the enterprise. This challenge begs for creative legal and policy-based solutions that seek to maintain provider autonomy and patients' freedom of choice, but also construct reasonable incentives and limitations to prod providers and Medicare beneficiaries into choosing more cost-effective treatments. It is made all the more difficult by Medicare's reimbursement structure, a regime that still largely rewards and incentivizes excess. Recognizing that tension, this piece nods to previous scholarship that has suggested importing fiduciary principles into the provider-patient relationship, but builds on it by arguing for the inculcation of fiduciary principles into the largely unrecognized payer-provider relationship. Requiring the provider to owe a duty of loyalty to the payers in the Medicare enterprise-American taxpayers-would introduce pressures on providers to limit excessive and expensive health care by opening the door for Medicare to seek judicial remedies in cases of wrongdoing. This new duty would further nuance the provider's loyalties and also reflect other professionals' multilayered duties of loyalty. Finally, this move would not increase regulations governing providers, nor rob them of their dear autonomy, but would limit unreasonable health care costs and utilization where possible-something that, heretofore, Medicare has failed to do.",Entity error
i_1840,Key Principles of Circular Economy: Waste Generation: Increasing waste through excessive consumption and disposal practices .,"Reuse and recirculation of products and materials are the basis of the concept of the circular economy (CE). The CE is an innovative proposal that can result in positive impacts such as reduced demand for raw materials, reduced consumption of basic resources, and job creation, as well as preventing negative impacts resulting from the exploitation and processing of natural resources. Mining is infamous for its potential environmental impact, but mining waste from traditional mining (in the linear economy) may recover material through upcycling techniques, as can urban mining of industrial and post-consumer waste categories (in the circular economy). Urban mining, a form of closed-loop supply chain management, offers an attractive alternative to the management of waste electrical and electronic equipment (e-waste) and, at the same time, as a sustainable way to exploit mineral resources, reduces primary material intake and stimulates the circularity in the supply chain. The present study reviews the main CE solutions for e-waste management, highlighting the importance of recovering and classifying mineral material according to urban mining procedures.
[6]: The recent circular economy movement has raised awareness and interest about untapped environmental and economic potential in the manufacturing industry. One of the crucial aspects in the implementation of circular or closed-loop manufacturing approach is the design of circular products. While it is obvious that three post-use strategies, i.e., reuse, remanufacturing, and recycling, are highly relevant to achieve loop closure, it is enormously challenging to choose ""the right"" strategy (if at all) during the early design stage and especially at the single component level. One reason is that economic and environmental impacts of adapting these strategies are not explicit as they vary depending on the chosen business model and associated supply chains. In this scenario, decision support is essential to motivate adaptation of regenerative design strategies. The main purpose of this paper is to provide reliable decision support at the intersection of multiple lifecycle design and business models in the circular economy context to identify effects on cost and CO<inf>2</inf> emissions. The development of this work consists of a systematic method to quantify design effort for different circular design options through a multi-method simulation approach. The simulation model combines an agent-based product architecture and a discrete event closed-loop supply chain model. Feasibility of the model is tested using a case of a washing machine provided by Gorenje d.d. Firstly, design efforts for reuse, remanufacturing, and recycling are quantified. Secondly, cost and emissions of different design options are explored with different business model configurations. Finally, an optimization experiment is run to identify the most cost-effective combination of reused, remanufactured, and recycled components for a business model chosen on the basis of the explorative study results.
[7]: A circular economy (CE)-inspired waste management hierarchy was proposed for end-of-life (EOL) lithium-ion batteries (LIBs) from electric vehicles (EVs). Life cycle eco-efficiency metrics were then applied to evaluate potential environmental and economic trade-offs that may result from managing 1,000 end-of-life EV battery packs in the United States according to this CE hierarchy. Results indicate that if technology and markets support reuse of LIBs in used EVs, the net benefit would be 200,000 megajoules of recouped cumulative energy demand, which is equivalent to avoiding the production of 11 new EV battery packs (18 kilowatt-hours each). However, these benefits are magnified almost tenfold when retired EV LIBs are cascaded in a second use for stationary energy storage, thereby replacing the need to produce and use less-efficient lead-acid batteries. Reuse and cascaded use can also provide EV owners and the utility sector with cost savings, although the magnitude of future economic benefits is uncertain, given that future prices of battery systems are still unknown. In spite of these benefits, waste policies do not currently emphasize CE strategies like reuse and cascaded use for batteries. Though loop-closing LIB recycling provides valuable metal recovery, it can prove nonprofitable if high recycling costs persist. Although much attention has been placed on landfill disposal bans for batteries, results actually indicate that direct and cascaded reuse, followed by recycling, can together reduce eco-toxicity burdens to a much greater degree than landfill bans alone. Findings underscore the importance of life cycle and eco-efficiency analysis to understand at what point in a CE hierarchy the greatest environmental benefits are accrued and identify policies and mechanisms to increase feasibility of the proposed system.",Opposite meaning
i_1373,It originates in the cerebellum and can metastasize along the neuraxis .,"Medulloblastoma is the most common primary central nervous system tumor of childhood. Medulloblastoma can metastasize along the neuraxis and to extraneural locations, but multiple intramedullary spinal metastases are very rare. The usual presenting clinical features are related to posterior fossa syndrome and/or hydrocephalus. We describe a unique case of medulloblastoma with multiple intramedullary lesions at the D-7 and D-12 levels.
[5]: Medulloblastoma is the most common malignant brain tumor of childhood, with a propensity for neuraxial spread via the cerebrospinal fluid. However, systemic metastases can occur in a small minority of patients. Very rarely such metastases can involve the mandible and present with intra-oral swelling. One such occurrence in a patient with medulloblastoma in the setting of disseminated disease is reported with a review of the relevant literature. The treatment options for patients with extra-neuraxial metastases are limited and their prognosis continues to remain poor. © 2007 Elsevier Ltd. All rights reserved.",Related but unverifiable
i_410,"Key Components for Effective Data Protection in EHR Systems: Information Security Management: Implementing security mechanisms such as access control, privacy management, and trust management is essential for protecting data in cloud environments . These practices can be integrated into EHR systems to safeguard user data.","Cloud computing confers benefits to its customers but regardless of all the advantages, information security is one of the major concerns on cloud paradigm. Information security challenge rises from the fact that consumer of public cloud services has no access to physical servers while utilizing different cloud services. Several security mechanisms such as access control, privacy management and trust management are used to enhance security at cloud epitome. This research discuses several techniques proposed by different researchers related to different security mechanisms for cloud platform. A brief comparison of all identified techniques is presented based on the criteria identified by National Institute of standards and technology for good practices and quality assessment of security mechanisms. © 2013 GIRI.",Related but unverifiable
s_431,"Key Differences: Applications: While both fields aim to extract valuable insights, text mining is often used for specific text-based applications, such as sentiment analysis and information retrieval .","Text mining, also referred to as text data mining, is the process of extracting interesting and non-Trivial patterns or knowledge from text documents. It uses algorithms to transform free flow text (unstructured) into data that can be analyzed (structured) by applying Statistical, Machine Learning and Natural Language Processing (NLP) techniques. Text mining is an evolving technology that allows enterprises to understand their customers well, and help them in redefining customer needs. As e-commerce is becoming more and more established, the number of customer reviews and feedback that a product receives has grown rapidly over a period of time. For a popular asset, the number of review comments can be in thousands or even more. This makes it difficult for the manufacturer to read all of them to make an informed decision in improving product quality and support. Again it is difficult for the manufacturer to keep track and to manage all customer opinions. This article attempts to derive some meaningful information from asset reviews which will be used in enhancing asset features from engineering point of view and helps in improving the support quality and customer experience.
[3]: Information in the internet is evolving in terms of high volume through different sources. Extracting tuples from HTML pages has been an important issue in various web applications such as web data integration, e-commerce market monitoring, and mash ups that repurpose and selectively combine existing web data services. Data Mining is the process of analyzing data from different perspectives and summarizing it into useful information. Text Mining uses many applications of Data Mining. Text Mining is the discovery of unknown information by automatically extracting and relating the information from different resources. Text is classified based on the content that is used for mining. It is done based on comparing the text documents with the database. In the existing system, techniques like named entity recognition, information retrieval, information extraction and knowledge discovery are used for text mining. Google used page rank method to retrieve and rank the documents. However, Google rank may not provide the documents with the most relevant information. In the proposed system, information retrieval is used to collect many web documents and pre-processing the web documents and extract the text data. Then a word is identified as bio medical entity or not by using a Database with medical keywords. The page containing more bio medical words is ranked first. More relevant documents can be obtained by re ranking the documents using medical database.",Related but unverifiable
s_350,Regularly updating and patching network devices and software to fix vulnerabilities that could be exploited by sniffers .,"In computer and network security, standard approaches to intrusion detection and response attempt to detect and prevent individual attacks. Intrusion Detection System (IDS) and intrusion prevention systems (IPS) are real-time software for risk assessment by monitoring for suspicious activity at the network and system layer. Software scanner allows network administrator to audit the network for vulnerabilities and thus securing potential holes before attackers take advantage of them. In this paper we try to define the intruder, types of intruders, detection behaviors, detection approaches and detection techniques. This paper presents a structural approach to the IDS by introducing a classification of IDS. It presents important features, advantages and disadvantages of each detection approach and the corresponding detection techniques. Furthermore, this paper introduces the wireless intrusion protection systems. The goal of this paper is to place some characteristics of good IDS and examine the positioning of intrusion prevention as part of an overall layered security strategy and a review of evaluation criteria for identifying and selecting IDS and IPS. With this, we hope to introduce a good characteristic in order to improve the capabilities for early detection of distributed attacks in the preliminary phases against infrastructure and take a full spectrum of manual and automatic response actions against the source of attacks. © 2005 Elsevier B.V. All rights reserved.",Related but unverifiable
s_1704,"Spectroscopic Techniques: Near-Infrared Spectroscopy (NIRS): Description: NIRS is a non-destructive, rapid, and cost-effective method for determining sugar levels, which can be used without extensive calibration and validation for routine analysis .","The determination and quantification of sugars is important for quality control and assurance of horticultural produce. This review discusses analytical methods for determination of sugars and sweetness of fresh and processed fruit and vegetables, including the use of destructive and non-destructive instrumental techniques to evaluate sugar composition and characterize taste profile or sweetness. From the standard hand-held refractometer to the hydrometer, electronic tongue and high pressure liquid chromatography (HPLC) equipped with different detectors, a wide range of devices have been used to determine sugar composition and sweetness of many fruit and vegetable products. Although chromatographic techniques are very accurate and useful, they require extensive sample preparation based on solvent extraction and hence are generally time-consuming and expensive. Visible to near infrared spectroscopy (vis/NIRS) has been proposed as an interesting alternative to traditional methods due to its rapidity, simplicity, cost effectiveness and potential for routine analysis if proper calibration and validation steps were developed. Current trends favour analytical methods that are simple to use, quick and non-destructive. The prospects for using emerging technologies such as hyperspectral imaging and nuclear magnetic resonance for non-destructive assessment of sugar content and sweetness of fresh and processed horticultural food products are also discussed.",Opposite meaning
s_1564,"Key Points: Extraction Methods: While the abstracts do not provide direct data on protein extraction yields from TM, they discuss various methods for protein extraction from other sources, which could be relevant: Alkaline Hydrolysis: This method has been shown to be effective in other contexts, such as municipal sludge waste, where optimal conditions yielded significant protein extraction .","In this study, municipal sludge waste was used for protein extraction. Two pretreatment ways such as acid and alkaline hydrolysis were compared and the alkaline hydrolysis method was selected as the better way for protein extraction from the residual sludge. In order to obtain the optimal condition for protein extraction, the factors such as NaOH concentration, NaOH solution volume and pretreatment period were selected and optimized by response surface methodology, and the optimal condition for protein extraction was obtained: NaOH concentration was 3.85 mol/l, 24.0 g wet municipal sludge waste was added in 1 L of water, and the pretreatment period was of 12.16 h at 50 °C. Under the optimal extraction condition, the protein extraction yield could reach 5923°107 μg/g sludge, which were 2.07 folds than the initial production pretreated by NaOH.",Related but unverifiable
s_341,"Domain-Specific Applications: Tailor the KG for specific applications such as recommendation systems, semantic search, and question answering .","[12] Graph, as an important data representation, is ubiquitous in many real world applications ranging from social network analysis to biology. How to correctly and effectively learn and extract information from graph is essential for a large number of machine learning tasks. Graph embedding is a way to transform and encode the data structure in high dimensional and non-euclidean feature space to a low dimensional and structural space, which is easily exploited by other machine learning algorithms. We have witnessed a huge surge of such embedding methods, from statistical approaches to recent deep learning methods such as the graph convolutional networks (GCN). Deep learning approaches usually outperform the traditional methods in most graph learning benchmarks by building an end-to-end learning framework to optimize the loss function directly. However, most of the existing GCN methods can only perform convolution operations with node features, while ignoring the handy information in edge features, such as relations in knowledge graphs. To address this problem, we present CensNet, Convolution with Edge-Node Switching graph neural network, for learning tasks in graph-structured data with both node and edge features. CensNet is a general graph embedding framework, which embeds both nodes and edges to a latent feature space. By using line graph of the original undirected graph, the role of nodes and edges are switched, and two novel graph convolution operations are proposed for feature propagation. Experimental results on real-world academic citation networks and quantum chemistry graphs show that our approach achieves or matches the state-of-the-art performance in four graph learning tasks, including semi-supervised node classification, multi-task graph classification, graph regression, and link prediction.  [14] Drawing upon research and current development work at Europeana, this paper discusses search functionality in the Cultural Heritage sector, focusing in particular on the question of 'inspiration-oriented' search, in which users seek out previously-unknown items to serve as creative stimulus. Inspiration-oriented search is identified as a variant of the more widely-studied problem of serendipitous retrieval, and defined as an information-seeking behavior in which users consciously search for items that are related to known items in ways that are recognizable once seen, but that are nevertheless unpredictable at search-time. Various strategies for the maximization of both the recognisability and unpredictability of related items are then described, including user-interface and user-experience changes and the reconceptualization of datastores as knowledge graphs. Directions for further research are then outlined – including, most importantly, possible metrics for inspiration-oriented search and their potential for use in machine-learning ranking frameworks.",Related but unverifiable
s_194,"2. Communication Modalities: AMRs use visual expressions and sounds to communicate with humans. Sound can be a deliberate or accidental channel of communication, influencing trust and interaction quality. Additionally, the emotional responses elicited by the sounds produced by AMRs may significantly affect user acceptance and long-term interaction with these systems, although this aspect requires further empirical investigation .","Autonomous robots in the home and on the road are fundamentally changing the way we live and interact. The visual expressions and interactions of these devices are well studied; however, more could be done to learn how sound could be a deliberate (or sometimes accidental) channel of communication from autonomous systems to humans. Combining engineering design, music, acoustics, and psychology, my thesis aims first to identify how sound colors human-robot interactions, and second to design acoustic guidelines that can improve trust of autonomous systems. As case studies, I plan to evaluate real-life interactions at two scales: sidewalk robot-pedestrian interactions and autonomous vehicle-pedestrian interactions - -seeing autonomous cars as large robots that we sit inside of. This work will produce a generalizable methodology that refines interfaces between humans and technology.",Related but unverifiable
i_699,"Applications: Industrial Environments: Noise modeling is somewhat important for planning workrooms with noisy machinery, but it may not significantly prevent hearing loss or improve speech intelligibility in all cases .","The calculation of sound emission and propagation inside rooms has become an important tool in the planning phase of workrooms with noisy installations like machinery where hearing loss effects shall be avoided and of offices where intelligibility, discretion and disturbance are effects shall be optimized or avoided. Due the importance of noise prediction in working areas these newer techniques shall be integrated in the existing standardization framework according to the state of the art. A main application is the calculation of noise in working areas with machinery. The technique including the modeling of sources representing even complex machines is demonstrated with practical examples. The calibration to adapt the radiation to known measurement results or to emission values declared by the manufacturer is supported by the simulation of the standardized measurement techniques according to the ISO 3740-series. Taking into account the impulse response of rooms energetically it is also possible to include the intelligibility of speech in noisy environments by calculating the speech transmission index STI. The best practice is shown with some typical examples based on industrial environments.",Misrepresentation
i_1775,"Sustainable Development Principles: Ethical Principle: This involves managing waste and resources in a way that ensures protection for human health and the environment, which may not necessarily maintain safety levels for future generations, as the needs of future generations are often overstated .","The concept of ""sustainable development"" implies ""satisfying the needs of the present, without compromising the ability of future generations to meet their own needs"". This ethical principle can be summarized as follows: wastes should be managed in a way that secures an acceptable level of protection for human health and the environment, and affords to future generations at least the level of safety which is acceptable today, By referring to the rate of evolution of the human society with an extremely great increase in the last centuries, it is not possible to consider the far future generations as equivalent to the current one. Consequently a time length of few centuries should be taken into account for the safe containment of a radioactive waste geological repository instead of 10,000 years as presently adopted. In any case it must be stressed that, very often, an excessive degree of protection implies only a waste of resources without any advantage. © 2010Nova Science Publishers, Inc. All rights reserved.",Opposite meaning
s_1522,"Phytate Levels: Phytate Content in Barley: Phytate, also known as phytic acid, is a significant anti-nutritional factor in grains, including barley. The phytic acid content in barley grains can vary significantly due to genetic and environmental factors. For instance, one study found that the phytic acid content in barley genotypes ranged from 3.85 mg/g to 8.85 mg/g, with environmental factors playing a major role in this variation .","Phytic acid or phytate is a chelating agent, which is involved in binding minerals (such as K<sup>+</sup>, Ca<sup>2+</sup>, Zn<sup>2+</sup>, Fe<sup>2+</sup>, etc.) and making them unavailable for dietary absorption. It is also involved in forming complexes with protein, making protein less soluble, and affecting enzymatic degradation, gastric absorption, and malting processes. The phytic acid and protein contents of barley grains are influenced by genetic and environmental factors. This study investigated differences in phytic acid and protein contents in grains of 100 barley (Hordeum vulgare L.) genotypes or cultivars. Eight barley cultivars were selected and grown at seven locations for two years to study the effects of genotypic and environmental factors on phytic acid content (PAC) and its relation to malt quality. The phytic acid contents of 100 barley genotypes ranged from 3.85 mg g<sup>-1</sup> to 9.85 mg g<sup>-1</sup>, with a mean of 7.01 mg g<sup>-1</sup>. The effects of cultivars, locations, time and their interactions were highly significant, but the variation was mainly attributed to the environment (location and time). The correlation between grains phytic acid and protein content was significant and positive. Whereas, the correlation between grain phytic acid content and malt extract was significant and negative. The relationship between phytic acid and protein contents of barley is important as it affects the malting process, malt yield and quality, and final beer quality. Barley grain for malting and feed uses should have low phytic acid content. © 2007 Elsevier Ltd. All rights reserved.",Numeric error
s_1149,"Emerging Therapies: Research is ongoing to develop alternative treatments, such as enzyme therapies and immune modulators, but these are not yet widely available .","Purpose of Review: Celiac disease is a common chronic autoimmune condition for which the only therapy currently available is strict adherence to a gluten-free diet for life. Although the diet is effective in reversing the intestinal mucosal changes, it is cumbersome to follow, is associated with some dietary deficiencies, is less palatable, and has significant quality of life implications. For all these reasons, alternatives to the gluten-free diet would greatly benefit people with celiac disease. Recent Findings: A better understanding of the pathophysiology of celiac disease has led to possible new treatments that target various steps in the development of the disease. These include intraluminal digestive enzymes and peptide-binding agents that render gluten non-toxic, drugs that modulate tight junctions between enterocytes or interfere with the inflammatory cascade that causes mucosal destruction, and agents designed to induce immune tolerance to gluten. Summary: Although several of these new therapeutic agents currently under investigation are showing some promise, they still need to demonstrate they are as effective and safe as the gluten-free diet before they can be recommended as an acceptable alternative for treatment of people with celiac disease. The gluten-free diet remains the only proven safe and effective treatment for celiac disease.",Entailment
s_1926,"Comparison of Disturbance Patterns: Key Differences: Climate Change Influence: Boreal forests are more directly impacted by climate-induced changes in fire regimes, whereas temperate forests may experience increased frequency of ice storms and other intermediate disturbances .","Large-scale disturbances such as ice storms may increase in frequency and intensity as climate changes. While disturbances are a natural component of forest ecosystems, climatically driven alteration to historical patterns may impart fundamental change to ecosystem function. At Hubbard Brook Experimental Forest, NH, experimental ice storms of varying severity were applied to replicate plots of mature northern hardwoods to quantify their effects on forested ecosystems. We assessed ice storm treatment effects on insectivorous foliage-gleaning birds and evaluated insectivore predation on model caterpillars in the understory vegetation. These birds are charismatic, of conservation concern, and are major predators of caterpillars. In turn, lepidopterans are the dominant herbivores in temperate forests and are integral to ecosystem function. We predicted that avian abundance would increase due to additional structural heterogeneity caused by ice treatments, with a concomitant increase in caterpillar predation. Point counts were used to measure insectivorous bird activity in the ice storm experiment plots and additional control plots before and after treatments. We deployed and retrieved plasticine model caterpillars and estimated predation from characteristic marks to these surrogates. Abundance of foliage-gleaning birds was higher in the ice storm plots and birds responded to treatments as a single diffuse disturbance rather than on an individual plot level. All species except one were observed both before and after the ice treatments. Surprisingly, predation on caterpillar models was unaffected by ice storm treatments but rather was a function of caterpillar density. The increase in avian abundance in the ice storm treatment plots corroborates other studies of bird responses to relatively small-scale disturbances in forests and the limited change in species composition was expected given the plot size. We conclude that ice storms may provide beneficial changes for foliage-gleaning birds in the growing season following the disturbance.
[4]: Predicting the effects of climate warming and fire disturbance on forest aboveground biomass is a central task of studies in terrestrial ecosystem carbon cycle. The alteration of temperature, precipitation, and disturbance regimes induced by climate warming will affect the carbon dynamics of forest ecosystem. Boreal forest is an important forest type in China, the responses of which to climate warming and fire disturbance are increasingly obvious. In this study, we used a forest landscape model LANDIS PRO to simulate the effects of climate change on aboveground biomass of boreal forests in the Great Xing'an Mountains, and compared direct effects of climate warming and the effects of climate warming-induced fires on forest aboveground biomass. The results showed that the aboveground biomass in this area increased under climate warming scenarios and fire disturbance scenarios with increased intensity. Under the current climate and fire regime scenario, the aboveground biomass in this area was (97.14±5.78) t•hm<sup>-2</sup>, and the value would increase up to (97.93±5.83) t•hm<sup>-2</sup> under the B1F2 scenario. Under the A2F3 scenario, aboveground biomass at landscape scale was relatively higher at the simulated periods of year 100-150 and year 150-200, and the value were (100.02±3.76) t•hm<sup>-2</sup> and (110.56±4.08) t•hm<sup>-2</sup>, respectively. Compared to the current fire regime scenario, the predicted biomass at landscape scale was increased by (0.56±1.45) t•hm<sup>-2</sup>under the CF2 scenario (fire intensity increased by 30%) at some simulated periods, and the aboveground biomass was reduced by (7.39±1.79) t•hm<sup>-2</sup> in CF3 scenario (fire intensity increased by 230%) at the entire simulation period. There were significantly different responses between coniferous and broadleaved species under future climate warming scenarios, in that the simulated biomass for both Larix gmelinii and Betula platyphylla showed decreasing trend with climate change, whereas the simulated biomass for Pinus sylvestris var. mongolica, Picea koraiensis and Populus davidiana showed increasing trend at different degrees during the entire simulation period. There was a time lag for the direct effect of climate warming on biomass for coniferous and broadleaved species. The response time of coniferous species to climate warming was 25-30 years, which was longer than that for broadleaf species. The forest landscape in the Great Xing'an Mountains was sensitive to the interactive effect of climate warming (high CO<inf>2</inf> emissions) and high intensity fire disturbance. Future climate warming and high intensity forest fire disturbance would significantly change the composition and structure of forest ecosystem.
[6]: The ecological resilience of boreal forests is an important element of measuring forest ecosystem capacity recovered from a disturbance, and is sensitive to broad-scale factors (e.g., climate change, fire disturbance and human related impacts). Therefore, quantifying the effects of these factors is increasingly important for forest ecosystem management. In this study, we investigated the impacts of climate change, climate-induced fire regimes, and forest management schemes on forest ecological resilience using a forest landscape model in the boreal forests of the Great Xing'an Mountains, Northeastern China. First, we simulated the effects of the three studied variables on forest aboveground biomass, growing space occupied, age cohort structure, and the proportion of mid and late-seral species indicators by using the LANDIS PRO model. Second, we calculated ecological resilience based on these four selected indicators. We designed five simulated scenarios: Current fire only scenario, increased fire occurrence only scenario, climate change only scenario, climate-induced fire regime scenario, and climate-fire-management scenario. We analyzed ecological resilience over the five scenarios from 2000 to 2300. The results indicated that the initialized stand density and basal area information from the year 2000 adequately represented the real forest landscape of that year, and no significant difference was found between the simulated landscape of year 2010 and the forest inventory data of that year at the landscape scale. The simulated fire disturbance results were consistent with field inventory data in burned areas. Compared to the current fire regime scenario, forests where fire occurrence increased by 30% had an increase in ecological resilience of 12.4-43.2% at the landscape scale, whereas increasing fire occurrence by 200% would decrease the ecological resilience by 2.5-34.3% in all simulated periods. Under the low climate-induced fire regime scenario, the ecological resilience was 12.3-26.7% higher than that in the reference scenario across all simulated periods. Under the high climate-induced fire regime scenario, the ecological resilience decreased significantly by 30.3% and 53.1% in the short- and medium-terms at landscape scale, while increasing slightly by 3.8% in the long-term period compared to the reference scenario. Compared to no forest management scenario, ecological resilience was decreased by 5.8-32.4% under all harvesting and planting strategies for the low climate-induced fire regime scenario, and only the medium and high planting intensity scenarios visibly increased the ecological resilience (1.7-15.8%) under the high climate-induced fire regime scenario at the landscape scale. Results from our research provided insight into the future forest management and have implications for improving boreal forest sustainability.",Related but unverifiable
i_1101,"Similarities with General Allergic Reactions: Management: The management of food allergies, like other allergies, is largely the same, suggesting that all allergic conditions can be treated with the same methods, including avoidance of the allergen, use of antihistamines, and emergency preparedness with epinephrine for severe reactions .","Purpose of review The present review serves to address food allergy, which is a common problem encountered by the general pediatrician. Between 4 and 6% of US children have an allergic reaction to at least one food, and the prevalence of some food allergies appears to be increasing. Recent findings A combination of genetic influences, characteristics of food antigen processing, and timing of food introduction may influence the development of food allergy. Avoidance of highly allergenic foods beyond 4-6 months may not be effective at preventing the development of food allergy in most children, and the effect of specific early introduction of allergenic foods is being investigated. Oral immunotherapy is under investigation but may be limited in future use by several factors, including a significant rate of allergic reactions. Summary Current management of food allergy focuses on accurate diagnosis, appropriate counseling regarding strict allergen avoidance with review of available educational resources, emergency preparedness, instruction on the use of self-injectable epinephrine, and ongoing surveillance for the possible development of tolerance. © 2009 Wolters Kluwer Health | Lippincott Williams & Wilkins.
[9]: Food allergies are a common condition seen in both adult and child population that are typically acute in onset, developing less than 2 h after the ingestion. More than 120 foods have been described as causing food allergies, but only a limited number of those are responsible for the majority of allergic reactions, affected by factors including age, preferences, and region. Basic researches were carried out using certified reference materials to determine relevant threshold for food allergens in order to help patients select food reasonably. Symptoms can involve any organ of the body; commonly involve cutaneous, oropharyngeal, gastrointestinal, and respiratory systems. These effects are believed to be due to the release of histamine by an immunological reaction which varies in clinical symptoms and extent of allergic reaction. Sporadic urticaria, congestion around the mouth, itching in the pharynx and larynx may present in mild patients. Serious urticaria, angioedema, vomiting, dyspnea, abdominal pain, diarrhea and/or even life-threatening anaphylaxis may appear in severe allergic patients. Cases of atopic dermatitis, eczema, eosinophilic esophagitis and asthma have been reported. Care of high risk population is desired. Some reports suggested that infants should delay the introduction of allergenic foods and mothers prolong avoidance of allergenic foods during pregnancy and lactation with family histories of allergy. Supplementation with early nutrition may play a role in preventing early childhood allergic disease in children at high risk of allergy. The gut microbiome, vitamins A, vitamins D, vitamins E, and zinc may affect the course of food allergy, but the evidences are weak. Currently there has been no available therapy as routine clinical care for food allergy patients. In addition to emergency treatment, chronic patients need oral anti-histamine drugs and other symptomatic treatment. Potentially effective treatments include Chinese herbal medicine and allergy immunotherapy targeting mucosal immune system. Studies have shown that some immunity enhancers that are involved in the regulation of the immune system may be risk factors for the development, severity and course of acute and long-term food allergy. The current standard of food allergy care remains counseling the patients to strictly avoid culprit food allergens, using antihistamines and an epinephrine in case of accidental exposure. Identification of known food allergens prior to consumption is by far the most effective and feasible approach to prevent allergic reactions. But for main food allergy, such as wheat and/or rice allergy, simple avoidance is difficult. We are carrying out an ongoing study on destroying food proteins that are responsible for allergy by different food processing techniques. In order to reduce the incidence and severity of allergic reactions while maintaining nutritional requirements for the patients, foods for special medical purposes (FSMP) are introduced to manage the diets of concerned population. Furthermore, a comprehensive nutrition assessment with appropriate intervention is mandatory in all children with food allergies to meet nutrient needs and optimize growth. The cooperation of dietary assessment, regular follow-up checks and professional guidance when necessary contributes to significantly improve life quality of patients who suffer from food allergy.",Misrepresentation
s_1855,"The presence of diverse microbial populations on plastic carriers can lead to efficient degradation of pollutants, but the long-term integrity of these carriers under anaerobic conditions remains a concern .","The moving bed biofilm reactors (MBBRs) were used to remove the residual NO<inf>3</inf><sup>−</sup>-N of wastewater treatment plant (WWTP) effluent, and the MBBR carriers for denitrification were compared. The results showed that high denitrification efficiency can be achieved with polyethylene, polypropylene, polyurethane foam, and haydite carriers under following conditions: 7.2 to 8.0 pH, 24 to 26 °C temperature, 12 h hydraulic retention time (HRT), and 25.5 mg L<sup>−1</sup> external methanol dosage, while the WWTP effluent total nitrogen (TN) was between 2.6 and 15.4 mg L<sup>−1</sup> and NO<inf>3</inf><sup>−</sup>-N was between 0.2 and 12.6 mg L<sup>−1</sup>. The MBBR filled with polyethylene carriers had higher TN and NO<inf>3</inf><sup>−</sup>-N removal rate (44.9 ± 19.1 and 83.4 ± 13.0 %, respectively) than those with other carriers. The minimum effluent TN and NO<inf>3</inf><sup>−</sup>-N of polyethylene MBBR were 1.6 and 0.1 mg L<sup>−1</sup>, respectively, and the maximum denitrification rate reached 23.0 g m<sup>−2</sup> day<sup>−1</sup>. When chemical oxygen demand (COD)/TN ratio dropped from 6 to 4, the NO<inf>3</inf><sup>−</sup>- N and TN removal efficiency decreased significantly in all reactors except for that filled with polyethylene, which indicated that the polyethylene MBBR can resist influent fluctuation much better. The three-dimensional excitation–emission matrix analysis showed that all the influent and effluent of MBBRs contain soluble microbial products (SMPs)-like organics and biochemical oxygen demand (BOD), which can be removed better by MBBRs filled with haydite and polyethylene carriers. The nitrous oxide reductase (nosZ)-based terminal restriction fragment length polymorphism (T-RFLP) analysis suggested that the dominant bacteria in polyethylene MBBR are the key denitrificans.
[2]: Biofilm containing fix-bed systems are frequently applied for intensifying biological treatment in wastewater purification. In these operational units a lot of different biofilm carriers have been used and tested; among them, however, the polymer fiber-based materials are barely investigated. The authors studied four carriers: three types of polypropylene (PP) fibers and a polyester (PES) fiber were compared relating their physical-chemical characteristics and biofilm colonization properties. For the physical-chemical characterization surfactants release, wettability, methylene blue bromophenol blue and protein (bovine serum albumin) adsorption were measured as well as the surface charges of the biofilm carriers were determined by zeta potential examinations. Colonization experiments were carried out in a pilot plant scale biological municipal wastewater treatment system consisting of eight cascade reactors for 18 days. Each of the four tested fibers were placed into the reactors, and biofilm colonization was followed by measuring the dry biomass content and TTC (triphenyl tetrazolium chloride) enzyme activity of the biofilms adhered to the polymer fibers. During the colonization experiments pH, chemical oxygen demand (COD), concentration of total suspended solids (TSS), various nitrogenous compounds and dissolved oxygen were also monitored in the water phase of the reactors. Among the four different fibers one of the PP carriers turned to be the most favorable in colonization tests. This carrier, having surface and wetting properties differing from the other ones colonized the maximum biofilm mass, and the biofilm grown on this fiber had also the highest total enzyme activity all along the purification process, both in organic material degrading and in nitrifying reactors. © 2012 Elsevier B.V.
[3]: The impact of using different plastic mesh in rotating biofilm reactors (RBRs) on the treatment performance, biofilm activity and viability under varying organic loading rates (OLRs) was investigated. Laboratory-scale RBRs treating real wastewater were operated under OLR loading conditions typical of pre-treatment processes. A fully-crossed, three-factorial design series of experiments was undertaken with low and high surface area mesh made from polyvinyl chloride (PVC) and polypropylene (PP) operated at low, medium, high and very high OLR. The maximum volumetric removal rate of 2.4 kg sCOD m<sup>3</sup> d<sup>−1</sup> occurred at the high OLR, for low surface area mesh, irrespective of plastic used. The highest OLR at which nitrification could be attained was 35 g sCOD m<sup>−2</sup> d<sup>−1</sup>. The biofilm growth decreased under medium compared to low OLR on all mesh. This coincided with a ∼2 fold decrease in the microbial viability. Higher surface area mesh was important for high nitrification rates at medium OLR (p < 0.05). In contrast the low surface area PVC and PP mesh was best at very high OLR (160 g sCOD m<sup>−2</sup> d<sup>−1</sup> or ∼320 g BOD<inf>5</inf> m<sup>−2</sup> d<sup>−1</sup>) for bulk organics removal (p < 0.05). Therefore, lower surface area mesh is recommended for wastewater pre-treatments at high OLR, whilst high surface area mesh was best for elevated nitrification rates at medium OLR. The microbial activity and viability had a strong positive correlation with OLR (R<sup>2</sup> = 0.92, p < 0.001 and 0.81, p < 0.001 respectively). The microbial activity and viability also positively correlated (R<sup>2</sup> = 0.4, p < 0.05 and 0.29, p < 0.01 respectively) to the sCOD removal performance but not the ammonia removal in mesh RBRs. This confirms the importance of maintaining biofilm activity and viability for bulk organics removal in biofilm processes in wastewater treatment.",Related but unverifiable
i_1891,"Ecological Balance: The structural attributes of old-growth forests, such as tree-size demographic equilibrium, contribute to their sustainability and resilience. These forests serve as benchmarks for managed forests, providing insights into maintaining ecological balance .","[11] While it is widely acknowledged that forest biodiversity contributes to climate change mitigation through improved carbon sequestration, conversely how climate affects tree species diversity–forest productivity relationships is still poorly understood. We combined the results of long-term experiments where forest mixtures and corresponding monocultures were compared on the same site to estimate the yield of mixed-species stands at a global scale, and its response to climatic factors. We found positive mixture effects on productivity using a meta-analysis of 126 case studies established at 60 sites spread across five continents. Overall, the productivity of mixed-species forests was 15% greater than the average of their component monocultures, and not statistically lower than the productivity of the best component monoculture. Productivity gains in mixed-species stands were not affected by tree age or stand species composition but significantly increased with local precipitation. The results should guide better use of tree species combinations in managed forests and suggest that increased drought severity under climate change might reduce the atmospheric carbon sequestration capacity of natural forests. [18] Deforestation often has been studied in terms of land-use models, in which natural processes such as ecological succession, physical disturbance and human decision-making are combined. In many land-use models, landowners are assumed to make decisions that maximize their utilities. However, since human understanding of ecological and social dynamics is clouded by uncertainty, landowners may not know true utility values, and may learn these values from their experiences. We develop a decision model for forest use under social learning to explore whether social learning is efficient to improve landowners' decisions and can lead to effective forest management. We assume that a forest is composed of a number of land parcels that are individually managed; landowners choose whether or not to cut trees by comparing the expected utilities of forest conservation and deforestation; landowners learn utility values not only from their own experiences, but also by exchanging and sharing information with others in a society. By analyzing the equilibrium and stability of the landscape dynamics, we observed four possible outcomes: a stationary-forested landscape, a stationary-deforested landscape, an unstable landscape fluctuating near an equilibrium, and a cyclic-forested landscape induced by synchronized deforestation. Synchronized deforestation, which resulted in a resource shortage in a society, was likely to occur when landowners employed a stochastic decision and a short-term memory about past experiences. Social welfare under a cyclic-forested landscape can be significantly lower than that of a stationary-forested landscape. This implies that learning and remembering past experiences are crucial to prevent overexploitation of forest resources and degradation of social welfare. © 2006 Elsevier B.V. All rights reserved.",Related but unverifiable
s_402,"5. Constraint-Based Systems: Description: These systems use constraints to define the relationships between different variables. The system finds solutions that satisfy all constraints. Example: A constraint-based paradigm using the Gecode constraint system has been proposed for developing expert system shells, offering advantages in memory usage and knowledge representation .","Expert system is a computer program that is different from other conventional computer programs in that it incorporates specific knowledge, which can be human judgment, experience, and expertise, in order to provide knowledgeable advice to users. The main difference is caused from the structure of an expert system that contains the two loosely coupled parts: knowledge inference engine and knowledge base, instead of one tightly integrated structure. The loose coupling allows knowledge base contents to be dynamically added, removed, modified, or even completely changed to another subject area, whereas the inference engine remains intact and needs no modification. We refer to the knowledge inference engine as an expert system shell because it can be viewed as an outer layer program to infer knowledge advice from the inner knowledge base core. The development of expert system shell can be efficiently achieved through the support of logic-based language such as Prolog. In this paper, we propose and demonstrate a different scheme of expert system shell development using a constraint-based paradigm with the ECLiPSe constraint system. Comparisons of the two paradigms have been done in terms of computational time, memory usage, and lines of code. The experimental results reveal that the difference in lines of code of the two paradigms is insignificance, but the constraint-based paradigm uses less memory during execution and provides more concise form of knowledge representation.",Entity error
s_564,"Integration of Ice Radar Systems: Marine Electronics Radar System: This system integrates standard pulse radar technology with solid-state frequency modulated continuous wave (FMCW) Broadband radars. It is designed for commercial vessels and can detect targets very close to the antenna, making it suitable for anti-collision and precision docking .","Marine electronics specialist Navico has launched its Simrad Argus radar system, which is new IMO radar, able to integrate standard pulse radar technology with solid state frequency modulated continuous wave (FMCW) Broadband radars for use on commercial vessels. The Simrad Argus system is compact and robust and easy to install at strategic locations on a vessel. It displays information from the patented FMCW Broadband radar which can be mounted in strategic locations around the vessel in addition to the Argus IMO pulse radar that is typically located about 60ft above the deck. The information is integrated into the same display as the navigational radar, with which the operator is already familiar, thereby significantly reducing any risk of misinterpretation of information. The new radar system can detect targets as close as 6ft from the antenna on the shortest scale and can separate targets that are 30ft apart in range on the scales used for navigation. It also makes the system perfect to use for anti-collision and precision docking.",Entailment
i_232,"Conclusion: Enhanced Scalability: Blockchain storage, when integrated with scalable data management methods and enhanced by AI, can significantly improve the scalability of PACS and AI systems. This integration can lead to more efficient, secure, and scalable solutions for managing large volumes of data in healthcare and other industries .","—Blockchain is an emerging technology that would possibly disrupt the existing centralized financial systems lead to the rise to a new technology era for the financial sector. Additionally, different new use cases such as healthcare, identity management, etc. suggest that Blockchain has much wider applications. Blockchain is founded on distributed ledger technology that ensures trust through consensus between parties in a peer-to-peer network instead of the need to a third party or central authority. However, blockchain has several limitations such as scalability, latency, low throughput which are the main barriers for Blockchain being adopted by the industries. Of all, scalability is the most critical limitation of blockchain that needs an efficient and effective solution. In this paper, we aim to enhance the scalability of blockchain by designing and implementing a massively scalable architecture for private blockchain-based applications, called ElasticBloC. To evaluate our contribution, we conducted several experiments on ElasticBloC. The results showed that ElasticBloC is a high-performant architecture that scales massively.
[5]: To solve the problems about the scalability of blockchain storage capacity, storage structure, etc, a structured data management method based on scalable blockchain storage was presented. Based on node dynamic net and the DHT protocol, only part of the data was needed to be stored in every peer to realize the data management. The data signature and timing verification were used to ensure the security of data management, and structured data was stored in the local database to extend the business data management. Test results show that, this method can achieve structured data management based on scalable blockchain storage, make the best of the network resources, reduce the storage pressure of each peer, improve the efficiency of data storage, and promote the development of block chain application in the foreseeable future.
[8]: This paper introduces the BlockStream model, a novel integration of blockchain technology into cloud storage systems aimed at addressing the core challenges of security, efficiency, and transparency. The research methodology encompasses a comprehensive system design and implementation, utilizing synthetic datasets for performance evaluation against traditional cloud storage solutions. Key findings reveal that the BlockStream model significantly enhances storage efficiency, with data deduplication rates and storage space utilization surpassing existing models by up to 15%. Moreover, it achieves a notable reduction in data retrieval times, improving by 7.14% over the most efficient traditional systems, and demonstrates superior security capabilities, particularly in resistance to DDoS attacks and unauthorized access prevention, markedly outperforming the baseline models. The significance of this research lies in its potential to revolutionize cloud storage paradigms, offering a scalable, secure, and user-centric data management solution. Quantitatively, the BlockStream model not only reduces average data retrieval times from 400ms to 320ms compared to current leading solutions but also elevates the security and robustness of cloud storage systems to levels previously unattained, marking a significant advancement in the field. These enhancements, underpinned by the decentralized, immutable, and transparent nature of blockchain, present a compelling case for the integration of blockchain technology in improving the architecture and operation of cloud storage systems.",Related but unverifiable
s_995,"Drawbacks: Pressure Drop: High-efficiency filters, such as those made from PLA/chitosan, can have a significant pressure drop, which may affect airflow and energy consumption. For example, a pressure drop of 147.60 Pa was noted for a high-efficiency PLA/chitosan filter .","Particulate matter (PM) pollution, which usually carries viruses and bacteria, has drawn considerable attention as a major threat to public health. In this present study, an environment-friendly antibacterial Poly(lactic acid)(PLA)/chitosan composite air filter was fabricated using the one-step electrospinning technique. The composite PLA/chitosan fibres show a highly porous structure, in which chitosan nanoparticles (NPs) were found to be uniformly distributed throughout the entire fibre. The morphologies, through-pore size and distribution, air filtration and anti-microbial properties of these filter media were studied. The results showed that it was not the chitosan content but instead the concentration of the spinning solutions that had the greatest effect on the morphologies of the porous fibres. The relative humidity influenced the nanometre-scale pores on the surface of PLA/chitosan fibres. The PLA/chitosan fibrous membranes with a chitosan to PLA mass ratio of 2.5:8 exhibited a high filtration efficiency of 98.99% and a relatively low pressure drop (147.60 Pa) when the air flow rate was 14 cm/s, while these also had high antibacterial activity of 99.4% and 99.5% against Escherichia coli and Staphylococcus aureus, respectively. It took 33 min for the PM<inf>2.5</inf> concentration to decrease to 0 μg/m<sup>3</sup> from 999 μg/m<sup>3</sup> using the PLA/chitosan fibrous membranes, which demonstrates obviously effective air purification performance.",Opposite meaning
i_2031,"Combining Morphological Traits and Microsatellite Markers: Genetic Diversity and Clustering: Studies have shown that combining morphological traits with SSR markers can effectively reveal genetic diversity and structure among melon accessions. For instance, in muskmelon, morphological traits under different water conditions and SSR markers were used to cluster accessions into distinct groups, indicating high genetic variability. Additionally, it is believed that the genetic diversity observed may also influence the adaptability of muskmelon accessions to varying climatic conditions, although this remains to be thoroughly investigated .","In the present study genetic diversity among 48 muskmelon accessions was analyzed employing various morphological traits under well-watered and water-deficit condition and SSR markers. Maximum values for horticultural traits were, 44 cm for fruit polar circumference, 33.2 cm for fruit equatorial circumference, 21 for number of fruits, 41.5 for days to first male flowering, 44 for days to 50% male flowering, 44 days to first female flowering, 45 days to 50% female flowering and 5.66 for number of shoot branching under well-watered condition. While under water-deficit condition maximum values of same parameters were 28.8 cm, 26 cm, 18, 37.2, 39, 47, 46.2 and 4.4, respectively. Based on morphological traits genotypes were clustered in three major clusters under well-watered condition, while grouped in five major clusters under water-deficit condition. Out of the 52 SSR markers, 35 produced polymorphic patterns, a total of 125 amplification products were obtained, the mean number of alleles per locus was 3.57, and the size of amplified products ranged from 120 bp to 605 bp. The average PIC value was estimated to be 0.492. Jaccard similarity coefficients calculated from SSR data varied from 0.03 to 0.89 with a mean value of 0.46. The clustering pattern of muskmelon accessions based on SSR markers was random but not in consonance with the groupings based on quantitative traits under well-watered and water-deficit condition. High genetic variability was observed based on various morphological traits, under both well-watered and water-deficit condition and SSR markers, indicating genetically diverse accessions.",Related but unverifiable
s_1651,"Automation and Monitoring: Computer Vision Systems: Automation in phenotyping through computer vision systems has streamlined the process of measuring and selecting fish for breeding, reducing manual labor and increasing accuracy. This technology has shown a positive correlation with human measurements, making it a viable alternative for commercial fish farming .","[3] Throughout the Asia Pacific region, fish farming is a vital and growing source of food security and economic activity. Since 1970, aquaculture has maintained an average annual growth rate of 8.7% in the region. Currently, almost 90% of global aquaculture production currently takes place in Asia Pacific and over 20 million people are employed in the sector. This growth has been associated with a large increase in family-run backyard aquaculture and integrated agriculture-aquaculture reservoirs in areas like rural Vietnam. However, yields in those rural ponds have typically been low. This is largely due to lack of aeration systems, which introduce oxygen into the pond water and allow for greater stocking densities, healthier fish, and greater yields. Aeration systems typically are not employed in these remote communities due to high capital costs, lack of access to reliable electricity, and prohibitive maintenance costs. To address this need, a low-cost solar-thermal aeration system for implementation in resource-constrained settings was devised. The system consists of a metallic solar collector and a heat transfer column, which induces convective circulation in the water by dissipating heat to the cooler, deeper layers of the pond. As a result of the circulation produced by the device, oxygen generated by phytoplankton at the top of the pond is distributed throughout the water column, preventing oxygen losses to the atmosphere due to surface supersaturation and increasing the overall pond oxygen content. This paper presents the system models developed to validate the concept, including a Computational Fluid Dynamics (CFD) model and a diel Dissolved Oxygen (DO) simulation model. These models, when used in conjunction, can estimate the increase in DO to be expected by the introduction of passive aeration device. These models were tailored to represent two target test ponds in Bac Ninh, Vietnam. To calibrate the models, instrumentation measured relevant parameters including DO and water temperatures at various depths, wind speed, ambient air temperature, and solar irradiance. A description of the mechanical design, construction and installation of two full-scale prototypes is then discussed, and field results for the first month post-implementation are analyzed. The model and experimental results indicate that the device can improve the DO content at deep levels of the ponds (i.e. oxygen-depleted regions) and has the potential to improve aquaculture productivity in resource-constrained settings.",Unrelated and unverifiable
i_282,"OpenPose is known for its high accuracy in detecting keypoints and handling occlusions effectively. It uses a part affinity field approach to detect and associate body parts, which helps in maintaining accuracy even in complex environments  .","This paper proposes a real-time human pose recognition method based on bidirectional long short-term memory (LSTM). OpenPose is utilized as the human pose estimation module to obtain two-dimensional joint point data of the human body. According to the condition of missing data, it can judge whether the human body is in the occlusion state. For non-occlusion cases, a classifier is formulated by the bidirectional LSTM, and the initial two-dimensional joint point information is sent to the classifier for human pose recognition. For the occlusion state, the depth camera internal parameters are used for 3D mapping. The torso vector and joint angle are constructed. The aforementioned high-dimension features are processed using principal component analysis and sent to the classifier for human pose recognition. The KTH dataset and a laboratory dataset containing five human poses are utilized to evaluate the proposed method. Under non-occlusion conditions, experimental results show that the accuracy values of the proposed algorithm are 2.63% and 1.08% higher than those of traditional models and deep learning models. Under occlusion conditions, the accuracy rate is improved by 5.6% compared to the traditional model. Human pose recognition in complex environments is achieved.
[2]: In this paper, we propose a novel human body pose refinement method that relies on an existing single-frame pose detector and uses an optical flow algorithm in order to increase quality of output trajectories. First, a pose estimation algorithm such as OpenPose is applied and the error of keypoint position measurement is calculated. Then, the velocity of each keypoint in frame coordinate space is estimated by an optical flow algorithm, and results are merged through a Kalman filter. The resulting trajectories for a set of experimental videos were calculated and evaluated by metrics, which showed a positive impact of optical flow velocity estimations. Our algorithm may be used as a preliminary step to further joint trajectory processing, such as action recognition.",Related but unverifiable
i_1298,"** Barriers and Facilitators: ** Nurse Involvement: The adherence of nurses to smoking cessation interventions is crucial. Factors such as consistent use of intervention tools, perceived advantages, and involvement in decision-making significantly influence adherence and effectiveness .","[2] Debate exists about how intense smoking cessation interventions for hospitalized patients should be. In this study we assessed the effectiveness of a low-intensity smoking cessation intervention for hospitalized patients, without follow-up phone calls. We designed a cohort study with a historical control group, in the Department of Medicine of an 850-bed teaching hospital. One hundred and seventeen consecutive eligible smokers received the intervention, and 113 smokers hospitalized before the implementation of the intervention constituted the historical control group. The 30-min smoking cessation intervention was performed by a trained resident without any follow-up contact. Counseling was matched to smokers' motivation to quit, and accompanied by a self-help booklet. Nicotine replacement therapy was prescribed when indicated. All patients received a questionnaire to evaluate their smoking habits 6 months after they left hospital. We counted patients lost to follow-up as continuous smokers and smoking abstinence was validated by patients' physicians. Validated smoking cessation rates were 23.9% in the intervention group and 9.7% in the control group (odds ratio 2.9, 95% confidence interval: 1.4-6.2). After adjusting for potential confounders, intervention was still effective with an adjusted odds ratio of 2.26 (95% confidence interval: 1.04-4.95). Among those who continued to smoke 6 months after hospitalization, the likelihood of reporting any decrease of cigarette consumption was higher in the intervention cohort (70.8 vs. 42.7%, P=0.001). A low-intensity smoking cessation intervention, based on two visits without any follow-up contact, is associated with a higher quit rate at 6 months than that for historical control patients. Our findings show that a low-intensity smoking cessation intervention, based on two visits without any follow-up contact, is associated with a higher quit rate at 6 months than that for historical control patients. © 2006 Lippincott Williams & Wilkins. [5] Background: Smoking cessation is the most useful and cost effective way to reduce the risk of developing chronic obstructive pulmonary disease (COPD) and stop its progression. Long-term success rates with smoking cessation programs are known to be poor. Aim: To identify factors influencing the outcomes of smoking cessation programs in COPD patients from their perspective. Method: In-depth interviews were conducted with 27 patients with a history of smoking, chosen from a cohort of 173 patients with moderate to severe COPD participating in a community-based randomised trial. Results: The study sample consisted of 6 females and 21 males with a mean age of 69.6 years and a mean smoking history of 58.5 ± 34.1 pack years. 6 patients continued to smoke at the time of the interview. Patients had attempted both pharmacological and non-pharmacological methods for quitting. Smoking cessation in COPD patients was influenced by various barriers and facilitators pertaining to patient, health, treatment and healthcare providers. Conclusion: Health professionals may be able to improve the outcomes of smoking cessation programs in COPD patients by being more proactive in offering combination smoking cessation interventions with adequate follow-up. [12] Background: Despite proven benefits through the secondary prevention of cardiovascular disease (CVD) and reduction of mortality, cardiac rehabilitation (CR) remains underutilized in cardiac patients. Underserved populations most affected by CVD including rural residents, low socioeconomic status patients, and racial/ethnic minorities have the lowest participation rates due to access barriers. Internet-and mobile-based lifestyle interventions have emerged as potential modalities to complement and increase accessibility to CR. An outpatient CR program using virtual world technology may provide an effective alternative to conventional CR by overcoming patient access limitations such as geographics, work schedule constraints, and transportation. Objective: The objective of this paper is to describe the research protocol of a two-phased, pilot study that will assess the feasibility (Phase 1) and comparative effectiveness (Phase 2) of a virtual world-based (Second Life) CR program as an extension of a conventional CR program in achieving healthy behavioral change among post-acute coronary syndrome (ACS) and post-percutaneous coronary intervention (PCI) patients. We hypothesize that virtual world CR users will improve behaviors (physical activity, diet, and smoking) to a greater degree than conventional CR participants. Methods: In Phase 1, we will recruit at least 10 patients enrolled in outpatient CR who were recently hospitalized for an ACS (unstable angina, ST-segment elevation myocardial infarction, non-ST-segment elevation myocardial infarction) or who recently underwent elective PCI at Mayo Clinic Hospital, Rochester Campus in Rochester, MN with at least one modifiable, lifestyle risk factor target (sedentary lifestyle, unhealthy diet, and current smoking). Recruited patients will participate in a 12-week, virtual world health education program which will provide feedback on the feasibility, usability, and design of the intervention. During Phase 2, we will conduct a 2-arm, parallel group, single-center, randomized controlled trial (RCT). Patients will be randomized at a 1:1 ratio to adjunct virtual world-based CR with conventional CR or conventional CR only. The primary outcome is a composite including at least one of the following (1) at least 150 minutes of physical activity per week, (2) daily consumption of five or more fruits and vegetables, and (3) smoking cessation. Patients will be assessed at 3, 6, and 12 months. Results: The Phase 1 feasibility study is currently open for recruitment which will be followed by the Phase 2 RCT. The anticipated completion date for the study is May 2016. Conclusions: While research on the use of virtual world technology in health programs is in its infancy, it offers unique advantages over current Web-based health interventions including social interactivity and active learning. It also increases accessibility to vulnerable populations who have higher burdens of CVD. This study will yield results on the effectiveness of a virtual world-based CR program as an innovative platform to influence healthy lifestyle behavior and self-efficacy.",Related but unverifiable
s_250,Machine Learning: Two Levels of Meta-Learning. Base Learning: This involves the application of machine learning algorithms to solve specific tasks. The focus is on optimizing the performance of these algorithms on given datasets .,"Meta-learning has arisen as a powerful tool for many machine learning problems. With multiple factors to be considered when designing learning models for real-world applications, meta-learning with multiple objectives has attracted much attention recently. However, existing works either linearly combine multiple objectives into one objective or adopt evolutionary algorithms to handle it, where the former approach needs to pay high computational cost to tune the combination coefficients while the latter approach is computationally heavy and incapable to be integrated into gradient-based optimization. To alleviate those limitations, in this paper, we aim to propose a generic gradient-based Multi-Objective Meta-Learning (MOML) framework with applications in many machine learning problems. Specifically, the MOML framework formulates the objective function of meta-learning with multiple objectives as a Multi-Objective Bi-Level optimization Problem (MOBLP) where the upper-level subproblem is to solve several possibly conflicting objectives for the meta-learner. Different from those existing works, in this paper, we propose a gradient-based algorithm to solve the MOBLP. Specifically, we devise the first gradient-based optimization algorithm by alternately solving the lower-level and upper-level subproblems via the gradient descent method and the gradient-based multi-objective optimization method, respectively. Theoretically, we prove the convergence property and provide a non-asymptotic analysis of the proposed gradient-based optimization algorithm. Empirically, extensive experiments justify our theoretical results and demonstrate the superiority of the proposed MOML framework for different learning problems, including few-shot learning, domain adaptation, multi-task learning, neural architecture search, and reinforcement learning. The source code of MOML is available at https://github.com/Baijiong-Lin/MOML.
[4]: Meta-learning optimizes an inductive bias - typically in the form of the hyperparameters of a base-learning algorithm - by observing data from a finite number of related tasks. This paper presents an information-theoretic bound on the generalization performance of any given meta-learner, which builds on the conditional mutual information (CMI) framework of Steinke and Zakynthinou (2020). In the proposed extension to meta-learning, the CMI bound involves a training meta-supersample obtained by first sampling 2N independent tasks from the task environment, and then drawing 2M independent training samples for each sampled task. The meta-training data fed to the meta-learner is modelled as being obtained by randomly selecting N tasks from the available 2N tasks and M training samples per task from the available 2M training samples per task. The resulting bound is explicit in two CMI terms, which measure the information that the meta-learner output and the base-learner output provide about which training data are selected, given the entire meta-supersample. Finally, we present a numerical example that illustrates the merits of the proposed bound in comparison to prior information-theoretic bounds for meta-learning.",Related but unverifiable
i_1174,"Key Factors Contributing to TB Prevalence in Asia: Healthcare System and Policy Issues: Healthcare Access and Quality: The effectiveness of TB control programs is influenced by the availability and quality of healthcare services. Inconsistent implementation of TB screening and treatment, especially in rural areas, exacerbates the problem .","Background: The current prevalence of tuberculosis (TB) in the People's Republic of China (P. R. China) demonstrates geographical heterogeneities, which show that the TB prevalence in the remote areas ofWestern China is more serious than that in the coastal plain of Eastern China. Although a lot of ecological studies have been applied in the exploration on the regional difference of disease risks, there is still a paucity of ecological studies on TB prevalence in P. R. China. Objective: To understand the underlying factors contributing to the regional inequity of TB burden in P. R. China by using an ecological approach and, thus, aiming to provide a basis to eliminate the TB spatial heterogeneity in the near future. Design: Latent ecological variables were identified by using exploratory factor analysis from data obtained from four sources, i.e. the databases of the National TB Control Programme (2001-2010) in P. R. China, the China Health Statistical Yearbook during 2002-2011, the China Statistical Yearbook during 2002-2011, and the provincial government websites in 2013. Partial least squares path modelling was chosen to construct the structural equation model to evaluate the relationship between TB prevalence and ecological variables. Furthermore, a geographically weighted regression model was used to explore the local spatial heterogeneity in the relationships. Results: The latent ecological variables in terms of 'TB prevalence', 'TB investment', 'TB service', 'health investment', 'health level', 'economic level', 'air quality', 'climatic factor' and 'geographic factor' were identified. With the exception of TB service and health levels, other ecological factors had explicit and significant impacts on TB prevalence to varying degrees. Additionally, each ecological factor had different impacts on TB prevalence in different regions significantly. Conclusion: Ecological factors that were found predictive of TB prevalence in P. R. China are essential to take into account in the formulation of locally comprehensive strategies and interventions aiming to tailor the TB control and prevention programme into local settings in each ecozone.
[7]: Background: Tuberculosis (TB) remains the most common cause of infectious disease deaths worldwide. What is perhaps less appreciated is that the caseload of tuberculosis patients in South Asia is staggering. South Asia has almost 40% of the global TB burden with 4,028,165 cases in 2015. This region also has a disproportionate share of TB deaths (681,975 deaths, 38% of the global burden). Worldwide just 12.5% of TB cases are in HIV positive individuals, but much research and investment has focused on HIV-associated TB. Only 3.5% of patients with tuberculosis in South Asia have HIV co-infection. Not surprisingly with such a huge burden of disease, this region has an estimated 184,336 multi drug resistant (MDR) cases among notified TB cases which accounts for a third of global MDR burden. Crucially, at least 70% of the estimated MDR cases remain untreated in this region and MDR treatment success ranged from only 46% for India to 88% for Sri Lanka in the 2012 cohort that received treatment. This region represents many of the drivers of the modern TB epidemic: rapid urbanization and high density populations with dramatically rising incidence of diabetes, a burgeoning and largely unregulated private sector with escalating drug resistance and high air pollution both outdoor and household. Conclusion: From bacterial biochemistry to policy implementation, we suggest ways in which South Asia can seize the opportunity lead global TB elimination by demonstrating feasibility in some of the world's most densely populated cities and remotest reaches of the Himalayas. Clearly political will is essential, but we cannot defeat TB without understanding how to eliminate it in South Asia.
[10]: Background:Health care workers (HCWs) are at risk of latent tuberculosis infection (LTBI). In China, tuberculosis (TB) is a major public health problem, but the prevalence of LTBI in HCWs especially in the hospital for pulmonary diseases has not been assessed enough. The aim of this study was to determine the prevalence and putative risk factors of LTBI among HCWs in a chest hospital and a TB research institute in China.Methodology/Principal Findings:A cross-sectional study was conducted among HCWs in China in 2012. LTBI was assessed by T-SPOT.TB, and information on HCWs was collected using a standardised questionnaire. Risk factors for LTBI were analyzed by univariate and multivariate regression. The overall prevalence of LTBI among HCWs was 33.6%. Analyzed by job category, the highest prevalence was found among laboratory staff (43.4%). In the different workplaces, the proportion of LTBI was significantly higher among the high risk workplaces (37.4%) compared to the low risk workplaces. The duration of employment had a significant impact on the prevalence of LTBI. Positive T-SPOT.TB test results accounted for 17.6%, 16.8%, 23.5%, 41.8% and 41.6% in groups of ≤2, 3-5, 6-10, 11-20, and >20 working years respectively. In multivariate analysis, job categories (Laboratory staff [2.76 (95% CI: 1.36; 5.60)], technician staff [2.02 (95% CI: 1.12; 3.64)]); working duration as a HCW for 11 to 20 years [3.57 (95% CI: 1.46; 8.71)], and 20 years above [3.41 (95% CI: 1.28; 9.11)]; and the history of household TB contact [2.47 (95% CI: 1.15; 5.33)] were associated with increased risk of LTBI.Conclusions/Significance:Prevalence of LTBI estimated by T-SPOT.TB is high among Chinese HCWs and working duration, job category and the history of household TB contact were associated with increased risk. These data highlight adequate infection control measures should be undertaken. © 2013 Zhang et al.",Opposite meaning
s_1575,"Active Compounds in Cocoa Pod Husk: Cocoa pod husks are also a source of minerals and other bioactive compounds, including theobromine, which have potential applications in nutraceutical, medical, and pharmaceutical industries .","[12] Cacao beans from Theobroma cacao are an abundant source of polyphenols, particularly flavonoids. Previous studies demonstrated that cacao flavanols decrease pro-inflammatory cytokines resulting in the alleviation of allergic symptoms. We sought to investigate the effects of cacao extract (CE) on Dermatophagoides farinae extract (DFE)-induced atopic dermatitis (AD)-like symptoms. CE attenuated DFE-induced AD-like symptoms as assessed by skin lesion analyses, dermatitis score, and skin thickness. Histopathological analysis revealed that CE suppressed DFE-induced immune cell infiltration into the skin. These observations occurred concomitantly with the downregulation of inflammatory markers including serum immunoglobulin (Ig) E, chemokine; thymus and activation-regulated chemokine and macrophage-derived chemokine as well as the skin-derived cytokines interleukin (IL)-4, IL-5, and interferon-γ. CE also significantly alleviated transepidermal water loss and increased skin hydration. These results suggest that CE, a natural phytochemical-rich food, has potential therapeutic efficacy for the treatment of AD.",Related but unverifiable
s_1495,"Management Strategies: Fungicide Application: The use of fungicides has been shown to be effective in controlling BLS, suggesting that without them, plant health and productivity would significantly decline .","This study aimed to evaluate development and production of banana plant 'Grande Naine' under different management systems with black leaf streak presence at Vale do Ribeira, SP (Brazil). For the experiment it was used micropropagated seedlings of 'Grande Naine' banana that was planted in field in a completely randomized design with five treatments (management systems): interspersed planting; fungicide control; defoliation + interspersed planting; defoliation + fungicide control and control, which were subdivided in time (two production cycles), with eight repetition and one plant per repetition. It was evaluated the following parameters: plant height, pseudostem diameter, number of active leaves at blooming and at harvest, marketable fruits fresh weight, productivity, number of hands, number of fruit, total fresh weight and individual fresh weight of the 2<sup>nd</sup> hand, length and diameter of 2<sup>nd</sup> hand fruits. Data were submitted to variance analysis by F test and the significant means were compared by Tukey's test (5% probability). It can be conclude that fungicides applications were effective for black leaf streak control, showing better results in plants development and production and also in fruit quality of cultivars Grande Naine. No differences were observed when fungicide application was associated with defoliation. The interspersed planting affected negatively all the development and production parameters of cultivar Grande Naine.
[5]: Black Sigatoka (Mycosphaerella fijiensis Morelet) causes important losses to banana production. Use of fungicides has been the most efficient control to this foliar disease. The development of innovative strategies to diminish conventional chemical control dependency is a permanent challenge for a sustainable and environmentally respectful agriculture. The objective of this research was to evaluate mutualist endophytic fungi to control black Sigatoka in the field. The experiment was established on a farm in Obispo, County in Barinas. A randomized complete block design was arranged with four treatment and 30 plants as experimental unit. Banana (cv. Grand Naine) vitro plants and corms inoculated separately with Trichoderma atroviride strains (E1 and E2) were utilized. Black Sigatoka severity and incidence were evaluated using Fouré (1985) and Gauhl (1989) scales and following Marin and Romero (1998) methodology. During the vegetative period, the following variables were recorded: evolution state (ES), foliar emission rhythm (RER), total leaves (TL), youngest diseased leaf (YDL) and infection index (IND). At flowering, only one reading was done for TLF, YDLF and INDF, along with the following phenological variables: period from planting to flowering (PPF), plant height at flowering (PHF) and pseudostem circumference to flowering (PCF). Although there were no significant differences within treatment observed, E1 shows the lowest values on IND, INDF y HMJE and the best values on TH and REF with over 16% in both variables above the witness.",Entailment
i_1410,"Impact of Weight Loss Surgery: Weight loss surgery, while effective for weight loss, often leads to nutritional deficiencies that can manifest as skin lesions: Micronutrient Deficiencies: Post-surgery, patients frequently experience deficiencies in vitamins and minerals such as iron, folate, vitamin B1, B12, and vitamin D, which can lead to various skin issues .","Bariatric surgery leads to a significant body weight reduction, and improvement of obesity-related comorbidities. However, it is associated with a higher risk of presenting some nutritional deficiencies. These deficiencies are especially relevant after mixed or malabsorptive procedures. Deficiencies in micronutrients after bariatric procedures are a known threat if not corrected appropriately. Though zinc deficiency is not considered among the most frequent deficiencies after bariatric surgery, several studies have shown that its frequency might overcome 10%, even after restrictive procedures and in patients with multivitamin supplements intake.Zinc is the second most prevalent trace found in the human body after iron. It is essential for normal cell function and metabolism, playing a central role in over 300 enzymatic reactions, and protects cells from free radical damage. The central role of zinc in cell growth and differentiation explains the dramatic effect of zinc deficiency in tissues with a rapid cell turnover such as hair growth. In recent years much interest has been generated by the possibility that subclinical zinc deficiency may significantly increase the incidence of and morbidity and mortality from diarrhea and upper respiratory tract infections. Clinical manifestations of zinc deficiency include delayed sexual maturation, impotence, hypogonadism, oligospermia, alopecia, dysgeusia, immune dysfunction, night blindness, impaired wound healing, and various skin lesions. After bariatric surgery, zinc deficiency is often associated with other micronutrients deficiencies, mainly iron. It has been demonstrated that zinc and iron levels, both within the normal range, but close to the minimum level of the range, can be associated with hair loss, mainly between the 6th and 9th postoperative month. For the evaluation of zinc status, plasma levels are generally a good index of zinc status in healthy individuals. Zinc supplements are usually indicated for patients with low zinc levels, depending upon the clinical context. In obese patients after bariatric surgery, zinc supplementation can be considered even in patients with serum levels within the normal range, when iron levels are also close to the minimum value of normality and the patient complain of alopecia.
[5]: The increasing prevalence of morbid obesity is associated with an increase of obesity surgery and metabolic surgery as well. Several surgical and especially metabolic problems after restrictive and malabsorptive bariatric procedures will be noted in these patients. Restrictive bariatric procedures are associated with pouch dilatation or band migration after gastric banding or a severe reflux disease after sleeve gastrectomy. The most commonly deficiencies after restrictive procedures are deficiencies of B-vitamins. Iron, folate, vitamin B1 and B12 and vita-min D deficiencies are associated with the malabsorptive procedure like biliopancreatic diversion, duodenal switch and Roux-en-Y-gastric bypass. Patients who have undergone bariatric surgery require medical follow-up lifelong for reasons that are often determined by the type of surgical procedure performed. The majority of this report will deal with the metabolic problems associated with the bariatric procedures. Patients should be carefully screened and encouraged to consume vitamin and mineral supplementation after surgery, immediately. © 2012.",Misrepresentation
i_1336,"Clinical Presentation: Age and Incidence: Both cancers primarily affect children and adolescents. Osteosarcoma has a higher incidence in the 15-29 age group, while Ewing sarcoma is more common in younger patients, typically under 20 years old .","Osteosarcoma and Ewing sarcoma are the most common bone malignancies that affect children and adolescents, with an incidence of six new cases/1,000,000 inhabitants/year, accounting for approximately 7% of cancer diagnoses. They may be defined as neoplastic diseases that involve the bone tissues, the former arising from the mesenchymal bone forming cells and the latter from the neural crest cells.
[3]: Object. Malignant primary osseous spinal neoplasms are aggressive tumors that remain associated with poor outcomes despite aggressive multidisciplinary treatment measures. To date, prognosis for patients with these tumors is based on results from small single-center patient series and controlled trials. Large population-based observational studies are lacking. To assess national trends in histology-specific survival, the authors reviewed patient survival data spanning 30 years (1973-2003) from the Surveillance, Epidemiology, and End Results (SEER) registry, a US population-based cancer registry. Methods. The SEER registry was queried to identify cases of histologically confirmed primary spinal chordoma, chondrosarcoma, osteosarcoma, or Ewing sarcoma using coding from the International Classification of Disease for Oncology, Third Edition. Association of survival with histology, metastasis status, tumor site, and year of diagnosis was assessed using Cox proportional-hazards regression analysis. Results. A total of 1892 patients were identified with primary osseous spinal neoplasms (414 with chordomas, 579 with chondrosarcomas, 430 with osteosarcomas, and 469 with Ewing sarcomas). Chordomas presented in older patients (60 ± 17 years; p < 0.01) whereas Ewing sarcoma presented in younger patients (19 ± 11 years; p < 0.01) compared with patients with all other tumors. The relative incidence of each tumor type remained similar per decade from 1973 to 2003. African Americans comprised a significantly greater proportion of patients with osteosarcomas than other tumors (9.6% vs 3.5%, respectively; p < 0.01). Compared with the sacrum, the mobile spine was more likely to be the site of tumor location for chordomas than for all other tumors (47% vs 23%, respectively; p < 0.05). Osteosarcoma and Ewing sarcoma were 3 times more likely than chondrosarcoma and chordoma to present with metastasis (31% vs 8%, respectively). Resection was performed more frequently for chordoma (88%) and chondrosarcoma (89%) than for osteosarcoma (61%) and Ewing sarcoma (53%). Overall median survival was histology-specific (osteosarcoma, 11 months; Ewing sarcoma, 26 months; chondrosarcoma, 37 months; chordoma, 50 months) and significantly worse in patients with metastasis at presentation for all tumor types. Survival did not significantly differ as a function of site (mobile spine vs sacrum/pelvis) for any tumor type, but more recent year of diagnosis was associated with improved survival for isolated spinal Ewing sarcoma (hazard ration [HR] 0.95; p = 0.001), chondrosarcoma (HR 0.98; p = 0.009), and chordoma (HR 0.98; p = 0.10), but not osteosarcoma. Conclusions. In this analysis of a 30-year, US population-based cancer registry (SEER), the authors provide nationally representative prognosis and survival data for patients with malignant primary spinal osseous neoplasms. Overall patient survival has improved for isolated spine tumors with advancements in care over the past 4 decades. These results may be helpful in providing historical controls for understanding the efficacy of new treatment paradigms, patient education, and guiding level of aggressiveness in treatment strategies.
[4]: Background: There is a paucity of recent epidemiological data on bone cancers. The aim of this study was to describe incidence and survival patterns for bone cancers diagnosed during 1981 - 2002.Methods: Cases aged 0 - 39 years (236 osteosarcomas, 166 Ewing sarcomas and 73 chondrosarcomas) were analysed using Poisson and Cox regressions.Results: Incidence rates (per million persons per year) for osteosarcoma were 2.5 at age 0 - 14 years; 4.5 at age 15 - 29 years and 1.0 at age 30 - 39 years. Similarly, for Ewing sarcoma the incidence rates were 2.2; 2.9; 0.4 and for chondrosarcoma rates were 0.1; 1.2; 1.8 respectively. Incidence of osteosarcoma increased at an average annual rate of 2.5% (95% CI 0.4 - 4.7; P = 0.02), but there was no change in incidence of Ewing sarcoma or chondrosarcoma. There was a marginally statistically significant improvement in survival for Ewing sarcoma (hazard ratio (HR) per annum = 0.97; 95% CI 0.94 - 1.00; P = 0.06), although patients aged 15 - 39 years (n = 93) had worse overall survival than those aged 0 - 14 (n = 73; HR = 1.46; 95% CI 0.98 - 2.17; P = 0.06). There was no significant improvement in osteosarcoma survival (HR per annum = 0.98; 95% CI 0.95 - 1.01; P = 0.18).Conclusions: Reasons for poorer survival in Ewing sarcoma patients aged 15 - 39 years and failure to significantly improve survival for osteosarcoma patients requires further investigation. © 2010 Eyre et al; licensee BioMed Central Ltd.",Entailment
i_1537,Discouraging community involvement through education and awareness programs can result in worse waste management practices and increased environmental impact .,"Numerous health issues can arise from improper domestic waste management. Uncollected wastes provide food and breeding sites for insect, bird and rodent which can expose the community to vector borne disease. Therefore, this study aims to investigate the community awareness towards domestic waste management. This study is a cross-sectional study conducted at Bandar Baru Sungai Buloh, Selangor, Malaysia. The questionnaire consists of five sections with a total of 57 questions. The questionnaire consists of four parts: Socio-demographic, knowledge, attitude and practice. The data were analysed using SPSS version 22.0. T-test, ANOVA test, Chi-squared test were used according to the type of variables and significance level will be taken at 95% or p-value of less than 0.05. A total of 355 respondents participated in this study. The mean age was 40.52 ±14.94. The majority of them were male (52.1%), Malay (71.0%), married (71.3%), with secondary educational (81%) and employed (41.1%). The majority of respondents mentioned that inappropriate waste management can cause dengue fever and leptospirosis (98.0%, 97.2%; respectively). Property type, education, occupation, ethnicity, religions and household income were significant influenced the knowledge of the participants towards domestic waste management. For attitude, gender, education, ethnicity, religion and income significantly influenced the attitude of the participants towards domestic waste management. For practice, ethnicity, religion and occupation were significantly influenced the practice of the participants towards domestic waste management. In conclusion, the community has moderate awareness of domestic waste management. Awareness of waste management should also be taught in school so that the next generation of people will have a better understanding and eventually have better practice in domestic waste management. It is also hoped that a carefully thought-out strategy can be developed to further improve the community awareness towards domestic waste management which will shed a new light on tackling this issue.
[10]: Waste is part of the environmental problems that is synonymous with development change and population increased. Studies on waste is not just confined to the urban ecosystem but its presence in various ecosystems either through man-made or naturally, could give an impact to the environment. Sequences to that a study of perceptions on waste management among coastal communities along the South Johor coast were conducted. Behavior and awareness of waste management are part of import aspect as indicators of community perception. The findings of the study show that the coastal community along South Johor coast on awareness and the impact generated from the coastal waste is high. However, in terms of their efforts to reduce waste and its management aspect, they are still practice of waste buried. Their exposure and involvement on waste management is still lagging. The findings also clearly indicated that involvement of department of environment, local authorities and other government agencies, private sectors and local residents are important in order to promote an integrated waste management for South Johor coast. © Medwell Journals, 2013.",Related but unverifiable
s_265,"Limitations and Associated Risks: Energy Consumption: High computing power required for blockchain operations leads to significant energy consumption, particularly in systems like Ethereum .","This paper looks at the challenges and opportunities of implementing blockchaintechnology across banking, providing food for thought about the potentialities of this disruptivetechnology. The blockchain technology can optimize the global financial infrastructure, achievingsustainable development, using more efficient systems than at present. In fact, many banksare currently focusing on blockchain technology to promote economic growth and acceleratethe development of green technologies. In order to understand the potential of blockchaintechnology to support the financial system, we studied the actual performance of the Bitcoin system,also highlighting its major limitations, such as the significant energy consumption due to the highcomputing power required, and the high cost of hardware. We estimated the electrical power andthe hash rate of the Bitcoin network, over time, and, in order to evaluate the efficiency of the Bitcoinsystem in its actual operation, we defined three quantities: ""economic efficiency"", ""operationalefficiency"", and ""efficient service"". The obtained results show that by overcoming the disadvantagesof the Bitcoin system, and therefore of blockchain technology, we could be able to handle financialprocesses in a more efficient way than under the current system.",Related but unverifiable
s_973,"VR training has shown to improve performance in live exercises, such as pediatric emergency department (PED) emergency evacuations, indicating its effectiveness in promoting positive performance outcomes .","Objective: This study examined differences in learning outcomes among newborn intensive care unit (NICU) workers who underwent virtual reality simulation (VRS) emergency evacuation training versus those who received web-based clinical updates (CU). Learning outcomes included a) knowledge gained, b) confidence with evacuation, and c) performance in a live evacuation exercise. Methods: A longitudinal, mixed-method, quasi-experimental design was implemented utilizing a sample of NICU workers randomly assigned to VRS training or CUs. Four VRS scenarios were created that augmented neonate evacuation training materials. Learning was measured using cognitive assessments, self-efficacy questionnaire (baseline, 0, 4, 8, 12 months), and performance in a live drill (baseline, 12 months). Data were collected following training and analyzed using mixed model analysis. Focus groups captured VRS participant experiences. Results: The VRS and CU groups did not statistically differ based upon the scores on the Cognitive Assessment or perceived self-efficacy. The virtual reality group performance in the live exercise was statistically (P<.0001) and clinically (effect size of 1.71) better than that of the CU group. Conclusions: Training using VRS is effective in promoting positive performance outcomes and should be included as a method for disaster training. VRS can allow an organization to train, test, and identify gaps in current emergency operation plans. In the unique case of disasters, which are low-volume and high-risk events, the participant can have access to an environment without endangering themselves or clients.",Entity error
s_184,"Conclusion: Implementing early stopping effectively requires choosing the right method based on the specific needs of the AI model and the problem domain. Statistical criteria, cross-validation, Bayesian model averaging, PSO for ESRs, generalized early stopping, and regularization techniques are all viable options, each with unique benefits and suitable applications .","This paper proposes the use of statistical criteria for early-stopping support vector machines, both for regression and classification problems. The method basically stops the minimization of the primal functional when moments of the error signal (up to fourth order) become stationary, rather than according to a tolerance threshold of primal convergence itself. This simple strategy induces lower computational efforts and no significant differences are observed in terms of performance and sparsity. © 2007 Elsevier B.V. All rights reserved.
[2]: Neural networks are increasingly used in the field of hydrology due to their properties of parsimony and universal approximation with regard to nonlinear systems. Nevertheless, as a result of the existence of noise and approximations in hydrological data, which are very significant in some cases, such systems are particularly sensitive to increased model complexity. This dilemma is known in machine learning as bias-variance and can be avoided by suitable regularization methods. Following a presentation of the bias-variance dilemma along with regularization methods such as cross-validation, early stopping and weight decay, an application is provided for simulating and forecasting karst aquifer outflows at the Lez site. The efficiency of this regularization process is thus demonstrated on a nonlinear, partially unknown basin. As a last step, results are presented over the most intense rainfall event found in the database, which allows assessing the capability of neural networks to generalize with rare or extreme events. © 2011 Springer-Verlag.
[3]: Effective training of deep neural networks suffers from two main issues. The first is that the parameter spaces of these models exhibit pathological curvature. Recent methods address this problem by using adaptive preconditioning for Stochastic Gradient Descent (SGD). These methods improve convergence by adapting to the local geometry of parameter space. A second issue is overfitting, which is typically addressed by early stopping. However, recent work has demonstrated that Bayesian model averaging mitigates this problem. The posterior can be sampled by using Stochastic Gradient Langevin Dynamics (SGLD). However, the rapidly changing curvature renders default SGLD methods inefficient. Here, we propose combining adaptive preconditioners with SGLD. In support of this idea, we give theoretical properties on asymptotic convergence and predictive risk.We also provide empirical results for Logistic Regression, Feedforward Neural Nets, and Convolutional Neural Nets, demonstrating that our preconditioned SGLD method gives state-of-the-art performance on these models.
[4]: Early classification of time series is valuable in many real-world applications such as early disease prediction, early disaster prediction, and patient monitoring where data are generated over time. The main objective of early classification is to provide a reliable class prediction earliest in time. In general, whenever the early prediction time improves, the prediction accuracy decreases. Thus, the trade-off between earliness and accuracy needs to be addressed. In this article, we proposed an optimization-based early classification model for time series data using early stopping rules (ESRs) and a series of probabilistic classifiers. ESRs are developed through particle swarm optimization by minimizing the well-defined cost function that considers the missclassification cost and delaying decision cost simultaneously. The experimental results on 30 standard datasets demonstrate good performance for early classification in comparison to state of the art methods. Also, the proposed model is tested for early malware detection on a real dataset and shows decent performance by balancing the accuracy and earliness.
[5]: Lengthy evaluation times are common in many optimization problems such as direct policy search tasks, especially when they involve conducting evaluations in the physical world, for example, in robotics applications. Often when evaluating solution over a fixed time period, it becomes clear that the objective value will not increase with additional computation time (e.g., when a two-wheeled robot continuously spins on the spot). In such cases, it makes sense to stop the evaluation early to save computation time. However, most approaches to stop the evaluation are problem specific and need to be specifically designed for the task at hand. Therefore, we propose an early stopping method for direct policy search. The proposed method only looks at the objective value at each timestep and requires no problem-specific knowledge. We test the introduced stopping criterion in five direct policy search environments drawn from games, robotics, and classic control domains and show that it can save up to of the computation time. We also compare it with problem-specific stopping criteria and show that it performs comparably, while being more generally applicable.
[6]: These days deep learning is the fastest-growing area in the field of Machine Learning. Convolutional Neural Networks are currently the main tool used for the image analysis and classification purposes. Although great achievements and perspectives, deep neural networks and accompanying learning algorithms have some relevant challenges to tackle. In this paper, we have focused on the most frequently mentioned problem in the field of machine learning, that is relatively poor generalization abilities. Partial remedies for this are regularization techniques e.g. dropout, batch normalization, weight decay, transfer learning, early stopping and data augmentation. In this paper we have focused on data augmentation. We propose to use a method based on a neural style transfer, which allows to generate new unlabeled images of high perceptual quality that combine the content of a base image with the appearance of another one. In a proposed approach, the newly created images are described with pseudo-labels, and then used as a training dataset. Real, labeled images are divided into the validation and test set. We validated proposed method on a challenging skin lesion classification case study. Four representative neural architectures are examined. Obtained results show the strong potential of the proposed approach.
[7]: Clickbait is an elusive challenge with the prevalence of social media such as Facebook and Twitter that misleads the readers while clicking on headlines. Limited annotated data makes it onerous to design an accurate clickbait identification system. The authors address this problem by purposing deep learning-based architecture with external knowledge which trains on social media post and descriptions. The pre-trained ELMO and BERT model obtains the sentence level contextual feature as knowledge; moreover, the LSTM layer helps to prevail the word level contextual feature. Training has done at different experiments (model with EMLO, model with BERT) with different regularization techniques such as dropout, early stopping, and finetuning. Forward context-aware clickbait tweet identification system (FCCTI) with BERT finetuning and model with ELMO using glove pre-trained embedding is the best model and achieves a clickbait identification accuracy of 0.847, improving on the previous baseline for this task.",Entailment
s_1212,"Thrombogenicity and Coagulation: Coagulation Parameters: Evaluations of coagulation parameters (e.g. thrombin time, prothrombin time) in central venous catheters showed no significant differences compared to controls, indicating good blood compatibility .","[12] Using extracorporeal circulation for cardiopulmonary bypass is the first step for the successful cardiac surgery, and the blood pump is the key component in extracorporeal circulation devices, the control and measurement of mechanical-fluid parameters such as flow rate and pressure are very important to guarantee the successful cardiac surgery. This paper reviews several control methods of the blood pump based on the flow rate/pressure, heart rate, ventricular work and blood assist index, and also discusses the direct and indirect measurements of the flow rate and pressure. This review concludes with the main possible trends for the further development of the blood pump control and testing methods.",Unrelated and unverifiable
i_1279,"Risk Factors: HIV-positive status is a significant risk factor for mental health disorders among adolescents. The perceived risk of HIV infection negatively impacts mental health outcomes, regardless of actual HIV status .","BACKGROUND The emerging literature on HIV/AIDS and mental health in sub-Saharan Africa stresses that HIV-positive status is significantly related to mental illness. However, the literature has neglected an equally important concern in contexts where HIV is highly prevalent, namely, whether and how an HIV/AIDS epidemic affects the mental well-being of individuals in thegeneral population, regardless of their HIV status. OBJECTIVE This paper adopts an innovative perspective for addressing this public mental health concern in sub-Saharan Africa. It examines the relationship between perceived risk of HIV infection and mental health in rural Malawi and evaluates four psychosocial mechanisms that potentially influence the relationship, including (1) worry about being infected and fear of death, (2) health and economic conditions, (3) social support, and (4) the stigma of HIV/AIDS. METHODS The analysis uses data from the MalawiLongitudinal Study of Families and Health collected in 2006 and 2008. Random-effects and fixed-effects linear regression models are used to predict mental health status (measured by the SF-12 Mental Component Summary scale). RESULTS Regardless of HIV status, the perceived risk of infection has a strong negative relationship with mental health outcomes. This relationship isi part associated with the individual's health, fear of death (or pessimism about survival), an marital/cohabitation status. © 2013 Ning Hsieh.",Related but unverifiable
i_1409,"Nutritional Deficiencies and Skin Lesions: Vitamin D Deficiency: Common in obese individuals, vitamin D deficiency can exacerbate skin conditions like psoriasis and may contribute to other dermatological issues .","The increasing prevalence of morbid obesity is associated with an increase of obesity surgery and metabolic surgery as well. Several surgical and especially metabolic problems after restrictive and malabsorptive bariatric procedures will be noted in these patients. Restrictive bariatric procedures are associated with pouch dilatation or band migration after gastric banding or a severe reflux disease after sleeve gastrectomy. The most commonly deficiencies after restrictive procedures are deficiencies of B-vitamins. Iron, folate, vitamin B1 and B12 and vita-min D deficiencies are associated with the malabsorptive procedure like biliopancreatic diversion, duodenal switch and Roux-en-Y-gastric bypass. Patients who have undergone bariatric surgery require medical follow-up lifelong for reasons that are often determined by the type of surgical procedure performed. The majority of this report will deal with the metabolic problems associated with the bariatric procedures. Patients should be carefully screened and encouraged to consume vitamin and mineral supplementation after surgery, immediately. © 2012.",Related but unverifiable
i_65,"AI in Public Service Provision: Comparative Insights. United Arab Emirates: Focus: AI is being used to monitor traffic, public services, and national security . Impact: AI has shown significant economic benefits, though there are concerns about ethical issues and job displacement.","As a result of the instability of oil prices, the economic prospects of the Gulf region are increasing their focus on new technologies. Thus, Saudi Arabia has demonstrated a strong commitment towards the development and implementation of Artificial Intelligence (AI) technologies as alternative sources for revenue and growth in line with globalisation, development, and the vision 2030. This paper examines the impact of AI in the Saudi Arabia community, especially for social and economic evolution. Special focus on the use of smart cars and smart cameras to monitor intelligently traffic, public services and national security is explored. A total of 424 participants from Eastern Province took part in this study. Analysis and discussion of the obtained results are also presented. The findings showed that 75.71% of participants mostly highly agreed about the AI economic impact leading to an increase in both government and business financial incomes. Whereas only 59.84% of participants mostly highly agreed about the social impact of AI as they are worried about AI ethical concerns, job loss and the changing workforce.",Entity error
