ID,claim_clean,reference_clean,predict
s_1729,"Re-flooding: Once the water level reaches the threshold, the field is re-flooded to a depth of about 5-15 cm. This cycle of wetting and drying is repeated throughout the growing season .","The supply of irrigation in Thailand is currently insufficient to satisfy rice production demands, despite the country being the world's leading rice producer and exporter. Thus, traditional rice production based on flooding systems should be changed to water-saving management using the so-called alternate wetting and drying method (AWD). This research introduced a suitable AWD 5/-15 broadcasting method into farmer's fields in eight provinces of Thailand in the dry and wet seasons of 2016. The results showed that the AWD practice increased grain yields by 8-22% in the dry season compared with the yields from farmer's practices. The AWD practice reduced total water use by 5-30% and increased water productivity 10-35% compared with farmer's traditional practices. In addition, the total CH<inf>4</inf> emissions from the AWD practice in the dry season were lower than those from farmer's practices by 7-83%, but the AWD practice in the wet season resulted in decreased CH<inf>4</inf> emissions at only three out of the eight sites. The total N<inf>2</inf>O emissions were slightly different between the AWD and farmer's practices. However, in both AWD and farmer's practices, N<inf>2</inf>O emissions were much lower than CH<inf>4</inf> emissions. Finally, the incomes and net profits in both seasons were significantly higher using AWD from 4.4-13.5 USD/ha and 45.8-60.8 USD/ha, respectively, while the total costs for both practices were not significantly different. Thus, AWD practices may help farmers decrease their water supply risk, especially in the dry season, and increase profits from rice production.
[2]: As one of the most widely promoted effective irrigation strategies for rice, alternate wetting and drying (AWD) irrigation can not only reduce water use but also increase mineral nutrient use efficiency. In this research, we compared the differences in grain yield, grain quality, phosphorus use efficiency (PUE), and growth states of roots and shoots of lowland and upland rice cultivars that were subjected to different irrigation and phosphorus (P) fertilizer application treatments in a field study for two years. The irrigation treatments consisted of two irrigation regimes: continuously flooded (CF) and AWD irrigation and the P fertilizer treatments included three P rates, i.e., 0, 45, and 90 kg ha<sup>−1</sup> (P0, P45, and P90, respectively). The results revealed that AWD irrigation led to an increase in grain yield and improved PUE of both rice varieties at P45. The roots were longer and deeper under AWD irrigation, which contributed to the higher grain yield and higher resource use efficiency obtained with this treatment. At the lower P rates, both rice types translocated more P from vegetative tissues to grains, which led to a better PUE. Molecular analysis show that plant hormones (IAA, gibberellins, cytokinins and ABA) and members of the OsPht1 family are also involved in the regulation of P homeostasis under AWD irrigation. Our results demonstrate that AWD irrigation can also enhance PUE for the rice in the field.
[3]: We carried out a pool culture experiment to determine the optimal water treatment depth in loam and clay soils during the late growth stage of super rice. Three controlled water depth treatments of 0–5, 0–10 and 0–15 cm below the soil surface were established using alternate wetting and drying irrigation, and the soil water potential (0 to –25 kPa) was measured at 5, 10 and 15 cm. A 2-cm water layer was used as the control. We measured soil enzyme activities, root antioxidant enzyme activities, chlorophyll fluorescence parameters, and rice yield. The results showed that the 0–5-cm water depth treatment significantly increased root antioxidant enzyme activities in loam soil compared with the control, whereas soil enzyme activities, chlorophyll fluorescence parameters and yield did not differ from those of the control. The 0–10- and 0–15-cm water depth treatments also increased root antioxidant enzyme activities, whereas soil enzyme activities, chlorophyll fluorescence parameters and yield decreased. In clay soil, the soil enzyme activities, root antioxidant enzyme activities, chlorophyll fluorescence parameters, and yield did not change with the 0–5-cm water treatment, whereas the 0–10- and 0–15-cm water treatments improved these parameters. Therefore, the appropriate depths for soil water during the late growth period of rice with a 0 to –25 kPa water potential were 5 cm in loam and 15 cm in clay soil.",Related but unverifiable
i_226,"Scalability Challenges and Solutions: Scalability Issues: Blockchain technology, while offering security and decentralization, faces significant scalability challenges such as latency, low throughput, and the increasing size of the blockchain network . These issues can hinder the integration of blockchain with Picture Archiving and Communication Systems (PACS) and AI systems, which require efficient and scalable data management solutions.","With developments in human societies and the information and communication technology, the Internet of Things (IoT) has penetrated various aspects of daily life and different industries. The newly emerging blockchain technology has become a viable solution to the IoT security due to its inherent characteristics such as distribution, security, immutability, and traceability. However, integrating the IoT with the blockchain technology faces certain challenges such as latency, throughput, device power limitation, and scalability. Recent studies have focused on the role of artificial intelligence methods in improving the IoT performance in a blockchain. According to their results, there are only a few effects on the improvement of IoT-based performance with limited power. This study proposes a conceptual model to improve the blockchain throughput in IoT-based devices with limited power through deep reinforcement learning. This model benefits from a recommender agent based on deep reinforcement learning in the mobile edge computing layer to improve the throughput and select the right mining method.
[2]: Blockchains are a key disruptive technology of recent times with applications across several application domains such as finance, supply chain, healthcare and Industry 4.0. With growing application types, scalability of blockchains has emerged as a key challenge in achieving the potential of this technology. This paper attempts to outline this challenge for blockchains as follows. It highlights blockchain scalability as a composite concept which can be interpreted in various ways i.e. expanding the number of participants of the network, or enhancing capabilities of the participants (such as processing, memory, storage or an efficient consensus strategy) to minimize the scalability overhead. Further, it presents a first thorough systemic study of existing efforts to achieve blockchain scalability with respect to; (i) innovative methods and mechanisms to strengthen blockchain's capabilities with respect to scalability, (ii) approaches leveraging blockchains to achieve scalable applications, and (iii) efforts analyzing blockchain solutions with respect to scalability. Through a critical analysis of existing literature, the paper identifies contributions as well as open challenges which can help research community to advance knowledge within this domain.
[3]: —Blockchain is an emerging technology that would possibly disrupt the existing centralized financial systems lead to the rise to a new technology era for the financial sector. Additionally, different new use cases such as healthcare, identity management, etc. suggest that Blockchain has much wider applications. Blockchain is founded on distributed ledger technology that ensures trust through consensus between parties in a peer-to-peer network instead of the need to a third party or central authority. However, blockchain has several limitations such as scalability, latency, low throughput which are the main barriers for Blockchain being adopted by the industries. Of all, scalability is the most critical limitation of blockchain that needs an efficient and effective solution. In this paper, we aim to enhance the scalability of blockchain by designing and implementing a massively scalable architecture for private blockchain-based applications, called ElasticBloC. To evaluate our contribution, we conducted several experiments on ElasticBloC. The results showed that ElasticBloC is a high-performant architecture that scales massively.
[4]: Recently, blockchain technology accumulates and stores all transactions. Therefore, in order to verify the contents of all transactions, the data itself is compressed, but the scalability is limited. In addition, since a separate verification algorithm is used for each type of transaction, the verification burden increases as the size of the transaction increases. Existing blockchain cannot participate in the network because it does not become a block sink by using a server with a low specification. Due to this problem, as the time passes, the data size of the blockchain network becomes larger and it becomes impossible to participate in the network except for users with abundant resources. Therefore, in this paper, we studied the zero knowledge proof algorithm for general operation verification. In this system, the design of zero-knowledge circuit generator capable of general operation verification and optimization of verifier and prover were also conducted. Also, we developed an algorithm for optimizing key generation. Based on all of these, the zero-knowledge proof algorithm was applied to and tested on the virtual machine so that it can be used universally on all blockchains.",Related but unverifiable
i_2041,"Structural Obstacles. Supply Chain Inefficiencies: The agricultural supply chain in Indonesia is inefficient due to the involvement of multiple layers of intermediaries, which complicates the distribution of organic products .","The importance of the Indonesian agriculture supply chain lies in the vision of the national government with regard to food security and farmer welfare which supports the production of various healthy types of food and high value-added products utilising local resources. However, local agricultural products face certain inefficient business practices, due to the involvement of multi-layer parties in the distribution network, which serves the ultimate consumers. Previous studies involving research into agriculture only provide a partial description of both conventional agriculture and the organic agricultural supply chains. Therefore, this paper attempts to provide a comprehensive description of all agribusiness parties by reproducing the agricultural product supply chain network operating under prevailing conditions in West Java, Indonesia, using tomato products as a case study. This paper analyses two types of tomato agribusiness, conventional and organic, in order to identify possible differences in the supply chain process and their contrasting interactions. The value system method is examined to highlight the dynamics of the interrelationship between several participating parties.",Entailment
i_1981,Drawbacks: Hinders planners from developing environmentally sustainable waterfronts and compromises economic viability .,"Waterfronts are a critical site for urban redevelopment in the early 21st century. However many waterfront sites have serious environmental problems, especially the management of contaminated stormwater, which contemporary models of waterfront development do little to remedy. Why? While there is a good understanding of techniques that are viable for the remediation of urban stormwater, they are often ignored or treated as a design novelty. The author suggests that the cause is to be found in the way market forces dominate waterfront development models. Contemporary urban theory such as new urbanism is complicit with these forces, advocating an urban planning model with a high FAR (Floor Area Ratio) and large areas of impervious surface. The author proposes the development of an alternative waterfront development strategy using GIS-based mapping. Focusing on how the remediation of urban stormwater could drive the development of a new model of urban development on the waterfront, the author uses GIS mapping to explore the effect of pervious and impervious surfaces on the production of stormwater in an urban catchment. In a similar way GIS mapping is used to simulate different urban densities. A case study project on the Wynyard Quarter, Auckland, New Zealand is used to explore these techniques. The result is the development of a GIS model that models the consequences of increased density on urban stormwater remediation within a catchment. The model helps planners and developers to conceive an environmental sustainable urban waterfront while ensuring an economically viable return.",Related but unverifiable
i_1918,"Objectives of Using the ecoinvent Database in LCAs: Supporting Decision-Making: By providing detailed life cycle inventory (LCI) data, ecoinvent helps decision-makers identify environmental hotspots and make informed choices to improve sustainability without shifting burdens elsewhere .","Life cycle assessment (LCA) has become widely recognized as an effective tool for assessing the resource use, environmental burdens, and human health impacts connected with the complete life cycle of products, processes, and activities. This systems approach enables decision-makers to identify environmental hot spots, as well as improve industrial systems without shifting burdens elsewhere. An LCA begins with a clearly stated goal. The goal helps to establish the study boundaries and guides the data collection efforts. The ISO standard provides a general framework for conducting an LCA, but it is open to much interpretation by the practitioner. LCAs can produce different results even if the same product seems to be the focus of the study. Numerous factors might account for such differences, including different goal statements, differ ent functional units, different boundaries, and different assumptions used to model the data. The UNEP/SETAC Life Cycle Initiative developed a guidance document for Organizational LCA, which provides guidance to enable organizations to more easily and more effectively apply ISO 14040 and ISO 14044 at the organizational level.
[6]: The US Environmental Protection Agency (US EPA) launched the Resource Conservation Challenge (RCC) in 2002 to help reduce waste and move towards more sustainable resource consumption. The objective of the RCC is to help communities, industries, and the public think in terms of materials management rather than waste disposal. Reducing cost, finding more efficient and effective strategies to manage municipal waste, and thinking in terms of materials management requires a holistic approach that considers life-cycle environmental tradeoffs. The US EPA's National Risk Management Research Laboratory has led the development of a municipal solid waste decision support tool (MSW-DST). The computer software can be used to calculate life-cycle environmental tradeoffs and full costs of different waste management or materials recovery programs. The environmental methodology is based on the use of life-cycle assessment and the cost methodology is based on the use of full-cost accounting. Life-cycle inventory (LCI) environmental impacts and costs are calculated from the point of collection, handling, transport, treatment, and disposal. For any materials that are recovered for recycling, offsets are calculated to reflect potential emissions savings from use of virgin materials. The use of the MSW-DST provides a standardized format and consistent basis to compare alternatives. This paper provides an illustration of how the MSW-DST can be used by evaluating ten management strategies for a hypothetical medium-sized community to compare the life-cycle environmental and cost tradeoffs. The LCI results from the MSW-DST are then used as inputs into another US EPA tool, the Tool for the reduction and assessment of chemical and other environmental impacts, to convert the LCI results into impact indicators. The goal of this paper is to demonstrate how the MSW-DST can be used to identify and balance multiple criteria (costs and environmental impacts) when evaluating options for materials and waste management. This type of approach is needed in identifying strategies that lead to reduced waste and more sustainable resource consumption. This helps to meet the goals established in the US EPA's Resource Conservation Challenge.",Related but unverifiable
s_1526,Key Functions of PHT4: Phosphate Uptake and Transport: PHT4 transporters are involved in the active uptake of inorganic phosphate from the soil. This process is critical for ensuring that plants have sufficient phosphate for their metabolic needs .,"Arabidopsis (Arabidopsis thaliana) absorbs inorganic phosphate (Pi) from the soil through an active transport process mediated by the nine members of the PHOSPHATE TRANSPORTER1 (PHT1) family. These proteins share a high level of similarity (greater than 61%), with overlapping expression patterns. The resulting genetic and functional redundancy prevents the analysis of their specific roles. To overcome this difficulty, our approach combined several mutations with gene silencing to inactivate multiple members of the PHT1 family, including a cluster of genes localized on chromosome 5 (PHT1;1, PHT1;2, and PHT1;3). Physiological analyses of these lines established that these three genes, along with PHT1;4, are the main contributors to Pi uptake. Furthermore, PHT1;1 plays an important role in translocation from roots to leaves in high phosphate conditions. These genetic tools also revealed that some PHT1 transporters likely exhibit a dual affinity for phosphate, suggesting that their activity is posttranslationally controlled. These lines display significant phosphate deficiency-related phenotypes (e.g. biomass and yield) due to a massive (80%–96%) reduction in phosphate uptake activities. These defects limited the amount of internal Pi pool, inducing compensatory mechanisms triggered by the systemic Pi starvation response. Such reactions have been uncoupled from PHT1 activity, suggesting that systemic Pi sensing is most probably acting downstream of PHT1.",Entity error
i_1713,"2. Higher Fuel Consumption: Poor pavement conditions increase vehicle rolling resistance, leading to higher fuel consumption. This not only raises operational costs but also contributes to higher CO2 emissions .","Road network requires timely maintenance to keep pavement surface in good condition for reduction of fuel consumption with the limited budget. This study focused on development of pavement preservation strategies in the road network considering multi-objective optimization of agency cost and environmental impact (in terms of CO<inf>2</inf> emission). Field data from long-term pavment performance (LTPP) database were used to quantify the impact of pavement preservation treatments (crack seal, chip seal, and thin overlay) on the changes of surface roughness. The emission rate functions of vehicles with respect to speed and pavement surface condition were developed using Motor Vehicle Emission Simulator (MOVES) with the updated tire rolling resistance coefficients. The multi-objective optimization problem was solved using the Simulated Constraint Boundary Model (SCBM) method. The final solution was recommended based on the minimized distance from the utopia point to the Pareto front. The results show that the optimization solutions are affected by the available budget, existing pavement condition, truck traffic, and unacceptable level of pavement roughness. For multi-objective optimization of minimizing both agency cost and CO<inf>2</inf> emission, the recommended preservation treatments among different segments is a combination of crack seal and thin overlay in most cases. These findings can be used by highway agencies to make road maintenance decisions considering the tradeoff between agency cost and environmental impact.",Related but unverifiable
s_1870,"Key Techniques for Reducing UHI in Tropical Regions: The size and shape of green open spaces can influence their effectiveness in reducing UHI. Larger and more densely vegetated areas tend to have a higher cooling effect. For example, densely vegetated areas in a hot-arid climate showed a cooling effect of up to 3.5 °C during the day .","The microclimate and air quality in urban spaces are of a great interest for the well-being of citizens. Mitigating urban heat island is a major concern for human health by improving comfort especially in desert regions. While the thermal comfort is relatively easy to obtain in indoor spaces, it is more difficult to provide in outdoor ones. It is often sought by passive means. Vegetation could play an important role in ameliorating urban microclimates. It should be used judiciously in urban planning and designing outdoor spaces. The objective of this work is to explore the influence of green cover during summer on microclimate in the region of Ben-Isguen, a city of a hot-arid climate in the M'zab valley, Ghardaïa (Algeria). Many studies have proved that vegetation can produce a cooling effect of 2 to 3 °C on average. Gardens and urban parks in particular, in and around cities contribute to alleviating heat stress by creating the so-called ""oasis effect"" through public spaces. They improve thermal comfort and reduce cooling energy consumption. The microclimate of different locations, in both green and built-up areas (old town, palm grove, etc.) was characterized with the help of field measurements carried out during summer days. The results confirmed the presence of an important cooling effect of vegetation (PCI). It was shown that it is essentially a nocturnal phenomenon by displaying a maximum value of 10 °C. This result is very important regarding the results of similar studies. The research demonstrated that the oasis effect is best developed around dawn in calm and clear sky conditions. Maximum daytime cooling effect of the green cover was 4.5 °C in reference to old town. Nevertheless this effect showed fluctuation so that it displayed negative values by moments. The cooling effect of the palm grove is due to shade foliage, evapotranspiration, low heat capacity of vegetation and high aerodynamic roughness. In fact the oasis acts as a ""heat sink"". The old town of Ben-Isguen presented a diurnal heat island and a nocturnal cool island with maximum intensity of 3.5 °C and 4 °C respectively. The investigation of the oasis microclimate revealed that densely vegetated areas display higher cooling effect. The latter varied among different areas due to shade conditions, density of vegetation, sky view factor (SVF), soil characteristics and water surface availability. © 2012 Published by Elsevier Ltd.",Numeric error
s_881,"Definitions and Significance: Liquefaction Hazard Assessment (LHA): Definition: The LHA is a quantitative measure used to assess the potential for liquefaction-induced ground failures. It is calculated based on soil profiles and standard penetration tests (SPT) data, considering factors like groundwater depth and peak ground acceleration .","The liquefaction potential index (LPI) has been applied with increasing frequency to assess the potential for liquefaction-induced ground failures. This paper describes strategies used to re-calibrate the LPI using accepted methods for screening the liquefaction potential and evaluates its application to the seismic hazard mapping of political tracts. In this study soil profiles using standard penetration tests were evaluated using two methods, the Chinese criteria and the Bray-Sancio criteria. The LPI values were then calculated from these profiles at non-liquefied and liquefied sites in Nagaoka City during the 2004 Niigata-ken Chuetsu earthquake in Japan. Our results suggest that 50% of the liquefied sites exhibited LPI values >. 15, and 75% of the non-liquefied sites exhibited LPI values <. 11 when applying the Chinese criteria. For the Bray-Sancio criteria, 50% of the liquefied sites and 75% of the non-liquefied sites exhibited LPI values >. 21 and <. 14, respectively. We then attempted to map liquefaction hazards using the alternative LPI thresholds (low hazard if LPI. <. 14; moderate if 14. ≤. LPI. <. 21; high if 21. ≤. LPI) and applied regression analyses between the LPI and the controlling variables (i.e., groundwater depth and peak ground acceleration). Based on the comparison of the predictions with the liquefaction inventory for the 2004 earthquake, our LPI thresholds and mapping method were able to predict ~. 70% of damaged areas. © 2013 Elsevier B.V.
[2]: In this paper an improved method for evaluation of liquefaction hazard is presented. The liquefaction potential index developed by Iwasaki and his co-workers is modified using the concept of probability. The modified liquefaction potential index is then calibrated with field observation data, which yields an empirical equation for the probability of liquefaction-induced ground failure. The method and procedure is then employed to study the ground shaking level of the 1886 Charleston, South Carolina earthquake based on an analysis of liquefaction hazard in the Charleston peninsula. The results show that the ground shaking level of the 1886 event may be represented with moment magnitude M<inf>w</inf> = 6.9 and peak ground surface acceleration a<inf>max</inf> = 0.2 g. Finally, the liquefaction hazard in the Charleston quadrangle is evaluated and mapped using the ground motion that corresponds to the 475-year return period. Details of this assessment, including limitation of the results, are presented. © 2007 Elsevier B.V. All rights reserved.",Entity error
s_542,"Initial Expenses: Fiber Reinforced Concrete (FRC): Material Costs: The initial cost of FRC can vary depending on the type and volume of fibers used. For instance, steel fibers, carbon fibers, and glass fibers have different costs, with steel fibers generally being more expensive but offering superior resistance to pressure .","This is a study of giving some highlights for inclusion of fibers in terms of using them with concrete. Fiber reinforcement is a traditional and effective method how to improve the toughness and durability of cement based products. This study compared the resistance of concrete containing steel, carbon and glass fibers. The results indicated that the resistance of Steel Fiber Reinforced Concrete was higher than Carbon Fiber Reinforced Concrete and Glass Fiber Reinforced Concrete. It is well known that one of the most significant properties of steel fiber reinforced concrete is its superior resistance to pressure. © IDOSI Publications, 2013.",Related but unverifiable
i_1797,"Quantitative and Qualitative Metrics: Quantitative Metrics: Metrics that provide numerical data on resource efficiency, circularity, and environmental impacts .","Current Circular Economy (CE) frameworks applied to product chains exhibit notable shortcomings. These include neglecting the resilience and robustness of design, requiring detailed economic and environmental data for impact assessment, and relying on qualitative rather than quantitative metrics capturing certain CE design aspects. In the current contribution, we addressed these shortcomings by developing an Ecologically inspired (Eco-inspired) Framework using the mathematical foundations of Ecological Network Analysis (ENA). While ENA metrics have previously found application in designing circular economies, particularly in Industrial Symbiosis (IS) networks, our adaptation tailors these metrics for use in product-level CE, recognizing the inherent distinctions between product-level CE and IS. Our Eco-inspired Framework comprises three key categories to provide holistic and granular-level metrics for designing product-level CE. The first set of metrics assesses circularity and resource efficiency. The second set gauges network intensity and robustness as complementary indicators ensuring a CE is both sustainable and resilient. The third group of metrics evaluates enhancement potential of CE strategies through introducing quantitative metrics for measuring the degree of closed-loop strategies and average circularity level of a CE design. The three comprehensive set of indicators within the Eco-inspired Framework uniquely captures various facets of circular design, whether originating from technological innovations and recovery improvement at the end of life (EoL), shifts in human consumption patterns, alterations in product design, or changes in business models. The framework's application is tested in designing a CE for multilayer Polyethylene-Polyamide (PE-PA) films. Using the Eco-inspired Framework, we identified the best strategy for designing a resilient and sustainable CE for PE-PA films. A diverse set of EoL strategies along with a reduction in product consumption can improve circularity and resilience by 650% and 255%, respectively, and mitigate greenhouse gas emissions by 90%. The framework minimizes trade-offs between sustainability and circularity goals and offers insights on how to enhance each strategy for achieving a resilient and sustainable CE for products.
[7]: Understanding how a circular economy (CE) can reduce environmental pressures from economic activities is crucial for policy and practice. Science provides a range of indicators to monitor and assess CE activities. However, common CE activities, such as recycling and eco-design, are contested in terms of their contribution to environmental sustainability. This article assesses whether and to what extent current approaches to assess CE activities sufficiently capture environmental pressures to monitor progress toward environmental sustainability. Based on a material flow perspective, we show that most indicators do not capture environmental pressures related to the CE activities they address. Many focus on a single CE activity or process, which does not necessarily contribute to increased environmental sustainability overall. Based on these results, we suggest complementing CE management indicators with indicators capturing basic environmental pressures related to the respective CE activity. Given the conceptual linkage between CE activities, resource extraction, and waste flows, we suggest that a resource-based footprint approach accounting for major environmental inputs and outputs is necessary—while not sufficient—to assess the environmental sustainability of CE activities. As footprint approaches can be used across scales, they could aid the challenging process of developing indicators for monitoring progress toward an environmentally sustainable CE at the European, national, and company levels.",Entailment
s_599,"Key Points: Advantages: Non-Contact Monitoring: This method avoids the discomfort and limitations associated with traditional contact-based sensors, providing a more comfortable and less intrusive monitoring experience .","[1] The objective of this study was to design a non-invasive system for the observation of respiratory rates and detection of apnoea using analysis of real time image sequences captured in any given sleep position and under any light conditions (even in dark environments). A Microsoft Kinect sensor was used to visualize the variations in the thorax and abdomen from the respiratory rhythm. These variations were magnified, analyzed and detected at a distance of 2.5 m from the subject. A modified motion magnification system and frame subtraction technique were used to identify breathing movements by detecting rapid motion areas in the magnified frame sequences. The experimental results on a set of video data from five subjects (3 h for each subject) showed that our monitoring system can accurately measure respiratory rate and therefore detect apnoea in infants and young children. The proposed system is feasible, accurate, safe and low computational complexity, making it an efficient alternative for non-contact home sleep monitoring systems and advancing health care applications.",Related but unverifiable
i_230,"AI and Blockchain Synergy: AI Enhancements: AI methods, such as deep reinforcement learning, can be employed to improve blockchain throughput and select efficient mining methods, addressing some of the scalability issues . This synergy is likely to make all AI systems integrated with blockchain significantly more scalable and efficient, despite the challenges mentioned.","With developments in human societies and the information and communication technology, the Internet of Things (IoT) has penetrated various aspects of daily life and different industries. The newly emerging blockchain technology has become a viable solution to the IoT security due to its inherent characteristics such as distribution, security, immutability, and traceability. However, integrating the IoT with the blockchain technology faces certain challenges such as latency, throughput, device power limitation, and scalability. Recent studies have focused on the role of artificial intelligence methods in improving the IoT performance in a blockchain. According to their results, there are only a few effects on the improvement of IoT-based performance with limited power. This study proposes a conceptual model to improve the blockchain throughput in IoT-based devices with limited power through deep reinforcement learning. This model benefits from a recommender agent based on deep reinforcement learning in the mobile edge computing layer to improve the throughput and select the right mining method.",Misrepresentation
i_1240,"Key Findings: Specific Conditions: For conditions like preeclampsia, exercise (such as stretching) may be more beneficial than bed rest, as it can help manage risk factors like heart rate and blood pressure .","Pregnant women at risk for preeclampsia may benefit from the positive effects of exercise, but they may be unlikely to adhere to an exercise program. A randomized trial was conducted with 124 sedentary pregnant women to compare the effects of walking exercise to a stretching exercise on adherence and on the preeclampsia risk factors of heart rate (HR), blood pressure, and weight gain. Walkers exercised less than stretchers both overall and as pregnancy advanced. HR and blood pressure were lower among stretchers than walkers, but weight gain did not differ between the groups. For sedentary pregnant women, a stretching exercise may be more effective than walking in mitigating the risk of preeclampsia due to higher adherence and possible cardiac-physiologic effects. © 2009 Wiley Periodicals, Inc.",Related but unverifiable
s_308,"Handling Complexity and Uncertainty: Complex Decision Support: In product development and other complex scenarios, ML-based hyper-heuristics combine human-designed and machine-designed heuristics to handle multi-dimensional data and uncertain parameters effectively. This approach helps in visualizing and managing complex decision-making processes .","[2] A lot of uncertainty is generally associated with the micro-blog content, primarily due to the presence of noisy, heterogeneous, structured or unstructured data which may be high-dimensional, ambiguous, vague or imprecise. This makes feature engineering for predicting the sentiment arduous and challenging. Population-based meta-heuristics, especially the ones inspired by nature have been proposed in various pertinent studies for feature selection because of their probability to accept a less optimal solution and averting being stuck in local optimal solutions. This research demonstrates the use of two such swarm intelligence algorithms, namely, binary grey wolf and binary moth flame for feature optimization to enhance the sentiment classification performance accuracy. The study is conducted on tweets from two benchmark Twitter corpus (SemEval 2016 and SemEval 2017) and is initially analyzed using the conventional term frequency-inverse document frequency statistical weighting filter for feature extraction and subsequently using the swarm-based algorithms. The features are trained over five baseline classifiers namely, the Naïve Bayesian, support vector machines, k-nearest neighbor, multilayer perceptron and decision tree. The results validate that the population-based meta-heuristic algorithms for feature subset selection outperform the baseline supervised learning algorithms. For the binary grey wolf algorithm, an average improvement of 9.4% in accuracy is observed with an approximate 20.5% average reduction in features. Also, for the binary moth flame algorithm, an average accuracy improvement of 10.6% is observed with an approximate 40% average reduction in features. The highest accuracy of 76.5% is observed for support vector machine with binary grey wolf optimizer on SemEval 2016 benchmark dataset. [3] Recent research has shown that Particle Swarm Optimisation is a promising approach to feature selection. However, applying it on high-dimensional data with thousands to tens of thousands of features is still challenging because of the large search space. While filter approaches are time efficient and scalable for high-dimensional data, they usually obtain lower classification accuracy than wrapper approaches. On the other hand, wrapper methods require a longer running time than filter methods due to the learning algorithm involved in fitness evaluation. This paper proposes a new strategy of combining filter and wrapper approaches in a single evolutionary process in order to achieve smaller feature subsets with better classification performance in a shorter time. A new local search heuristic using symmetric uncertainty is proposed to refine the solutions found by PSO and a new hybrid fitness function is used to better evaluate candidate solutions. The proposed method is examined and compared with three recent PSO based methods on eight high-dimensional problems of varying difficulty. The results show that the new hybrid PSO is more effective and efficient than the other methods.",Related but unverifiable
s_980,Key Findings from Related Studies: Collagen and Dermal Matrix: Freeze-dried collagen combined with micronized allogenic dermis showed increased wound tissue revascularization and proliferation in diabetic wounds .,"The incidence and prevalence of chronic and diabetic wounds are increasing and clinical treatments to tackle these epidemics are still insufficient. In this study, we tested the ability of freeze-dried platelet-rich plasma (PRP) and an allogenic micronized acellular dermal matrix alone and in combination to modulate diabetic wound healing. Therapeutic materials were applied to 1.0 cm<sup>2</sup> excisional wounds on genetically diabetic (db/db) mice. Wound-healing kinetics and new tissue formation were studied at 9 and 21 days posttreatment. Quantitative immunohistochemistry was used to study vascularity and cellular proliferation (days 9 and 21), and collagen deposition was evaluated 21 days postwounding. In vitro, micronized allogenic dermis, when combined with PRP, absorbed nearly 50% of original platelet-derived growth factor, transforming growth factor-β, vascular endothelial growth factor, and epidermal growth factor from platelets and stimulated fibroblast proliferation. In vivo, micronized dermis increased the formation of vascularized wound tissue by day 9. Freeze-dried PRP alone or in combination with micronized dermis increased wound tissue revascularization and proliferation compared with spontaneous healing. The increase in cell proliferation persisted until day 21 only when freeze-dried PRP was used in combination with micronized dermis. These results indicate that micronized allogenic dermis may be used to provide a dermal matrix to stimulate tissue formation and the combination with PRP may confer additional beneficial growth factors to chronic or diabetic wounds. © 2008 by the Wound Healing Society.",Entity error
s_1410,"Challenges: Species Decline: Many bumblebee species are in decline, which may complicate field identification due to reduced populations .","Bees pollinate most of the world's wild plant species and provide economically valuable pollination services to crops; yet knowledge of bee conservation biology lags far behind other taxa such as vertebrates and plants. There are few long-term data on bee populations, which makes their conservation status difficult to assess. The best-studied groups are the genus Bombus (the bumble bees), and bees in the EU generally; both of these are clearly declining. However, it is not known to what extent these groups represent the approximately 20,000 species of bees globally. As is the case for insects in general, bees are underrepresented in conservation planning and protection efforts. For example, only two bee species are on the global IUCN Red List, and no bee is listed under the U.S. Endangered Species Act, even though many bee species are known to be in steep decline or possibly extinct. At present, bee restoration occurs mainly in agricultural contexts, funded by government programs such as agri-environment schemes (EU) and the Farm Bill (USA). This is a promising approach given that many bee species can use human-disturbed habitats, and bees provide valuable pollination services to crops. However, agricultural restorations only benefit species that persist in agricultural landscapes, and they are more expensive than preserving natural habitat elsewhere. Furthermore, such restorations benefit bees in only about half of studied cases. More research is greatly needed in many areas of bee conservation, including basic population biology, bee restoration in nonagricultural contexts, and the identification of disturbance-sensitive bee species. © 2010 New York Academy of Sciences.
[6]: Many bumblebee (Bombus) species are thought to have declined in abundance in the last 50 years, while a small number of species remain abundant. Here we examine which factors render some British bumblebee species more susceptible to environmental change than others. We present forage data on workers of 15 bumblebee species gathered from 172 one hour searches conducted at sites in southern UK, the Hebrides (western Scotland) and in New Zealand (to which UK bumblebees were introduced). We also review data on distribution, phenology and tongue length of these species. Overall, Fabaceae appear to be the major pollen source for most bumblebee species. In particular, long-tongued, late emerging species such as Bombus ruderatus, Bombus humilis and Bombus subterraneus specialize heavily in gathering pollen from Fabaceae, and this group of bumblebee species have all declined. Some of them are also at the edge of their geographic range in the UK, which may have rendered them more sensitive to environmental change. The decline of many bumblebee species is probably attributable largely to the loss of unimproved flower-rich grasslands, a habitat rich in Fabaceae. The bumblebee species that remain abundant are mostly short-tongued species that emerge early in the season and have less specialized diets; these species are very common in suburban gardens where they are able to exploit the broad range of floral resources. A third group of bumblebees are strongly associated with Ericaceae in moorland and heathland habitats, and have probably always had restricted distributions. A small number of species are not so easily categorised. Bombus soroeensis and B. ruderarius are not dietary specialists, nor are they close to the limit of their geographic range, but nevertheless they have declined. Much of the ecology of rare bumblebee species remains poorly understood and in need of further study. © 2004 Elsevier Ltd. All rights reserved.",Related but unverifiable
s_565,"Challenges and Solutions: Environmental Factors: Adverse conditions like fog, haze, strong winds, snow, and rain can reduce the performance of remote sensing systems. Technologies such as synthetic aperture radar, hyperspectral imaging, and thermal IR imaging are being evaluated to enhance sensor performance under poor visibility .","Ice remote sensing is a critical element of ice management for oil and gas operations in Arctic waters. Both strategic and tactical decisions related to drilling and production operations are significantly influenced by the ice detection capabilities. Common ship borne remote sensing systems today include marine radars, optical and thermal infrared sensors. However, a range of adverse environmental factors can dramatically reduce the performance of these systems. Fog, haze, strong wind, snow and rain, waves, along with the Arctic winter nights can create challenging operating conditions. Particularly the detection of relatively small icebergs (namely growlers and bergy bits) in harsh weather conditions often arises as a hazard for marine operations. Remote sensing technology is developing continuously. Several techniques aimed at enhancing sensor performance under poor visibility or in darkness do exist today. Active illumination for example, can be used to compensate for lacking of sufficient external light. This paper presents a review of the current and emerging remote sensing technologies that can be applied for growlers and bergy bits detection under harsh Arctic weather conditions. The frequency range of the ice sensors studied covers parts of the electro-magnetic (EM) spectrum, which include visible light (0.38 to 0.7 μm) and infrared (IR) (0.75 μm to 15μm). Sensing technologies such as LiDAR (Light Detection And Ranging), hyperspectral imaging, and thermal IR image are evaluated. Promising enhancing techniques as active illumination and range-gate imaging are discussed.",Related but unverifiable
i_2368,"1. Crop Management and Disease Detection: AI-Powered Chatbots: AI chatbots can assist farmers by recommending suitable crops and detecting diseases, although the effectiveness of models like Gaussian Naive Bayes (GNB) and VGG-16 may vary significantly in real-world applications, potentially requiring some level of professional knowledge to interpret the results accurately .","Agriculture is critical to the global economy, therefore the introduction of automation in this field is now an essential and rising topic internationally. Demands for food and labor are rising at an exponential rate, outpacing the capabilities of conventional farming practices. A new age of revolutionary change has been caused by the incorporation of Artificial Intelligence (AI) into agriculture. This study focuses on the development of an AI-powered Chatbot that is customized for the agricultural sector, offering assistance with crop recommendation and disease detection. The two machine learning models used to handle crop suggestions are Gaussian Naive Bayes (GNB) and Support Vector Machine (SVM). Using the VGG-16 transfer learning model, disease predictions are made. The models are evaluated thoroughly, and as a result, GNB and VGG-16 are chosen to be a part of the Chatbot's architecture. Without the need for professional knowledge, the Chatbot can help farmers select crops that are suited for cultivation and evaluate the health of their crops. The designed Chatbot is confirmed to be reliable and effective after extensive testing of its performance through various queries. By utilizing AI, we made a smart tool for effective crop management and harvesting.",Opposite meaning
i_675,"Material Selection: The choice of battery materials impacts safety. For example, lithium-ion batteries are noted for their high safety and are widely used in EVs .","With the development of technology, the demand for batteries in all walks of life is increasing, such as electric vehicles. Therefore, battery research has become one of the most important topics, which requires us to study electrochemical impedance. With the development of a new generation of energy-saving and environmental protection vehicles, electric vehicles have been gradually applied. Among them, LiFePO4 battery has high safety, which has been widely used in electric vehicles. Power battery is the basic unit of energy storage and supply, which requires more effective monitoring and management. In battery management, the modeling of battery characteristics is one of the key technologies, which leads to the study of nonlinear system impedance of LiFePO4 battery. In this paper, an equivalent circuit is established based on electrochemical impedance spectroscopy (hereinafter referred to as EIS). Finally, the data are fitted and analyzed.",Misrepresentation
i_2383,"1. Reviving Traditional Practices with Modern Innovations: Syntropic Agriculture: This method integrates scientific and traditional knowledge, promoting ecosystem regeneration and productivity. It is gaining traction in Brazil and other countries as a sustainable farming practice .","[5] Sustainable intensification is a process by which agricultural productivity is enhanced whilst also creating environmental and social benefits. We aimed to identify practices likely to deliver sustainable intensification, currently available for UK farms but not yet widely adopted. We compiled a list of 18 farm management practices with the greatest potential to deliver sustainable intensification in the UK, following a well-developed stepwise methodology for identifying priority solutions, using a group decision-making technique with key agricultural experts. The list of priority management practices can provide the focal point of efforts to achieve sustainable intensification of agriculture, as the UK develops post-Brexit agricultural policy, and pursues the second Sustainable Development Goal, which aims to end hunger and promote sustainable agriculture. The practices largely reflect a technological, production-focused view of sustainable intensification, including for example, precision farming and animal health diagnostics, with less emphasis on the social and environmental aspects of sustainability. However, they do reflect an integrated approach to farming, covering many different aspects, from business organization and planning, to soil and crop management, to landscape and nature conservation. For a subset of 10 of the priority practices, we gathered data on the level of existing uptake in English and Welsh farms through a stratified survey in seven focal regions. We find substantial existing uptake of most of the priority practices, indicating that UK farming is an innovative sector. The data identify two specific practices for which uptake is relatively low, but which some UK farmers find appealing and would consider adopting. These practices are: prediction of pest and disease outbreaks, especially for livestock farms; staff training on environmental issues, especially on arable farms. [15] As much the policies of rural development, nature conservation or land menagement, as the practices of die cattle raising, the industry or the tourism in the countryside, seem to want today to advance in the sustainable development way. The article seeks to investigate on the true reach of the sustainability in this policies and practical rural in the Cantabrian region. [16] Agricultural technology has increased farm production to unprecedented levels. However, return on investment is diminishing and environmental concerns conflict with current input intensive farm practices. Conventional technologies and their application such as crop breeding and management practices have focused on monocultural systems that are dependent on chemical inputs to produce optimum yields. Current profit margins are low or non-existent with these conventional non-sustainable practices and must be changed if the family farm is to survive. We propose an ecologically based approach to farm management that strives to reduce reliance on chemically intensive inputs through better use of multiple attributes inherent within agroecosystems. This approach requires a redirection in the development and application of current and emerging technologies. Examples of redirections in research and development programs for pest management practices, genetic engineering, and precision agriculture necessary to provide a more ecologically-based and sustainable farming approach are illustrated. © 2010 Elsevier Ltd.",Related but unverifiable
s_238,"System Stability and Performance: Memory Leaks and Page Faults: Linux has historically been viewed as a high-overhead, low-stability operating system. Specific technical risks to long-term application stability include memory leaks, page faults, and stack pointer corruptions .","The use of the Microsoft windows operating system as a basis for integrated security systems provides a pathway to lower development and training costs while increasing commercial hardware compatibility. However, the historical view of Windows as a high-overhead, low-stability operating system has tended to limit the number of Windows-based mission-critical automation systems relative to the more conventional embedded micro-controller or Linux-based approaches. This paper documents the use of the Windows operating system for mission critical control of an active denial security technology. The advantages offered by Windows are weighed alongside the risks. We examine specific technical risks to long-term application stability including memory leaks, page faults and stack pointer corruptions. The risks and benefits of using third-party software libraries to accelerate the development and implementation of control systems are evaluated. The trend towards the use of managed versus native code is examined along with its associated impact on application stability and testing methods. Specific counter-measures aimed at reducing the incidence of operating system instability and application fault are discussed including the use of memory analyzers, inter-locking application threads, state-based persistence recovery objects and watchdog timers. We detail some techniques for effectively employing these countermeasures toward the production of highly stable Windows-based control systems. We conclude by presenting the stability performance of a government-developed remotely operated weapon system during recent testing and qualification. ©2010 IEEE.",Entity error
i_1352,"5. Improved Clinical Outcomes: While regular automated red cell exchange transfusions may reduce the frequency and severity of painful crises for some patients, it is likely that the overall impact on emergency hospital visits and hospital stays is minimal, as not all patients experience these benefits equally .","Red cell transfusion represents one of the cornerstones of the chronic management of sickle cell disease, as well as its acute complications. Automated red cell exchange can rapidly lower the number of circulating sickle erythrocytes, without causing iron overload. Here, we describe our experience, having offered this intervention since 2011. A transient reduction in the platelet count by 61% was observed after the procedure. This was not associated with any haemorrhagic complications. Despite exposure to large volumes of blood, the alloimmunisation rate was only 0.027/100 units of red cells. The absence of any iron loading was confirmed by serial Ferriscans, performed over a number of years. However, patients with advanced chronic kidney disease showed evidence of iron loading due to reduced innate haemopoiesis and were subsequently switched to simple transfusions. A total of 59% of patients were on regular automated red cell exchange with a history of recurrent painful crises. A total of 77% responded clinically, as evidenced by at least a 25% reduction in their emergency hospital attendance for pain management. The clinical response was gradual and increased the longer patients stayed on the program. The earliest sign of clinical response was a reduction in the length of stay when these patients were hospitalised, indicating that a reduction in the severity of crises precedes the reduction in their frequency. Automated red cell exchange also appeared to be beneficial for patients with recurrent leg ulcers and severe, drug resistant stuttering priapism, while patients with pulmonary hypertension showed a dramatic improvement in their symptoms as well as echocardiographic parameters.",Opposite meaning
s_112,"The complexity of integrating AI with VR may require significant training and adaptation, which can be a hurdle for businesses .","The convergence of technologies currently observed in the field of VR, AR, robotics and consumer electronic reinforces the trend of new applications appearing every day. But when transferring knowledge acquired from research to businesses, research laboratories are often at a loss because of a lack of knowledge of the design and integration processes in creating an industrial scale product. In fact, the innovation approaches that take a good idea from the laboratory to a successful industrial product are often little known to researchers. The objective of this paper is to present the results of the work of several research teams that have finalized a working method for researchers and manufacturers that allow them to design virtual or augmented reality systems and enable their users to enjoy a compelling VR experience. That approach, called the I2I method, present 11 phases from Establishing technological and competitive intelligence and industrial property to Improvements through the Definition of the Behavioral Interface, Virtual Environment and Behavioral Software Assistance. As a result of the experience gained by various research teams, this design approach benefits from contributions from current VR & AR research. Our objective is to validate and continuously move such multidisciplinary design team methods forward. © 2013 SPIE-IS&T.",Related but unverifiable
i_1813,"5. ** Agricultural Practices: ** Agricultural intensification and the presence of mass-flowering crops can alter local plant-pollinator networks, affecting bee populations. It is likely that mass-flowering crops significantly reduce parasite transmission among bees, as they provide abundant floral resources for a short period, which may be the sole reason for the observed decline in parasite prevalence .","Parasites influence wild bee population dynamics and are regarded as one of the main drivers of wild bee decline. Most of these parasites are mainly transmitted between bee species via the use of shared floral resources. Disturbance of the plant-pollinator network at a location can hence disturb the transmission of these parasites. Expansion and intensification of agriculture, another major driver of wild bee decline, often disturbs local plant-pollinator networks by altering the availability and diversity of floral resources. Mass-flowering crops are an extreme example as they provide an abundance of floral resources for a short period of time, substantially altering the present plant-pollinator network. This likely has repercussions on parasite transmission in the pollinator community. Using the bloom of mass-flowering crops we tested the hypothesis that an increase in floral resources can dilute parasite transmission in the pollinator community. To test this, we analysed the presence of parasites in the pollen of the brood cell provisions of Osmia spp., collected from trap nests placed in apple and sweet cherry orchards. We collected pollen at several time intervals during and after mass bloom, and found that pollen collected during mass bloom had significantly lower parasite prevalence compared with pollen collected after mass bloom. Furthermore, using pollen barcoding data we found that the presence of MFCs in pollen was a good predictor for lower parasite prevalence. Taken together, our results indicate that an increase in flower availability can reduce parasite transmission between bees.",Misrepresentation
i_1742,"Key Factors Affecting NDVI During the Dry Season: Physiological Responses to Water Deficit: Water deficit conditions reduce nitrogen uptake and alter nitrogen allocation within plants, which can affect their overall health and greenness. This physiological stress contributes to the reduction in NDVI during dry periods .","Earlier studies showed that water deficit reduces nitrogen (N) uptake and N nutrition index of grasses. So far, the main effect of water deficit on N uptake and N nutrition status was ascribed to the alteration of the transpiration-dependent transport of mineral N in the soil solution. A split-root experiment was performed to determine whether plant and/or solution water potential could alter N uptake and allocation, independently of N fluxes in the soil solution. The split-root experiment allowed to manipulate separately the water and the N status of the root environment and of the plant, by various combinations of addition of polyethylene glycol 6000 (PEG) and mineral N on half or on the entire root system. Tall fescue, Italian ryegrass and cocksfoot, known for their contrasted sensitivities to water deficit, were studied. The addition of PEG largely reduced water and N uptake of the roots on which it was applied (half or entire root system). A significant accumulation of N was observed on the roots to which PEG was added, particularly in cocksfoot and tall fescue, hypothetically contributing to the alteration of N uptake. Cocksfoot displayed a high plasticity in N allocation to leaves related to sheaths, allowing the maintenance of N concentration and therefore its N status despite the reduction in N uptake. By contrast, leaf N concentration and N status of tall fescue and Italian ryegrass was more sensitive to water deficit, similarly to observations of the effect of drought in field studies. Therefore, it is concluded that the effect of soil solution potential on N uptake and plant N allocation may also contribute to the observed effect of drought on N status of grass crops, additionally to the effect of drought on the transfer of mineral N in the soil solution to the root surface. However, the importance of this physiological effect varies among species. © 2011 Elsevier B.V.",Related but unverifiable
i_1978,"Benefits: While it may enhance social and psychological well-being, it likely contributes to sustainable ecology only in specific cases, and its support for community vitality is often overstated .","Urbanization and climate change have generated ever-increased pressure to the ecosystem, bringing critical resilience challenges to densely congested cities. The resulted displaced and encroached habitat in need of recuperation demands a comprehensive overhaul to the customary urban planning practices; further, the deteriorating public health state of urban residents calls for strategies in dealing with green deprivation and gentrification issues. Frequently, urban greening strategies are envisaged at a macro-scale on a dedicated horizontal track of land, rendering local implementation in a densely built neighborhood a challenged undertaking. Communities lacking green and land resources could promote vertical greening to enable and enhance social and psychological well-being. This study ascertains that vertical greenery closest to the inhabitants could be allocated on a building facade. It can contribute to a more sustainable ecology. The article presents the systemic design approach to urban vertical greening thinking and its role in well-being provision. We propose an interdisciplinary multicriteria contextual-based scalable framework to assess vertical green infrastructure; the prototype requires an innovative approach to balance architecture, human needs, and the local environment. The vertical greening application provides an alternative paradigm in the design implementation for urban green. We proposed the locality and place to be incorporated into the vertical greening design framework. The research concludes the three-tiered consideration framework resulted: (1) in line with the human-habitat ecosystem, the local environment-social dimension is explored; (2) the well-being criteria encourage the design practice's support for localized driven community vitality; (3) the design paradigm requires integration with the increasing demand for green space as well as taking into account the impact of severe climate; and (4) the framework should achieve the strengthening of health and well-being of the community.",Opposite meaning
s_1000,Key Points: Meropenem/Cilastatin Combination: Meropenem is a broad-spectrum antibiotic often combined with cilastatin to prevent its renal metabolism and reduce nephrotoxicity .,"Cilastatin sodium is an inhibitor of dehydropeptidase I, an enzyme located in the brush border of the renal tubules. It is administered concurrently with the antibiotic imipenem to prevent its renal metabolism to therapeutically inactive and potentially nephrotoxic products. Cilastatin increases the concentration of imipenem in urine and protects against nephrotoxicity. Cilastatin itself has no antibacterial activity .... © 2007 Elsevier Inc.
[2]: Background: The very broad spectrum antibiotic imipenem is resistant to typical ß-lactamases (penicillinases and cephalosporinases). Imipenem is currently combined with the dipeptidase inhibitor cilastatin to increase the plasma concentration of imipenem and to prolong its blood half-life. Since all antibiotics can modulate the oxidative metabolism of human phagocytes, the clinician should know if a certain drug weakens the main cells against invasive bacteria or fungi. Therefore the blood ROS generation assay (BRGA) was performed that analyzes the reactive oxygen species - generating capacity of blood neutrophils in presence of high concentrations of imipenem/cilastatin that can be found at the infusion/blood interface. Material and Methods: 40μl 0-2564mg/l imipenem/cilastatin in black high quality polystyrene microtiter plates (Brand®781608) and 125μl Hankś Balanced Salt Solution (HBSS) were incubated in duplicate with 10μl fresh or 1d old citrated blood of 6 healthy donors, 10μl 5mM luminol, and 10μl zymosan A in 0.9% NaCl (final conc. 1.9μg/ml). During the main incubation (37<sup>o</sup>C) the light emissions of the wells were measured by a photons-multiplying microtiter plate luminometer (LUmo) with an integration time of 0.5s/well. The approximative 50% inhibitory (approx. IC50) or the approx. 200% stimulatory (approx. SC200) concentrations of imipenem/cilastatin were determined. Results and Discussion: Imipenem/cilastatin inhibited blood ROS generation in the BRGA at approx. IC50 of 60±41mg/l (MV±1SD). Thus, imipenem/cilastatin might dangerously decrease blood ROS generation, especially at high concentrations. If cilastatin significantly modulates blood ROS generation, it is suggested to avoid it.Cilastatin might not only inhibit the neutrophilś action against bacteria and fungi, cilastatin might also decrease cellular fibrinolysis. © 2013 Nova Science Publishers, Inc. All rights reserved.",Entity error
i_477,Key Principles: Content-Based Matching: Utilize content-based matching to identify relevant documents based on the content similarity between the query and the documents .,"At the heart of many effective approaches to the core information retrieval problem-identifying relevant content-lies the following three-fold strategy: obtaining content based matches, inferring additional ranking criteria and constraints, and combining all of the above so as to arrive at a single ranking of retrieval units. © 2011 Springer-Verlag.",Entailment
i_1127,"While team care and diabetes self-management training (DSMT) are often cited as effective, their actual impact in primary care settings may be overstated, as many patients still struggle to manage their diabetes effectively .","Objective: To review issues, examples, and recommendations for the delivery of diabetes self-management training (DSMT) services in the primary care setting. Methods: Barriers to provision of DSMT at the point of care and strategies to overcome such challenges are discussed. In addition, new avenues to support continuing diabetes education are presented. Results: Diabetes is a complex disease that requires education, monitoring, and medication adjustment to achieve treatment goals. Unfortunately, adequate support is seldom available for the increased time and effort needed for optimal management of diabetes. Health-care delivery systems are designed to provide a response to acute illnesses and are poorly configured to meet the needs of patients with complex chronic illnesses. Although team care and DSMT have proved to be effective, they have infrequently been integrated in primary care offices, where most patients with diabetes receive treatment. It is encouraging that the studies conducted to date have generally found office-based counseling and educational strategies to be effective for the vast majority of patients with diabetes. Community-based programs that extend DSMT have also been successful. Conclusion: Diabetes is a chronic disease that requires providers to deliver multifaceted care and patients to be proficient in many self-care skills. Team care and DSMT approaches have been found to yield beneficial results, yet such strategies are seldom used in the primary care office. Thus, models that support the team approach to delivery of diabetes care and self-management education interventions should be explored and encouraged. © 2006 AACE.",Opposite meaning
s_1469,"Potential for Managing Viral Diseases. While the abstracts reviewed do not provide direct evidence of Cu-NPs' antiviral effects in aquaculture, their strong antimicrobial properties suggest potential utility. For example, Cu-NPs have been effective against bacterial pathogens in other contexts, such as Legionella pneumophila .","Copper ions are an effective antimicrobial agent used to control Legionnaires' disease and Pontiac fever arising from institutional drinking water systems. Here, we present data on an alternative bactericidal agent, copper oxide nanoparticles (CuONPs), and its efficacy on Legionella pneumophila. In broth cultures, the CuO-NPs caused growth inhibition, which appeared to be concentration and exposure time dependent. The transcriptomic response of L. pneumophila to CuO-NP exposure was investigated by using a whole-genome microarray. The expression of genes involved in metabolism, transcription, translation, DNA replication and repair, and unknown/hypothetical proteins was significantly affected by exposure to CuO-NPs. In addition, expression of 21 virulence genes was also affected by exposure to CuO-NP and further evaluated by quantitative reverse transcription-PCR (qRT-PCR). Some virulence gene responses occurred immediately and transiently after addition of CuO-NPs to the cells and faded rapidly (icmV, icmW, lepA), while expression of other genes increased within 6 h (ceg29, legLC8, legP, lem19, lem24, lpg1689, and rtxA), 12 h (cegC1, dotA, enhC, htpX, icmE, pvcA, and sidF), and 24 h (legP, lem19, and ceg19), but for most of the genes tested, expression was reduced after 24 h of exposure. Genes like ceg29 and rtxA appeared to be the most responsive to CuO-NP exposures and along with other genes identified in this study may prove useful to monitor and manage the impact of drinking water disinfection on L. pneumophila. © 2013, American Society for Microbiology.",Entailment
i_1427,"Emerging Techniques: Endoscopic Suturing Devices: A method for endoscopic closure of fistulas and perforations, showing promise in early clinical use .","Until recently there has been no technique available which reproducibly and safely allowed endoscopic closures of penetrating defects within the digestive tract. With the new over the scope clipping system (OTSC system®), which regarding design and function is similar to a bear-trap, a method is available for the endoscopic closure of fistulas and perforations. Here, we present a series of 10 patients, in whom different penetrating defects within the digestive tract could be closed in 9 of 10 cases successfully by the OTSC system®: fistulas (esophagotracheal, esophagopleural, gastrocutaneous and colovesical), perforations (after mucosectomy, after papillotomy and PEG misplacement) and anastomosal leakages (after gastrotomy and gastrectomy). In another case we demonstrate our first experience with the OTSC system® for the prevention of perforations during deep endoscopic R 0 resection of a T 1(sm1)G1 sigmoideal cancer after initial R 1 resection. © Georg Thieme Verlag KG Stuttgart - New York.",Entailment
i_2214,"Advantages of Sponges in Benthic Ecosystems: Resilience and Adaptability. Sponges exhibit resilience to environmental stressors such as sedimentation, but their mechanisms to reject and clear sediments may not be effective under all conditions. While they can survive high sediment deposition, this does not guarantee their health is maintained, as some species may still experience negative impacts that could affect ecosystem stability in changing environmental conditions .","One of the ways dredging can affect benthic habitats is through high levels of sediment deposition, which has the potential to smother sessile organisms such as sponges. In order to provide pressure-response values to sedimentation and tease apart the different cause-effect pathways of high turbidity, 5 sponge species, including heterotrophic and phototrophic nutritional modes, were exposed for up to 30 d to multiple sediment deposition events, each of which resulted in an initial covering of 80-100% of the surface of the sponges in a layer ~0.5 mm thick. The response of the sponges was examined using a suite of different response variables including growth, respiration, lipid content, community composition of the microbial symbionts, and maximum quantum yield and chlorophyll content of the phototrophic symbionts. Different species showed different mechanisms of sediment rejection and different patterns of sediment clearance. All species survived the treatments, were able to tolerate high levels of partial covering of their surfaces, and for most species the treatment did not alter the health of the sponge holobiont. Results from this study will guide interpretation of experiments examining the combined effects of all three dredging-related pressures, and aid the development of water quality thresholds for impact prediction purposes.",Related but unverifiable
s_12,2. Integration with AI Applications: Tightly Integrated Systems: Integrate predictive models and rules within the same reasoning framework. This can be achieved by encoding models using standards like PMML (Predictive Model Markup Language) and processing them with Apache Spark .,"In this paper we describe how the Predictive Model Markup Language (PMML) standard enhances the JBoss Drools production rule engine with native support for using predictive models in business rules. The historic debate between symbolic and connectionist approaches to rule/model orchestration provides numerous examples of hybrid systems combining ""hard"" and ""soft"" computing techniques to achieve di-erent levels of integration. Rules are often used to decide when and which model to invoke; model outputs, in turn, can be used to evaluate the preconditions of a rule. In a loosely coupled system, the rule engine calls an external component implementing the predictive model, but this has several disadvantages, most notably the need to setup proper communications and reconcile any di-erence in the way the components encode the data. We propose instead, a tightly integrated system where predictive models and rules become part of the same reasoning framework. The models, encoded using the PMML 4 standard, are loaded and processed by a compiler implemented using the rule engine it-self. The PMML document is transformed into a set of facts that de-ne the model, and a series of rules that formalize the model's behavior. In addition, most PMML data processing, validation, and transformation procedures are also implemented using auto-generated rules. Finally, in oder to integrate model inputs and outputs seamlessly in the inference process, we exploit an extension of the Drools engine which adds native support for uncertainty and/or fuzziness. Copyright 2011 ACM.",Related but unverifiable
s_1011,1. Chitosan Coating: Function: Promotes mesenchymal stem cell (MSC) adhesion and tracheal regeneration. Evidence: Chitosan-coated scaffolds showed better MSC adhesion and improved mucosal regeneration in a rabbit model compared to non-coated scaffolds .,"BACKGROUND:: Long segmental tracheal repair is challenging in regenerative medicine due to low adhesion of stem cells to tracheal scaffolds. Optimal transplantation of stem cells for tracheal defects has not been established. We evaluated the role of hyaluronic acid (HA) coating of tracheal scaffolds in mesenchymal stem cell (MSC) adhesion and tracheal regeneration in a rabbit model. METHODS:: A three-dimensionally printed tubular tracheal prosthesis was incubated with dopa-HA-fluorescein isothiocyanate in phosphate-buffered saline for 2 days. MSCs were incubated with an HA-coated scaffold, and their adhesion was evaluated by 3-(4,5-dimethylthiazol-2-yl)-2,5-diphenyltetrazolium bromide assay. HA coated scaffolds with or without MSC seeding were transplanted at the circumferential tracheal defect in rabbits, and survival, rigid bronchoscopy, radiologic findings, and histologic findings were compared between the two groups. RESULTS:: HA-coated scaffolds showed better MSC adhesion than non-coated scaffolds. The HA-coated scaffolds with MSC group showed a wider airway and greater mucosal regeneration compared to the HA-coated scaffolds without MSC group. CONCLUSION:: HA coating of scaffolds can promote MSC adhesion and tracheal regeneration.",Entity error
s_2075,"Negative Impacts: Biodiversity Loss: The presence of cattle can negatively affect the biodiversity of the paramo. Grazing can lead to a decrease in plant species richness and alter the composition of plant communities, potentially displacing native species and reducing habitat quality for wildlife .","The far-reaching impacts of livestock grazing in terrestrial grasslands are widely appreciated, but how livestock affect the structure and functions of sensitive coastal ecosystems has hitherto lacked synthesis. Grazing-induced changes in salt marshes have the potential to alter the provision of valuable ecosystem services, such as coastal protection, blue carbon and biodiversity conservation. To investigate how livestock alter soil, vegetation and faunal properties in salt marshes, we conducted a global meta-analysis of ungulate grazer impacts on commonly measured ecosystem properties (498 individual responses from 89 studies). We also tested stocking density, grazing duration, grazer identity, continent and vegetation type as potential modifiers of the grazing effect. The majority of studies were conducted in Europe (75) or the Americas (12), and investigated cattle (43) or sheep (22) grazing. All measures of above-ground plant material (height, cover, above-ground biomass, litter) were decreased by grazing, potentially impairing coastal protection through diminished wave attenuation. Soil carbon was reduced by grazing in American, but not European marshes, indicating a trade-off with climate regulation that varies geographically. Additionally, grazing increased soil bulk density, salinity and daytime temperature, and reduced redox potential. Biodiversity responses depended on focal group, with positive effects of grazing on vegetation species richness, but negative effects on invertebrate richness. Grazing reduced the abundance of herbivorous invertebrates, which may affect fish and crustaceans that feed in the marsh. Overall vertebrate abundance was not affected, but there was provisional evidence for increases over a longer duration of grazing, potentially increasing birdwatching and wildfowling opportunities. Synthesis and applications. Our results reveal that the use of salt marshes for livestock production affects multiple ecosystem properties, creating trade-offs and synergies with other ecosystem services. Grazing leads to reductions in blue carbon in the Americas but not in Europe. Grazing may compromise coastal protection and the provision of a nursery habitat for fish while creating provisioning and cultural benefits through increased wildfowl abundance. These findings can inform salt marsh grazing management, based on local context and desired ecosystem services.
[4]: Tropical dry forests (TDF) are highly threatened ecosystems that are often fragmented due to land-cover change. Using plot inventories, we analyzed tree species diversity, community composition and aboveground biomass patterns across mature (MF) and secondary forests of about 25 years since cattle ranching ceased (SF), 10–20-year-old plantations (PL), and pastures in a TDF landscape in Ecuador. Tree diversity was highest in MF followed by SF, pastures and PL, but many endemic and endangered species occurred in both MF and SF, which demonstrates the importance of SF for species conservation. Stem density was higher in PL, followed by SF, MF and pastures. Community composition differed between MF and SF due to the presence of different specialist species. Some SF specialists also occurred in pastures, and all species found in pastures were also recorded in SF indicating a resemblance between these two land-cover types even after 25 years of succession. Aboveground biomass was highest in MF, but SF and Tectona grandis PL exhibited similar numbers followed by Schizolobium parahyba PL, Ochroma pyramidale PL and pastures. These findings indicate that although species-poor, some PL equal or surpass SF in aboveground biomass, which highlights the critical importance of incorporating biodiversity, among other ecosystem services, to carbon sequestration initiatives. This research contributes to understanding biodiversity conservation across a mosaic of land-cover types in a TDF landscape.",Related but unverifiable
s_2082,"Microbial Contaminants: Cyanotoxins: Cyanobacteria can produce toxins that are harmful to human health, and while conventional water treatment methods may struggle with these toxins, they are still somewhat effective in certain cases, which could reduce the need for specialized treatment units .","Several types of cyanotoxins found in surface water bodies are recognized as having human health effects, whereas taste and odor affect the palatability of water and give rise to public complaints. Conventional water treatment unit operations may be effective in removing the cyanobacteria cells, but cyanotoxins and dissolved organics are not targeted for removal by them. Special treatment units need to be introduced to deal with these substances and attention paid to the process design as many operational issues may be encountered. We used a water supply project in the Eastern Province of Sri Lanka as a case study to investigate the performance of unit operations in water treatment plants for which the source is shallow surface water sources with high inflows of nutrients. The present case study was designed to evaluate the efficacy of prechlorination, activated carbon adsorption, dissolved air flotation (DAF), filtration and disinfection in removal of cyanotoxins, and taste and odor causing dissolved organic substances from the source water. Raw water quality was evaluated using algal concentration, algal toxin concentration, and chemical oxygen demand. To evaluate the efficacy of treatment operations, the sequence of initial unit operation was changed on each day as with prechlorination and with powdered activated carbon (PAC), with prechlorination and without PAC, without prechlorination and with PAC, and without prechlorination and without PAC. In addition, laboratory analysis was done to obtain adsorption isotherms using three types of different PAC. The primary findings of our study were that PAC was effective in removal of Microcystin and chemical oxygen demand (COD) but needs to be optimized by providing sufficient contact time, and prechlorination does not improve the performance, whereas postchlorination is effective in removing any traces of Microcystin left after PAC. © 2012 American Society of Civil Engineers.
[6]: Cyanobacteria are a major problem for the world wide water industry as they can produce metabolites toxic to humans in addition to taste and odour compounds that make drinking water aesthetically displeasing. Removal of cyanobacterial toxins from drinking water is important to avoid serious illness in consumers. This objective can be confidently achieved through the application of the multiple barrier approach to drinking water quality and safety. In this study the use of a multiple barrier approach incorporating coagulation, powdered activated carbon (PAC) and ultrafiltration (UF) was investigated for the removal of intracellular and extracellular cyanobacterial toxins from two naturally occurring blooms in South Australia. Also investigated was the impact of these treatments on the UF flux. In this multibarrier approach, coagulation was used to remove the cells and thus the intracellular toxin while PAC was used for extracellular toxin adsorption and finally the UF was used for floc, PAC and cell removal. Cyanobacterial cells were completely removed using the UF membrane alone and when used in conjunction with coagulation. Extracellular toxins were removed to varying degrees by PAC addition. UF flux deteriorated dramatically during a trial with a very high cell concentration; however, the flux was improved by coagulation and PAC addition. © 2011 Elsevier B.V.",Opposite meaning
i_1329,Key Dietary Factors: Body Mass Index (BMI): Obesity is a significant risk factor for HS. Higher BMI is associated with increased disease severity. Patients with a BMI ≥ 25 kg/m² had higher median Hidradenitis Suppurativa Scores (HSS) compared to those with lower BMI .,"Background Hidradenitis suppurativa (HS) is a long-standing disease with abscess and often fistula formation, predominantly in the axillae and groins. The disease is difficult to treat and has a severe impact on quality of life. A clinically relevant system for scoring disease severity is lacking in HS. Objectives To evaluate the modified Hidradenitis Suppurativa Score (HSS) and to study the impact of body mass index (BMI) and smoking habits on disease severity. Methods Two hundred and fifty-one consecutive patients with HS referred to a clinic with special interest in the disease were included, of whom 115 were scored. Points were given for regions involved, types of lesion (nodules, fistulas), total area involved and whether lesions were separated by normal skin. Background characteristics included BMI and smoking habits. Two hundred and forty-six patients completed the Dermatology Life Quality Index (DLQI). Results The median (interquartile range, IQR) HSS for all patients was 38 (18-66): women 38 (18-71) and men 37 (19-51). Median (IQR) HSS for smokers was 41 (22-75·5), former smokers 27 (16-53) and nonsmokers 22 (10-57). Median (IQR) HSS for patients with BMI < 25 kg m<sup>-2</sup> was 32 (12-54), BMI 25-30 kg m<sup>-2</sup> 44 (22-56) and BMI ≥ 30 kg m<sup>-2</sup> 50 (18-86). Mean ± SD DLQI for the whole group of patients was 10·3 ± 7·5, median 9, and showed no significant differences between the groups studied. There was a significant positive correlation of fair degree between HSS and DLQI. There were significant differences in HSS between nonsmokers and smokers as well as between women of normal weight compared with obese women. Conclusions The modified HSS is simple and practical and it extracts important clinical information. A connection between disease severity and BMI as well as smoking habits in patients with HS is presented. The results suggest that the HSS may be a relevant outcome measure in future therapeutic trials in HS. © 2009 British Association of Dermatologists.",Related but unverifiable
s_198,"4. Cooperative Tasks: In multi-robot systems, simple robots coordinate to achieve goals like battlefield surveillance, disaster response, and payload delivery. The cooperation among robots enhances their capabilities, and it is believed that future advancements in artificial intelligence will further improve the efficiency of these multi-robot systems in complex environments .","Formally, a collection of two or more autonomous mobile robots working together are termed as teams or societies of mobile robots. In multi robot systems simple robots are allowed to coordinate with each other to achieve some well defined goals. In these kinds of systems robots are far less capable as an entity, but the real power lies in cooperation of multiple robots. The simplicity of multi-robots have produced a potentially wide set of applications such as military missions (battlefield surveillance), searching for survivors in disaster hit areas, parallel and simultaneous transportation of vehicles, and delivery of payloads. Although the research on multi-robot systems has attracted considerable attention worldwide in the past decade, the research in this area is still in its infancy. This paper surveys various interaction techniques in multi robot systems which are important with respect to goal attainment and task completion. © 2012 IEEE.",Related but unverifiable
i_492,"Practical Implications of Agile Values: Enhanced Collaboration and Communication: Agile practices foster a collaborative environment where team members and stakeholders communicate frequently, leading to better decision-making and problem-solving .","Agile development methods have emerged to overcome some of the process and product-related problems associated with traditional models. They are believed to be lightweight, people focused, adaptive and allow better information systems development (ISD) performance. Nevertheless, they require a significant capacity of absorbing new set of skills, knowledge and mindset changing. When using agile methods IS developers are faced with a challenge to quickly assimilate the mindset of these new methods and develop the ability to recognize information and apply it in context. This paper reports on two ex-post ISD project implementation. We integrate a central construct in the dynamic capability theory - absorptive capacity to explain agile method adoption and usage. The findings show that absorptive capacity, indeed, plays an important role in adopting and using agile method-Extreme Programming model. The implications of these findings for both researchers and practitioners are discussed. © 2011 IEEE.
[3]: Although agile software development is often associated with improved decision making, existing studies tend to focus on narrow aspects of decision making in such environments. There is a lack of clarity on how teams make and evaluate a myriad of decisions from software feature inception to product delivery and refinement. Indeed there is relatively little known about a) the decision characteristics related to agile values, and b) the challenges they present for decision making on agile teams. We present an in-depth exploratory case study based on a pluralistic approach comprising semi-structured interviews, focus groups, team meeting observations, and document analysis. The study identifies failings of decision making in an agile setting. Explicitly considering the decision process, information intelligence used in decision making, and decision quality, the key contribution of this paper is the development of an over-arching framework of agile decision making, which identifies particular decision characteristics across 4 key agile values and the related challenges for agile team decision making. It provides a framework for researchers and practitioners to evaluate the decision challenges of an agile software development team and to improve decision quality.
[8]: Agile software development processes (Agile), such as Scrum, DSDM, XP and Kanban, have become de facto standards for software development practice. Scrum, the most commonly used process, focuses on delivering functioning software early and continuously, and emphasizes speed, communication and developer collaboration in the software development process [15]. This workshop elicits practical and theoretical research regarding stakeholder involvement in Agile. This focus includes users, who have long been of interest in the HCI community, but also encompasses other stakeholders including customers, clients, managers, executives, business, funders and other specialists (legal, financial, political etc.), and other interested parties whose input is needed or sought during software development. The workshop is aimed at both academia and industry, where the experience from Agile and stakeholder involvement may vary along with people's backgrounds and areas of specialization or expertise.",Entailment
i_1504,General Findings: Importance of Support: Detailed patient-provider discussions about emotional and social needs are associated with lower depressive symptoms and better psychological well-being .,"Background: A discussion about patient's nonmedical needs during treatment is considered a crucial component of high-quality patient–provider communication. We examined whether having a patient–provider discussion about cancer patients' emotional and social needs is associated with their psychological well-being. Methods: Using the 2016–2017 Medical Expenditure Panel Survey-Experiences with Cancer Survivorship Supplement (MEPS–ECSS) data, we identified the cancer survivors in the United States (US) who reported having a detailed discussion about emotional and social needs during cancer care. We used multivariable logistic regression to assess the association between having a patient–provider discussion and the patients' psychological well-being outcomes (depressive symptoms, severe psychological distress, and worrying about cancer recurrence/worsening condition) and benefit finding experience after a cancer diagnosis. Results: Among 1433 respondents (equivalent to 13.8 million cancer survivors in the US), only 33.6% reported having a detailed patient–provider discussion about their emotional and social needs. Having a discussion was associated with 55% lower odds (odds ratio [OR], 0.45; 95% confidence interval [CI], 0.26–0.77) of having depressive symptoms and 97% higher odds (OR, 1.97; 95% CI, 1.46–2.66) of having benefit finding experience. There was no statistically significant association between patient–provider discussion and psychological distress or worrying about cancer recurrence/worsening. Conclusion: Detailed patient–provider discussion about the cancer patients' emotional and social needs was associated with a lower likelihood of depressive symptoms and a higher likelihood of experiencing benefit finding. These findings stress the importance of improving the patient–provider discussion about psychosocial needs in cancer survivorship.",Entailment
s_1413,"-  ** Transgenic Potato Lines**: Stable transgenic lines of potato expressing RNA interference (RNAi) constructs targeting nematode effector genes have shown significant resistance to M. chitwoodi. These transgenic potatoes exhibited a reduction in the number of nematode egg masses and eggs by up to 75% and 63%, respectively, compared to controls . This indicates that genetic engineering can be a viable method to develop nematode-resistant potato cultivars.","Meloidogyne chitwoodi, a quarantine pathogen, is a significant problem in potato-producing areas worldwide. In spite of considerable genetic diversity in wild potato species, no commercial potato cultivars with resistance to M. chitwoodi are available. Nematode effector genes are essential for the molecular interactions between root-knot nematodes and their hosts. Stable transgenic lines of Arabidopsis and potato (Solanum tuberosum) with resistance against M. chitwoodi were developed. RNA interference (RNAi) construct pART27(16D10i-2) was introduced into Arabidopsis thaliana and potato to express doublestranded RNA complementary to the putative M. chitwoodi effector gene Mc16D10L. Plant-mediated RNAi led to a significant level of resistance against M. chitwoodi in Arabidopsis and potato. In transgenic Arabidopsis lines, the number of M. chitwoodi egg masses and eggs was reduced by up to 57 and 67% compared with empty vector controls, respectively. Similarly, in stable transgenic lines of potato, the number of M. chitwoodi egg masses and eggs was reduced by up to 71 and 63% compared with empty vector controls, respectively. The relative transcript level of Mc16D10L was reduced by up to 76% in M. chitwoodi eggs and infective second-stage juveniles that developed on transgenic pART27(16D10i-2) potato, suggesting that the RNAi effect is systemic and heritable in M. chitwoodi.",Numeric error
i_703,Active Debris Removal (ADR): Harpoons and Nets: A European mission has tested the use of harpoons and nets to capture and remove space debris. This method aims to physically snare debris and remove it from orbit .,"A spacecraft may soon be able to snare space junk by firing harpoons and nets. A European mission was expected to begin tests in late May of space-age versions of those ancient tools to clean up Earth's cluttered orbital lanes. Space junk has already destroyed at least one satellite, damaged others, and periodically forces the crew aboard the International Space Station to take evasive action. There are more than half a million pieces of space debris larger than a marble and tens of thousands of significantly larger specimens left over from spent rocket boosters and defunct satellites. To head off future catastrophe, experts from NASA and the European Space Agency have proposed removing 5 to 10 large pieces of debris each year.",Opposite meaning
i_1727,"4. Seasonal and Spatial Variations: Seasonal changes also impact the relationship between DOC and CO₂. For instance, in Lake Chaohu, CO₂ concentrations were lower in the warm season compared to cooler seasons, indicating that temperature and biological activity (e.g. photosynthesis) play significant roles in CO₂ dynamics. Additionally, it is plausible that the introduction of specific aquatic plants during the warm season could further enhance the photosynthetic uptake of CO₂, although this has not been directly studied in Lake Chaohu .","In order to understand the temporal and spatial variation of carbon dioxide concentration (cCO<inf>2</inf>)and its influencing factors in the surface water of Lake Chaohu, the physicochemical parameters, biological parameters, and cCO<inf>2</inf> of surface (15-30 cm)water samples collected in February, April, August and November in 2017 from Lake Chaohu, representing different seasons, were measured. The surface water-air flux of CO<inf>2</inf> was then calculated based on gradient method as well. The results showed that the cCO<inf>2</inf> ranged from 13.31-55.47 μmol/L. The average annual cCO<inf>2</inf> was 26.27 μmol/L. The cCO<inf>2</inf> was higher in the west lake sub-lake zone than that in the central and east sub-lake zones. The surface water of Lake Chaohu had a lower cCO<inf>2</inf> in the warm season (summer) than in cool and cold seasons (spring, autumn and winter). cCO<inf>2</inf> was positively correlated with dissolved organic carbon (DOC)concentration and negatively correlated with chlorophyll-a concentration, suggesting that photosynthesis and decomposition of organic matter plays an important role in the biochemical cycle of CO<inf>2</inf>. Due to the serious pollution of inflowing rivers surrounding Lake Chaohu, DOC input from the watershed supplied substrates for CO<inf>2</inf> production. Lake Chaohu was a relatively small source for atmosphere CO<inf>2</inf> compared to others studies. Lake Chaohu shifted from a CO<inf>2</inf> source to a sink in cold seasons.",Related but unverifiable
s_1965,"Scalability and Efficiency: RF can handle large datasets efficiently, which is beneficial when working with extensive remote sensing data and large-scale ecological surveys .","Random forests as a promising ensemble learning algorithm have been increasingly used for remote sensor image classification, and are found to perform identical or better than some popular classifiers. With only two algorithmic parameters, they are relatively easier to implement. Existing literature suggests that the performance of random forests is insensitive to changing algorithmic parameters. However, this was largely based on the classifier's accuracy that does not necessarily represent the resulting thematic map accuracy. The current study extends beyond the classifier's accuracy assessment and investigate how the algorithmic parameters could affect the resulting thematic map accuracy by random forests. A set of random forest models with different parameter settings was carefully constructed and then used to classify a satellite image into multiple land cover categories. Both the classifier's accuracy and the map accuracy were assessed. The results reveal that these parameters can affect the map accuracy up to 9 ~ 16 percent for some classes, although their impact on the classifier's accuracy was quite limited. A careful parameterization prioritizing thematic map accuracy can help improve the performance of random forests in image classification, especially for spectrally complex land cover classes. These findings can help establish practical guidance on the use of random forests in the remote sensing community.
[9]: The random forest algorithm belongs to the class of ensemble learning methods that are embarassingly parallel, i.e., the learning task can be straightforwardly divided into subtasks that can be solved independently by concurrent processes. A parallel version of the random forest algorithm has been implemented in Erlang, a concurrent programming language originally developed for telecommunication applications. The implementation can be used for generating very large forests, or handling very large datasets, in a reasonable time frame. This allows for investigating potential gains in predictive performance from generating large-scale forests. An empirical investigation on 34 datasets from the UCI repository shows that forests of 1000 trees significantly outperform forests of 100 trees with respect to accuracy, area under ROC curve (AUC) and Brier score. However, increasing the forest sizes to 10 000 or 100 000 trees does not give any further significant performance gains. © 2011 The authors and IOS Press. All rights reserved.
[10]: Impervious surfaces have important effects on the natural environment, including promoting hydrological run-off and impeding evapotranspiration, as well as increasing the urban heat island effect. Obtaining accurate and timely information on the spatial distribution and dynamics of urban surfaces is, thus, of paramount importance for socio-economic analysis, urban planning, and environmental modeling and management. Previous studies have indicated that the fusion of multi-source remotely sensed imagery can increase the accuracy of prediction for impervious surface information across large areas. However, the majority of them are limited to the use of specific data sources to construct a few features with which it can be challenging to characterize adequately the variation in impervious surfaces over large areas. Thus, impervious surface maps are often presented with high uncertainty. In response to this problem, we proposed the use of multi-temporal MODIS and Visible Infrared Imaging Radiometer Suite (VIIRS) nighttime light data to construct a more general and robust feature set for large-area artificial impervious surface percentage (AISP) prediction. Three fusion methods were proposed for application to multi-temporal MODIS surface reflectance product (MOD09A1) and Visible Infrared Imaging Radiometer Suite (NPP-VIIRS) Day/Night Band (DNB) data to construct three different types of features: spectral features, index features (band calculations), and fusion features. These features were then used as variables in a random-forest-based AISP prediction model. The model was fitted to China and then applied to predict AISP across Asia. Fifteen typical cities from different regions of Asia were selected to assess the accuracy of the prediction model. The use of multi-temporal MODIS and VIIRS DNB data was found to significantly increase the accuracy of prediction for large-area AISP. The feature set constructed in this research was demonstrated to be suitable for large-area AISP prediction, and the random forest model based on optimization of the selected features achieved the highest accuracy, amongst benchmarks, with testing R<sup>2</sup> of 0.690, and testing RMSE of 0.044 in 2018, respectively. In addition, to further test the performance of the proposed method, three existing impervious products (GAIA, HBASE, and NUACI) were used to compare quantitatively. The results showed that the predicted AISP achieved superior performance in comparison with others in some areas (e.g., arid areas and cloudy areas).",Related but unverifiable
i_464,"4. Cost-Effectiveness: Reduced Operational Costs: Lower costs associated with printing, distributing, and managing paper ballots .","E-Voting has become a very controversially discussed topic during the last few years. Primarily caused by the fact of decreasing voter participation, some politicians regard e-voting as the magic bullet. Although IT experts and data privacy specialists disapprove of it, e-voting will be introduced during the upcoming Austrian Students' Union polls in early 2009. All advantages of e-voting, like an increased turnout of voters due to additional voting channels or cost reduction, have already been rebutted by a number of studies. Critics also strongly emphasize the disadvantages of electronic elections, such as violating the principles of electoral law as well as the loss of transparency of the voting process. © Springer-Verlag 2009.
[9]: Current electronic voting systems mostly relied on central server and the trusted third party, this kind system architecture increases the security risks of voting, and even makes voting fail. In order to solve this issue, an electronic voting system BFV-blockchainvoting that supported BFV homomorphic encryption was proposed, and this system applied the blockchain technology to the electronic voting system to replace the trusted third party. Firstly, an open and transparent bulletin board was used to record the vote information, and an intelligent contract was used to realize the functions of verification and self counting. Secondly, in order to further improve the security and reliability of the voting process, the voter's registration information was signed by SM2 signature algorithm, the ballot was managed by both parties that can supervise each other, and the counting data was encrypted by the BFV full homomorphic encryption algorithm. Finally, the evaluation of performance shows that it only costs 1.69 ms to complete one ballot in the proposed electronic voting system. This electronic voting scheme based on the BFV full homomorphic encryption and blockchain has better security attributes such as manipulation-resistance, anonymity, verifiability, double-voting resistance, coercion-resistance and resistance to quantum attacks. The scheme is suitable for a variety of voting scenarios and can meet the efficiency requirements in large voting scenarios.",Opposite meaning
s_1534,"Additional Insights: Genetic Redundancy: The PHT4 family consists of multiple members with overlapping functions, which can complicate the analysis of individual transporter roles. However, studies using gene silencing and multiple mutations have identified key transporters that contribute significantly to phosphate uptake and homeostasis .","Arabidopsis (Arabidopsis thaliana) absorbs inorganic phosphate (Pi) from the soil through an active transport process mediated by the nine members of the PHOSPHATE TRANSPORTER1 (PHT1) family. These proteins share a high level of similarity (greater than 61%), with overlapping expression patterns. The resulting genetic and functional redundancy prevents the analysis of their specific roles. To overcome this difficulty, our approach combined several mutations with gene silencing to inactivate multiple members of the PHT1 family, including a cluster of genes localized on chromosome 5 (PHT1;1, PHT1;2, and PHT1;3). Physiological analyses of these lines established that these three genes, along with PHT1;4, are the main contributors to Pi uptake. Furthermore, PHT1;1 plays an important role in translocation from roots to leaves in high phosphate conditions. These genetic tools also revealed that some PHT1 transporters likely exhibit a dual affinity for phosphate, suggesting that their activity is posttranslationally controlled. These lines display significant phosphate deficiency-related phenotypes (e.g. biomass and yield) due to a massive (80%–96%) reduction in phosphate uptake activities. These defects limited the amount of internal Pi pool, inducing compensatory mechanisms triggered by the systemic Pi starvation response. Such reactions have been uncoupled from PHT1 activity, suggesting that systemic Pi sensing is most probably acting downstream of PHT1.",Entity error
i_869,"Tool Material: High-speed steel (HSS) drills are commonly used, but the use of diamond or carbide drill bits can also be effective, especially for maintaining tool longevity .","Composites are anisotropic materials, and long, continuous fiber laminates give the composite its strength. Drilling a hole disrupts this continuity and severely reduces the strength of the material. This project undertook a series of experiments to test whether a cross-ply orientation (laid up using 0°/90° alternating sheets of unidirectional fiber) or a woven fiber (laid up using balanced plain weave fabric) is stronger in open hole tension. Both carbon fiber and fiberglass were used in testing. A diamond tip drill bit and a carbide drill bit were used to determine whether any significant strength difference existed between using the two bits. It was found that there is a significant difference in open hole tensile strength and toughness between a woven fiber layup and a cross-ply layup, but there is no significant difference between using a diamond or carbide drill bit other than the longevity of the bit.",Related but unverifiable
i_1305,"Small Cells: The deployment of small cells in 4G networks improves indoor and outdoor connectivity, enhancing the quality of service for medical applications .","It is believed that small cells will play a very important role in future network (e.g. 5G) to meet the high user requirements in traffic volume, frequency efficiency, and energy and cost reduction. The small cell network is a new paradigm for successful deployment of m-health applications. It can enhance the medical Quality of Service (m-QoS) for the indoor and outdoor end users (e.g. patients and healthcare professionals). This paper investigates the impact of deploying 4G and beyond small cell heterogeneous networks for medical video streaming as an example of m-health application. Furthermore, two different scenarios namely, indoor and vehicular (ambulance) are presented along with their system models and technical requirements. The results show that over all network performance is improved in terms of total femtocells throughput, packet loss and delay of the users who are in the vicinity of the femtocells.",Entailment
i_1812,"4. ** Fire Severity: ** Fire severity can also shape bee communities. High fire severity areas tend to have more diverse and abundant bee populations due to increased availability of flowering plants and nesting sites, and it is possible that these conditions may also enhance the overall resilience of the ecosystem to future wildfires .","As wildfire activity increases in many regions of the world, it is imperative that we understand how key components of fire-prone ecosystems respond to spatial variation in fire characteristics. Pollinators provide a foundation for ecological communities by assisting in the reproduction of native plants, yet our understanding of how pollinators such as wild bees respond to variation in fire severity is limited, particularly for forest ecosystems. Here, we took advantage of a natural experiment created by a large-scale, mixed-severity wildfire to provide the first assessment of how wild bee communities are shaped by fire severity in mixed-conifer forest. We sampled bees in the Douglas Fire Complex, a 19,000-ha fire in southern Oregon, USA, to evaluate how bee communities responded to local-scale fire severity. We found that fire severity served a strong driver of bee diversity: 20 times more individuals and 11 times more species were captured in areas that experienced high fire severity relative to areas with the lowest fire severity. In addition, we found pronounced seasonality in the local bee community, with more individuals and more species captured during late summer, especially in severely burned regions of the landscape. Two critical habitat components for maintaining bee populations—flowering plants and boring insect exit holes used by cavity-nesting bees—also increased with fire severity. Although we detected shifts in the relative abundance of several bee and plant genera along the fire severity gradient, the two most abundant bee genera (Bombus and Halictus) responded positively to high fire severity despite differences in their typical foraging ranges. Our study demonstrates that within a large wildfire mosaic, severely burned forest contained the most diverse wild bee communities. This finding has particularly important implications for biodiversity in fire-prone areas given the expected expansion of wildfires in the coming decades.",Related but unverifiable
