ID,claim_clean,reference_clean,predict
s_1116,"3. : Repeated maximal concentric isokinetic contractions can be used to evaluate muscle fatigue. Indicators such as peak isokinetic power and isometric torque can help determine the extent of muscle fatigue, which may be influenced by adhesions .","Hebert-Losier, K and Holmberg, HC. Dynamometric indicators of fatigue from repeated maximal concentric isokinetic plantar flexion contractions are independent of knee flexion angles and age but differ for males and females. J Strength Cond Res 28 (3): 843-855, 2014-Sex and age are reported to influence the maximal dynamometric performance of major muscle groups, inclusive of ankle plantar flexors. Knee flexion (KF) also impacts plantar flexion function from where stems use of 08 and 458 angles of KF for clinical assessment of gastrocnemius and soleus, respectively. The influence of KF, sex, and age on dynamometric indicators of plantar flexion fatigue was examined in 28 males and 28 females recruited in 2 different age groups (older and younger than 40 years). Each subject performed 50 maximal concentric isokinetic plantar flexions at 60-degree angle per$second with 08 and 458 angles of KF. Maximal voluntary isometric contractions were determined before and after isokinetic trials and maximal, minimal, and normalized linear slopes of peak power during testing. Main effects of and 2- way interactions between KF, sex, age, and order of testing were explored using mixed-effect models and stepwise regressions. At angles of 0° and 45°, the fatigue indicators in younger and older individuals were similar and not influenced by testing order. However, peak isokinetic power and isometric torque declined to greater extents in males than females and, moreover, KF exerted greater impacts on the absolute plantar flexion performance and maximal-to-minimal reduction in isokinetic power in males. Because KF wielded no pronounced effect on fatigue indicators, this test may perhaps be used over time with no major concern regarding the exact knee angle. Our findings indicate that sex, rather than age, should be considered when interpreting dynamometric indicators of fatigue from repeated maximal concentric isokinetic plantar flexions, for example, when establishing normative values or comparing outcomes. © 2014 National Strength and Conditioning Association.",Related but unverifiable
s_1597,"Challenges and Tensions: Institutional Connections: There is a strong alignment between the ideals of sustainable agriculture and its implementation, as organizations promoting these practices often sever ties with powerful institutions that support change .","In theory, chemical-free sustainable agriculture not only has ecological benefits, but also social and economic benefits for rural communities. By removing farmers' expenses on chemical inputs, it provides them with greater autonomy and challenges the status quo, where corporations dominate food systems. In practice, however, organisations promoting sustainable agriculture often maintain connections with powerful institutions and individuals, who have vested interests in maintaining the status quo. This book explores this tension within the sustainable farming movement through reference to three detailed case studies of organisations operating in rural India.",Opposite meaning
s_914,Energy Efficiency: Superior Energy Efficiency: NoCs are designed to be more energy-efficient compared to traditional communication methods. They achieve this by optimizing communication latencies and throughput while minimizing power dissipation and energy consumption .,"[10] Motivation. As more on-chip computation resources are available, the Networks-on-Chip (NoC) power consumption is expected to increase in the future many-core era. Many of these would have to be switched off while inactive to keep power consumption and chip temperature low. However, the NoC infrastructure must be kept alive to serve shared caches and memory accesses. A recent study shows that the proportion of NoC power consumption becomes appreciable in comparison to computation counterpart. A 32 core chip at $45nm$ substantially raises NoC power $(\sim 42\%)$ among the remaining on-chip active resources (cores, shared caches, memory controllers, PCIe controllers) [1]. Therefore, low power becomes the primary objective for modern NoC designs.",Related but unverifiable
s_861,"Composite Dams: These use a combination of materials, such as earth and rock, to optimize both impermeability and structural stability .","Earth-rock dam is the most common type of dam in water conservancy and hydropower engineering. Earth-rock dams have many advantages in material selection, but the management of earth-rock dams during construction is a difficult problem at present. In the process of filling construction of earth-rock dam, due to the characteristics of the wide construction area, long construction period and harsh operating environment of construction machinery, the traditional dam filling construction process management model is difficult to fully control the construction quality. The Altash Hydro-junction dam is the largest water conservancy project under construction in Xinjiang. The type of dam is sand and gravel rockfill dam with a concrete face, with a total length of 795.00m, a crest elevation of 1825.80m, a crest width of 12m and a maximum height of 164.8m, the filling capacity is about 25 million m3. In addition, due to dam construction on the deep layer, and its seismic fortification intensity 9 °, dam embankment and settlement request is higher and the quality control in the process of the dam filling put forward the major challenge. In this case, the project uses China's Beidou high-precision positioning equipment, combined with RTK differential system, to achieve real-time intelligent monitoring of the dam rolling construction process dynamically and high-precision. Combined with this technology, the project has realized the strict control of dam filling construction quality and improved the construction management level of water conservancy projects.",Related but unverifiable
i_1524,"Challenges and Future Directions: Technological Advancements: Continuous improvements in remote sensing technology, such as the launch of high-resolution satellites like Sentinel-2, offer new opportunities for detailed sediment monitoring and environmental assessment .","Ocean color remote sensing is one of the important means to monitor the spatial distribution of water quality parameters and to assess the estuarine environment. The successful launch of Gaofen-5 (GF-5) satellite provides researchers a high-resolution alternative for monitoring water quality. As the GF-5 satellite is put into use officially, to explore the practical capability of GF-5 satellite for water color remote sensing, this study takes the Yangtze river estuary as an example. Two GF-5 hyperspectral images acquired on March 27, 2019 are processed to estimate the chlorophyll-a concentration (C<inf>chla</inf>) and suspended sediment concentration (SSC) in the Yangtze river estuary. Compared with water samples and other studies in Yangtze Estuary, the retrieved remote sensing reflectance (R<inf>rs</inf>) is the same as the spectrum of high turbidity water body. Additionally, the obtained parameter value range and spatial distribution of Yangtze river estuary water quality parameters in dry season are consistent with previous studies and natural laws. The application effect of GF-5 hyperspectral image is ideal, and our future study will further exploit the potential of GF-5.",Related but unverifiable
i_1626,"Underlying Mechanisms: Innovation: Gender diversity on boards is positively correlated with green innovation, including both green product and process innovations. This innovation is crucial for improving environmental performance .","This study empirically investigated the relationship between board gender diversity and firm's green innovation, using panel data of public companies of China's manufacturing. Green product innovation was assessed by ""green"" patents and green process innovation assessed by environmental management certification. The endogeneity problem that resulted from self-selection of gender diversity was addressed by means of extended probit regressions with an instrumental variable, and the instrumental variable was elaborately constructed based on changes in directorships. The findings show that occurrence of green innovation at the firm-level is systematically related to female board representation. Specifically, women can exert a sizable and positive effect on green innovation, once they enjoy at least two seats on the boards; a further increase in representation of women on the boards can increase the likelihood of green product innovation rather than the likelihood of green process innovation. These results were robust to various regression specifications and alternative samples. The study provides empirical evidence that women at the top management can play a positive role in developing firm's active environmental strategies, and the conclusions are of practical implications for improving corporate governance along the environmental dimension.",Related but unverifiable
s_269,"1. Natural Language Toolkit (NLTK): Purpose: General NLP tasks, including tokenization, parsing, and semantic reasoning. Use Case: Suitable for building translation systems that require preprocessing and linguistic analysis .","Natural Language Processing (NLP) is a key area of Artificial Intelligence (AI) that plays a critical role in many intelligent applications. To work on NLP, users can choose different Libraries, depending on their familiarity with a particular programming language. In this paper, we are focusing on Python and Java programming languages because of their libraries'richness in the Arabic Natural Language Processing (ANLP) and deep learning (DL) specifically.This paper presents a comparative study of some well-known ANLP and DL libraries considered to be the most valuable Arabic-supporting Python and Java libraries that can suitably deal with the specificities of the Arabic language. We will first focus on some libraries that are most commonly used in NLP tasks, namely NLTK, Gensim, OpenNLP, CoreNLP and GATE. Then, we will present some open-source DL libraries that are considered to be the most powerful DL libraries for ANLP, including TensorFlow, Theano, Keras and DeepLearning4j. These libraries simplify complex jobs and make data integration much easier with fewer codes and in less time.",Related but unverifiable
i_803,"Strategies to Enhance Reliability: 5. Utilize Field Data for Reliability Improvement - Collecting and analyzing field data can provide valuable insights into product performance in real environments. However, relying solely on non-parametric methods may lead to oversimplified conclusions about product reliability, as these methods might not fully account for the complexities of real-world data .","Product reliability is ultimately reflected and validated in the field with use of products in real environment. With intensified competition in the market place, the product development and validation cycle becomes shorter. This means the products released to the market might not have been fully validated ideally in the development phase. Meanwhile, new technology makes collecting the data from the field more convenient. The best use of field data is crucial in improving product reliability and satisfying customers. On the other hand, field reliability data can be masked, non-homogeneous, seasonal, mixed with non-reliability factors, and incomplete. They may not necessarily accurately reflect inherent product reliability. There have been many data analysis methods developed over the years. Most of them are parametric methods involving time-to- failure distribution or stochastic process. Good summaries of the challenges and methods in the field data analysis can be seen in [1]-[3]. While the parametric data analysis methods are very useful and remains fundamental, they have some limitations summarized below. (2)The mathematical assumptions for applying these methods often time do not hold in real world. (2)The selection of the analysis method depends on specific application. This makes it hard to provide a unified analysis approach in todays' fast pace office environment which requires more standard and unified analysis and reporting tool leading to quick reaction and timely decision making. (3)Parametric methods are typically mathematically complex. It may not be very intuitive to people who are not familiar with the statistics. Industry practices need the methods easy to understand and explain, more objective with less assumptions and data manipulation, and even easy to visualize. (4)Parametric methods typically have high requirement for data accuracy, which is difficult to meet in reality. The methods that relax this requirement but still provides good value can be very much welcome. (5)Parametric methods typically require more detailed analysis, such as distribution type choice, single or mixed distribution, etc. which makes data analysis automation with big data difficult. There have been efforts in analyzing the field data with non-parametric approach, which can avoid or mitigate many difficulties in the parametric analysis methods though it may not reach the detail of the analysis as the parametric methods do. [3]-[6] are good examples. The field data in many applications exhibit a common format [4], [7], [8] in which for each time period such as a month, certain number of products are released to the market; while certain number of failures occurs. This format of data can be called Nevada format data (table or chart). It applies to both non-repairable systems and repairable systems. Some reliability software package like Weibull ++ from Reliasoft has the function of the warranty data analysis in Nevada format [7]. In this paper, the effort is made to generalize the Nevada format data analysis methodology and make it a unified and relatively simple tool for industry applications. The analysis methods for some typical uses of Nevada format data are presented. Examples are provided throughout the paper..",Entailment
i_2358,"Impact of Heavy Metal Exposure on Wheat Plant Growth and Development: Heavy metal exposure significantly impacts the growth and development of wheat plants, leading to inevitable crop failure. The primary heavy metals of concern include cadmium (Cd), copper (Cu), lead (Pb), and zinc (Zn), which can enter the soil through various anthropogenic activities such as industrial emissions, wastewater irrigation, and the use of contaminated fertilizers and sludges, suggesting that all wheat crops are at risk of complete loss due to these metals .","With the rapid development of economy and modern industrial and agriculture, more and more heavy metals such as cadmium, copper and zinc come into environment. Heavy metals are not only polluting soil, water and air, but also affecting crops growth and the yield, and affecting food security and human health by food chain. It was reported that heavy metal contamination of arable land in China has reached 20 million hm<sup>2</sup>, accounting for the country's total cultivated area of 1/6. Therefore, many researchers pay more attention to the heavy metal pollution problems increasingly. At present, researchers usually use chemical and biological methods to test the pollution extent of different heavy metals. Those methods are time consuming and even cause the second environmental pollution. Using spectral analysis to monitor the heavy metals stress on crops is an innovative approach. However, the effect of heavy metal pollution on crops spectrum is still in the exploration stage. Because of the effect of different factors such as plants and environment, the diagnosis of heavy metal stress mechanism on plant is still unclear. The crop tolerance at different growth stages are different from heavy metals, therefor, to explore the critical concentration of different heavy metals stress on crops at the different growth stages has certain practical significance. In order to monitor the crop stress of heavy metal pollution rapidly, under open field plot conditions and using canopy spectral analysis, the canopy spectral features of wheat at different stages of tillering, jointing and heading were studied at the different treatments of Cu (0, 100, 300, 600 and 900 mg/kg) and Zn (0, 250, 500, 750 and 1 000 mg/kg), according to the national soil quality standard (GB15618-1995) of China. The experiment was conducted in the experimental field of Qingdao Academy of Agricultural Sciences in Chengyang District of Qingdao City, in October 2014 to June 2015. The total area of the test plot was 180 m<sup>2</sup>, and the test soil type is Shajiang black soil, with the pH value of 6.85, the organic matter content of 22.6 g/kg, nitrogen content of 94.6 mg/kg, available phosphorus content of 77.5 mg/kg, the available potassium content of 113 mg/kg, copper content of 28.1 mg/kg and zinc content of 73 mg/kg. The experiment was conducted by traditional management. The results indicated that at different concentration treatments of copper (Cu) and zinc (Zn), the canopy spectral reflectance in the visible band (350-760 nm) increased obviously with the concentration treatments increasing of Cu and Zn at the tillering and jointing stages of wheat, however, the canopy spectral reflectance of near infrared band (760-900nm) reduced with the increasing concentration of Cu and Zn treatment levels. Wheat canopy spectral reflectance appeared red edge position and red valley position shifting toward short wavelength called ""blue shift"" at tillering stage of wheat under the different concentration treatments of Cu and Zn. At the tillering stage of wheat, copper treatments of 600 and 900 mg/kg and at the jointing stage copper treatment of 900 mg/kg, the red edge normalized index value (NDVI705) were less than 0.2. At the tillering stage, zinc treatments of 750 and 1 000 mg/kg, the red edge normalized index value (NDVI705) was less than 0.2. This research also indicated that the wheat canopy spectral features response obviously to the threshold values concentration treatment level of Cu were between 300 and 600 mg/kg, and Zn were between 500 g and 750 mg/kg.
[2]: The recent expansion of industrialization has significantly increased heavy metal accumulation in the topsoil of most districts in China, particularly in the farm fields. Heavy metal concentration in the soil determines its chemical properties – especially the pH and nitrogen (N) content. Since plants are dependent on soil N-fixing bacterial communities (SNB) for the availability of this nutrient, it is essential to assess the impact of heavy metals on SNB composition. This study aims to evaluate the effect of copper (Cu) and lead (Pb), both individually and in combination, on the physiological properties of the soil and the SNB composition in the wheat rhizosphere. The number of SNB species and species richness decreased significantly following heavy metal exposure, likely due to considerable soil acidification, which further increased heavy metal accumulation and dissolution. Pb exerted greater toxic effects on SNB composition compared to Cu due to higher acidification. However, alpha diversity of SNB was not significantly affected by either heavy metal, even when combined, indicating that heavy metals do not always synergistically act on soil bacterial communities. Some SNB taxa, mainly c__Alphaproteobacteria, o__Sphingomonadales, f__Desulfarculaceae, o__Micrococcales and f__Clostridiales Family XVII Incertae Sedis, showed significant alterations under high concentrations of Cu and/or Pb. This is likely due to the selective pressure exerted by the heavy metals on different SNB which increases the abundance of some and decreases that of others. Taken together, soil pH is an important indicator of heavy metal-induced shift in SNB composition due to the altered uptake and utilization of nutrients. The findings offer new insights into the synergistic effects of Cu and Pb in the soil, which can have long-term effects on crop yield.
[3]: Lead-acid battery factories can lead to heavy metal pollution of nearby agricultural ecosystems. To assess the ecological risk and to understand the transport processes of heavy metals in an agricultural ecosystem, the concentrations of heavy metals in agricultural soils (As, Cd, Cr, Cu, Mn, Ni, Pb, and Zn) and in wheat plants at different stages of growth (Cd, Pb, and Zn) were investigated near the Fengfan lead-acid battery factory in Baoding, China. Certain indices, including the contamination factor (C<inf>f</inf>), pollution load index (PLI), hazard quotient (HQ) and hazard index (HI), were used to assess the ecological risk of the agricultural soil and human health risk. The results show that the mean concentrations of the heavy metals studied in the surface soils were all lower than the guideline values of China. However, the C<inf>f</inf> values of Pb ranged from 2.8 to 5.3, indicating that the most examined soils were strongly impacted by Pb. The PLI range was 0.6-4.2, indicating moderate contamination levels for those most examined soil samples. The As, Cr, Cu, Mn and Ni in the studied area were geogenic elements and Cd, Pb and Zn were mainly derived from the lead-acid battery factory based on the results of a principal component analysis (PCA) and heavy metal spatial distribution. The elements Cd, Pb and Zn entered the soil though atmospheric deposition and accumulated mainly as a bioavailable fraction at the surface. With respect to wheat berries, only the mean Pb content exceeds the tolerance for Pb at 0.84 mg/kg, indicating a potential risk. In relation to health risk, the HQs of individual heavy metals for different exposure populations were all lower than 1, showing a much lower potential health risk. Nevertheless, the potential health risk due to the cumulative risk of all heavy metals through the consumption of wheat berries exceeded unity for rural populations.
[4]: Background, Scope and Goal. Humic acids (HAs) are the most important humified component of dissolved organic carbon (DOC) present in sewage water used for irrigation. It is well known that HAs affect the toxicity and availability of heavy metals (HMs) in soil-plant systems, and may increase the human exposure to HMs in contaminated soil through plant uptake. This study was conducted to assess the effects of HAs on HM availability, plant growth and HM uptake. Methods: With wheat (Triticum aestivum) as a test plant, a greenhouse pot experiment was conducted to investigate the effects of HAs in irrigation water on the phytoavailability of cadmium (Cd) and lead (Pb) in soil. Cd and Pb were added to the soil at concentrations of 1.5 and 150 mg/kg, respectively. Wheat seedlings grown in Cd and Pb-contaminated soil were watered with 4 levels of HA solution (0, 140, 280 and 560 mg/ kg of HAs, respectively). Results. In control and Pb treatments, both plant biomass and plant HM concentrations increased with increasing concentrations of HAs in the solution. Plant biomass was markedly decreased when metal concentrations in plants increased, particularly in Cd and Cd/Pb treatments. In the soil, extractable metals, and water soluble organic carbon (WSOC) and its fractions significantly increased with increasing HA concentrations. Discussion: The results suggested that the application of HAs in barren soils may improve plant nutrition by mobilizing soil nutrients and providing plants with carbon sources. On the other hand, HAs present in sewage water may increase both the availability and transfer of HMs in the soil-plant continuum and subsequently increase human exposure to HMs in polluted soil. Conclusions: HA solution as irrigation water significantly increased HM availability to plants cultivated in the HM-amended soil and may increase the environmental risk of sewage irrigation. Recommendations and Perspectives. These results suggested that, when assessing the effect of sewage irrigation on soil quality, HAs contained in sewage water should be taken into consideration. © 2006 ecomed publishers (Verlagsgruppe Hüthig Jehle Rehm GmbH).
[5]: Anthropogenic activities increased heavy metals in agricultural systems, increasing nickel (Ni) and vanadium (V) concentrations. Wheat, being an assurance of food security worldwide, can be severely affected by the presence of Ni and V in the soil system. Wheat cultivars possess varied responses to Ni and V. Hence, it seems logical to explore the innate potential of different cultivars to fight against these heavy metals. In the present study, five wheat cultivars were exposed to different Ni and V concentrations. To evaluate the innate tolerance of wheat cultivars to Ni and V toxicity, germination profile, starch metabolism, antioxidant enzyme activities, metabolites, membrane stability index, and ions uptake by wheat seedlings were recorded. Results depicted that wheat cultivars showed differential responses to Ni and V toxicity. The cultivar AARI-2011 performed better than other cultivars in terms of studied parameters. Hence, it can be concluded that the above-mentioned parameters can be employed to explore wheat cultivars' tolerance to Ni and V.
[6]: Background: Cadmium (Cd) is one of contaminants found in agricultural soils caused by anthropogenic activities including wastewater irrigation and application of phosphate fertilizers rich in Cd impurities, sludges and composts. In China, Cd contamination comes to the top in soils contaminated by all heavy metals and their metalloids. Since Cd is toxic to all organisms and highly mobile in soil for plants to take up, excessive Cd accumulation in crop tissues could impede its growth and even lead to mortality. Numerous studies showed that adding exogenous substances to soil could alleviate toxic effects of Cd on crops, but if and how their efficacy varies with crop variety remains poorly understood.Objective: Taking winter wheat as an example, this paper aimed to investigate the effects of exogenous Si, Ca, Mg and humic acid on uptake of Cd by different cultivars and its subsequent translocation at seedling stage.Method: Wheat varieties Bainong 419 (419) with high Cd accumulation in grain and Bainong 418 (418) with low Cd accumulation in grain were taken as the model plants. They were grown in hydroponic culture with the Cd content in it spiked to 10 mg/L or 30 mg/L respectively. We added Si, Ca, Mg and humic acid at different rates to the medium and harvested the crops 30 days later. We then measured Cd accumulation and transportation in roots and shoots, as well as root morphology traits.Result:Crop absorption of Cd varied with the wheat varieties, and the total length, surface area, volume and tip number of the roots in both varieties decreased with the increase in Cd concentration. Compared to variety 418, variety 419 took more Ca for its root developments. At low Cd concentration and compared to CK, adding Si at low dose improved root growth of the variety 419 and reduced Cd accumulation in its roots and shoots, while adding other elements inhibited root growth; applying humic acid at high dose enhanced Cd accumulation in the roots. It was found that compared to CK, adding any exogenous element reduced Ca content in the roots of the variety 419 when Cd concentration was low. For the variety 418 grown in medium with low Cd concentration, adding Si and Ca was more effective to promote root growth than adding Si alone, while adding Mg and humic acid did not show noticeable effects. Adding Si reduced Cd accumulation in roots and shoots at significant level, while adding Ca and Mg only impeded Cd accumulation in the root. Humic acid did not appear to have a noticeable impact on plant Cd. For the crops growing in medium with high Cd concentration, adding Si boosted root growth of both varieties regardless of its application rate, while in contrast, adding other elements were unable to alleviate Cd toxicity to plants at significant level. Compared with other treatments, adding Si at high does significantly increased the translocation factor (TF) for both varieties growing in medium with low Cd concentration, and it was also effective at boosting the TF for the variety 419 growing in medium with high Cd concentration.Conclusion: The most effective conditioner to alleviate Cd toxicity to winter wheat was Si, although its efficacy varies with wheat cultivar, Si application rate and Cd concentration in the medium where the crop grows.",Misrepresentation
s_1429,Probiotics and CRM: Improved milk quality by increasing fat and total solid content .,"[3] Dairy cows are responsible for significant emissions of enteric methane (CH<inf>4</inf>) and produce nitrous oxide (N<inf>2</inf>O) and ammonia (NH<inf>3</inf>) gas from manure. As an abatement strategy, we explored the effects of long-term condensed tannin (Quebracho and chestnut extracts) addition to dairy cow diets. Previous studies have demonstrated that tannins in cow diets reduce methane and ammonia efflux, but none have done so over a >1-month time period. A modified stanchion barn equipped with gas analysis instrumentation measured CH<inf>4</inf>, N<inf>2</inf>O, and NH<inf>3</inf> fluxes into and from the barn, at the onset of the experiment, and 45 and 90 days after feeding groups of lactating dairy cows a control diet or two levels of tannin extract at 0.45 and 1.8 % of dietary dry matter. Few statistical differences among treatments were observed, likely a consequence of high variability and low sample size necessary for conducting a study of this duration. However, on a per-cow basis, low and high tannin diets lowered CH<inf>4</inf> emissions by 56 g cow<sup>−1</sup> day<sup>−1</sup> and by 48 g cow day<sup>−1</sup>, respectively. Diet tannin additions lowered CH<inf>4</inf> (33 %), NH<inf>3</inf> (23 %), and N<inf>2</inf>O (70 %) per unit milk corrected emissions in the high tannin treatment compared to the control at the end of the experiment, without significant loss in milk production. These results suggest that relatively low concentrations of diet tannin additions can reduce ruminant CH<inf>4</inf> and gaseous N emissions from manure. The tannin effect observed after 90 days is a starting point for considering tannin additions as a potential long-term strategy for improving the environmental footprint of milk production. [15] The potential of a mesophilic-thermophilic-mesophilic anaerobic digestion system was investigated with respect to improvement of both digestion and sanitation efficiencies during treatment of liquid cattle manure. The pilot plant produced a high methane yield from liquid dairy cattle manure of 0.24 m<sup>3</sup> (kg VS<inf>fed</inf>)<sup>-1</sup>. Considering the low system loading rate of 1.4-1.5 kg VS (m<sup>3</sup> d)<sup>-1</sup>, digestion efficiency compared to conventional processes did not appear improved. The minimum guaranteed retention time in the tubular thermophilic reactor was increased compared to a continuously stirred tank reactor. Levels of intestinal enterococci in raw liquid manure as determined with cultivation methods were reduced by 2.5-3 log units to a level of around 10<sup>2</sup> cfu/mL. This sanitizing effect was achieved both during mesophilic-thermophilic-mesophilic and thermophilic-mesophilic treatment, provided the thermophilic digester was operated at 53-55°C. A change in feeding interval from 1 h to 4 h did not significantly alter methane yield and sanitation efficiency. It was proposed that a two-stage, thermophilic-mesophilic anaerobic digestion system would be able to achieve the same sanitizing effect and equal or better digestion efficiency at lower costs. © IWA Publishing 2006.",Related but unverifiable
i_1546,"While sustainable e-waste management strategies are suggested, they may not be effective enough to significantly reduce the increasing e-waste problem in Indonesia .","The fourth industrial revolution has triggered an increase in the demand for information and communication technology equipment. Computers are useful in modern days and it is reflected in the ownership of these appliances which experienced steady growth in recent years. In 2017, about 20% of Indonesian households possess these devices. Undoubtedly, it will correspond to the escalating volume of computer waste. Furthermore, it raises concerns since valuable as well as toxic materials are embedded in e-waste. On the other hand, proper e-waste management is absent in the country. The current study aims to quantify the amount of computer waste generated in Indonesia by applying a stock-based model. The flow model is developed based on the secondary data of household ownership of computers, and the usage period is estimated using the lifetime distribution. The result indicates that computer lifespan in the country is 4.51 years. Besides, the 15 years prediction shows that in 2012 and 2026 the quantity of computer waste is about 1.16 million and 7.47 million respectively. It implies that the amount of e-waste will continue to increase. Therefore, it is imperative to design and implement sustainable e-waste management.",Related but unverifiable
s_1601,Mechanical Control: Mechanical methods such as plowing and using stubble cultivators can effectively reduce weed populations by uprooting or burying weeds. Plowing has been shown to significantly reduce wild chamomile densities and improve crop yields .,"[7] Soybean is important food crops in Indonesia. It utilized as food cook and processed into various foods. The soybean demanding continues to increase but the production capacity still low. One of limiting factors to increase soybean production is weed competition. The effective method to weed control usually is using chemical herbicide but had adversely effect on the environment and food health. The development new method in control weed was very interesting. The research was conducted in Agronomy Laboratory, Faculty of Agriculture Halu Oleo University, using randomized block design (RBD), consisting of 4 treatments. The treatments were P0 = control, P1 = Isolate Pseudomonas aeruginosa A08 + water, P2 = Isolate Pseudomonas aeruginosa A08 + talc powder and P3 = Isolate Pseudomonas aeruginosa A08 + chaff charcoal husk powder. Each treatment was repeated three times, and each experimental unit consisted of three plants so that there were 36 plants. The result showed that the P. aeruginosa could suppress weed growth but does not had adversely affect on the soybean growth. The best carrier material for bioherbicide formulation suitable for P. aeruginosa is the talc powder that can improve the ability of P. aeruginosa A08 as bioherbicide.",Related but unverifiable
i_81,Techniques to Address Imbalanced Data: Algorithmic Adjustments: Cost-sensitive Learning: Adjusts the cost of misclassification to penalize errors on the minority class more heavily .,"In recent years, imbalanced learning has attracted the attention of many researchers. In general, minority classes are more noteworthy, and the cost of misclassification is much higher than that of majority classes. Because of the imbalanced distribution of imbalanced data, the standard classification algorithms will be difficult to apply. In order to solve the problem of imbalanced data classification, a zeroth-order optimization algorithm based on under-sampling is presented. Firstly, in order to reduce the influence of imbalanced data distribution, two different sampling strategies are adopted for data sets with different imbalanced ratios. Then, an SVM(Support vector machine) model with margin mean term is used for classification, and a zeroth-order stochastic gradient descent algorithm with reduced variance is used to solve the problem. At the same time, the accuracy of the algorithm is improved. A comparative experiment is carried out on imbalanced data, and the experimental results show that the proposed method effectively improves the classification effect of imbalanced data.
[13]: With the availability of high-speed Internet and the advent of Internet of Things devices, modern software systems are growing in both size and complexity. Software defect prediction (SDP) guarantees the high quality of such complex systems. However, the characteristics of imbalanced distribution of defect data sets have led to the deviation and loss of accuracy of most software defect prediction methods. This paper presents two novel approaches for learning from imbalanced data sets to produce a higher predictive accuracy over the minority class. These two methods differ in whether the oversampling and the misclassification cost information are utilized during training stage, and they are good at different aspects of imbalanced classification, one for dealing with highly imbalanced data sets and the other for moderately imbalanced data sets. Comparing with other state-of-the-art imbalance learning algorithms on imbalanced datasets, the experimental results show that these two methods have achieved excellent results in terms of G-mean and AUC measures, and more accurately identified the defective modules to reduce the cost of detection system. © 2021 IEEE.",Entailment
s_158,"Potential Applications for Gold-Related Data: PPO can be utilized to manage portfolios that include gold, optimizing the allocation to maximize returns and minimize risks. This is inferred from its successful application in asset allocation tasks .","Asset allocation is an important task in wealth management. In this paper, reinforcement learning(RL) is applied in asset allocation task. Firstly, we propose an Advanced Proximal Policy Optimization(Ad-PPO) algorithm and compare its performance with other algorithms. The empirical results show that Ad-PPO algorithm has a better performance in asset allocation than PG algorithm, PPO algorithm, and equal-weight policy. Secondly, we find the RL algorithms may overfit easily in asset allocation task. To solve this problem, we control the training episodes, simplify the policy network structure and take random initialization on the environment. By these treatments, RL algorithms can be applied in asset allocation tasks effectively.",Related but unverifiable
i_189,###  ** Applications** -  ** Machine Translation** :  SBERT and cosine similarity can enhance the performance of neural machine translation systems by accurately expanding training corpora with semantically similar sentence pairs .,"In recent years, the research of neural networks has brought new solutions to machine translation. The application of sequence-tosequence model has made a qualitative leap in the performance of machine translation. The training of neural machine translation model depends on large-scale bilingual parallel corpus, the size of corpus directly affects the performance of neural machine translation. Under the guidance of BERT (Bidirectional Encoder) model to calculate the semantic similarity degree for the extension of training corpus in this paper. The scores of two sentences were calculated by using dot product and cosine similarity, and then the sentences with high scores were expanded to the training corpus with a scale of 540,000 sentence pairs. Finally, Transformer was used to train the Mongolian and Chinese neural machine translation system, which was 0.91 percentage points higher than the BLEU value in the baseline experiment.",Entity error
s_1638,7. Education and Training: Farmer Education: Initiatives like Coastal Field Schools (CFS) that provide participatory learning and problem-solving skills to farmers do not significantly improve their knowledge and productivity .,"Central Java Province is among the largest aquaculture producers in Indonesia. This hefty contribution also comes with a challenge of degraded coastal areas primarily due to mangrove conversion into ponds, land subsidence, and raising sea surface. In Demak Regency, abrasion and robs flood have adversely affected the farmers' aquaculture ponds since the past decades. The changing coastal environment and lack of knowledge to adapt in aquaculture management led to declining production that hampered the community's resilience in the future. To help the farmers to thrive, an initiative called Coastal Field School (CFS) was implemented in 10 villages in Demak. Principally, CFS is a participatory learning method that emphasizes problem solving and discovery based on learning toward their production systems. The entire CFS program took place in 2015 - 2020, however this study only focused on the CFS conducted in Bedono village during May 2019 - September 2019. This paper discusses the CFS impact on the farmers' knowledge change using the indicators of farmers' program participation level, pre-test and post-test result to determine the knowledge improvement, aquaculture management technique, and productivity rate. The test was analyzed using a paired t-test where the knowledge level of farmers increased significantly (p < 0.001). The farming productivity rate also improved by nearly 30%. It is concluded that CFS can strengthen the farmers' resilience in the degraded coastal area in Demak.",Opposite meaning
i_2000,"Dynamic Ecosystem Modelling: The Wild species Integration for Shellfish Ecoaquaculture (WISE) approach uses field data and ecosystem models to understand the food requirements for maintaining natural benthic biodiversity, informing managers on sustainable aquaculture thresholds .","This paper presents an ecosystem modelling approach aimed at improving shellfish aquaculture management by explicitly considering natural benthic biodiversity. This methodology uses a combination of benthic field survey data, sediment and bathymetric mapping, physiological models and dynamic ecosystem modelling. The Wild species Integration for Shellfish Ecoaquaculture (WISE) approach helps to understand the baseline food requirements for maintaining natural benthic biodiversity of suspension-feeding organisms, thus informing managers on potential upper thresholds for shellfish aquaculture. WISE was tested in four coastal systems in Europe and China, including bays, estuaries and sea loughs with widely differing aquaculture activities. In the European systems, where the aquaculture industry is developing, species diversity and abundance are much higher and suspension-feeding wild species play an important role in the consumption of food resources. Densities of wild individuals were estimated to be 13 ind m<sup>- 2</sup> in Sanggou Bay (total: 2 × 10<sup>9</sup>), 33 ind m<sup>- 2</sup> in Xiangshan Gang (total: 122 × 10<sup>9</sup>), 95 ind m<sup>- 2</sup> in Carlingford Lough (total: 4.62 × 10<sup>9</sup>) and 175 ind m<sup>- 2</sup> in Loch Creran (total: 2.62 × 10<sup>9</sup>). Total clearance rates by wild populations were calculated as 5% of the total volume d<sup>- 1</sup> in Sanggou Bay (75 × 10<sup>6</sup> m<sup>3</sup> d<sup>- 1</sup>), 11% d<sup>- 1</sup> in Xiangshan Gang (434 × 10<sup>6</sup> m<sup>3</sup> d<sup>- 1</sup>), 40% d<sup>- 1</sup> in Loch Creran (93 - 99 × 10<sup>6</sup> m<sup>3</sup> d<sup>- 1</sup>) and 45% d<sup>- 1</sup> in Carlingford Lough (170-250 × 10<sup>6</sup> m<sup>3</sup> d<sup>- 1</sup>). In relative terms, wild populations play a more important role than cultivated shellfish in clearing suspended particles from the European systems due to the much lower aquaculture activity. 56% and 76% of total primary production in Loch Creran and Carlingford Lough, respectively, are consumed annually by wild organisms, while less than 50% is consumed in Chinese systems (45% in Sanggou Bay and 2.9% in Xiangshan Gang). Integration of the WISE approach within broader ecological modelling illustrates some of the trade-offs between commercial aquaculture and the conservation of biodiversity, showing that rates of and capacities for shellfish culture are reduced when both wild and cultured suspension-feeding species are considered in relation to the available seston. When food resources are partitioned between wild and cultivated species, there is a decrease in individual length and weight (9 to 22% reduction in shell length and 24 to 52% reduction in total fresh weight for the Pacific oyster; reductions of 6% in length and 20% in weight for blue mussel; reductions of 4% in length and 13% in individual weight for bivalves in Xiangshan Gang), resulting in a lower aquaculture production (e.g. for Pacific oyster, a reduction of 12.5% in Carlingford Lough, 34% in Loch Creran and of 9% for bivalves in Xiangshan Gang). © 2007 Elsevier B.V. All rights reserved.",Entailment
s_419,"Text Mining: Processes: Key processes in text mining include text refining (transforming free text into an intermediate, machine-processable form) and knowledge distillation (deducing patterns or knowledge from the intermediate form), which are sufficient to fully capture the meanings intended by the authors of the texts .","Text data, which are represented as free text in World Wide Web (WWW), are inherently unstructured and hence it becomes difficult to directly process the text data by computer programs. There has been great interest in text mining techniques recently for helping users to quickly gain knowledge from the Web. Text mining technologies usually involve tasks such as text refining which transforms free text into an intermediate representation form which is machine-processable and knowledge distillation which deduces patterns or knowledge from the intermediate form. These text representation methodologies consider documents as bags of words and ignore the meanings and ideas their authors want to convey. As terms are treated as individual items in such simplistic representations, terms lose their semantic relations and texts lose their original meanings. In this paper, we propose a system that overcomes the limitations of the existing technologies to retrieve the information from the knowledge discovered through data mining based on the detailed meanings of the text. For this, we propose a Knowledge representation technique, which uses Resources Description Framework (RDF) metadata to represent the semantic relations, which are extracted from textual web document using natural language processing techniques. The main objective of the creation of RDF metadata in this system is to have flexibility for easy retrieval of the semantic information effectively. We also propose an effective SEMantic INformation RETrieval algorithm called SEMINRET algorithm. The experimental results obtained from this system show that the computations of Precision and Recall in RDF databases are highly accurate when compared to XML databases. Moreover, it is observed from our experiments that the document retrieval from the RDF database is more efficient than the document retrieval using XML databases. © 2008 Springer-Verlag Berlin Heidelberg.",Opposite meaning
i_120,"Sustainable AI development methods such as model compression, quantization, and the use of renewable energy are essential to mitigate these impacts .","[3] Although artificial intelligence (AI), especially robotics technology, has gained rapid growth and been applied in many areas, bringing numerous positive outcomes, it has also resulted in many ethical concerns, most notably in the development of AI and robot interaction technology. To better realize the "" benign interaction between man and machine"" and open a new era of intelligence in which man and machine coexist harmoniously, it is necessary to coordinate efforts in strengthening legislative research, formulating ethical standards, improving safety standards, establishing a regulatory system, and promoting global governance in order to effectively prevent and respond to the multiple ethical issues caused by robots in the process of design, R&D, production, and use. [8] Artificial intelligence embedded developers, see to provide an innovative solution as possible. Artificial Intelligence (AI) has seen the development of the Internet's new things, an essential technology for cyber-physical systems, such as robots and autonomous vehicles. Embedded AI is a broad term for using deep learning and software platforms to improve the employee's day-to-day aspects. Sustainable development of society and the economy are promoting science and technology. Artificial intelligence is a topic of hot critical advances in human science and technology. Continuous advancements in artificial intelligence are not only human beings; many of the new for a variety of new future services have opened an unprecedented experience. This initiative can be defined on information known as (recorded), which are generated internally. Information embedded in the processed records obtained the knowledge to help the organization make timely and sufficient information. The student information management system of the new type based on fingerprint recognition is designed to achieve the recognition and management of student information. To ensure the security of data transmission, and suggests an improved data encryption method. [19] Pneumococcal colonization and disease is often associated with biofilm formation, in which the bacteria exhibit elevated resistance both to antibiotics and to host defense systems, often resulting in infections that are persistent and difficult to treat. We evaluated the effect of sinefungin, a nucleoside analogue of S-adenosylmethionine, on pneumococcal in vitro biofilm formation and in vivo colonization. Sinefungin is bacteriostatic to pneumococci and significantly decreased biofilm growth and inhibited proliferation and structure of actively growing biofilms but did not alter growth or the matrix structure of established biofilms. Sinefungin significantly reduced pneumococcal colonization in rat middle ear. The quorum sensing molecule (autoinducer-2) production was significantly reduced by 92% in sinefungin treated samples. The luxS, pfs, and speE genes were downregulated in biofilms grown in the presence of sinefungin. This study shows that sinefungin inhibits pneumococcal biofilm growth in vitro and colonization in vivo, decreases AI-2 production, and downregulates luxS, pfs, and speE gene expressions. Therefore, the S-adenosylmethionine (SAM) inhibitors could be used as lead compounds for the development of novel antibiofilm agents against pneumococci. © 2014 Mukesh Kumar Yadav et al.",Related but unverifiable
s_526,"Practical Applications and Experimental Insights: Hydroelastic Analysis: Time-domain hydroelastic analysis of marine structures, using state-space representations, can accurately simulate dynamic responses to incident waves and transient conditions. This approach helps in designing structures that can better withstand fluid-induced instabilities .","This article deals with time-domain hydroelastic analysis of a marine structure. The convolution terms associated with fluid memory effects are replaced by an alternative state-space representation, the parameters of which are obtained by using realization theory. The mathematical model established is validated by comparison to experimental results of a very flexible barge. Two types of time-domain simulations are performed: dynamic response of the initially inert structure to incident regular waves and transient response of the structure after it is released from a displaced condition in still water. The accuracy and the efficiency of the simulations based on the state-space model representations are compared to those that integrate the convolutions. © 2009 by ASME.",Related but unverifiable
s_361,"Predictive Analytics: AI uses predictive analytics to forecast demand, manage inventory, and optimize pricing strategies, which helps in maximizing revenue and minimizing waste .","Purpose: In the most abstract way, artificial intelligence (AI) allows human work to be shifted toward technological systems that are currently not fully capable. Following this, the domain of retail can be sketched as a natural fit for the application of AI tools, which are known for their high proportion of human work and concurrent low profit margins. This paper aims to explore the current dissemination of the application of AI within the industry. The value-added core tasks of retail companies are examined to determine the possible utilization and the market adoption within the globally largest retail companies is given. Design/methodology/approach: The paper uses two different approaches to identify the scientific state-of-the-art: a search on the major scientific databases and an empirical study of the ten largest international retail companies and their adoption of AI technologies in the domains of wholesale and retail. Findings: The application within the different value-added core tasks varies greatly depending on the area. In summary, there are numerous possible applications in all areas. Especially, in areas where future forecasts are needed within the task areas (such as marketing or replenishment), the use of AI, today, is both scientifically and practically highly developed. In contrast, the market adoption of AI is highly variable. The pioneers have integrated extensive applications into everyday business, while the challengers are investing heavily in new initiatives. Some others, however, show neither active use nor any effort to adopt such technology. Originality/value: To the best of the author's knowledge, this is one of the first research contributions to analyze the areas of application and the impact of AI structured along the value-added core processes of retail companies.",Related but unverifiable
s_2051,"2. Habitat Connectivity: Spatio-Temporal Connectivity: Landscape connectivity is often evaluated using static models, but dynamic models that account for temporal changes in habitat patches can provide a more accurate estimate of connectivity. This approach showed that connectivity could be up to 130% higher than static models suggest, particularly benefiting species with shorter dispersal distances .","Landscape heterogeneity and habitat connectivity affect species movements, playing an important role in determining the likelihood of species persistence. However, landscape connectivity is usually evaluated using static snap-shots, which do not account for the sequential interactions among habitat patches through time. We developed a network-based model of landscape dynamics, and corresponding connectivity metrics, to account for the reachable habitat across space and time. We illustrate the behaviour of these metrics, using fragmented forested landscapes in the Atlantic Forest of Brazil. We parametrized the models using the dispersal capacities of selected bird and small mammal species. We found that when considering spatio-temporal links, connectivity is estimated to be on average 30% higher (with a maximum of 150% higher) than what is estimated from purely spatial models. This higher degree of spatio-temporal connectivity arises due to connections through temporal stepping-stone patches that appear (habitat gain) and disappear (habitat loss) over time. Species with short dispersal distances (<1000 m) particularly benefited from the spatio-temporal connections. The contribution of spatio-temporal connectivity to habitat reachability increased with higher habitat loss rates. Moreover, it depended on the amount of habitat in the landscape, being higher at intermediate habitat amounts (∼30%). We showed that accounting for spatio-temporal connectivity is critical for understanding ecological patterns and processes in dynamic landscapes, and that a series of purely spatial connectivity metrics underestimates the actual connectivity patterns across time. The proposed spatio-temporal connectivity approach and metrics can be applied to evaluate the effective connectivity patterns and trends in a variety of dynamic landscapes, avoiding the potential overestimates of population isolation and extinction probabilities that may result from widely used purely spatial connectivity models.",Numeric error
s_838,"Prismatic Cells: Generally have a more flexible design, allowing for better integration into various vehicle architectures. They can also incorporate advanced safety features more easily .","Safety is a stumbling block to the applications of the lithium-ion batteries in electric vehicles, especially under the abuse condition of overcharge. Much research on preventing overcharge is being done to ensure the safety of the lithium-ion batteries. However, almost no strategy can balance the safety and the performance of the lithium-ion batteries well for overcharge protection. No data to support the longer term effectiveness of the used strategy were presented in the previous reports. Herein, a new electrolysis reaction, synergistic electrolysis of the organic/inorganic compounds (p-fluorotoluene and Li <inf>2</inf> CO <inf>3</inf> ) is built for the first time as a controllable gas source to solve the overcharge problem of the prismatic lithium-ion battery cell with a current interrupt device inside. Overall, the balance point between the long-time performance and overcharge protection can be well achieved using the synergistic electrolysis.
[7]: With the increasing popularity of electric vehicles (EVs), the demands for rechargeable and high-performance batteries like lithium-ion (Li-ion) batteries have soared. Li-ion battery systems require the use of a battery management system (BMS) to perform safely and efficiently. Accurate and reliable battery modeling is important for the BMS to function properly. Currently, many BMS applications use the equivalent circuit model due to its simplicity. However, with the development of a cloud BMS, machine learning battery models can be utilized, which can potentially improve the accuracy and reliability of the BMS. This work investigates the performance of four different machine learning models used to predict the thermal (temperature) and electrical (voltage) behaviors of Li-ion battery cells. A prismatic Li-ion battery cell with a capacity of 25 Ah was cycled under a constant current profile at three different ambient temperatures, and the surface temperature and voltage of the battery were measured. The four machine learning regression models—linear regression, k-nearest neighbors, random forest, and decision tree—were developed using the scikit-learn library in Python and validated with experimental data. The results of their performance were reported and compared using the R<sup>2</sup> metric. The decision tree-based model, with an R<sup>2</sup> score of 0.99, was determined to be the best model in this case study.",Related but unverifiable
i_1200,"Preventive and Therapeutic Effects: Bone Mineral Density (BMD): Supplementation with calcium and vitamin D does not improve BMD, and may not significantly affect fracture risk. Studies have shown no significant changes in BMD with combined supplementation .","BACKGROUND: Decreased bone mineral density (BMD) is prevalent in HIV-infected patients. Bisphosphonates are currently the mainstay of treatment for postmenopausal and male osteoporosis in HIV-uninfected individuals; however, their efficacy and safety in HIV-infected patients remains unclear. METHODS: In this prospective, randomized, placebo-controlled multicenter trial, we studied the effectiveness of calcium and vitamin D supplementation with or without alendronate in improving BMD in HIV-infected subjects receiving stable antiretroviral therapy. Subjects with secondary causes of osteoporosis were excluded. The study was powered to detect differences of 3.5% between arms and to detect a moderate sex effect in percentage change in lumbar spine BMD. All dual-energy X-ray absorptiometry scans were analysed centrally, blinded by arm. RESULTS: The 82 subjects enrolled were 71% men, 77% white, with a baseline median age of 48 years, CD4 cell count of 469 cells/μl, and lumbar spine t-score of less than 2.1; 91% had HIV-RNA levels less than 400 copies/ml, and 99% were taking antiretroviral drugs. Compared with calcium/vitamin D alone, alendronate plus calcium/vitamin D resulted in significant improvements in BMD at the lumbar spine, total hip, and trochanter, but not at the femoral neck, compared with baseline. There were trends towards significant increases in BMD values in the calcium/vitamin D group at the lumbar spine, total hip, and femoral neck. There were no apparent sex differences in the responses to therapy. Alendronate was well tolerated, without significant adverse events. CONCLUSION: Once-weekly alendronate is safe and effective in the treatment of decreased BMD in HIV-infected patients. © 2007 Lippincott Williams & Wilkins, Inc.
[7]: Osteoporosis results from an imbalance in bone homeostasis and leads to bone fragility with an increased risk of fractures. It is, however, a preventable disease, with calcium and vitamin D supplementation both playing a part. The development of vitamin D analogues has led to improved treatment and prevention of osteoporosis, with benefits in terms of skeletal muscle function and balance, increased bone volume and inhibition of bone resorption. ED-71 is a second-generation vitamin D analogue with improved binding to vitamin D-binding protein (DBP) compared with calcitriol, the most potent metabolite of natural vitamin D. The preventive and therapeutic effects of ED-71 on bone mineral loss have been demonstrated in rat models of osteoporosis, where it significantly increased bone mineral density without inducing hypercalcemia. Bone histomorphometric studies showed that this effect resulted from stimulation of bone formation together with a reduction in bone resorption. Open, randomized, controlled studies conducted in subjects with osteoporosis have demonstrated a significant positive effect for ED-71 on bone mineral density following 6 and 12 months of treatment. Phase III trials are ongoing in Japan. Copyright © 2005 Prous Science.",Opposite meaning
i_1703,"Salinity is a key predictor of benthic macrofauna biomass, abundance, and diversity. Changes in salinity can affect the availability of benthic prey and trophic interactions, as seen in Baffin Bay .","[1] The Baltic Sea is a large brackish semienclosed sea whose species-poor fish community supports important commercial and recreational fisheries. Both the fish species and the fisheries are strongly affected by climate variations. These climatic effects and the underlying mechanisms are briefly reviewed. We then use recent regional -scale climate -ocean modelling results to consider how climate change during this century will affect the fish community of the Baltic and fisheries management. Expected climate changes in northern Europe will likely affect both the temperature and salinity of the Baltic, causing it to become warmer and fresher. As an estuarine ecosystem with large horizontal and vertical salinity gradients, biodiversity will be particularly sensitive to changes in salinity which can be expected as a consequence of altered precipitation patterns. Marine-tolerant species will be disadvantaged and their distributions will partially contract from the Baltic Sea; habitats of freshwater species will likely expand. Although some new species can be expected to immigrate because of an expected increase in sea temperature, only a few of these species will be able to successfully colonize the Baltic because of its low salinity. Fishing fleets which presently target marine species (e.g. cod, herring, sprat, plaice, sole) in the Baltic will likely have to relocate to more marine areas or switch to other species which tolerate decreasing salinities. Fishery management thresholds that trigger reductions in fishing quotas or fishery closures to conserve local populations (e.g. cod, salmon) will have to be reassessed as the ecological basis on which existing thresholds have been established changes, and new thresholds will have to be developed for immigrant species. The Baltic situation illustrates some of the uncertainties and complexities associated with forecasting how fish populations, communities and industries dependent on an estuarine ecosystem might respond to future climate change. © 2007 Blackwell Publishing Ltd. [10] Coastal and estuarine ecosystems exhibit extreme fluctuations in abiotic factors that influence the success and distribution of many introduced marine invertebrates. The frequency of these fluctuations may worsen under the scenario of climate change due to more intense storm events or greater precipitation. While many studies have focused on the response of adult ascidians to salinity, few have examined the response of larvae to low salinity events or post-metamorphic asexual reproduction after larval exposure to low salinity. Here we tested the effect of low salinity on larval metamorphosis and post-metamorphic growth of the introduced ascidian Botrylloides violaceus. We exposed tadpole larvae to salinities ranging 0–30 ppt. Tadpoles metamorphosed in salinities as low as 16 ppt and percent metamorphosis of larvae was not significantly different at salinities >20 ppt. A few tadpoles metamorphosed within 2–4 hr after release, and larval metamorphosis continued for 3–4 days, suggesting that larvae could disperse considerable distances. We then tested post-metamorphic survival, growth, and asexual reproduction of larvae exposed (5–7 days) to varying salinities (18, 20, 25, and 30 ppt), and placed the resulting colonies in full-salinity natural seawater; colony growth was monitored for 9 weeks post-metamorphosis. Results indicated that colonies whose larvae were exposed to low salinity (<25 ppt) had fewer zooids than colonies from larvae exposed to seawater at 30 ppt, but total area occupied by each colony was similar among salinity treatments. Because each individual zooid within a colony filter-feeds and reproduces through asexual budding, fewer feeding individuals within a colony will likely reduce future growth and reproduction. Due to the likelihood of more frequent heavy rain events and low-salinity conditions for the northwest Atlantic Ocean, there is need for continued research to assess the response of ascidians to factors like salinity and to evaluate the spread of ascidians and their adaptation to estuarine and coastal habitats. [13] Abundance of estuarine biota can vary with freshwater inflow through several mechanisms. One proposed mechanism is that the extent of physical habitat for an estuarine species increases with flow. We estimated the contribution of variation in habitat volume to the responses of eight species of estuarine nekton to changes in freshwater flow in the San Francisco Estuary. Resource selection functions for salinity and depth were developed for each species (and for five additional species) using five monitoring data sets. The TRIM3D hydrodynamic model was run for five steady flow scenarios to determine volume by salinity and depth, and resource selection functions were used as a weighting factor to calculate an index of total habitat for each species at each flow. The slopes of these habitat indices vs. flow were consistent with slopes of abundance vs. flow for only two of the species examined. Therefore, other mechanisms must underlie responses of abundance to flow for most species. © 2008 Coastal and Estuarine Research Federation.",Related but unverifiable
s_2134,"Ecosystem Alteration: Invasive plants can change the structure and function of ecosystems, affecting everything from soil composition to water availability .","An alien species, which becomes established in natural or semi-natural ecosystems or habitats, is an agent of change and threatens native biological diversity. The Convention on Biological Diversity (CBD) declared in 1992, in which the issue on invasive alien species was raised, was ratified by the Indonesian Government in 1994. Protecting our biodiversity will be out moral obligation to comply with CBD. Inventory on the invasive alien plant species in Indonesia should also be done by field surveys aside from the data collected from the references and herbarium specimens. Field studies should be carried out to get complete Figures, to identify the new ones, to determine their distributions, to plan their management including prevention to spread, containment and movement or mitigate their impact to environment. Sometimes it is difficult in determining whether the plants are aliens or not. Cooperation with botanists and taxonomists in other parts of the world is necessary. There are some species of invasive alien plant in Indonesia, which have to be watched fortheir aggressiveness i.e. Acasia nilotica (L.) Willd. ex Del., Eupatorium sordidum Less., Jatropa gossipifolia L., Mikania micrantha Kunth, Mimosa pigra L., Opuntia sp., and Piper aduncum L. have to be watch for their aggressiveness. Notes on some important invasive alien plant species in Indonesia are discussed.
[2]: An assessment of alien plant invasive and is very important to control the them at protected areas of tropical forest. Sixty-four alien invasive plant species belong to twenty-three families were recorded at six conservation areas of West Sumatra. The species composition of invasive plant were different among those six conservation areas. Kebun Raya Solok had the highest number of species and genera (41 and 39, respectively) and G. Talamau had the lowest one, with ten species and ten genera. Increasing the number of species and genus of invasive plant concordance to disturbance of the studied areas. More than 50% of invasive plant species in School forest for biological research and education, Limau Manis, were similar to those invasive plant species in Kebun Raya Solok, West Sumatra. In contrast, only 13% of invasive plant species from Kebun Raya Solok were similar to G. Talamau. It is very important to note that three invasive tree species (Acacia auriculiformis, Acacia mangium & Arenga obtusifolia) were detected in three conservation areas and the latest one was dominantly distributed in Lembah Anai and Rimbo Panti Natural Reserve. The existance of these invasive species: Imperata cylindrica, Clydemia hirta, Lantana camara, Leucaena leucocephala, Mikania micrantha and Mimosa pigra into conservation areas in West Sumatra have to be warned cause of the severe effect to the biodiversity. The invasive species from family Asteraceae (except Ageratum conyzoides), Leguminosae and Graminae tend to had the xenogamy breeding system that implied the high level of genetic diversity and well adapted various habitats.",Related but unverifiable
i_2195,Key Components of Ecosystem-Based Aquaculture: Social and Economic Considerations: Stakeholder Engagement: Involving local communities and stakeholders in decision-making processes ensures that aquaculture practices align with social and economic needs. Participatory GIS models and public hearings have been used to incorporate both environmental and social carrying capacities in site selection for aquaculture parks .,"[14] All major coastal ecosystems in the tropics are being degraded. The problems include losses of biodiversity, reduced ecosystem functions, and costs to coastal human societies. Declines in species' abundances, and habitat loss and modification are the result of the demands for aquaculture, port construction, trawling, excessive nutrient loads, overfishing and collecting, sedimentation from catchment activities, invasive species, and climate change. A global response to these changes has been conservation and management approaches that aim to reduce, reverse, and prevent unnatural changes and address their underlying causes. Successes in conservation and management are likely when actions are designed to achieve the fundamental ecological goals of ensuring resilience, maintaining ecosystem connectivity, protecting water quality, conserving species-at-risk, conserving representative samples of species and assemblages, and managing at the appropriate spatial scale. Achieving societal aspirations for coastal ecosystems requires that management approaches address the socio-economic aspects of issues and include stakeholder consultation, participation, and education. Achieving long-term success in conservation and management requires coastal nations to address fundamental issues such as lack of information for management decision-making, population growth and poverty, limited technical and management capacity, poor governance, lack of stakeholder participation, the mismatches between the issue and the geographic scale of management, lack of an ecosystem perspective, ineffective governance and management, and a lack of awareness of the effects of human activities. © 2009 Springer Science+Business Media B.V. [15] The coastal waters of Nigeria are lined with mangroves which provide invaluable ecological services. Much of these mangroves are not adequately classified or protected by specific laws, policies or agencies. There are different perceptions on the sustainability of aquaculture in mangroves. This paper upholds the principle of precautionary approach where doubts arise and suggests global best practices including elaborate technical assessments in site selection for pond construction, policy frameworks that ensure mangroves maintain their functions while being exploited, requiring investors to maintain environmental management systems, product certification, allocation of aquaculture sites outside pristine mangrove areas, empowerment of relevant agencies for continual satellite-based environmental change monitoring and making reforestation obligatory to investors. It also outlines mangrove management strategies and policies in selected Asian countries compared to Nigeria, harmonizing priorities of externally-funded mangrove projects with local priorities and needs and other supportive policy instruments for strengthening independent regulatory agencies for biodiversity conservation of mangroves in Nigeria. The paper particularly advocates mangrove-friendly aquaculture models such as silvofishery vis-a-vis community concessions and adoption of integrated coastal zone management.",Related but unverifiable
i_1784,"Sustainable development has been criticized for focusing too much on economic growth and not enough on dynamic human-environment interactions, and it is likely that many policymakers are unaware of the potential benefits of integrating deep ecology principles into their strategies .","Since the late 1980s, the idea of sustainable development has been gaining widespread recognition as a guiding framework for policies on development and the environment. However, the concept of sustainable development has received a number of criticisms, including its over-emphasis on meeting human needs through economic growth, as well as its failure to recognize dynamic human–environment interactions. In response to these shortfalls, the concepts of resilience and adaptive governance have emerged as alternative perspectives for pursuing sustainable development. Resilience in social-ecological systems emphasizes the capacity of coupled human–environment systems to deal with change, while continuing to develop. Adaptive governance relies on diverse and nested institutional mechanisms for connecting actors across multiple scales to manage conflicts and uncertainties in ecosystem management processes. However, the ethical dimensions of resilience and adaptive governance have not received enough attention. A promising ethical perspective for guiding policies on human–environment interactions is the philosophy of deep ecology, which highlights the need for recognition of the intrinsic values of all living things, as well as the nurturing of ecological and cultural diversity. In this paper, I argue that an integration of the principles of deep ecology and adaptive governance provides a complementary set of ethical principles and institutional attributes that offers better prospects for pursuing sustainable development in the era of the Anthropocene. The implications of this integrative agenda include: the adoption of a holistic conception of dynamic human–environment interactions; the recognition of diverse knowledge systems through an anti-reductionist approach to knowledge; the promotion of long term sustainability through respect for ecological and cultural diversity; and embracing decentralization and local autonomy. I further illustrate this integrative agenda using the management of protected areas as a case study.",Related but unverifiable
i_138,"3.   ** Attention Mechanisms** : ** Self-Attention Learning** : Incorporating self-attention mechanisms in CNNs is the only effective way to capture multi-level information from different layers, maintaining spatial resolution and significantly enhancing Re-ID performance  .","Person re-identification is a critical yet challenging task in video surveillance. It aims to match the same person across cameras. Practically, people's appearances vary greatly across cameras. Most deep learning methods rely on single-level features of deep layer while ignoring low-level detailed features of shallow layers, since different layers have different sizes of feature maps and different layers' features cannot be concatenated without extra downsampling or upsampling. To remedy this problem, we propose a novel yet simple self-attention learning method for person re-identification. We design a convolutional neural network(CNN) to capture multi-level information from different layers while keeping spatial resolution of feature maps unchanged by using dilated convolution. Multi-level information consists of two parts: multi-level attention maps and multi-level feature maps. Multi-level attention maps are constrained and multi-level feature maps are concatenated easily. And we combine softmax loss with quadruplet loss, taking full advantages of labels and metric learning at the same time. Experimental results demonstrate the proposed method achieves excellent performance for person re-identification and self-attention constraint can also be used in many other tasks.",Misrepresentation
i_123,Ethical and Social Considerations: Human-Machine Interaction: Ensuring harmonious coexistence between humans and AI systems requires coordinated efforts to improve safety standards and promote global governance .,"[11] Artificial Intelligence (Ai intelligence) abbreviated for AI. It is a science and technology to study and develop theories, methods, techniques and application systems for simulating, extending and expanding human intelligence. With the progress of science and technology, artificial intelligence has become the development strategy of many countries, countries gradually integrate artificial intelligence into all areas of society. As a new place for technological innovation activities in recent years, the open, shared, innovative and democratic nature of the creative space has given it a very wide range of development prospects. The application of artificial intelligence in the creative space can realize the intelligent management process, intelligent business operation, intelligent online communication, intelligent material management, intelligent personalized information push service, environment and order maintenance intelligence, aiming to create a new type of creative space, further attract creative talents from all walks of life and develop into high-quality creative and entrepreneurial distribution center. The information age environment has provided unprecedented new opportunities and challenges for the creative space. To realize the intelligence of the creative space, we need to do a good job in the following four aspects of the response. First of all, the development of creative space should focus on and break through the key technologies of AI, combine with the needs of users, combine the technological achievements of external artificial intelligence, give full play to artificial intelligence talents and technological advantages, and tap the greatest value of the creative space. Secondly, the foundation and core of the creative space service is all kinds of raw materials, tools and resources of innovative products, and the use of artificial intelligence technology should also serve the resource construction and management of space. By integrating the tool materials required by the founders with modern intelligent analysis, we continue to enrich the variety of materials and lay the resource base for enhancing the creative services of the genesis space. Third, artificial intelligence technology is a new technology, in order to ensure that artificial intelligence technology in the creative space services play a real role, we must strengthen the construction of human resources, the introduction and training of high-end talent has become a new need for intelligent applications. In addition, we can use advanced artificial intelligence equipment to optimize the space planning and management of the Creative Space. Space design should be reasonable science, intelligent space and intelligent products combined, hardware equipment to meet the needs of big data, can support big data storage and computing services and operating systems, etc. In order to adapt to the development and application of artificial intelligence, we should do a good job in artificial intelligence technology, resource intelligent management technology, related personnel integration, intelligent space re-engineering four aspects of the response measures. Increase investment in construction, as soon as possible to apply artificial intelligence in the creative space, in order to provide the founders with a better quality of modern creation.",Related but unverifiable
i_1897,"Environmental and Health Impacts: Bioaccumulation: Heavy metals are likely to accumulate in soils and vegetables, which may pose significant health risks to humans through the food chain, although the extent of these risks is often overstated .","In Erbil city the farmers used both wastewater and well water for irrigation pupose. An inductively coupled plasma ICP was used to analyze heavy metals., including silver (Ag), aluminum (Al), iron (Fe), manganese (Mn), nickel (Ni), lead (Pb), zinc (Zn), chrome (Cr), cadmium (Cd), and arsenic (As), in wastewater, well water, agricultural soils, and vegetables (Chard, Celery, Arugula, Leek and Dill), as well as the health risks they pose in Erbil. Bio-concentration factor (BCF), daily intake (DI), Target Hazard Quotient (THQ), and carcinogenic risks (CR) were calculated to determine health concerns. Overall, metals were found in water, soil, and vegetables. The following is a rundown of the tendencies in these metals' Ni<Ag < Zn < Cr < Mn < Cd < As < Fe < Al < Pb, in the wastewater and well water and As<Ag <Cr< Fe< Cd< Ni< Zn< Mn< Al< Pb in the soil. In the vegetable samples, the mean values mg kg-1 varied from 0.74-13.90, 12.90-41.70, 2.59-30.40, 573–1810, 93–292, 2.44 –31.65, 23.10–116, 138–448, 13.70-40.13 and 1.55 to 14.91, for As, Cd, Cr, Al, Pb, Ni, Mn, Fe, Zn, Ag, respectively, Cd, Pb, and Mn in chard, Arugula, and celery irrigated with wastewater and well water exceeded WHO/FAW adult safe limits. As, Cd, and Pb THQs were larger than unity in all veggies except sites 2 and 4 for As. Al in sites 1,4,6, and Mn in all sites from Chard plants had THQs > 1. As, Cd, and Cr's CR values above 10<sup>-4</sup>. These results show that local farmers' habit of irrigating vegetables with untreated wastewater and well water has generated heavy metal deposition in the soils, which is absorbed by vegetables and poses a health concern to the local people.",Opposite meaning
i_1453,"Additional Considerations: Preconception Lifestyle: Recommendations also include maintaining a healthy body weight, avoiding alcohol and smoking, and ensuring good oral hygiene, which are the only factors that significantly influence pregnancy outcomes .","Diet and exercise before and during pregnancy affect the course of the pregnancy, the child's development and the short- and long-term health of mother and child. The Healthy Start - Young Family Network has updated the recommendations on nutrition in pregnancy that first appeared in 2012 and supplemented them with recommendations on a preconception lifestyle. The recommendations address body weight before conception, weight gain in pregnancy, energy and nutritional requirements and diet (including a vegetarian/vegan diet), the supplements folic acid/folate, iodine, iron and docosahexaenoic acid (DHA), protection against food-borne illnesses, physical activity before and during pregnancy, alcohol, smoking, caffeinated drinks, oral and dental hygiene and the use of medicinal products. Preparation for breast-feeding is recommended already during pregnancy. Vaccination recommendations for women planning a pregnancy are also included. These practical recommendations of the Germany-wide Healthy Start - Young Family Network are intended to assist all professional groups that counsel women and couples wishing to have children and during pregnancy with uniform, scientifically-based and practical information.",Missing information
s_36,"- **Data-Driven Approaches**: Data-intensive ML techniques, such as those integrating wavelet transforms and SVMs, have been developed for rapid condition assessment of large-scale structures like suspension bridges. These methods enhance the effectiveness and accuracy of damage detection .","Dynamic characteristics of cable-stayed bridges are widely accepted as valuable indicators to determine their performance in structural health monitoring (SHM). Although research has been extensively conducted in this area, such vibration-based physics methods still face great challenges in improving the effectiveness of damage identification from complex large-scale systems, particularly when other factors, including operational and environmental conditions, may cause high interference to the vibration response. Data-intensive machine learning techniques have been gaining attention due to their robustness for data classification. In this study, a framework was developed for data-driven structural diagnosis and damage detection using a support vector machine (SVM) integrated with enhanced feature extraction techniques for rapid condition assessment for large-scale cable-stayed bridges. The wavelet transform, Hilbert-Huang transform (HHT), and Teager-Huang transform (THT) were selected as three representative feature extraction methods. A kernel function-based SVM was used to facilitate the identification of damaged and undamaged cases. Numerical simulation was conducted to verify the effectiveness and accuracy of the proposed methods applied to a cable-stayed bridge. Results showed that the wavelet time-frequency analysis is more robust to noise than the HHT and THT, whereas the latter two transforms are more sensitive to capture damage/defects. Moreover, for regular signal data, the THT, due to the high time resolution, had the highest concentration and thus is the most sensitive compared with the other two methods. Parameters of interest, including impacts of damage level, damage location, sensor locations, and moving vehicle loading, are extensively discussed. All cases reveal that data-driven approaches could effectively map damage features over and under undamaged cases, dramatically enhancing the effectiveness and accuracy of data classification, which will greatly benefit in situ cable-stayed bridge assessment and management.",Entailment
s_1001,"Meropenem inhibits dehydropeptidase I, increasing the concentration of imipenem in urine and protecting against nephrotoxic effects .","Cilastatin sodium is an inhibitor of dehydropeptidase I, an enzyme located in the brush border of the renal tubules. It is administered concurrently with the antibiotic imipenem to prevent its renal metabolism to therapeutically inactive and potentially nephrotoxic products. Cilastatin increases the concentration of imipenem in urine and protects against nephrotoxicity. Cilastatin itself has no antibacterial activity .... © 2007 Elsevier Inc.",Entity error
i_1229,"Diagnosis and Prognosis: In a retrospective review, it was found that in cases where MPE followed a previously diagnosed neoplasm, lung cancer was the predominant cause (50%) .","Purpose: Malignant pleural effusions (MPE) may either coincide with or follow the diagnosis of a primary tumor. Whether this circumstance influences prognosis has not been well substantiated. Methods: Retrospective review of all consecutive patients who were cared for at a Spanish university hospital during an 11-year period and received a diagnosis of MPE. Results: Of 401 patients, the MPE was the first evidence of cancer in 265 (66%), and it followed a previously diagnosed neoplasm in 136 (34%). Lung cancer predominated in the former group (131, 50%), and breast cancer in the latter (55, 40%). MPE that were the presenting manifestation of hematological and ovarian tumors had a statistically significant survival advantage as compared to those which developed in patients from a previously known cancer (respective absolute differences of 41 and 20 months; p < 0.005). Conclusions: In hematological and ovarian malignancies, the synchronous or metachronous diagnosis of MPE may have prognostic implications.",Entity error
s_1453,"Storage of Phosphates in Algae Cells: Pyrophosphate Storage: Signaling Molecule: Pyrophosphate can function as a signaling molecule, influencing phosphate release from vacuoles and other storage organelles .","Inorganic pyrophosphate (PP <inf>i</inf> ) is a by-product of biosynthetic reactions and has bioenergetic and regulatory roles in a variety of cells. Here we show that PP <inf>i</inf> and other pyrophosphate-containing compounds, including polyphosphate (polyP), can stimulate sodium-dependent depolarization of the membrane potential and P <inf>i</inf> conductance in Xenopus oocytes expressing a Saccharomyces cerevisiae or Trypanosoma brucei Na <sup>+</sup> /P <inf>i</inf> symporter. PP <inf>i</inf> is not taken up by Xenopus oocytes, and deletion of the TbPho91 SPX domain abolished its depolarizing effect. PP <inf>i</inf> generated outward currents in Na <sup>+</sup> /P <inf>i</inf> -loaded giant vacuoles prepared from wild-type or pho91Δ yeast strains expressing TbPHO91 but not from the pho91Δ strains. Our results suggest that PP <inf>i</inf> , at physiological concentrations, can function as a signaling molecule releasing P <inf>i</inf> from S. cerevisiae vacuoles and T. brucei acidocalcisomes.",Entailment
s_575,"Energy Savings and Sustainability: The use of wind energy systems to power extrusion machinery, such as recyclebots for producing 3-D printer filaments from waste plastic, significantly reduces the energy payback time and overall energy consumption. This approach demonstrates a sustainable method for energy savings in the plastic extrusion industry .","The growth of both plastic consumption and prosumer 3-D printing are driving an interest in producing 3-D printer filaments from waste plastic. This study quantifies the embodied energy of a vertical DC solar photovoltaic (PV) powered recyclebot based on life cycle energy analysis and compares it to horizontal AC recyclebots, conventional recycling, and the production of a virgin 3-D printer filament. The energy payback time (EPBT) is calculated using the embodied energy of the materials making up the recyclebot itself and is found to be about five days for the extrusion of a poly lactic acid (PLA) filament or 2.5 days for the extrusion of an acrylonitrile butadiene styrene (ABS) filament. A mono-crystalline silicon solar PV system is about 2.6 years alone. However, this can be reduced by over 96% if the solar PV system powers the recyclebot to produce a PLA filament from waste plastic (EPBT is only 0.10 year or about a month). Likewise, if an ABS filament is produced from a recyclebot powered by the solar PV system, the energy saved is 90.6–99.9 MJ/kg and 26.33–29.43 kg of the ABS filament needs to be produced in about half a month for the system to pay for itself. The results clearly show that the solar PV system powered recyclebot is already an excellent way to save energy for sustainable development.",Entity error
s_1680,"Disease Resistance: Editing the Os8N3 gene has conferred enhanced resistance to bacterial blight caused by Xanthomonas oryzae pv. oryzae, and it is likely that this editing has improved other agronomic traits as well, although this has not been directly observed .","Background: Genome editing tools are important for functional genomics research and biotechnology applications. Recently, the clustered regularly interspaced short palindromic repeats (CRISPR)/CRISPR-associated protein-9 (Cas9) system for gene knockout has emerged as the most effective genome-editing tool. It has previously been reported that, in rice plants, knockdown of the Os8N3 gene resulted in enhanced resistance to Xanthomonas oryzae pv. oryzae (Xoo), while displaying abnormal pollen development. Results: The CRISPR/Cas9 system was employed to knockout rice Os8N3, in order to confer enhanced resistance to Xoo. Analysis of the genotypes and edited Os8N3 in T<inf>0</inf>, T<inf>1</inf>, T<inf>2</inf>, and T<inf>3</inf> transgenic rice plants showed that the mutations were transmitted to subsequent generations, and homozygous mutants displayed significantly enhanced resistance to Xoo. Stable transmission of CRISPR/Cas9-mediated Os8N3 gene editing without the transferred DNA (T-DNA) was confirmed by segregation in the T<inf>1</inf> generation. With respect to many investigated agronomic traits including pollen development, there was no significant difference between homozygous mutants and non-transgenic control plants under greenhouse growth conditions. Conclusion: Data from this study indicate that the CRISPR/Cas9-mediated Os8N3 edition can be successfully employed for non-transgenic crop improvements.",Opposite meaning
i_759,"Collaborative Efforts and Strategic Initiatives: National and International Partnerships: Collaborative efforts between academia, industry, and government are crucial for advancing manufacturing technologies. Initiatives like the National Institute of Standards and Technology (NIST) in the US aim to invest in emerging technologies and enhance global competitiveness .","Federal efforts to support manufacturing have never been unified into a concerted national manufacturing strategy. In this direction, the President's Council of Advisors on Science and Technology released a report titled Ensuring Leadership in Advanced Manufacturing, which provides an overarching strategy for revitalizing the nation's leadership in advanced manufacturing. Following the release of the report, the US President launched the Advanced Manufacturing Partnership (AMP), a national effort bringing together industry, universities, and the federal government to invest in the emerging technologies that will create high-quality manufacturing jobs and enhance US global competitiveness. As part of the launch of AMP, former ASME Federal Fellow and manufacturing industry executive, Michael F. Molnar, is appointed as the agency's first-ever chief manufacturing officer. TIP provides cost-shared funding to industry for high-risk research and development projects with potentially broad-based economic benefits for the US.",Related but unverifiable
s_882,"Significance: Liquefaction potential assessment is significant in geotechnical engineering as it helps in mapping seismic hazards and predicting areas at risk of liquefaction. This assessment is crucial for urban planning, disaster management, and designing earthquake-resistant structures .","The liquefaction potential index (LPI) has been applied with increasing frequency to assess the potential for liquefaction-induced ground failures. This paper describes strategies used to re-calibrate the LPI using accepted methods for screening the liquefaction potential and evaluates its application to the seismic hazard mapping of political tracts. In this study soil profiles using standard penetration tests were evaluated using two methods, the Chinese criteria and the Bray-Sancio criteria. The LPI values were then calculated from these profiles at non-liquefied and liquefied sites in Nagaoka City during the 2004 Niigata-ken Chuetsu earthquake in Japan. Our results suggest that 50% of the liquefied sites exhibited LPI values >. 15, and 75% of the non-liquefied sites exhibited LPI values <. 11 when applying the Chinese criteria. For the Bray-Sancio criteria, 50% of the liquefied sites and 75% of the non-liquefied sites exhibited LPI values >. 21 and <. 14, respectively. We then attempted to map liquefaction hazards using the alternative LPI thresholds (low hazard if LPI. <. 14; moderate if 14. ≤. LPI. <. 21; high if 21. ≤. LPI) and applied regression analyses between the LPI and the controlling variables (i.e., groundwater depth and peak ground acceleration). Based on the comparison of the predictions with the liquefaction inventory for the 2004 earthquake, our LPI thresholds and mapping method were able to predict ~. 70% of damaged areas. © 2013 Elsevier B.V.
[3]: Widespread damage as a result of liquefaction was observed in the Canterbury region following the 2010 Darfield earthquake and the 2011 Christchurch earthquake. To quantify the liquefaction risk in some areas associated with these two events, strong motion records and available boring data were used to produce maps showing distributions of liquefaction potential indices (LPI). It was found that for both events, the distributions of LPI values agree reasonably well with the observed severity of damage. The increased peak accelerations during the February 2011 event along with the elevated water table resulted in more severe damage in eastern Christchurch than during the 2010 earthquake, while the lower shaking intensity in the Waimakariri region led to a severe but more localized liquefaction. In cases where the calculated LPI and observed damage did not agree, the occurrence of lateral spreading and the thickness of the surface crust appear to be the main reasons. Finally, through analysis of boring data, the role of the surface crust in liquefaction manifestation was analyzed.",Related but unverifiable
i_1557,"Stakeholder Attitudes: European stakeholders, including NGOs, are generally more positive towards renewable energy and CCS compared to their US counterparts. However, there is skepticism about the role of CCS, with concerns about its potential to perpetuate fossil-fuel dependence .","This paper presents results from a survey of stakeholder attitudes towards Carbon Capture and Storage (CCS). The survey is the first to make a global comparison across three major regions: North America, Japan, and Europe. It is based on a 30-question survey which targeted individuals working at stakeholder organizations that seek to shape, and will need to respond to, policy on CCS, including electric utilities, oil and gas companies, CO<inf>2</inf>-intensive industries and non-governmental organizations (NGOs). The paper reports results from the original survey carried out in 2006 and from a recent follow up on key CCS questions (April 2009). The results show generally small differences across the regions and between the different groups of stakeholders. All believed that the challenge of significant reductions in emissions using only current technologies was severe. There was a widespread belief that CCS as well as renewable technologies such as solar power will achieve major market entry into the electricity sector within the next 10-20 years, whereas there is more scepticism about the role of hydrogen and especially nuclear fusion in the next 50 years. All groups were generally positive towards renewable energy. Yet, there were some notable areas of disagreement in the responses, for example, as expected, NGOs considered the threat of climate change to be more serious than the other groups. North American respondents were more likely to downplay the threat compared to those of the other regions. The Japanese were more concerned about the burden that would be placed on industry in the coming decade as a result of emissions constraints and NGOs were more likely to believe that the burden imposed would be light or very light. NGO respondents also believed CCS to be far more attractive than nuclear power (fission) but much less than renewables. As expected, the risk for leakage from reservoirs was ranked number one of the risk options given. The follow-up study generally confirmed the results of the original study with a few notable differences. As expected, the results of the follow-up shows that respondents consider CCS to play an increased role in the national climate debate. In Japan, there was an increased fraction of respondents who claimed that their organization has a clear position on CCS. © 2009 Elsevier Ltd. All rights reserved.
[8]: This paper reports on European public perceptions of carbon capture and storage (CCS) as determined through six focus groups, one held in each of the UK, the Netherlands, Poland, Germany, Belgium and Spain. The development of opinion and the emergence of concerns were observed via phased exposure to a specially commissioned film providing an overview of CCS technology, its rationale and associated debates, supplemented by additional information on national energy mixes. In general there was a high level of commonality in opinion and concerns across the six countries, with only minor differences. The concerns that emerged were not allayed by the information provided. On the contrary, there was evidence of a shift from initial uncertainty about CCS to negative positions. CCS was generally perceived as an uncertain, end-of-pipe technology that will perpetuate fossil-fuel dependence. Noting the political context to CCS, we conclude that advocates will likely find the European public opinion context a challenging one in which to achieve deployment, particularly for onshore storage, except where local communities perceive real economic or other benefits to CCS. © 2011 Elsevier Ltd.",Misrepresentation
i_2200,"Challenges and Future Directions: Balancing Multiple Objectives: Achieving a balance between ecological sustainability, economic viability, and social acceptability remains a significant challenge. Continuous stakeholder engagement and adaptive management are crucial to address these challenges effectively .","The aim of this research was to propose and evaluate a methodological approach to integration and spatial data analysis in order to generate information towards a participatory site selection for bivalve marine aquaculture in the Baía Sul, Florianópolis, Santa Catarina, Brazil. For this purpose, the Baía Sul was investigated considering an ecosystem approach for aquaculture leading to an assessment of its potential for marine aquaculture. The planning of the aquaculture parks was made through a participatory process to incorporate both environmental carrying capacity and social carrying capacity. Experts and modellers developed a GIS model to assess the potential for marine aquaculture in Baía Sul. Continuous (unclassified) maps were used to provide spatial information about the variation of the potential for marine aquaculture in the Baía Sul. The maps were used to plan 53 aquaculture parks over the Baía Sul. The site selection of the parks was made in six public hearings attended by 403 stakeholders from 38 institutions representing different sectors with diverse interests in coastal zone. The results showed that although the Baía Sul is suitable for the growth of bivalve molluscs, some hydrodynamic characteristics and the influence of urbanization constitute a sanitary risk for the activity. Experts, modellers and stakeholders had a different perception about the importance of criteria in the aquaculture parks site selection. While the experts and modellers considered the environmental criteria as the most important aspect to locate the aquaculture parks, the stakeholders took into account mainly the logistics. The final result of the aquaculture parks location, approved by the Brazilian Ministry of Fisheries and Aquaculture (MPA), adopted the site selection by the stakeholders, providing aquaculture parks in areas with sanitary risk for the bivalve cultivation. The main advantage of the adopted assessment strategy was to identify the divergence between experts, modellers and the stakeholders and the distance that still exist between scientist and decision makers in Brazil. Statement of relevance: This is the first article about a participatory GIS for aquaculture in Brazil. The method was developed to be according to Ecological Approach to Aquaculture. The results highlight the importance of the participatory GIS in suitability study and site selection because the decision making process is different over the view of researchers, technicians and other social stakeholders.
[9]: The coastal areas are subject to increasing exploitation and diverse functions. The widely conducted aquaculture activities intensify the stress at the coastal areas and bring new challenges to aquaculture and sustainable coastal management. The suitable site selection is an optimistic way to minimizing stress on ecosystem, enhancing productive harvests, and mitigating conflicts between different water users. This study aims to demonstrate a local-oriented approach for selecting suitable locations for mussel cultivation in the Menai Strait by conducting Multi-Criteria Decision Analysis (MCDA), which takes environmental and socio-economic factors into consideration. A high resolution hydrodynamic model was built to overcome data scarcity by providing data sets. Interviews and a questionnaire survey were organized to engage local stakeholders into decision-making process. The result suggested two separated areas that suitable for mussel cultivation, which covers 20.5% of the whole region (8.8 km<sup>2</sup>). The environmentally productive area differed significantly from socio-economically suitable area, which indicated that both categories of evaluation criteria need to be concurrently considered to achieve high production as well as prevent conflicts among stakeholders. This selection method provides a way to overcome data scarcity and engage local stakeholders, and its implementation has the potential to contribute to the sustainable coastal development by reducing potential conflicts among users at the planning stage.",Related but unverifiable
i_690,"Modeling Techniques: Finite Element Method (FEM): Applied for detailed vibro-acoustic analysis, particularly in low-frequency noise modeling .","This paper presents computational methods that are used by rolling stock manufacturers to predict noise inside vehicles. For airborne transmission, which dominates in the medium-high frequency range, a four-step procedure is applied: source description by their emitted sound power level, propagation of noise to the train's exterior surface, panel transmission loss and acoustic response of the interior cavity. Reasonable agreement between computations and measurements is usually obtained, and the method makes it possible to rank the different source contributions and airborne transmission paths. Structure borne noise dominates in low frequencies. Finite Element models are used to improve car body design (dynamic stiffness at input points and carbody vibroacoustic transfers), but they do not cover the whole problem since the modelling of excitation from the bogie is not included. Recent research allowing the computation of blocked forces at car body input points and starting with wheel/rail interaction is briefly presented. Concerning source modelling, a focus is made on traction noise, including electromagnetic excitations in electric motors and mechanical excitations due to the meshing process inside gearboxes. Efficient computational methods and validation examples are presented. The coupling of these methods with optimization methods has great potential for improvement of motor noise and vibration design.
[7]: The modeling of interior noise requires the application of so called hybrid methods. One reason for the application of hybrid methods is that in the mid frequency regime some components of the aircraft must be modeled by discrete methods like the finite element method (FEM) others can be modeled by the statistical energy analysis (SEA). One typical application of the hybrid method is the noise transmission through aircraft panels. Here the general approach would be to model the stiff panel with deterministic methods whereas the two cavities for radiation and irradiation are modeled by statistical subsystems. The hybrid method developed by EADS-IW is based on a wavenumber space approach, whereas a commercial application in VAOne is based on real space coordinates. This paper deals with the comparison of both methods in terms of precision and computational expense. Two kind of excitation will be investigated: diffuse field and turbulent boundary layer excitation. The latter requires the determination of the joint acceptance function.",Entailment
s_1718,"Direct Crop Damage: The extent of crop damage varies geographically. In Flanders, Belgium, the probability of crop damage due to wild boars ranges between 25% and 42%, with significant regional differences .","Wild boar (Sus scrofa L.) reappeared in Flanders (northern Belgium) in 2006 after almost half a century of absence. Interactions between wild boar and human activities are frequent due to extensive fragmentation of the landscape in Flanders. Complaints about agricultural damage are increasing but the actual extent of crop damage remains unknown. The goal of this study was to assess the current risk and the spatial distribution of crop damage, as well as factors influencing damage distribution in the province of Limburg (eastern Flanders). An online survey was sent to farmers by email. Moreover, as we expected potential respondent bias towards farmers that already experienced damage, we also conducted a follow-up non-respondent check by telephone. Our study showed that the current crop damage probability on a farm lies between 42% (likely an overestimation due to respondent bias in the online survey) and 22% (an underestimation based on the non-respondent check). There is considerable geographical variation in the proportion of farms that report boar damage; probability for crop damage due to wild boar is relatively high for farmers in Limburg but shows a geographically heterogeneous spread. Factors explaining the crop damage probability differed strongly between the online survey and the non-respondent check and no consistent results could be found. Our results show that using the online survey, it was possible to get an initial insight in the geographical distribution of crop damage. However, as we found differences between the results of the online survey and the non-respondent check, taking management decisions based solely on online survey results without conducting a non-respondent check could lead to misguided actions.",Numeric error
s_1737,"Particle Size and Light Scattering: Turbiscan Multiple Light Technology: This technology can be used to monitor the backscattered light intensity and the stability of the fluid. By optimizing the particle size and distribution, the appearance of the oat milk can be made whiter. Smaller particle sizes tend to scatter light more effectively, which can enhance the whiteness of the milk .","Thermal stability could significantly affect the processing and sensory properties of milk. Accurately determining the thermal stability of milk is of great significance for optimizing the processing conditions of liquid dairy products. However, the current stability evaluation method on liquid milk is mainly through the observation of stratification, precipitation, or dynamic light scattering technology. There is no fast and reliable and quantitative evaluation standard, which seriously restricts the selection efficiency of the heat treatment process of liquid milk. Turbiscan multiple light technology can test the stability of the fluid without pre-processing the samples. It can monitor the backscattered light and transmitted light intensity of the samples timely, and calculate the migration rate of the internal particles and the thickness of the precipitate layer. In this study, the dynamic light scattering test results were used as control. The Turbiscan multiplex light technique was used to measure the heat stability of skim milk treated with different pre-heating pH values, including pH 6.3, 6.5, 6.7 and 6.9 at 80 for 30 min. The concentration of CaCl<inf>2</inf> before heating was 0, 20, 40, 60 and 80 mmol•L<sup>-1</sup>, respectively. The results showed that when the CaCl<inf>2</inf> increased from 20 to 80 mmol•L<sup>-1</sup>, the z-average diameter of skim milk changed from 152.7 to 1 284 nm, and the instability index values (after 20 h) increased from 0.98 to 17.04; the backscattered light intensity change value decreased from -4.3 to -37.4, and the backscattered light intensity change value from the bottom end increased from 2.2 to 14.7. When the pH values were 6.3, 6.5, 6.7 and 6.9, respectively, the z-average diameters of skim milk were 148.1, 152.7, 132.4 and 122.4 nm, respectively, and the instability index values 1.20, 1.32, 1.02, 0.98 and 1.41, respectively; the backscattered light intensity values at the top of the sample were -3.1, -4.7, -4.2 and -5.6, the backscattered light intensity changes at the bottom were 5.7, 3.4, 4.1, and 6.8, respectively. The results showed the heat stability of milk can be significantly influenced by the CaCl<inf>2</inf>, while the pH value has little effect on the thermal stability of skim milk. At the same time, it is also found that compared with dynamic light scattering technology, Turbiscan multiple light scattering technology was more accurately, conveniently and quickly to obtain the stability index, such as milk backscattered light intensity value and instability index. This research has important guiding significance for optimizing dairy processing technology. The Turbiscan multiplex light technology is more convenient and faster than the dynamic light scattering technique.",Related but unverifiable
s_1514,"-  ** Yuzu Peel: ** Optimal conditions were 65.55% ethanol, 43.86°C, and 120.67 minutes, achieving high TPC and TFC .","In the present investigation, extraction of antioxidants and flavonoids from the peels of yuzu fruit using a single factor experiment and a response surface methodology (RSM) based on central composite design was studied. Four independent variables were evaluated at five levels with total 29 experimental runs, including ethanol concentration (EtOH), ratio of liquid to material (L/S), extraction temperature (T), and extraction time (t). The total phenolic content (TPC), total flavonoids content (TFC), two indicators of antioxidant capacity (FRAP and DPPH), and three individual major flavonoids in yuzu (hesperidin, naringin, and phloretin) served as the response functions. Quadratic polynomial equations were obtained by multiple regression analysis to predict the optimal extraction conditions. The regression analysis showed that >95 % of variations were explained by the models of different responses considered. The responses were significantly influenced by all studied factors. The Multiresponse optimized conditions targeted at maximizing all the responses were found to be EtOH = 65.550 %; T = 43.864 °C; t = 119.673 min; and L/S = 37.168 ml/g, with a desirability of 0.950. At the optimized conditions, the experimental values of FRAP (964.9 ± 23.1 mgTE/g DW), DPPH (453.0 ± 5.2 mgTE/g DW), TPC (1161.2 ± 25.2 mgGAE/g DW), (TFC393.4 ± mgQE/g DW), hesperidin (337.2 ± 4.0 mg/g DW), naringin (244.9 ± 1.1 mg/g DW), and phloretin (43.9 mg/g DW) were in a reasonable agreement with the predicted values. The extraction method was applied successfully to extract antioxidants and flavonoids from yuzu peels. It also allows a fast and cost-saving process for extraction of the studied phytochemicals, in addition to improvement of the quantity of the targeted extract.",Numeric error
i_1342,"Prognosis: Survival Rates: The prognosis for both cancers has improved with modern multidisciplinary treatment approaches. However, the overall five-year survival rate remains around 50-60% for both chondrosarcoma and Ewing sarcoma .","Sarcomas of bone are rare malignancies diagnosed in fewer than 3000 individuals yearly in the United States. Ewing's sarcoma and most osteosarcoma are high-grade neoplasms and account for approximately one half of bone sarcoma cases. Fewer than 20% of patients presenting with localized Ewing's sarcoma or osteosarcoma are cured with surgery alone. Current management typically involves collaboration among orthopedic oncologists, medical oncologists, musculoskeletal radiologists, sarcoma pathologists, and radiation oncologists. Modern multidisciplinary management of Ewing's sarcoma and osteosarcoma has improved the cure rate of patients with localized disease to more than 50%. Primary chemotherapy for high-grade bone sarcomas often involves intensive, multiagent regimens, and few secondary chemotherapy options are available to treat refractory or relapsed disease. Patient participation in clinical trials of novel therapies for Ewing's sarcoma and osteosarcoma should be strongly encouraged. © Journal of the National Comprehensive Cancer Network 2007.
[10]: Primary bone cancers are a rare but life changing diagnosis. Early diagnosis and onward referral to a multidisciplinary team within a dedicated sarcoma centre is associated with the best outcomes. The most common lesions, osteosarcoma and Ewing's sarcoma, are aggressive tumours with a tendency to metastasize to the lungs. Treatment for localized and some metastatic cases generally consists of multi-agent neoadjuvant chemotherapy followed by surgical resection and reconstruction prior to further chemotherapy. In spite of advances in surgical technique and chemotherapy regimes, overall five-year survival remains approximately 50–60%.",Entity error
s_1018,"Force Sensor Technology in Surgery: Advantages: Multi-Directional Force Measurement: Some sensors are capable of measuring forces in multiple directions, which may somewhat enhance the ability to characterize tissue properties, although the actual impact on surgical outcomes remains uncertain .","Haptic feedback is critical for many surgical tasks, and it replicates force reflections at the surgical site. To meet the force reflection requirements, we propose a force sensor with an optical fiber Bragg grating (FBG) for robotic surgery. The force sensor can calculate three directional forces of an instrument from the strain of three FBGs, even under electromagnetic interference. A flexible ring-shape structure connects an instrument tip and fiber strain gages to sense three directional force. And a stopper mechanism is added in the structure to avoid plastic deformation under unexpected large force on the instrument tip. The proposed sensor is experimentally verified to have a sensing range from -12 N to 12 N, and its sensitivity was less than 0.06 N.
[2]: This paper aims to develop novel surgical forceps integrated with a three-axis force sensor for robot-assisted minimally invasive surgery (RMIS). To detect accurate force sensing, a force sensing system is integrated to a gripper of a surgical instrument. At the gripper side, two possible locations are considered, and the sensing system is installed to the distal region of the gripper, which gives major advantages such as the gripper's minimization, palpation function, and multi-axis force sensing. Based on the capacitive-type sensing method, the sensor enables the direct measurement of the three-axis force applied to surgical gripper tip. The sensorized gripper is simply designed at a low cost, composed of only four mechanical parts, and, the forceps including two grippers are installed to an instrument that is able to conduct a grasping motion. Therefore, it is used to evaluate the performance of the force sensing system. The sensorized forceps are experimentally validated by using a commercial sensor in an experimental set-up.",Related but unverifiable
i_1012,"History and Location of the Initial Implementation of High Voltage Transmission: The initial implementation of high voltage transmission can be traced back to the development of high-voltage direct current (HVDC) systems. The early advancements in HVDC technology were significantly influenced by the development of solid-state thyristor technology in the early 1970s, which facilitated the creation of static var compensators (SVCs) to enhance system stability and voltage control .","[2] The western United States and Canada, bounded roughly by the Continental Divide and the Pacific Ocean and Mexico, form a large interconnected power system overseen by the Western Electric Coordinating Council (WECC). This interconnected system of approximately 210,000 MW has five high-voltage dc (HVdc) transmission systems dating from 1970 to 2014. Two new HVdc transmission schemes have been completed recently in Alberta, and several HVdc lines are being planned for the southwest to move power to southern California. There are also eight back-to-back converters that tie the western system to the eastern interconnection and to Texas. Other power electronic installations include a number of large transmission scale static var converters (SVCs) and two thyristor controlled series capacitors (TCSCs). These installations date from 1970, when the Vancouver Island HVdc transmission was installed. [4] The delvelopments of ultra high voltage (UHV) alternating current (AC) transmission in China were reviewed in this paper. The UHV AC transmission historical developments in the past twenty years; the research results of the UHV key technologies including electromagnetic environment, overvoltage and insulation coordination, lightning performance, live-line working, equipments manufacture in the recent years; the design parameters and construction of UHV AC experimental and demonstration line, and UHV AC test base were introduced. © 2008 IEEE. [6] The early history of radio is really about longwave (VLF/LF). This paper presents a brief summary of the development of high-power longwave radio transmission from the beginning of radio to the present. The early experimenters discovered that reliable long-range communications was better at lower frequencies. By the mid 1920's all transoceanic radio communication was high-power VLF. High-power VLF/LF is still used for navigation, timing and submarine communications. There are five overlapping generations of high-power longwave radio transmitting systems involving changes in transmitter types, antennas and modulation formats. Each is discussed and examples of transmitting sites for each generation are given.",Related but unverifiable
i_1449,Recommendation: It is essential for vegetarians and vegans to rely solely on supplementation to meet their nutritional needs during pregnancy .,"A varied and balanced composition of the daily diet is the preferred basis for supplying vitamins and minerals. However, diet and multivitamin use are unlikely to consistently prevent deficiencies, thus supplementation with additional specific nutrients is often needed. While folic acid may be the only vitamin identified to date that is supplemented even before conception, in many countries, multi vitamins/mineral tablets are used prior to, and during pregnancy, in order to provide coverage for any deficiencies in the diet. These recommendations may be especially important for the vegan and vegetarian who may not receive sufficient vitamins in their diets as well as appropriate amounts of iron. Questions have arisen with regard to additional supplementation of Vitamins A and D where an absence in the diet or lack of exposure to sunshine before and during pregnancy may occur. This chapter discusses the use of dietary supplements for preventing postnatal depression, the possible risks of preterm delivery and dietary nutrient intake, and it touches briefly on pregnant women following gastric bypass surgery.
[11]: The authors analyzed the difference in weight gain and nutrition, according to the BMI before pregnancy. They divided 91 subjects into BMI group 1 (normal weight) and BMI group 2 (overweight) before pregnancy. In general, the BMI before pregnancy did not influence weight gain but, in the BMI group 2, the intakes of all of cholesterol, total fatty acids, vitamin B12, iron, and copper were significantly higher. Neither group exhibited sufficient intake of vitamin B1, vitamin B2, niacin, vitamin B6, folic acid, calcium, magnesium, iron, or zinc. Pre-pregnancy weight management and nutrition during pregnancy is very important.",Opposite meaning
