ID,claim_clean,reference_clean,predict
i_52,"Segmentation Techniques in ITK-SNAP: Region Growing Algorithms: Region growing algorithms are commonly used for segmentation. One study developed an adaptive 3D region-growing algorithm for lung volume segmentation, which was effective and robust in constructing 3D volumetric data .","Three-dimensional (3D)-based detection and diagnosis has an important role for significantly improving the detection and diagnosis of lung cancer upon computed tomography (CT). This report presents a 3D-based method for segmenting and visualizing lung volume by using CT images. An anisotropic filtering method was developed on CT slices to enhance the signal-to-noise ratio, and a wavelet transform-based interpolation method was used combined with volume rendering to construct the 3D volumetric data based on entire CT slices. Then an adaptive 3D region-growing algorithm was designed to segment lung volume, incorporated by automatic seed-locating methods through fuzzy logic algorithms and 3D morphological closing approaches. In addition, a 3D visualization tool was designed to view volumetric data, projections, or intersections of the lung volume at any view angle. This segmentation method was tested on single-detector CT images by percentage of volume overlap and percentage of volume difference. The experiment results show that the developed 3D-based segmentation method is effective and robust. This study lays the groundwork for 3D-based computerized detection and diagnosis of lung cancer with CT imaging. In addition, this approach can be integrated into a picture archiving and communication system serving as a visualization tool for radiologists' reading and interpretation. © 2006 AUR.",Entailment
s_2185,"Key Strategies for Self-Sufficiency: Efficient Treatment Processes: Photosynthetic Bacteria (PSB): PSB-based technologies are likely to improve nutrient and energy recovery, but their effectiveness in enhancing the degradation efficiency of contaminants may not be as significant as suggested .","A paradigm shift is underway in wastewater treatment from pollution removal to resource or energy recovery. However, conventional activated sludge (CAS) as the core technology of wastewater treatment is confronted with severe challenges on high energy consumption, sludge disposal and inevitable greenhouse gas emission, which are posing a serious impact on the current wastewater industry. It is urgent to find new alternative methods to remedy these defects. Photosynthetic bacteria (PSB) have flexible metabolic modes and high tolerance, which enhance the removal of nutrients, heavy metals and organic contaminants efficiency in different wastewater. The unique phototrophic growth of PSB breaks the restriction of nutrient metabolism in the CAS system. Recent studies have shown that PSB-based technologies can not only achieve the recovery of nutrient and energy, but also improve the degradation efficiency of refractory substances. If the application parameters can be determined, there will be great prospects and economic effects. This review summarizes the research breakthroughs and application promotion of PSB-based wastewater treatment technology in recent years. Comparing discussed the superiority and inferiority from the perspective of application range, performance differences and recovery possibility. Pathways involved in the nutrient substance and the corresponding influencing parameters are also described in detail. The mode of PSB biodegradation processes presented a promising alternative for new wastewater treatment scheme. In the future, more mechanical and model studies, deterministic operating parameters, revolutionary process design is need for large-scale industrial promotion of PSB-based wastewater treatment.",Opposite meaning
s_1806,"Key Findings: Energy Consumption and Trade: Energy consumption does not significantly drive CO2 emissions. Studies have shown that higher energy consumption does not correlate with increased emissions, and this relationship is often independent of the level of economic growth .","This paper proposes a new approach for analyzing the dynamic relationships between carbon dioxide (CO<inf>2</inf>) emissions, energy use, and income for the Middle East and North African (MENA) region. Our study implements a class of regime-switching models, namely a nonlinear panel smooth transition regression (PSTR) framework. Two kinds of estimates for carbon emissions are provided. On the one hand, we measure the impact of energy consumption on CO<inf>2</inf> concerning the level of income per capita, as countries with a similar energy usage level would have different levels of energy intensity. On the other hand, we estimate the impact of output growth on emissions concerning energy usage variation, as a higher economic growth does not necessarily mean energy-intensive activities. Our empirical findings support these intuitions as they indicate that pollutant emissions respond nonlinearly to energy consumption and GDP growth. We find an inverted U-shaped pattern for the impact of energy on CO<inf>2</inf>, in the sense that environmental degradation is declining beyond a given income threshold, which is estimated endogenously within the PSTR model. Also, our results underscore that GDP growth significantly impacts carbon emissions only for higher energy consumption growth.",Opposite meaning
s_1084,"Key Points: Glycogen Storage Disease and Muscle Degradation: Glycogen storage disease is characterized by the accumulation of glycogen in muscle tissues due to a deficiency in the enzyme acid α-glucosidase (GAA), leading to progressive muscle weakness and atrophy .","Muscle weakness is the main symptom of Pompe disease, a lysosomal storage disorder for which major clinical benefits of enzyme replacement therapy (ERT) have been documented recently. Restoration of skeletal muscle function is a challenging goal. Type 2 muscle fibers of mice with Pompe disease have proven resistant to therapy. To investigate the response in humans, we studied muscle biopsies of a severely affected infant before and after 17 months of therapy. Type 1 and 2a fibers were marked with antibodies, and lysosome-associated membrane protein-1 (Lamp1) was used as the lysosomal membrane marker. Quantitative measurements showed a 2.5-3-fold increase of fiber cross-sectional area of both fiber types during therapy and normalization of the Lamp1 signal in ∼95% of type 1 and ∼75% of type 2a fibers. The response of both type 1 and 2a muscle fibers in the patient studied herein corroborates the beneficial effects of enzyme therapy seen in patients with Pompe disease. © 2007 Wiley Periodicals, Inc.
[4]: The availability of a murine model of Pompe disease has enabled an evaluation of the relative merits of various therapeutic paradigms, including gene therapy. We report here that administration of a recombinant adeno-associated virus serotype 8 (AAV8) vector (AAV8/DC190-GAA) encoding human acid α-glucosidase (GAA) into presymptomatic Pompe mice resulted in nearly complete correction of the lysosomal storage of glycogen in all the affected muscles. A relatively high dose of AAV8/DC190-GAA was necessary to attain a threshold level of GAA for inducing immunotolerance to the expressed enzyme and for correction of muscle function, coordination, and strength. Administration of AAV8/DC190-GAA into older Pompe mice with overt disease manifestations was also effective at correcting the lysosomal storage abnormality. However, these older mice exhibited only marginal improvements in motor function and no improvement in muscle strength. Examination of histologic sections showed evidence of skeletal muscle degeneration and fibrosis in aged Pompe mice whose symptoms were abated or rescued by early but not late treatment with AAV8/DC190-GAA. These results suggest that AAV8-mediated hepatic expression of GAA was effective at addressing the biochemical and functional deficits in Pompe mice. However, early therapeutic intervention is required to maintain significant muscle function and should be an important consideration in the management and treatment of Pompe disease. © Mary Ann Liebert, Inc. 2008.
[5]: Pompe disease is an autosomal recessive, panethnic glycogen storage disorder with a spectrum of genotypic-phenotypic patterns that results from the deficiency of the enzyme acid a-glucosidase. There are two forms of Pompe disease: infantile-onset and late-onset. The former is a more severe type and is characterized by hypotonia, cardiomegaly, and hepatomegaly. The diagnosis is corroborated by hallmark electrocardiographic changes, as well as findings on echocardiography and muscle biopsy. A multidisciplinary approach, including cardiology, respiratory, occupational and physical therapy, nutrition, and general pediatrics services, is imperative to achieve optimal quality of life. Enzyme replacement therapy has radically transformed the quality of life and survival of the patients who have Pompe disease. Copyright © 2013 by the American Academy of Pediatrics.
[6]: Pompe disease is a lysosomal storage disorder caused by deficiency in the enzyme acid α-glucosidase (GAA). Pompe disease is characterized by the accumulation of glycogen, predominantly in muscle tissue, leading to progressive muscle weakness, loss of motor, respiratory, and, in the infantile-onset form, cardiac function. Disease progression is highly variable depending on phenotype, but premature death due to respiratory complications occurs in most patients. Beginning in 2006, approved alglucosidase alfa enzyme replacement therapies [recombinant human (rh) GAA] have been available to treat Pompe patients. Treatment of classic infantile-onset patients, who manifest the severest form of the disease, with alglucosidase alfa (Myozyme®) has led to extended survival and an evolving understanding of the pathophysiology and course of the disease. Moreover, such treatment has brought to light the role of the immune response in abrogating the efficacy of rhGAA in classic infantile-onset patients with severe genetic mutations. Thus, optimization of treatment for such patients includes development and utilization of strategies to prevent or eliminate immune responses, including modulating the immune system (prophylactic and therapeutic immune tolerance induction regimens) and engineering the enzyme to be less immunogenic and more effective. Future research is also critical for evaluating and mitigating novel disease-associated pathologies uncovered by prolonged survival of infantile-onset patients including development of novel therapeutics, and for protein design strategies to increase delivery of enzyme replacement therapy to critical target tissues. Such efforts would be greatly bolstered by further development of predictive animal models and biomarkers to facilitate clinical trials and patient management.",Entailment
i_969,"This method combines polymer additive manufacturing with metal casting. A polymer pattern is created using 3D printing, which is then used in a casting process similar to lost foam casting. This technique is expected to universally enhance the production of all types of metallic structures with internal features, regardless of their complexity .","Direct-metal additive manufacturing (AM) processes such as Selective Laser Melting (SLM) and Electron Beam Melting (EBM) methods are being used to fabricate complex metallic cellular structures with a laser or electron beam over a metal powder bed. Even though these processes have excellent capabilities to fabricate parts with cellular mesostructures, there exist several constraints in the processes and applications: limited selection of materials, high thermal stress by the high local energy source, poor surface finish, and anisotropic properties of parts caused by combined effects of one-dimensional (1D) energy based patterning mechanism, the deposition layer thickness, powder size, power and travel speed of laser or electron beam. In addition, manufacturing cost is still high with the Direct-metal AM processes. As an alternative for manufacturing metallic 3D cellular structures, which can overcome the disadvantages of direct-metal AM techniques, polymer AM methods may be combined with metal casting. We may call this ""Indirect AM based Casting (I AM casting)"". The objective of this study is to explore the potential of I AM Casting associated with development of a novel manufacturing process-Indirect 3D Printing based centrifugal casting which is capable of producing multifunctional metallic cellular structures with internal cooling channels having a 2mm inner diameter and 0.5mm wall thickness. We characterize polymers by making expendable patterns with a polyjet type 3D printer; e.g., modulus, strength, melting and glass transition temperatures and thermal expansion coefficients. A transient flow and heattransfer analysis of molten metal through 3D cellular network mold will be conducted. Solidification of molten metal through cellular mold during casting will be simulated with temperature dependent properties of molten metal and mold over a range of running temperatures. The volume of fluid (VOF) method will be implemented to simulate the solidification of molten metal together with a user defined function (UDF) of ANSYS/FLUENT. Finally, experimental validation will be conducted.",Misrepresentation
s_1497,Management Strategies: Resistant Cultivars: Developing and planting BLS-resistant banana cultivars is not a sustainable approach to managing the disease. Research has shown that most cultivars being tested are either not resistant to BLS or are unacceptable to consumers .,"Black leaf streak (BLS) is a devastating disease for many traditional banana cultivars. In Brazil, resistant cultivars are being studied but consumers' preference needs to be taken into account for adoption to be successful. In this work, the acceptability of six BLS-resistant hybrids, 'Vitoria', 'Maravilha', 'PA 4244', 'FHIA-18', 'Tropical' (all AAAB group) and 'Bucanero' (AAAA), was assessed in the Brazilian Northeast region and compared to BLS-susceptible commercial cultivars from the AAB group ('Prata Anã' and 'Maçã'). A hedonic scale was applied to external appearance of hands (global appearance, size, color), overall acceptance of fruits and acceptance per attribute (flavor and texture). Also, purchase intent was annotated. Data were submitted to ANOVA and Preference Mapping. 'PA 4244' presented high acceptance, both for external appearance and palatability. Flavor and texture of 'Maravilha', 'Vitoria' and 'FHIA-18' pleased consumers, but their appearance could be still improved. 'Bucanero' has low chances of adoption based on the opinion of consumers from the Brazilian northeastern region.
[6]: This study investigated the utility of inoculation of in vitro plantlets in tubes and detached leaves as reliable and rapid assays for screening Musa genotypes against Mycosphaerella fijiensis, the causal agent of black leaf streak. In the first part of the study, three types of inocula were evaluated to determine suitability for in vitro inoculation. Inoculation of in vitro plantlets with mycelial fragments resulted in significantly (P < 0.05) higher levels of disease severity and faster rates of disease progress compared with inoculations using conidial suspensions. In the detached leaf assay, amending agar medium with plant hormones significantly (P < 0.0001) aided retention of green leaf color. Leaf pieces on medium containing gibberellic acid at 5 mg/liter had about 5% chlorosis at 52 days after plating. When in vitro plantlets in tubes and detached leaves of 10 Musa genotypes with different levels of disease resistance were inoculated with M. fijiensis, there were significant (P < 0.05) differences among genotypes in leaf area infected, incubation time, and symptom evolution time. For incubation time and leaf area infected, cultivars responded depending on their level of disease resistance, with resistant genotypes Calcutta-4 and PITA-17 having significantly (P = 0.001) longer incubation times and lower infected leaf areas compared with the susceptible cultivar Agbagba and moderately resistant cultivar FHIA-23. A similar pattern in cultivar response was observed for symptom evolution time. Leaf area infected was not significantly (P = 0.2817 for two-tailed t test) different when assessed using the two assays, and infected leaf areas in both assays were strongly correlated (r = 0.88, n = 48, P < 0.0001). Although incubation times were significantly (P = 0.0062 for two-tailed t test) different between the two assays, values from the two assays were strongly correlated (r = 0.69, n = 48, P < 0.0001). These results show that these two assays are rapid and space-effective, and can reliably be used for screening Musa genotypes for resistance to black leaf streak. © 2007 The American Phytopathological Society.",Opposite meaning
s_122,"Challenges and Considerations: Cultural and Linguistic Differences: The use of epistemic modal verbs and other linguistic features can vary significantly across languages, affecting the interpretation of AI-generated texts .","This paper investigates the uses of epistemic must and its Dutch and German cognates moeten and müssen. Starting point is the observation that epistemic must occurs remarkably more often in English than its immediate counterparts in the two other languages. By means of a detailed comparison on the basis of a self-compiled English-Dutch-German translation corpus of fictional texts, this paper identifies the factors determining these frequency differences. First, it appears that English must covers a wider inferential ground than its Dutch and German counterparts, as it can also code highly subjective 'conjectural' inferences apart from the typical must-inferences based on observable evidence and general knowledge. Second, epistemic must is often used to appeal to the addressee, to invoke the addressee's sympathy among other things. Such intersubjective uses of epistemic must seem to be rare with the German and Dutch cognates. Third, general communicative preferences in English promote the use of hedging devices (like epistemic modal verbs), as they contribute to an indirect and addressee-oriented way of interaction that is more valued in English than in German. © 2012 Elsevier B.V.",Related but unverifiable
s_1663,"Plant Growth Inhibition: Trichoderma spp. inhibit plant growth by decreasing biomass and negatively affecting physiological processes such as photosynthesis. For example, Trichoderma treatments have been shown to significantly decrease the photosynthesis intensity in tomato plants .","Trichoderma spp. are effective biocontrol agents against plant pathogens and they also enhance systemic resistance to plant diseases and overall plant growth. Root colonization with Trichoderma spp. induces changes in physiological processes like photosyntesis or other metabolism processes. The objective of this study was to analyze the influence of Trichoderma spp. on the intensity of photosynthesis and on the assimilatory pigment content in tomato plants treated with 6 species of Trichoderma: T. harzianum, T. koningii, T. longibrachiatum, T. tomentosum, T. virens (c.n. T. deliquescens), T. viride and plants treated with the pathogen Botrytis cinerea alone and the pathogen followed by treatment with Trichoderma spp. The results showed that the tested strains of Trichoderma were able to significantly increase the photosynthesis intensity in the leaves of tomato plantlets. Also, the photosynthesis intensity of plantlets infected with B. cinerea followed by inoculation with T. harzianum was higher than for the non-treated plantlets (control). Differences between assimilatory pigments content of tomato plants treated with various Trichoderma species were insignificant but a large variation of the chlorophyll a content was observed between the tomato plants treated with the two tested strains of the T. harzianum (MUCL 15569 and MUCL 29416) was recorded. © 2013 University of Bucharest.
[7]: Aims: Many Trichoderma species are well-known by their ability to promote plant growth and health. However, few studies have been conducted to improve their ability. Laboratory and greenhouse experiments compared the promotion of cucumber growth by the putative mutant Trichoderma harzianum T-E5 versus the wild-type SQR-T037 and bio-organic fertilizers fortified with them. Methods: The putative mutant T-E5 was selected based on plant hormone production in liquid fermentation and then on the effects of T-E5 and SQR-T037 to promote plant growth and colonization of plant roots and rhizosphere soil of cucumber. Results: High-performance liquid chromatography analysis showed that indole acetic acid (IAA) production by T-E5 was enhanced by 30.2 % as compared with SQR-T037. T-E5 treatment statistically increased cucumber plant biomass in soil and hydroponic experiments. Based on TaqMan reverse transcriptase-polymerase chain reaction, the population of T-E5 was almost ten times higher than SQR-T037 in the soil samples at 30 days. The endophytic colonization of roots and stems by the two strains had the same dynamic tendency, but T-E5 was much greater than SQR-T037 at any sampling time. Conclusions: The putative mutant T-E5 enhanced the production of IAA and plant colonization ability, and this improvement had a great potential for further application of T-E5 in crop production. © 2012 Springer Science+Business Media Dordrecht.",Opposite meaning
s_1489,"###  ** Recommendations** -  ** Balanced Diet** :  Ensure a balanced diet with adequate levels of essential vitamins and trace minerals to support optimal growth, reproductive performance, and overall health. -  ** Organic Minerals** :  Consider using organically complexed trace minerals to improve bioavailability and reduce environmental impact  . -  ** Monitor Levels** :  Regularly monitor and adjust dietary levels of vitamins and trace minerals to avoid deficiencies and toxicities.","Supplementation of trace minerals with a large safety margin in broiler chickens has resulted in a high level of mineral excretion that ends up in the environment. Organically complexed trace minerals (organic minerals) may be able to replace the inorganic trace minerals, because the former appear to have a greater bioavailability. Therefore, a 29-d cage study that included diets with supplemental trace minerals from organic and inorganic sources based on a trace mineral deficient control diet was conducted to examine the possible response of broiler chickens to organic mineral supplements. The results showed that supplementation with 4 mg of Cu and 40 mg each of Fe, Mn, and Zn from organic sources may be sufficient for normal broiler growth to 29 d of age. It is possible to use these lower levels of organic trace minerals in broiler diets to avoid high levels of trace mineral excretion. © 2007 Poultry Science Association, Inc.",Related but unverifiable
s_1144,"Diagnosis: Serological Tests: Initial detection often relies on serological tests for specific antibodies, such as anti-DGP .","Celiac disease (CD) is an autoimmune disorder that affects genetically predisposed individuals who are sensitive to gluten and related proteins. It affects children and adults with increasing prevalence in the older age groups. Both adaptive and innate immune responses play role in CD pathogenesis which results in damage of lamina propria and deposition of intraepithelial lymphocytes. There are other proposed mechanisms of CD pathogenesis like gastrointestinal infections, intestinal microbiota, and early introduction of gluten. The diagnosis of CD is based on clinical symptoms and serological testing, though a majority of cases are asymptomatic, and small intestinal biopsies are required to confirm the diagnosis. Celiac disease is generally associated with other autoimmune diseases, and it is advisable to test these patients for diseases like type 1 diabetes mellitus, Addison's disease, thyroid diseases, inflammatory bowel disease, and autoimmune hepatitis. The patient with a new diagnosis of CD requires close follow-up after starting treatment to see symptom improvement and check dietary compliance. A newly diagnosed patient is advised to follow with a dietitian to better understand the dietary restrictions as about 20% of patients stay symptomatic even after starting treatment due to noncompliance or poor understanding of diet restrictions. The most effective treatment for CD is a gluten-free diet, but work on non-dietary therapy is in process and few medications are in the clinical trial phase.
[9]: Celiac disease is a malabsorptive disorder resulting from intolerance to gluten and leads to systemic problems due to nutritional deficiencies. Enhanced diagnostic ability through serology has led to the understanding that it is more common than previously thought and often presents in atypical and subclinical forms. Clinicians must recognize the subtle presentations that may represent celiac disease, as well as at-risk populations, so that appropriate measures can be taken to diagnose and treat the disorder.
[12]: Celiac disease is a common, chronic inflammatory disorder of the small intestine triggered by exposure to gluten in individuals with certain genetic types. This disorder affects people of any age or gender. Although often thought to be European in origin, it is now global in extent. Presentations are variable, from asymptomatic patients to severe malnutrition. Initial detection usually relies on celiac-specific serology, and confirmation often requires intestinal biopsy. There have been substantial increases in prevalence and incidence over the last 2 decades for reasons that are almost certainly environmental but for which there is no clarity as to cause.",Related but unverifiable
s_2230,"Health and Ecological Risks: Bioavailability and Mobility: Lead's bioavailability in soil is a critical factor for its uptake by plants and subsequent entry into the food chain. Factors like soil pH, organic matter, and the presence of other chemicals can influence this .","In this research, six topsoil samples (0-20 cm) were collected in the heavy-metal lead contaminated soil of one lead battery factory in South-west China as research object, which were later divided into seven particle size fractions, and analyzed for the lead concentration as well as the correlation between the lead concentration and the organic matter content. The result showed that five soil samples were contaminated with lead with different pollution levels, and there were two different trends in the changes of lead concentration as of the change of soil particle size. The lead concentration of the three samples from sewage treatment workshop, the workshop A and the workshop B, showed a first declining and then ascending trend with the decreasing particle size. The lead concentration of the soil samples of the packing workshop and the former production workshop A showed a decreasing trend when the particle size decreased. The lead concentration and the organic matter content showed a positive linear correlation (R<sup>2</sup>=0.823 2). Soil organic matter has the ability of lead enrichment, and the ability declines with the decreasing particle size. Soil texture may be an important factor for the interaction between soil organic matter and lead distribution.
[14]: In this study, coupled Pb concentration/Pb isotope data were used to evaluate the effect of a shooting range (operational for over 30 years) on Pb contamination of adjacent agricultural soils and the associated environmental risks. Lead was mainly concentrated in the arable layer of the contaminated agricultural soils at total concentrations ranging from 573 to 694 mg kg <sup>-1</sup>. Isotopic analyses (<sup>206</sup>Pb/<sup>207</sup>Pb) proved that Pb originated predominantly from the currently used pellets. Chemical fractionation analyses showed that Pb was mainly associated with the reducible fraction of the contaminated soil, which is in accordance with its predominant soil phases (PbO, PbCO<inf>3</inf>). The 0.05 M EDTA extraction showed that up to 62% of total Pb from the contaminated site is potentially mobilizable. Furthermore, Pb concentrations obtained from the synthetic precipitation leaching procedure extraction exceeded the regulatory limit set by the United States Environmental Protection Agency for drinking water. Ion exchange resin bags showed to be inefficient for determining the vertical distribution of free Pb<sup>2+</sup> throughout the soil profile. Increased Pb concentrations were found in the biomass of spring barley (Hordeum vulgare L.) sampled at the studied site and two possible pathways of Pb uptake have been identified: (1) through passive diffusion-driven uptake by roots and (2) especially through atmospheric deposition, which was also proved by analyses of a bioindicator species (bryophyte Hypnum cupressiforme Hedw.). This study showed that shooting ranges can present an important source of Pb contamination of agricultural soils located in their close vicinity. © 2009 Springer Science+Business Media B.V.",Related but unverifiable
i_241,"Mitigation Contributions: Machine Learning Techniques: Various algorithms like CatBoost, XGBoost, and Random Forest have been employed to detect and mitigate DDoS attacks with high accuracy and low false-positive rates .","Software-defined networking (SDN) is an emerging new technology in the field of networks that facilitates comprehensive network programmability, which makes them prone to network attacks. One of the primitive yet highly effective network attacks is the Distributed Denial-of-Service (DDoS). DDoS attacks are launched from the compromised hosts called botnets acquired by the attacker host called the botmaster, all being connected to switches present in the same environment. Despite the large number of traditional mitigation solutions that exist today, DDoS attacks continue to grow severely. Numerous solutions have been proposed to counter these attacks and prevent service disruptions which have cost many companies a fortune. An extensive literature survey of existing solutions to these security challenges in an SDN environment, that employed machine learning techniques like XGBoost, Support Vector Machine (SVM), etc., has addressed the detection of DDoS attacks. But still showed the scope of improvement in detection speeds which could significantly reduce the service unavailability time from a server i.e., the victim of the DDoS attack. Thus, this paper addresses these requirements to build an optimal, reliable, and quick DDoS detection and mitigation application. This application leverages the controller's functionalities, continuously monitors the network traffic at a particular host interface (potential victim) to detect abnormal traffic. When the traffic is identified as a potential DDoS attack, its mitigation is initiated. The DDoS attack traffic is mitigated by deploying flow rules onto the switches such that it blocks the attack traffic from entering the network. The application uses CatBoost classifier, the boosting algorithm which has very less prediction time and is comparatively 8× faster than XGBoost, because of its symmetric tree structure. It is tested to be proven reliable and efficient in detecting botnet-based DDoS attacks on the SDN environment with an accuracy of 98% and far less training time. Thus, proving that the proposed solution employing the state-of-the-art machine learning model can be more effective in quickly detecting and mitigating a DDoS attack.
[3]: Distributed Denial of Service (DDoS) attacks became a true threat to network infrastructure. DDoS attacks are capable of inflicting major disruption to the information communication technology infrastructure. DDoS attacks aim to paralyze networks by overloading servers, network links, and network devices with illegitimate traffic. Therefore, it is important to detect and mitigate DDoS attacks to reduce the impact of DDoS attacks. In traditional networks, the hardware and software to detect and mitigate DDoS attacks are expensive and difficult to deploy. Software-Defined Network (SDN) is a new paradigm in network architecture by separating the control plane and data plane, thereby increasing scalability, flexibility, control, and network management. Therefore, SDN can dynamically change DDoS traffic forwarding rules and improve network security. In this study, a DDoS attack detection and mitigation system was built on the SDN architecture using the random forest machine-learning algorithm. The random forest algorithm will classify normal and attack packets based on flow entries. If packets are classified as a DDoS attack, it will be mitigated by adding flow rules to the switch. Based on tests that have been done, the detection system can detect DDoS attacks with an average accuracy of 98.38% and an average detection time of 36 ms. Then the mitigation system can mitigate DDoS attacks with an average mitigation time of 1179 ms and can reduce the average number of attack packets that enter the victim host by 15672 packets and can reduce the average number of CPU usage on the controller by 44,9%.",Related but unverifiable
s_1442,"Gene Activity and Immune Response: Gene Expression: Although specific gene activity related to synbiotic supplementation was not detailed in the abstracts, the observed improvements in immune parameters and intestinal health imply potential upregulation of genes associated with immune response and gut integrity .","The farming of Nile tilapia (Oreochromis niloticus) has faced the challenges of infections, especially by Streptococcus However, solving this problem by using antibiotics will cause other problems, such as drug residue that can directly affect consumers and an increase in antibiotic resistance to bacteria. Therefore, probiotics should be an alternative to control bacterial diseases. This study aimed to investigate the optimum level of mixed probiotic supplementation. The experiment was designed to include six treatments (the control diet and probiotic-supplemented diets at 0.5, 1.0, 2.0, 5.0 and 10.0%). The mixed probiotic was composed of 3.1 × 108 CFU of Lactobacillus sp. and 4.6 × 106 CFU of Saccharomyces cerevisiae. After feeding for 30 days, tilapias from each replication were injected with a vaccine containing Streptococcus agalactiae to study the immune gene expression. The results showed that this mixed probiotic can enhance the growth and immune system of tilapias, and the most effective level was at 0.5% with consideration for high ADG, low FCR, and high protective efficiency against S. agalactiae infection. Moreover, toll-like receptor 9 gene and immunoglobulin gene expressions after vaccination for 24 hours were significantly higher than the control. The relative percent survival was the highest at 78.13%. This mixed probiotic can be used for Streptococcosis control in tilapia farms because it can reduce the diet cost and induce both the growth and immune system of tilapias.",Opposite meaning
i_1535,"Socio-demographic factors such as property type, occupation, and ethnicity significantly influence waste management practices, and it is likely that these factors also affect community engagement in environmental sustainability initiatives .","Numerous health issues can arise from improper domestic waste management. Uncollected wastes provide food and breeding sites for insect, bird and rodent which can expose the community to vector borne disease. Therefore, this study aims to investigate the community awareness towards domestic waste management. This study is a cross-sectional study conducted at Bandar Baru Sungai Buloh, Selangor, Malaysia. The questionnaire consists of five sections with a total of 57 questions. The questionnaire consists of four parts: Socio-demographic, knowledge, attitude and practice. The data were analysed using SPSS version 22.0. T-test, ANOVA test, Chi-squared test were used according to the type of variables and significance level will be taken at 95% or p-value of less than 0.05. A total of 355 respondents participated in this study. The mean age was 40.52 ±14.94. The majority of them were male (52.1%), Malay (71.0%), married (71.3%), with secondary educational (81%) and employed (41.1%). The majority of respondents mentioned that inappropriate waste management can cause dengue fever and leptospirosis (98.0%, 97.2%; respectively). Property type, education, occupation, ethnicity, religions and household income were significant influenced the knowledge of the participants towards domestic waste management. For attitude, gender, education, ethnicity, religion and income significantly influenced the attitude of the participants towards domestic waste management. For practice, ethnicity, religion and occupation were significantly influenced the practice of the participants towards domestic waste management. In conclusion, the community has moderate awareness of domestic waste management. Awareness of waste management should also be taught in school so that the next generation of people will have a better understanding and eventually have better practice in domestic waste management. It is also hoped that a carefully thought-out strategy can be developed to further improve the community awareness towards domestic waste management which will shed a new light on tackling this issue.",Misinterpretation
i_1653,"ARGs such as sul1 and sul2 are not detected in groundwater recharged with treated water, suggesting that continuous monitoring is unnecessary .","The growing need for potable reuse of wastewater has led to significant development and implementation of advanced treatment processes. However, the emergence of new safety concerns (e.g., antibiotic resistance) necessitates an ongoing evaluation of current and future reuse schemes to demonstrate both water security and public safety. This study elucidates the microbial community and antibiotic resistance gene (ARG) profiles of a 100 million gallon per day (MGD) advanced water treatment facility (AWTF). A concurrent evaluation of the groundwater aquifer that is recharged with AWTF product water was also performed to determine the fate of specific microbial targets in the downstream environment. Results indicated that the AWTF reduced nearly all targeted ARGs to below detection limits (<50 copies/L). In groundwater samples, however, a ubiquitous presence of ARGs conferring resistance to sulfonamides (sul1 and sul2) and β-lactams (oxa-1) was observed (10<sup>4</sup>-10<sup>6</sup> copies/L) in both AWTF-recharged locations and control locations. Microbial community analysis via 16S rRNA gene sequencing further showed that the AWTF treatment train effectively excluded any upstream wastewater microbial community characteristics from the product water. Groundwater receiving AWTF recharge through percolation basins was greatly influenced by its proximity to a river that is known to receive conventional wastewater treatment plant effluents.",Opposite meaning
i_1630,"Empirical Evidence: CSR and Sustainable Practices: Gender-diverse boards are more likely to engage in CSR activities, which include environmental sustainability efforts .","Corporate social responsibility (CSR) is increasingly becoming a strategic issue that has to be dealt with by top management. The aim of the present study is to analyse the role that women directors can play as driving forces behind the development of CSR in organisations, and contribute to sustainable development. Despite the fact that gender diversity is acquiring considerable importance, most research has focused on analysing how it affects financial performance. In this study, we analyse the implications that gender diversity has on CSR. To do so, we have carried out an empirical study of a sample of firms from a variety of countries and sectors to determine whether those firms with a higher percentage of women on the board of directors are more socially responsible. The results support the hypothesis that gender diversity has a positive influence on CSR. Female talent can play a strategic role in enabling firms to manage their social responsibility and sustainable practices appropriately.",Entailment
i_314,Primary Techniques: Segmentation and Feature Extraction: Segmentation: Dividing an image into meaningful regions to simplify analysis. This is often a precursor to feature extraction .,"The CCD image sensor is set in the different production position, whose output signal is converted into digital signals to a dedicated image processing system by A/D. Using the image enhancement, smoothing, sharpening, segmentation, feature extraction, image recognition and understanding of digital image processing techniques,the system can identify the image, compare with feature information preservation, decide whether to enter the next process according to the similarity degree of alignment. Visual inspection having high precision, fast speed, working in the industrial field is stable and reliable, and improves the level of automation of production, make the products more competitive. © (2014) Trans Tech Publications, Switzerland.",Related but unverifiable
s_2140,"Common sources include roadside dust, domestic waste, and industrial emissions .","The presence of microplastics (MPs) in the atmosphere is becoming a global obstacle with infinite impacts on human health, agriculture, wildlife, and ecosystems. MPs are generated by the chemical, physical, and chemical degradation processes of plastic debris in roadside dumps and domestic waste. MPs that have contaminated the soil, sand, and water are reemitted into the atmosphere by the wind. Roadside dust is a major source of airborne microplastics. The aerodynamic shape of MPs favors long-distance transport, and pollution plumes also facilitate their transport and deposition. The abundance of airborne MPs depends on aerodynamics and environmental variables such as temperature, rainfall, humidity, human population density, local environment, and human activities. Wet and dry depositions of MPs contaminate water sources and food sources in the environment. Long-term ingestion of MPs into the human body via inhalation can adversely affect health. Additional field sampling and the implementation of standardized analytical protocols are required to identify the global distribution of atmospheric MPs and their potential effects on human health. This chapter discusses the sources, occurrence, pathways, and fate of airborne MPs in the environment, as well as their atmospheric chemistry. The potential health consequences of human MP exposure are discussed.
[3]: Plastics production is growing all over the world, but the total emission of microplastics is unfortunately not reducing. In the external environment, plastics degrade over time. This leads to the appearance of smaller particles or fibers which are microplastics at sizes of less than 5 mm. Atmospheric transfer is for microplastics one of the main ways of entering the environment. The purpose of this study is to identify microplastics in the snow cover of the south of Western Siberia, as well as preliminarily assess the possible sources of their supply. Snow samples are taken during a period of maximum snow accumulation (March, 2020) according to requirements developed by the Norwegian Institute for Air Research. The microparticles are visually evaluated using a digital microscope, Dino-Lite AM211, a fluorescent dye solution, and a Wood lamp. To assess the possible atmospheric distribution and deposition of the particles, an analysis of the synoptic conditions based on data of NCEP/NCAR, ERA5, and HYSPLIT is performed. The microscopic analysis has shown that microplastics (namely, films, fibers, and granules) have been detected in 16 of the 18 snow samples in the city of Barnaul and adjacent territories, as well as fibers and granules have been revealed in 3 snow samples from the Kasmala River basin.",Related but unverifiable
s_1939,"Ecological Concerns Associated with Ocean Alkalinity Enhancement (OAE) Biodiversity: Changes in alkalinity may impact marine biodiversity, particularly in sensitive coastal and estuarine environments where species are already under stress from multiple factors .","Background: Human activities have increased atmospheric concentrations of carbon dioxide by 36% during the past 200 years. One third of all anthropogenic CO<inf>2</inf> has been absorbed by the oceans, reducing pH by about 0.1 of a unit and significantly altering their carbonate chemistry. There is widespread concern that these changes are altering marine habitats severely, but little or no attention has been given to the biota of estuarine and coastal settings, ecosystems that are less pH buffered because of naturally reduced alkalinity. Methodology/Principal Findings: To address CO<inf>2</inf>-induced changes to estuarine calcification, veliger larvae of two oyster species, the Eastern oyster (Crassostrea virginica), and the Suminoe oyster (Crassostrea ariakensis) were grown in estuarine water under four pCO<inf>2</inf> regimes, 280, 380, 560 and 800 μatm, to simulate atmospheric conditions in the pre-industrial era, present, and projected future concentrations in 50 and 100 years respectively. CO<inf>2</inf> manipulations were made using an automated negative feedback control system that allowed continuous and precise control over the pCO<inf>2</inf> in experimental aquaria. Larval growth was measured using image analysis, and calcification was measured by chemical analysis of calcium in their shells. C. virginica experienced a 16% decrease in shell area and a 42% reduction in calcium content when pre-industrial and end of 21st century pCO<inf>2</inf> treatments were compared. C. ariakensis showed no change to either growth or calcification. Both species demonstrated net calcification and growth, even when aragonite was undersaturated, a result that runs counter to previous expectations for invertebrate larvae that produce aragonite shells. Conclusions and Significance: Our results suggest that temperate estuarine and coastal ecosystems are vulnerable to the expected changes in water chemistry due to elevated atmospheric CO<inf>2</inf> and that biological responses to acidification, especially calcifying biota, will be species-specific and therefore much more variable and complex than reported previously. © 2009 Miller et al.
[6]: Ocean acidification, mainly attributed to the increasing anthropogenic CO<inf>2</inf>in the atmosphere, is characterised by a lowering pH together with a shift in the sea water carbonate chemistry toward lower concentration of carbonate ions. On the coasts, where the environmental variability is high due to natural and human impacts, ocean acidification mainly affects the frequency, magnitude, and duration of lower pH and lower calcium carbonate saturation events. Coastal ecosystems are adapted to environmental variability such as frequent changes in salinity, temperature, pH, oxygen levels and organic matter content. However, the effects of an increase of the range of this variability on coastal species, and especially on calcifiers, are still not clear. In this context, this thesis explores the impacts of coastal ocean acidification combined with other environmental stressors on benthic foraminifera. In the Skagerrak-Baltic Sea region, foraminifera faunas varied along a strong gradient in terms of salinity, pH, and dissolved oxygen concentration, and species were adapted to local environmental stressors. However, the specimens of Ammonia spp. and Elphidium spp. observed in the south Baltic Sea were partially to completely dissolved, probably due to a combination of different stressors affecting the required energy for biomineralisation. In a culture study, the coastal species Ammonia spp. and E. crispum were found to be resistant to dissolution under varying salinity and pH, which reflects the environmental variations in their natural habitats. However, their resistance to lower pH is decreased when cultured in brackish water conditions, and living decalcified specimens were also observed under a salinity of 5. This underlines the importance of a high salinity in the calcification process of foraminifera. At the entrance of the Baltic Sea, environmental changes during the last 200 years were reconstructed using foraminiferal faunas. Four periods were identified with varying oxygen levels, salinity, organic matter content, and pollution with lower pH. This highlights that foraminiferal faunas were able to adapt to multiple environmental stressors. This thesis concludes that, even if coastal species of foraminifera can tolerate extremely varying conditions in their environment on the short term, it is likely that tolerance thresholds will be passed for benthic ecosystems under the future increase in anthropogenic impacts such as coastal ocean acidification. Further studies of micro-organisms such as foraminifera will be necessary to improve our understanding of past environmental changes and to put present and future changes into a larger context.",Entailment
s_837,"5. Structural Differences: Cylindrical Cells: Typically have a robust structure that can withstand mechanical stresses to some extent, but they are more prone to thermal issues under high loads .","The safety of power batteries have always restricted the promotion and development of electric vehicles. The axial compression of batteries is an important issue leading to damage. The safety performance of 18650 lithium-ion battery under axial compression was studied by experiments. The characters of load, voltage and temperature of batteries with state of charge of 60%, 80%, and 100% were discussed, and the failure process of the battery under axial compression was analyzed. It was found that the voltage during the axial compression process showed a unique stepped drop, the maximum load and a sudden temperature increase occurred almost simultaneously; the local groove structure of the positive induced the battery to rupture near the positive. Comparing the batteries in axial compression with the batteries of the radial two-plate compression, it was found that the thermal runaway of power battery in axial compression is weaker than that in radial two-plate compression.",Related but unverifiable
s_1403,"Key Factors Contributing to Odor in Diabetic Foot Ulcers: Wound Management: Inadequate Debridement: Proper debridement (removal of dead tissue) is crucial for managing DFUs. Inadequate debridement can leave necrotic tissue in the wound, which can harbor bacteria and contribute to odor .","Diabetic foot ulcer is a rising health problem with rising prevalence of diabetes. It is the most important cause of non-traumatic foot amputations. Diabetic foot ulcers are primarily due to neuropathy and/ or ischaemia, and are frequently complicated by infection. Up to 85% of all diabetic foot related problems are preventable through a combination of good foot care and appropriate education for patients and healthcare providers. The holistic care of diabetic foot ulcer patients requires a multidisciplinary team approach. Apart from blood sugar control, treatment of ulcer involves debridement, offloading, appropriate dressings, vascular maintenance and infection control. Use of adjunctive treatments such as various growth factors, skin replacement dressings and vacuum assisted closure will accelerate healing in selected cases.
[4]: Appropriate choice of support dressing for the treatment and topical care of chronic wound is one of the crucial factors in the management of this type of wounds, especially if thus ensuring maximal action upon the etiological causative agent. Of course, an accurate diagnosis is a major prerequisite for the proper use of dressing. The major problems in patients with chronic wounds include pain, abundant exudate that may frequently be difficult to control, bad odor, occasionally bleeding, and wound infection, the latter predominantly in diabetic patients.",Related but unverifiable
i_417,"Ambient Assisted Living: Cloud-based IoT solutions are expected to support health and behavior monitoring for elderly or disabled individuals, which may enhance their quality of life, although this is not guaranteed .","Cloud-Internet of Things based solutions exploit the benefits of complementarity between the two technologies. Due to its specificity, the Ambient Assisted Leaving is a priority domain to implements such solutions, with main focus on health and behaviour monitoring. The paper provides the business architecture and generic specifications for a management system with a two-fold objective: To support the configuration of the integrated offer of services specific to Cloud of Things based monitoring, in relation with various providers of these services, and to efficiently administrate the implementation and usage of this offer, in collaboration with its users and beneficiaries. The solution is dedicated to the service integrator, who plays the central role and has the main responsibility in capitalizing this offer on the market. To emphasize this particularity, the focus is put on the business architecture of this management solution specifying the participants, their roles and interactions. For the information management system supporting this architecture, the conceptual schema of the database is detailed. Finally the paper outlines an instantiation of this solution in case of health monitoring, with the focus on outpatient setting. A further development of the current solution envisages of this architecture to the institutionalized patients setting.",Related but unverifiable
i_1819,"Rural vs. Urban Residence: Rural Areas: Children in rural areas are more likely to be stunted compared to those in urban settings, likely due to poorer access to clean water, sanitation, and healthcare services .","Previous studies globally report that poverty was a determinant of stunting. However, studies also showed that stunting can be found in wealthy families. To analyze factors related to stunting among wealthy families, we examined the 2021 Indonesian National Nutritional Status Survey. This cross-sectional study included 23, 957 children under the age of two years old. In addition to stature, the study analyzed eight independent variables (e.g., residence, maternal age, marital, education, employment, children's age, gender, and early initiation breastfeeding). By employing a binary logistic regression test in the last analysis, this study found that children in rural areas were 1.160 times more likely to be stunted than those in urban areas (95% CI [1.152, 1.168], p <.001). The characteristics of mothers were also found to be related to stunting, including age, marital status, education, and employment. Additionally, 12–13-month-old children were 3.033 times more likely to be stunted than < 12 months (95% CI [3.011, 3.055], p <.001). Boys were 1.320 times more likely to be stunted than girls (95% CI [1.311, 1.328], p <.001). Children with early breastfeeding initiation were 1.025 times more likely to be stunted than those without (95% CI [1.018, 1.031], p <.001). Lastly, eight significant factors related to stunting among wealthy families in Indonesia were found: residence, maternal age, marital, education, employment, children's age, gender, and early breastfeeding initiation. The government must focus on the specific targets produced in this study to accelerate reducing the prevalence of stunting in wealthy Indonesian families.",Related but unverifiable
s_801,"3. Environmental Impact: Noise Impact: Offshore wind farms generate considerable underwater noise, particularly during construction. Standard procedures for assessing and mitigating noise impact on marine life are being developed, and it is believed that these noise impacts could also influence the migratory patterns of certain fish species in the vicinity of the wind farms .","Offshore wind energy is a new technology created by the merging of classical wind energy technology and classical offshore technology. Wind speeds are considerably higher over the sea as compared to onshore sites, but also the cost per installed kW will increase when moving offshore. The rapid development of wind energy use in Germany is accompanied by an increase of the installed power per wind turbine. In the German areas of the North and Baltic Seas, several large offshore wind farms are planned; each with several hundreds turbines of up to 5 MW each. The Institute for Structural Analysis (ISD) of the University of Hannover, the German Wind Energy Institute (DEWI) in Wilhelmshaven, and the Institute for Technical and Applied Physics (itap) in Oldenburg are partners in a project on: Standard Procedures for the Determination and Assessment of Noise Impact on Sea Life by Offshore Wind Farms which is funded by the German Federal Ministry for Environment (BMU). The aim of this project (CRI, DEWI, itap 2004) is to study the generation, radiation and attenuation of underwater noise, to develop forecasting hydro sound models of offshore wind converters and future noise reduction methods during pile driving, to determine the impact area of offshore wind farms, to allow the formulation of recommendations for acoustic emission thresholds for offshore wind farms in cooperation with biologists, and to develop standard procedures for the determination and assessment of noise emissions. The operation and in particular the construction of offshore wind converters induce considerable underwater noise emissions. It is assumed that small whales and seals can be affected by noises from machines and vessels, piling and installation of the wind turbines. Piling, in particular using hydraulic hammers creates high frequency noise with considerable sound power levels. Currently, only little knowledge about the effects of different noises to marine life is available. With a view to determining the effects on the marine flora and fauna and structural design aspects, the research platform FINO 1 (Fig. 1) was erected in the North Sea. Measurements of the underwater noise during construction of offshore research platforms and numerical investigations are used to develop future forecasting hydro sound models of offshore wind converters. © Springer-Verlag Berlin Heidelberg 2006. All rights are reserved.",Related but unverifiable
s_1827,"Factors Influencing Emission Factors: Engine Load and Type: Cold Starts: PM emissions are higher during cold starts compared to hot-stabilized operation, and it is likely that newer engine technologies will further reduce emissions during these conditions .","Although emissions of air pollutants from some military tactical equipment are not subject to the emissions standards, local communities near military bases must conform to the National Ambient Air Quality Standards. Military diesel generators are widely used in training. A portable in-plume system was used to measure fuel-based emission factors (EFs) for particulate matter (PM), carbon monoxide (CO), nitrogen oxides (NO<inf>x</inf>), and hydrocarbons (HCs) for 30-, 60-, and 100-kW generators at five load levels and for cold starts. It was found that EFs depend on multiple parameters including engine size, engine load, unit age, and total running hours. The average CO EF of generators tested was 5% lower, and the average NO<inf>x</inf> EF was 63% lower than AP-42 estimates; average PM EF was 80% less than the AP-42 estimates. A 2002 model-year 60-kW engine produced 25% less PM than a 1995 engine of the same family with similar running hours. CO EFs decrease with increasing engine load, NO<inf>x</inf> EFs increase up to mid-loads and decrease slightly at high loads, PM EFs increase with loads for 30- and 60-kW engines. CO and PM have higher EFs and NO<inf>x</inf> has a lower EF during cold starts than during hot-stabilized operation. PM chemical source profiles were also examined. Copyright 2009 Air & Waste Management Association.",Related but unverifiable
s_1550,"Environmental Conditions: Environmental factors such as temperature and light also influence bolting time. For example, romaine lettuce cultivar Sophia showed shorter bolting times in open fields compared to shaded environments . This suggests that exposure to direct sunlight accelerates bolting.","[3] Thermoinhibition of lettuce (Lactuca sativa L.) seed germination is a common problem associated with lettuce production. Depending on lettuce cultivars, seed germination may be inhibited when temperatures exceed 28 °C. The delay or inhibition of seed germination at high temperatures may reduce seedling emergence and stand establishment of lettuce in the field, leading to a reduction in economic yield. To identify heat-tolerant lettuce genotypes, lettuce varieties and germplasm accessions were screened for the ability to germinate under high-temperature stress. Twenty-four to 26 genotypes were selected from each lettuce types (crisphead, romaine, butterhead, loose leaf, and wild species) and their seeds were placed in petri dishes to test their ability to germinate at high temperatures (29 and 34 °C) as compared with controls at 24 °C. Some lettuce genotypes showed thermotolerance to 34 °C (less than 20% reduction in germination) such as Elizabeth, PI 342533, PI 358025, Florida Buttercrisp, Kordaat, Corsair, FL 50105, PRO 425, PI 278070, Noemie, Picarde, Gaillarde, L. serriola (PI 491112, UC96US23, PI 491147), L. virosa (PI 274378 D), L. saligna (PI 491159), and primitive (PI 187238 A, PI 289063 C). The germination rates were consistent with the germination percentage at the high temperatures. Seed germination in the field was very low and positively correlated with seed germination at 29 and 34 °C. The highest field germination percentages (greater than 40%) were observed in Belluro, Mantilia, Mid Queen, Headmaster, PRO 874, PRO 425, FL 50105, Corsair, Romaine SSC 1148, Romaine Romea, Green Forest, Grenadier, FL 43007, Squadron, Xena, Noemie, Green Wave, Picarde, and Red Giant. The results of this study indicated that lettuce genotypes differ greatly in their ability to germinate at high temperatures as determined by the percentages and the rates of germination. Our research indicates that thermoinsensitive varieties could be used to expand lettuce production seasons in warm and low land cost areas and reduce the need for seed priming, lowering the production costs. The information may also be useful for growers to better choose cultivars for warm environments and for lettuce breeders to improve the crop for adaptation to global warming and climate change.",Related but unverifiable
s_1493,"Intensity and Impact: Yield Losses: Severe infestations can lead to substantial yield losses. For instance, bananas harvested from plants with high BLS severity have been found to have a shorter greenlife, affecting their marketability and shelf life .","Sigatoka disease (SD) of bananas is caused by the pathogenic fungus Mycosphaerella musicola Leach. This disease provokes necrotic lesions on leaves and serious infestations can lead to a substantial reduction in the leaf area of infected plants and thus to yield losses. In addition to these effects on yield, SD was found to have an impact on fruit quality, especially because exported bananas ripen prematurely. In the present work, a plantation survey and experiments have been conducted in Guadeloupe (FWI) to assess the effect of this disease on the greenlife of bananas harvested at a constant physiological age, as measured in degree-days (dd). Our results revealed that bananas harvested at 900 dd from plants with high Sigatoka disease severity had normal diameter growth, but a shorter greenlife (GL) than bananas harvested from uninfected plants. These results indicate that SD is directly responsible for the reduction of banana greenlife since the reduction of GL could not be attributed to the harvest of fruits at a more advanced physiological age (dd). Furthermore, a correlation was noted between SD severity and GL. The potential physiological mechanisms involved are also discussed. © 2008 Elsevier Ltd. All rights reserved.",Entailment
i_269,Comparison with Other Architectures: ResUNet has shown superior performance compared to traditional U-Net and other segmentation models due to its enhanced feature extraction capabilities and efficient training facilitated by residual connections .,"Medical imaging has been a proactive tool for doctors to diagnose and treat diseases via the qualitative and quantitative analyses based on non-invasive lesions. Medical images have been interpreted via computer tomography (CT), X-ray, magnetic resonance imaging (MRI) and positron emission tomography (PET). The barriers of medical image segmentation need to be resolved due to low contrast amongst the lesion, the surrounding tissue and blurred edges of the lesion. Labeling manually for hundreds of slices of organs or lesions has been quite time-consuming due to anatomy of the human body and shape of lesions. Manual labeling has intended to high subjective and low reproducibility. Doctors have been beneficial from a automatically locating, segmenting and quantifying lesions. Deep learning has been used widely in medical image processing. Deep learning-based U-Net has played a key role in the lesions segmentation. The encoding and decoding ways has made U-Net structures simply and symmetrically. Features extraction of medical images has been realized via convolution and down-sampling operations. The image segmentation mask via the transposed convolution and concatenation has been interpreted. A small-sized dataset has achieved qualified medical image segmentation. U-Net has been summarized and analyzed on the four aspects: the definition of U-Net, the upgrading of U-Net model, the setup of U-Net structure and the mechanism of U-Net. Four research areas have been proposed as below: 1) the basic structure and working principle of U-Net via convolution operation, down sampling, up sampling and concatenation. 2) U-Net network model have been demonstrated in three aspects in the context of the number of encoders, multiple U-Net cascades and other models combined with U-Net. U-Net based network have been divided into two, three and four encoders further in terms of the amount of encoders: Y-Net, Ψ-Net and multi-path dense U-Net. Multiple U-Nets cascade has been categorized into multiple U-Nets in series and multiple U-Nets in parallel based on the cascades mode of multiple U-Nets. In addition U-Net has improved the segmentation performance on the aspects of dual tree complex wavelet transform, local difference method, level set, random walk, graph cutting, CNNs(convolutional neural networks) and deep reinforcement learning. The upgrading of U-Net network structure have been divided into six subcategories including image augmentation, convolution operation, down-sampling operation, up-sampling operation, model optimization strategies and concatenation. Image enhancement has be divided into elastic deformation, geometric transformation, generative adversarial networks (GAN), Wasserstein generative adversarial networks (WGAN) and real-time image enhancement further. The convolution operation has been improved via padding mode and convolution redesign. The padding mode mentioned has adapted constant padding, zero padding, replication padding and reflection padding and improvements to dilated convolution, inception module and asymmetric convolution. The down-sampling has been improved via max-pooling, average-pooling, stride convolution, dilated convolution, inception module and spatial pyramid pooling. Several up-sampling improvements have illustrated simultaneously via sub-pixel convolution, transposed convolution, nearest neighbor interpolation, bilinear interpolation and trilinear interpolation. Model optimization strategies have been divided into two aspects in detail of activation function and normalization, the improvements of activation function includes rectified linear unit(ReLU), parametric ReLU(PReLU), random ReLU(RReLU), leaky ReLU(LReLU), hard exponential linear sigmoid squahing(HardELiSH) and exponential linear sigmoid squashing(ELiSH), and normalization method. The improvements have been to shown based on batch normalization, group normalization, instance normalization and layer normalization. The concatenation based improvement has been one of the future research area. The current concatenation improvements have been mainly realized via attention mechanism, new concatenation, feature reuse and de-convolution with activation function, annotation information fusion from Siamese network. The improved mechanisms in the U-Net network have been emphasized based on residual mechanism, dense mechanism, attention mechanism and the multi-mechanisms integration. The segmentation performance of the network can be enhanced. The further four research areas in U-Net have been illustrated as below: 1) the generalization of deep learning methods cannot be customized to fit the segmentation network for specific scenarios in the future. 2) Supervised deep learning models have required a lot of annotated images labeled for treatment. Unsupervised and semi-supervised deep learning models have been a vital research work further. 3) The low interpretability of U-Net network has lead the low acceptance in the mechanism of its operation.4) More accurate segmentation mask with fewer parameters has been obtained via good quality network structure. The precise manual segmentation has been so time-consuming and labor intensive. The simplified and quick semi-automatic segmentation has relied on the parameters and user-specified image preprocessing. The deep learning-based U-Net network has been segmented the lesions quickly, accurately and consistently. The structure, improvements and further research areas of U-Net network have been analyzed to the development of U-Net network.
[2]: The glottis's morphology not only reflects vocal and respiratory information, but also plays an important role in the diagnosis of laryngeal diseases. The glottis segmentation is a primary step in computer-aided diagnostic system, however is challenging due to various shapes of glottis, low contrast with surrounding tissues, the existence of laryngeal diseases and so on. In this paper, a deep attention network based on U-Net with color normalization operation (CN-DA-Unet) is proposed to achieve an end-to-end segmentation of the glottal area for the first time. The original images are first processed by color normalization to reduce the adverse effects of low contrast and large differences in colors between different images. The normalized images are then sent to the proposed DA-Unet for feature extraction. In this network, residual structure is incorporated to extract rich features from deep neural networks. After extracting features, a feature pyramid attention (FPA) module is applied to enhance the semantic information of the glottal area. These features are up-sampled and added to the features from the corresponding encoding layer for several times to obtain the final segmented image. The proposed approach is tested on laryngeal images of an in–house dataset including images from healthy subjects and pathologic subjects. Its performance is evaluated by several reliable and popular evaluation metrics, achieving the dice coefficient of 92.9%, sensitivity of 93.5% and precision of 92.6%. These results demonstrate the effectiveness of our proposed approach and the better performance comparing with several popular networks.",Related but unverifiable
s_1945,"The focus is primarily on balancing innovation with precautionary measures, which often leads to the assumption that all potential negative impacts are already well understood and manageable .","The immense energy potential of the oceans is being increasingly recognized the world over, at the same time the integrity of marine ecosystems is challenged by pressure from multiple human activities. For good reasons environmental licensing procedures are precautionary and new industries must declare their detrimental impacts and provide mitigation measures. New ocean energy industries target renewable energy sources thus, on a grand scale, partly mitigating climate change. However, on-site environmental impacts are yet to be established. In this review we compare ocean energy industries with a wide range of conventional, better understood, human activities and outline environmental risks and research priorities. Results show that ocean energy systems are thought to incur many pressures, some familiar and others with yet unknown effects. Particular uncertainties regard ocean thermal energy conversion (OTEC) and large fast-moving turbines. Ocean energy industries should not be considered in isolation because the significance of environmental impacts depend on the full spectra of human activities in each area. Marine spatial planning provides a platform for holistic assessments and may facilitate the establishment of ocean energy industries, as long as risk-related uncertainties are reduced.",Opposite meaning
s_1835,"Individual-Level Strategies: Psychological Empowerment: While enhancing individuals' perception of empowerment in waste recycling may boost participation, it is likely that this approach alone will not lead to significant changes in overall recycling rates without additional government intervention .","To effectively solve environmental pollution and resource waste problems caused by the rapid growth of express packaging waste, government intervention is needed in the separation and recycling of household waste at the source. Considering the correlation between behavior and individual psychological preference and concerns, this study administered a questionnaire survey (N = 847) and used factor analysis, hierarchical regression, and sensitivity analysis to evaluate the responses and determine the influence of individual focus tendency and empowerment perception on waste recycling behavior. The results showed that individuals with a high prevention focus or a high promotion focus were more likely to have good waste recycling behaviors. Furthermore, the higher the psychological perception of waste recycling empowerment (reflected in the meaning, competence, choice, and impact), the more inclined an individual to participate in recycling and waste reduction activities. In terms of interaction effect, psychological empowerment perception and its dimensions can positively moderate the effect of promotion focus on waste recycling behaviors. In other words, psychological empowerment perception acts as an ""amplifier,"" and its dimension of meaning was the most important moderating variable. The study results supported policy suggestions to promote individuals' active participation in waste source separation and recycling activities.",Entailment
s_1031,"Fats: Provide energy and are crucial for neurodevelopment and immune function. Human milk contains various fatty acids, including long-chain polyunsaturated fatty acids like EPA and ARA, which are vital for infant development .","Background: Fatty acids are a vital component of human milk. They influence infant neurodevelopment and immune function, and they provide ∼50% of milk's energy content. Objectives: The objectives of this study were to characterize the composition of human milk fatty acids in a large Canadian birth cohort and identify factors influencing their variability. Methods: In a subset of the CHILD cohort (n = 1094), we analyzed milk fatty acids at 3-4 mo postpartum using GLC. Individual and total SFAs, MUFAs, and n-3 and n-6 PUFAs were analyzed using SD scores and principal component analysis (PCA). Maternal diet, sociodemographic, health, and environmental factors were self-reported. Single-nucleotide polymorphisms were assessed in the fatty acid desaturase 1 (FADS1-rs174556) and 2 (FADS2-rs174575) genes. Results: Fatty acid profiles were variable, with individual fatty acid proportions varying from 2- to >30-fold between women. Using PCA, we identified 4 milk fatty acid patterns: ""MUFA and low SFA,"" ""high n-6 PUFA,"" ""high n-3 PUFA,"" and ""high medium-chain fatty acids."" In multivariable-adjusted analyses, fish oil supplementation and fatty cold water fish intake were positively associated with DHA and the ""high n-3 PUFA"" pattern. Mothers carrying the minor allele of FADS1-rs174556 had lower proportions of arachidonic acid (ARA; 20:4n-6). Independent of selected dietary variables and genetic variants, Asian ethnicity was associated with higher linoleic acid (18:2n-6) and total n-3 PUFAs. Ethnic differences in ARA were explained by FADS1 genotype. Maternal obesity was independently associated with higher total SFAs, the ""high medium-chain fatty acid"" pattern, and lower total MUFAs. Lactation stage, season, study site, and maternal education were also independently associated with some milk fatty acids. No associations were observed for maternal age, parity, delivery mode, or infant sex. Conclusions: This study provides unique insights about the ""normal"" variation in the composition of human milk fatty acids and the contributing dietary, genetic, sociodemographic, health, and environmental factors. Further research is required to assess implications for infant health.
[5]: Purpose of review: This review highlights relevant studies published between 2015 and 2017 on human milk composition and the association with infant growth. Recent findings: High-quality studies investigating how human milk composition is related to infant growth are sparse. Recent observational studies show that human milk concentrations of protein, fat, and carbohydrate likely have important influence on infant growth and body composition. Furthermore, some observational studies examining human milk oligosaccharides and hormone concentrations suggest functional relevance to infant growth. For human milk micronutrient concentrations and microbiota content, and other bioactive components in human milk, the association with infant growth is still speculative and needs further investigation. The included studies in this review are all limited in their methodological design and methods but have interesting potential in understanding infant growth. Summary: Available evidence on human milk composition in relation to infant growth is sparse. This review summarizes recent publications investigating human milk composition; including micro- and macronutrients, human milk oligosaccharides, hormones and other bioactive components, and the association with infant weight, length, body mass index, and body composition.",Related but unverifiable
s_1383,"Vulnerable groups such as people with hypertension, children, adolescents, the elderly, and pregnant women may experience adverse effects from caffeine, and it is possible that these groups could also have heightened sensitivity to other stimulants found in various food products .","Coffee is a complex mixture of chemicals that provides significant amounts of chlorogenic acid and caffeine. Unfiltered coffee is a significant source of cafestol and kahweol, which are diterpenes that have been implicated in the cholesterol-raising effects of coffee. The results of epidemiological research suggest that coffee consumption may help prevent several chronic diseases, including type 2 diabetes mellitus, Parkinson's disease and liver disease (cirrhosis and hepatocellular carcinoma). Most prospective cohort studies have not found coffee consumption to be associated with significantly increased cardiovascular disease risk. However, coffee consumption is associated with increases in several cardiovascular disease risk factors, including blood pressure and plasma homocysteine. At present, there is little evidence that coffee consumption increases the risk of cancer. For adults consuming moderate amounts of coffee (3-4 cups/d providing 300-400 mg/d of caffeine), there is little evidence of health risks and some evidence of health benefits. However, some groups, including people with hypertension, children, adolescents, and the elderly, may be more vulnerable to the adverse effects of caffeine. In addition, currently available evidence suggests that it may be prudent for pregnant women to limit coffee consumption to 3 cups/d providing no more than 300 mg/d of caffeine to exclude any increased probability of spontaneous abortion or impaired fetal growth. Copyright © Taylor and Francis Group, LLC.
[11]: Purpose: The purpose of this paper is to explore the sources of caffeine and its utilization in different food products, along with its impact on human health in terms of benefits and adverse effect. Design/methodology/approach: The papers reviewed were selected based on the following key descriptors such as caffeine, sources, trends of consumption, utilization, benefits and adverse effects, regulation and labelling. Findings: There are many physiological effects of caffeine on respiratory, cardiovascular, gastrointestinal, reproductive and central nervous system. It has a positive effect in reducing the risk of diabetes, Alzheimer's disease, Parkinson's disease and liver injury and, at the same time, in improving mood, psychomotor performance and immune response. On the other hand, the negative effects of caffeine include addiction, cancer, heart diseases, insomnia, gastrointestinal disturbances and intoxication. As caffeine, when taken in large amount, is harmful, therefore as per the regulatory bodies, its concentration should not exceed the set limit, and its presence needs to be listed on the label of that particular food product. In a nutshell, it can be said that caffeine acts as a boon as well as bane because it possesses both beneficial and adverse effects. Originality/value: This is a unique and comprehensive review that will provide a brief overview of sources, utilization, healthful as well as harmful effect of caffeine to the readers.",Related but unverifiable
i_2098,"Key Points: Plant-Pollinator Interactions: The reproductive success of plants with specialized pollination systems is not influenced by individual specialization in phenology and pollinator interactions. For instance, the crepuscular-bee-pollinated plant Trembleya laniflora demonstrated that higher individual generalization in pollinator interactions was associated with lower reproductive success, suggesting that generalization at the individual level exacerbates the costs of specialization at the species level .","Background and Aims: Plant individuals within a population differ in their phenology and interactions with pollinators. However, it is still unknown how individual differences affect the reproductive success of plants that have functionally specialized pollination systems. Here, we evaluated whether plant individual specialization in phenology (temporal specialization) and in pollination (pollinator specialization) affect the reproductive success of the crepuscular-bee-pollinated plant Trembleya laniflora (Melastomataceae). Methods: We quantified flowering activity (amplitude, duration and overlap), plant-pollinator interactions (number of flowers visited by pollinators) and reproductive success (fruit set) of T. laniflora individuals from three distinct locations in rupestrian grasslands of southeastern Brazil. We estimated the degree of individual temporal specialization in flowering phenology and of individual specialization in plant-pollinator interactions, and tested their relationship with plant reproductive success. Key Results: Trembleya laniflora presented overlapping flowering, a temporal generalization and specialized pollinator interactions. Flowering overlap among individuals and populations was higher than expected by chance but did not affect the individual interactions with pollinators and nor their reproductive success. In contrast, higher individual generalization in the interactions with pollinators was related to higher individual reproductive success. Conclusions: Our findings suggest that individual generalization in plant-pollinator interaction reduces the potential costs of specialization at the species level, ensuring reproductive success. Altogether, our results highlight the complexity of specialization/generalization of plant-pollinator interactions at distinct levels of organization, from individuals to populations, to species.",Opposite meaning
i_1343,"Metastasis: Both cancers have a high tendency to metastasize, particularly to the lungs. The presence of metastasis at diagnosis significantly worsens the prognosis for both types .","Object. Malignant primary osseous spinal neoplasms are aggressive tumors that remain associated with poor outcomes despite aggressive multidisciplinary treatment measures. To date, prognosis for patients with these tumors is based on results from small single-center patient series and controlled trials. Large population-based observational studies are lacking. To assess national trends in histology-specific survival, the authors reviewed patient survival data spanning 30 years (1973-2003) from the Surveillance, Epidemiology, and End Results (SEER) registry, a US population-based cancer registry. Methods. The SEER registry was queried to identify cases of histologically confirmed primary spinal chordoma, chondrosarcoma, osteosarcoma, or Ewing sarcoma using coding from the International Classification of Disease for Oncology, Third Edition. Association of survival with histology, metastasis status, tumor site, and year of diagnosis was assessed using Cox proportional-hazards regression analysis. Results. A total of 1892 patients were identified with primary osseous spinal neoplasms (414 with chordomas, 579 with chondrosarcomas, 430 with osteosarcomas, and 469 with Ewing sarcomas). Chordomas presented in older patients (60 ± 17 years; p < 0.01) whereas Ewing sarcoma presented in younger patients (19 ± 11 years; p < 0.01) compared with patients with all other tumors. The relative incidence of each tumor type remained similar per decade from 1973 to 2003. African Americans comprised a significantly greater proportion of patients with osteosarcomas than other tumors (9.6% vs 3.5%, respectively; p < 0.01). Compared with the sacrum, the mobile spine was more likely to be the site of tumor location for chordomas than for all other tumors (47% vs 23%, respectively; p < 0.05). Osteosarcoma and Ewing sarcoma were 3 times more likely than chondrosarcoma and chordoma to present with metastasis (31% vs 8%, respectively). Resection was performed more frequently for chordoma (88%) and chondrosarcoma (89%) than for osteosarcoma (61%) and Ewing sarcoma (53%). Overall median survival was histology-specific (osteosarcoma, 11 months; Ewing sarcoma, 26 months; chondrosarcoma, 37 months; chordoma, 50 months) and significantly worse in patients with metastasis at presentation for all tumor types. Survival did not significantly differ as a function of site (mobile spine vs sacrum/pelvis) for any tumor type, but more recent year of diagnosis was associated with improved survival for isolated spinal Ewing sarcoma (hazard ration [HR] 0.95; p = 0.001), chondrosarcoma (HR 0.98; p = 0.009), and chordoma (HR 0.98; p = 0.10), but not osteosarcoma. Conclusions. In this analysis of a 30-year, US population-based cancer registry (SEER), the authors provide nationally representative prognosis and survival data for patients with malignant primary spinal osseous neoplasms. Overall patient survival has improved for isolated spine tumors with advancements in care over the past 4 decades. These results may be helpful in providing historical controls for understanding the efficacy of new treatment paradigms, patient education, and guiding level of aggressiveness in treatment strategies.
[6]: Background: Primary bone sarcomas of the hands or feet are rare lesions and poorly documented. Moreover, the prognostic determinants of bone sarcomas of the hands or feet have not been reported. Materials and methods: The Surveillance, Epidemiology, and End Results (SEER) program database was used to screen patients with bone sarcomas of the hands or feet from 1973 to 2013, with attention paid to chondrosarcoma, Ewing sarcoma, and osteosarcoma. The prognostic values of overall survival (OS) and cancer-specific survival (CSS) were assessed using Cox proportional hazards regression model with univariate and multivariate analyses. The Kaplan–Meier method was used to obtain OS and CSS curves. Results: A total of 457 cases were selected from the SEER database. Chondrosarcoma was the most common form of lesion in hands or feet or both, followed by Ewing sarcoma and osteosarcoma. The 5- and 10-year OS rates of the entire group were 75.7% and 66.1%, respectively. The 5- and 10-year CSS rates were 78.7% and 73.7%, respectively. Multivariate analysis revealed that age under 40 years, localized stage, low grade, surgical treatment, and first primary tumor were associated with improved OS, and decade of diagnosis, stage, grade, and surgery were independent predictors of CSS. However, no significant differences were observed in OS and CSS among patients with different primary tumor locations and tumor subtypes. Additionally, the most significant prognostic factor was whether metastasis had occurred at the time of initial diagnosis. Conclusion: Among patients with primary bone sarcomas of the hands or feet, younger age (<40 years), localized stage, low grade, surgical treatment, and first primary tumor are favorable factors for prolonging survival.",Related but unverifiable
i_2061,"Entrepreneurial Strategies and Outcomes: Diversification and Expansion: Entrepreneurial strategies in agriculture, such as diversification and expansion, are influenced by personal factors like creativity and risk affinity. Education and off-farm employment also play roles in determining these strategies, and it is likely that farmers who engage in community-based initiatives may experience enhanced support for their entrepreneurial activities .","Entrepreneurship in agriculture is a phenomenon that is growing in importance with the changing framework conditions for agricultural production and has led to heterogeneity in farm business development paths. To understand this phenomenon better, a classification scheme for strategic entrepreneurial choices in agriculture is developed for family farmers. The choices that are scrutinized are reduction, continuation, expansion, diversification, and the dual strategy of expansion and diversification. Each farmer is uniquely assigned to one of these choice classes according to their implemented entrepreneurial activities. Determinants influencing these choices are investigated with a multinomial logit model. The data are derived from a quantitative survey among German farmers (N = 745). Strong effects are observable within the area of personal factors; creativity and risk affinity benefit entrepreneurial strategies connected with diversification. Farmers with a third-level education qualification are less likely to follow expansion strategies, and those with off-farm employment and risk-averse farmers mainly choose a reduction strategy. Family involvement, especially the farmer's spouse, proves to have stabilizing and even enhancing effects on certain strategies. Implications for policymakers and actors within the agricultural sector can thus be derived.",Related but unverifiable
i_364,"Popular Agile Methodologies: Scrum is the most widely adopted agile framework, emphasizing iterative progress through sprints, regular feedback, and team collaboration . It involves roles such as Scrum Master and Product Owner, and artifacts like the product backlog and sprint backlog.","Agile methods have transformed the way software is developed, emphasizing active end-user involvement, tolerance to change, and evolutionary delivery of products. The first special issue on agile development described the methods as focusing on feedback and change. These methods have led to major changes in how software is developed. Scrum is now the most common framework for development in most countries, and other methods such as extreme programming (XP), elements of lean software development, and Kanban are widely used. What started as a bottom-up movement among software practitioners and consultants has been taken up by major international consulting companies who prescribe agile development, particularly for contexts where learning and innovation are key. Agile development methods have attracted interest primarily in software engineering1, 2 but also in a number of other disciplines including information systems and project management.
[2]: The software industry has moved from the traditional software development to the agile software development model. Under this umbrella there are many methodologies which are Scrum, Extreme Programming, Crystal, FDD (Feature-driven development), DSDM (Dynamic Systems Development Method), etc. This paper investigates about the current state of Scrum, its popularity and its evolution in the recent five years. We have taken into consideration the published literature and industrial survey. Our result reveals that among various agile methodologies, Scrum is a popular software development methodology used by industries and it is also the area of interest for the research community.",Related but unverifiable
i_597,"Public-Private Partnerships (PPPs): Challenges and Opportunities: PPPs are often hindered by their inability to innovate or be effective, and they consistently benefit from ample funding for land registration and strong community participation .","Public-private partnerships (PPPs) may facilitate the implementation of fit-for-purpose land administration (FFPLA); however, the approach can be compromised when funding for land registration is insufficient or donor projects end. This paper aims to introduce a new form of PPP to the literature on FFPLA, further extending the discourse and options available on PPPs for FFPLA. A background review finds that whilst PPPs have had long standing application in land administra-tion, there is room to explore approaches that seek increased involvement of non-conventional land sector actors. A case study methodology is applied to analyse recent developments of FFPLA in Côte d'Ivoire that includes a partnership between the government and a consortium of private sector companies. Results describe the novelty, challenges, opportunities, and success factors for the approach, when compared to existing forms of PPPs. It is found that the innovative partnership approach may create novel avenues for financing FFPLA in developing countries and for more ac-tive forms of participation of the private sector in improved land tenure governance. The model potentially creates sustainable buy-in from private sector corporations, who whilst not convention-ally closely undertaking land administration efforts, rely intrinsically on it to achieve corporate social responsibility objectives.
[3]: In the past decade many social housing flat (apartment) complexes in Dublin have undergone some form of regeneration, from minor refurbishment to complete demolition and redevelopment. The context and impetus for such widespread regeneration has been the political articulation that social housing in Ireland, and especially in Dublin, is dysfunctional and unsustainable. It is contended, primarily on the basis of tenure mix arguments, that regeneration will lead to long-term social and environmental sustainability. Consequently, a number of inner city social housing complexes are currently subject to regeneration that involves their demolition and redevelopment as mixed-tenure estates through Public-Private Partnership (PPP) methods. This represents a new social and economic model of regeneration, albeit one which has generated considerable controversy. The process of regeneration has, for example, been criticised as lacking any meaningful community participation, with the mechanisms of the redevelopment process making it difficult for the community to influence the process. More generally, the creation of mixed tenure estates has been criticised as leading to a diminution of social housing in Dublin, as the social housing component in these estates has been significantly reduced. On the positive side, however, it has been argued that this model of social mixing will lead to sustainable regeneration. This paper, which is partly based on ongoing research of some case study estates in Dublin, examines and reflects on the issues of sustainable regeneration and the creation of sustainable communities.",Opposite meaning
i_1513,"Meningocele: Definition: Meningocele is a type of spina bifida where the meninges protrude through a defect in the vertebral column, forming a sac filled with cerebrospinal fluid. Association with NTDs: Meningocele is a form of spina bifida, which is a neural tube defect . It is often assumed that all cases of meningocele lead to severe disabilities, although some may have milder outcomes due to variations in embryonic development.","Spina bifida is the most common of the neural tube defects, which include myelomeningocele, encephalocele, and anencephaly. Spina bifida is a complex and multisystem birth defect, in which one or more vertebral arches may be incomplete. This article discusses the sensory and motor impairments, neurologic disorders, orthopedic and cognitive impairments, and skin and other problems associated with spina bifida. This article also summarizes some of the key clinical issues in the care of children with this complex birth defect. © 2010 Elsevier Inc.
[2]: The prevalence of neural tube defects (NTD) in Europe is around 9 per 10,000 births making it one of the most frequent congential anomalies affecting the central nervous system. NTD encompass all anomalies that are secondary to failure of closure of the neural tube. In this review, we will first summarize the embryology and some epidemiologic aspects related to NTDs. The review focuses on myelomeningocele (MMC), which is the most common distal closure defect. We will describe the secondary pathologic changes in the central and peripheral nervous system that appear later on in pregnancy and contribute to the condition's morbidity. The postnatal impact of MMC mainly depends on the upper level of the lesion. In Europe, the vast majority of parents with a fetus with prenatally diagnosed NTDs, including MMC, opt for termination of pregnancy, as they are apparently perceived as very debilitating conditions. Animal experiments have shown that prenatal surgery can reverse this sequence. This paved the way for clinical fetal surgery resulting in an apparent improvement in outcome. The results of a recent randomized trial confirmed better outcomes after fetal repair compared to postnatal repair; with follow up for 30 months. This should prompt fetal medicine specialists to reconsider their position towards this condition as well as its prenatal repair. The fetal surgery centre in Leuven did not have a clinical programme for fetal NTD repair until the publication of the MOMS trial. In order to offer this procedure safely and effectively, we allied to a high volume centre willing to share its expertise and assist us in the first procedures. Given the maternal side effects of current open fetal surgical techniques, we have intensified our research programmes to explore minimally invasive alternatives. Below we will describe how we are implementing this. © Cambridge University Press 2012.
[3]: BACKGROUND: There has been some increase in the proportion of Neural Tube Defects (NTD) admitted in the University of Port Harcourt Teaching Hospital recently. Fora largely preventable birth defect, this increase is both unnecessary and unacceptable. This study was undertaken to describe the admission patterns and outcome of neural tube defects in University of Port Harcourt Teaching Hospital. METHODS: A retrospective study of babies with neural tube defects who were admitted into Special Care Baby Unit (SCBU) of the University of Port Harcourt Teaching Hospital from 1st May 2002 to 30th April 2005 was carried out. Their case notes were retrieved and information on the sex, maternal drugs during pregnancy, type of defect and associated malformations, prenatal diagnosis, management and outcome were obtained. The admission rate and the incidence were then calculated. RESULTS: There were 2891 total admissions (1691 males and 1200 females) during the study period of which 37 (1.3%) were neonates with NTD. Of those with NTD, 25 were males and 12 female giving a male to female ratio of 2:1 (statistically not significant p = 0.242.) The total hospital delivery at the study period was 7,388 of which 7 had NTD giving an incidence of 0.95/1000 deliveries. The commonest type of NTD was myelomeningocoele in 31 (83.8%), and the commonest site was the thoracolumbar region (93.5%). Frontal encephalocoele was seen in 6 (16.2%). All the babies with myelomeningocoele presented with flaccid paraparesis and were incontinent of both urine and faeces. Seventeen of the babies had only spina bifida while 14 had additional defects including talipes equinovarus (8), hydrocephalus (2), frontal encephalocoele (1), and multiple malformations (3). Ten babies (27%) died, three of them after surgery. All the mothers received folic acid from the second trimester of pregnancy, but none did before pregnancy. CONCLUSION: The Incidence of NTD is on the increase in our environment. There is need to formulate/implement the policy of preconceptional folic acid therapy for all woman of childbearing age as a preventive measure",Related but unverifiable
i_1817,Socioeconomic and Household Factors: Household Characteristics: Factors such as exposure to indoor smoke and overall household cleanliness significantly impact stunting rates .,"Poor linear growth in children <5 years old, or stunting, is a serious public health problem particularly in Sub-Saharan Africa. In 2013, the World Health Organization (WHO) released a conceptual framework on the Context, Causes and Consequences of Childhood Stunting (the 'WHO framework') that identifies specific and general factors associated with stunting. The framework is based upon a global review of data, and we have applied it to a country-level analysis where health and nutrition policies are made and public health and nutrition data are collected. We reviewed the literature related to sub-optimal linear growth, stunting and birth outcomes in Ethiopia as a case study. We found consistent associations between poor linear growth and indicators of birth size, recent illness (e.g. diarrhoea and fever), maternal height and education. Other factors listed as causes in the framework such as inflammation, exposure to mycotoxins and inadequate feeding during and after illness have not been examined in Ethiopia, and the existing literature suggests that these are clear data gaps. Some factors associated with poor linear growth in Ethiopia are missing in the framework, such as household characteristics (e.g. exposure to indoor smoke). Examination of the factors included in the WHO framework in a country setting helps identifying data gaps helping to target further data collection and research efforts. © 2016 John Wiley & Sons Ltd.",Related but unverifiable
i_629,"Key Strategies for Avoiding Landslide-Prone Locations: Use of Advanced Engineering Techniques: In cases where construction in landslide-prone areas is unavoidable, employ advanced engineering techniques such as soil nailing, drainage systems, and reinforced structures to enhance slope stability .","Landslides and severe erosion along coastlines can present a real challenge to engineers, planners and designers. Not only are the regulatory hurdles associated with construction in sensitive coastal zones significant, many of the common tools available present a large environmental impact or are not robust enough to handle the corrosion, scour, rapid drawdown, wave action or erosion. In the context of case studies from three coastal projects, this paper outlines new and innovative erosion control and landslide mitigation methods available to designers that are robust enough to survive coastal conditions and specific enough to prevent unnecessary environmental impact. Relevant technologies include traditional soil nailing, high capacity tensioned wire mesh with vegetative inclusions, reinforced architecturally sculpted shotcrete, scour micropiles, and fiberglass composite launched soil nails/horizontal drains. The case studies within this paper include a Pacific coastal bluff erosion project, a lakeshore erosion repair and a Pacific coast bluff slide repair.
[11]: On large landslides, deep drainage is beneficial where significant groundwater levels or piezometric pressures exist. Horizontal drains have been used for decades to protect facilities affected by landslides. The prediction of drawdown can be based on theoretical analyses; however, due to heterogeneity of mixed landslide materials, such predictions are often imprecise. The design of horizontal drains therefore relies on engineering judgment and empirical procedures. Recent installations in New York and Wyoming, in addition to prior uses throughout the world (including Equatorial Guinea), have provided new experiences to influence design and construction procedures. These two recent landslide mitigation projects in the USA are significant, with over 266,000 lineal feet (81,100 meters) installed. These examples illustrate the role of test drains and engineering judgment in the application of horizontal drains to mitigate large complex landslides. In addition, the actual degree of pressure head reduction is compared for these geologically diverse sites.
[12]: Xiangjiapo landslide alongside Chongqing-Guizhou Expressway is characterized with cutting slope. Because of the effect of cutting, raining and groundwater, the slope is distorted continuously and is lacked of stability after being controlled. At present, it has the possibility of losing stability and it will endanger roads and crossroads around the landslide. By analyzing the landslide engineering geological condition, configuration characters, developing mechanism and stability, the synthetic preventive treatment measures to the landslide are proposed. These measures provide important reference to the control of such kinds of landslides and further study of Xiangjiapo landslide.",Entailment
i_229,"Blockchain and PACS Integration: Blockchain Benefits: Integrating blockchain with PACS can enhance data security, transparency, and efficiency. For instance, the Hyperledger model demonstrates that blockchain can significantly improve storage efficiency and data retrieval times while providing robust security against unauthorized access . This model can be particularly beneficial for PACS, which handles large volumes of sensitive medical data.","This paper introduces the BlockStream model, a novel integration of blockchain technology into cloud storage systems aimed at addressing the core challenges of security, efficiency, and transparency. The research methodology encompasses a comprehensive system design and implementation, utilizing synthetic datasets for performance evaluation against traditional cloud storage solutions. Key findings reveal that the BlockStream model significantly enhances storage efficiency, with data deduplication rates and storage space utilization surpassing existing models by up to 15%. Moreover, it achieves a notable reduction in data retrieval times, improving by 7.14% over the most efficient traditional systems, and demonstrates superior security capabilities, particularly in resistance to DDoS attacks and unauthorized access prevention, markedly outperforming the baseline models. The significance of this research lies in its potential to revolutionize cloud storage paradigms, offering a scalable, secure, and user-centric data management solution. Quantitatively, the BlockStream model not only reduces average data retrieval times from 400ms to 320ms compared to current leading solutions but also elevates the security and robustness of cloud storage systems to levels previously unattained, marking a significant advancement in the field. These enhancements, underpinned by the decentralized, immutable, and transparent nature of blockchain, present a compelling case for the integration of blockchain technology in improving the architecture and operation of cloud storage systems.",Related but unverifiable
i_111,"Key Concepts in Interpretable AI and HCI: Interactivity and User Engagement: Interactivity is a critical principle in designing explanation facilities, as explanations are seen as a social and iterative process between the AI system and the user .","The interdisciplinary field of explainable artificial intelligence (XAI) aims to foster human understanding of black-box machine learning models through explanation-generating methods. In practice, Shapley explanations are widely used. However, they are often presented as visualizations and thus leave their interpretation to the user. As such, even ML experts have difficulties interpreting them appropriately. On the other hand, combining visual cues with textual rationales has been shown to facilitate understanding and communicative effectiveness. Further, the social sciences suggest that explanations are a social and iterative process between the explainer and the explainee. Thus, interactivity should be a guiding principle in the design of explanation facilities. Therefore, we (i) briefly review prior research on interactivity and naturalness in XAI, (ii) designed and implemented the interactive explanation interface SHAPRap that provides local and global Shapley explanations in an accessible format, and (iii) evaluated our prototype in a formative user study with 16 participants in a loan application scenario. We believe that interactive explanation facilities that provide multiple levels of explanations offer a promising approach for empowering humans to better understand a model's behavior and its limitations on a local as well as global level. With our work, we inform designers of XAI systems about human-centric ways to tailor explanation interfaces to end users.",Entailment
i_1781,Key Components of Sustainable Environmental Management: Systemic Management: Pattern-Based Decision Making: This approach completely eliminates the inconsistencies of conventional management by solely relying on empirical examples from nature .,"""Systemic management"" describes a holistic, objective, and universally applicable form of management, providing a framework for addressing environmental challenges such as global warming, emergent diseases, deforestation, overpopulation, the extinction crisis, pollution, overfishing, and habitat destruction. Its goals are the consistently sustainable relationships between humans and ecosystems, between humans and other species, and between humans and the biosphere. This book presents a convincing argument that these goals, and the means to achieve them, can be inferred from empirical information. It describes how comparisons between humans and other species reveal patterns that can serve to guide management toward true sustainability, that is, ways that are empirically observed to work in natural systems by virtue of their emergence. It shows how this objective approach has not been possible in conventional management because sustainability is undermined by other human values. This book presents systemic management as a specialized process of pattern-based decision making that avoids the inconsistency, subjectivity, and error in current management practice. It clearly demonstrates how mimicking nature's empirical examples of sustainability can circumvent anthropocentric tendencies to overuse/misuse human values in management, and illustrates the best science for management (the science best suited for achieving sustainability) through examples of research that address specific management questions. It presents systemic management as reality-based management to replace the misdirected reductionism of conventional management with reductionism useful for directing human self-control.",Misrepresentation
i_411,"Cloud-Based IoT Solutions: Definition and Primary Use Cases. Definition: Cloud-based IoT solutions integrate the Internet of Things (IoT) with cloud computing to leverage the strengths of both technologies. IoT involves a network of interconnected devices that collect and transmit data, while cloud computing provides scalable storage and processing power. This integration, often referred to as the 'Cloud Computing Architecture,' allows for efficient data management, real-time processing, and enhanced application development .","Cloud computing and the Internet of things (IoT) are two diverse technologies having complimentary relationship. The IoT generates massive amounts of data, and cloud computing provides a pathway for that data to travel to its destination. In the modern era, by integrating cloud computing and the Internet of things, a new paradigm has been introduced, i.e., cloud of Things. Cloud-based Internet of Things or cloud of things arose as a platform for intelligent use of applications, information in a cost-effective manner. Both technologies help to raise efficiency in the future. But the integration of these two technologies is challenging and bears some key issues. Therefore, this paper provides a brief investigation of cloud of things concept. In this paper, we review the literature about integration, to analyze and discuss the need behind integration in various applications. In the end, we identify some of the issues and challenges for future work in this promising.
[2]: The Internet of Things presents the user with a novel means of communicating with the Web world through ubiquitous object-enabled networks. Cloud Computing enables a convenient, on demand and scalable network access to a shared pool of configurable computing resources. This paper mainly focuses on a common approach to integrate the Internet of Things (IoT) and Cloud Computing under the name of CloudThings architecture. We review the state of the art for integrating Cloud Computing and the Internet of Things. We examine an IoT-enabled smart home scenario to analyze the IoT application requirements. We also propose the CloudThings architecture, a Cloud-based Internet of Things platform which accommodates CloudThings IaaS, PaaS, and SaaS for accelerating IoT application, development, and management. Moreover, we present our progress in developing the CloudThings architecture, followed by a conclusion. © 2013 IEEE.
[3]: Internet of Things (IoT) aims to connect the real world made up of devices, sensors and actuators to the virtual world of Internet in order to interconnect devices with each other generating information from the gathered data. Devices, in general, have limited computational power and limited storage capacity. Cloud Computing (CC) has virtually unlimited capacity in terms of storage and computing power, and is based on sharing resources. Therefore, the integration between IoT and CC seems to be one of the most promising solutions. In fact, many of the biggest companies that offer Cloud Services are focusing on the IoT world to offer services also in this direction to their users. In this paper we compare the three main Cloud Platforms (Amazon Web Services, Google Cloud Platform and Microsoft Azure) regarding to the services made available for the IoT. After describing the typical architecture of an IoT application, we map the Cloud-IoT Platforms services with this architecture analyzing the key points for each platform. At the same time, in order to conduct a comparative analysis of performance, we focus on a service made available by all platforms (MQTT middleware) building the reference scenarios and the metrics to be taken into account. Finally, we provide an overview of platform costs based on different loads. The aim is not to declare a winner, but to provide a useful tool to developers to make an informed choice of a platform depending on the use case.",Entailment
i_469,"Roles of Reference Models in IS Research: Support for IT Management: While reference models are often considered important for IT management, they may not significantly aid in decision-making processes such as deriving architectural principles, measuring the current state of enterprise architecture (EA), and evaluating alternative EA scenarios, as their effectiveness can vary widely depending on the context .","This reference model for IT management responsibilities covers the most important aspects when modeling, analyzing and evaluating enterprise architecture, EA. The reference model can be employed to support IT management in their quest to make well-informed decisions, e.g. to derive architectural principles in order to obtain a proper scope for EA activities, measure the status of the current EA, follow up changes committed, and evaluate alternative EA scenarios. The model is based on extensive literature studies and has been tested in a series of empirical studies. © 2006 IEEE.",Opposite meaning
i_638,3. Impact on Project Management: Efficiency and Collaboration: Digitization hinders task efficiency and collaboration among different stakeholders in a construction project. This complicates the management of the increasingly complex and dynamic construction environments .,"Construction projects are becoming increasingly challenging, resulting in more complex and dynamic construction environments. Despite this, traditional management and monitoring methods are currently unable to keep up with the industry's rapid development, leading to several problems in task efficiency and transfer of information between project delivery stages. Consequently, the Architecture Engineering Construction and Operations sector is pursuing digitalization to improve project management, assist trade-crews and achieve a more efficient working environment. As a result, the adoption of Building Information Modelling (BIM) represents a paradigm shift from the traditional approaches towards a collaborative and integrated working process. Although BIM is improving the aforementioned problems, not all corporations are able to implement and use it effectively. As such, supportive tools to assist BIM in achieving its full potential are in high demand. To facilitate the deployment and application of BIM, easy-entry technologies such as Virtual Reality tools are establishing themselves as a promising addition to BIM methodology. The current research objective is to provide a review of previous works in the field of BIM-based VR, in order to establish a clear view of this research field. The methodology adopted for this systematic review is PRISMA Statement strategy. Based on the results of the review several questions regarding this topic were answered.",Opposite meaning
i_1772,"Economic considerations can influence the application of GWP in policy-making, as the costs and benefits of mitigation strategies need to be balanced .","The literature on metrics to measure contributions to climate change from emissions of different greenhouse gases divides into studies that highlight physical aspects and studies that show the importance of economic factors. This paper distinguishes the physical aspects and implications of economic factors by asking what is demanded from physically based metrics if used for a specific policy objective. We study the aim of maximizing the welfare of emissions generated by consumption when there is a limit to the increase in global mean temperature. In that case, metrics ought to change over time, with increasing weight on short-living gases before the temperature limit is met. Metrics for short-living gases increase also with increasing uncertainty. Adjustments to new information spur higher metrics for short-living gases if it reduces the expected allowable emissions before the target is met, and lower metrics in the opposite case. Under a binding target, metrics refer to the instantaneous impact on radiative forcing multiplied by the lifetime of the respective gases, and adjusted by the attitude to risk.",Entailment
i_97,"These methods can adapt to new threats and reduce false positives, enhancing the reliability of the detection system .","Recent times have seen a steady shift of technology from traditional software models to the cloud. The substantial growth in the number of applications using cloud based infrastructures calls for the need of security mechanisms for their protection. Intrusion detection systems are one of the most suitable security solutions for protecting cloud based environments. Although there are several approaches to intrusion detection, such as signature-based and anomaly-based, machine learning (ML) based approaches have emerged as a recent interest and research area. With their robust learning models, and data centric approach, ML based security solutions for cloud environments have been proven effective. Attack features are extracted from network and application logs. Attack presence is confirmed by performing Machine learning techniques such as logistic regression and belief propagation. Performance measures such as average detection time is used to evaluate the performance of the approach.
[5]: The Internet of Things (IoT) technology incorporates a large number of heterogeneous devices connected to untrusted networks. Nevertheless, securing IoT devices is a fundamental issue due to the relevant information handled in IoT networks. The intrusion detection system (IDS) is the most commonly used technique to detect intruders and acts as a second wall of defense when cryptography is broken. This is achieved by combining the advantages of anomaly and signature detection techniques, which are characterized by high detection rates and low false positives, respectively. To achieve a high detection rate, the anomaly detection technique relies on a learning algorithm to model the normal behavior of a node, and when a new attack pattern (often known as signature) is detected, it will be modeled with a set of rules. This latter is used by the signature detection technique for attack confirmation. Activating the anomaly detection technique simultaneously at each low-resource IoT device and all the time could generate a high-energy consumption. Thereby, we propose a game theoretic technique to activate anomaly detection technique only when a new attack's signature is expected to occur; hence, a balance between detection and false positive rates, and energy consumption is achieved. Even by combining between these two detection techniques, we observed that the number of false positives is still non null (almost equal to 5%). Thereby, to decrease further the false positive rate, a reputation model based on game theory is proposed. Simulation results show that this lightweight anomaly detection outperforms current anomaly detection techniques, since in scaling mode (i.e., when the number of IoT devices and attackers are high) it requires low energy consumption to detect the attacks with high detection and low false positive rates, almost 93% and 2%, respectively.",Entailment
i_913,"In summary, purchasers in the aerospace sector play a vital role in ensuring the quality, cost-effectiveness, and timely delivery of products and services. Their responsibilities span supplier evaluation, procurement management, and strategic planning, all of which are crucial for the success of aerospace projects .","The aerospace sector has a demand for high-precision and expensive machine tools that are characterized by a high entry threshold, high risks, and a long payback period. To ensure product quality and the reduction of operating costs, it is imperative that manufacturers in this sector develop an appropriate supplier evaluation and management mechanism for machine tools. Therefore, this study presents a new two-stage supplier evaluation model for the aerospace sector. In the first stage, a hierarchical structure that comprises three evaluation criteria and eleven subcriteria is constructed. In the second stage, suppliers are appraised and selected through the analytic hierarchy process. As exemplified by the purchase of high-precision and expensive machine tools by Taiwan's Aero Win Technology Corporation (listed in the Taiwan Stock Exchange), this study conducts a feasibility and sensitivity analysis with respect to the supplier evaluation model. The three criteria are ranked in the order of decreasing importance as follows: quality > cost > delivery. The results of this research have useful implications for the evaluation policy of machine tool suppliers in the aerospace sector.
[2]: Just as procurement staff rely on the project staff's expertise in rocket science, so too can the project management rely on procurement representatives to handle the details of procurement management. However, a basic understanding of procurement principles goes a long way in helping obtain required purchased supplies and services on time, within budget, and consistent with requirements. This chapter will provide a Project Manager (PjM) with a basic understanding of their role in the acquisition process by detailing the stages of procurement. While the term Project Manager is used throughout this chapter, many of their responsibilities may be delegated to a Technical Representative whom he/she has delegated authority for the technical oversight and direction of a procurement. This could be a PjM or other individual with adequate technical knowledge to provide appropriate technical oversight and provide technical direction to the contractor. The procurement life cycle consists of four primary phases, Pre-Award, Award, Post- Award, and Closeout (Figure 5.1).
[4]: This study conducted experiments to test how technology division structures are expressed and analyzed on a Technology Roadmap by identifying the relationships between system integration and components during the development of the T-50<sup>1</sup> aircraft in the Aerospace industry. The aerospace industry has the typical features of a complex structure, requiring the integration of several million components and requires a high technology concentration in each assembly phases. Further, the aerospace industry also has unique features that undergo a great value chain variation in accordance with the purchasing power between an aircraft system integrator (final manufacturer) and a few demand monopoly firms (military or airliners). Accordingly, a system integrator shall need an operational plan, which combines an appropriate development of demand firm's needs with existing technology resources, further requiring close cooperation among several component supplying firms. On the other side, an aerospace component has very complex and precise operational procedures that must meet strict safety regulations due to their effects of aircraft safety and reliability. Because of these reasons, system integrators and component suppliers have a strong value chain structure of technology dependence and operations. Thus, reciprocal information sharing and cooperative development strategies between firms form an indispensable operational foundation for aircraft development. That is, it is necessary to have an appropriate planning system to consider both commercialization and vast R&D costs when establishing common development strategies among technology organizations. A Technology Roadmap is designed around detailed strategic forecasts of technology in the developmental phase, and includes time planning between organizations that, in turn creates new technologies for future development strategies. After the initial development results, we noticed a great time discrepancy in the commercialization phase, due to information and technology asymmetries between system integrators and component suppliers. © 2006 IEEE.",Entailment
i_102,"Handling Noise and Intensity Variations: Ultrasound images often suffer from speckle noise and intensity inhomogeneities, which can degrade segmentation performance. ResUNet's architecture is designed to handle these challenges effectively, ensuring more accurate segmentation even in the presence of such artifacts .","Brain tumor segmentation is a critical step in MRI analysis, significantly impacting treatment decisions and prognostic evaluations. Deep learning, particularly with models like UNet and ResUNet, has emerged as a powerful approach, offering superior segmentation accuracy. The UNet model achieves a Dice score of 0.7 and a Jaccard index of 0.6, while the ResUNet model achieves a Dice score of 0.614444 and a Jaccard index of 0.815555. Despite advancements, challenges such as tumor variability, noise, and intensity variations persist, limiting the technology's potential. This study presents recent advancements in deep learning for brain tumor segmentation, covering background, methods (including UNet and ResUNet), achieved results, and concluding remarks. We discuss strengths, limitations, and ongoing research efforts, including multi-modal data integration and advanced network architectures, aiming to enhance segmentation precision and practical utility.
[2]: Ultrasound images are very noisy, with poor contrast and the attenuation of the acoustic wave in the depth of the observed medium leads to strong inhomogeneities in the image. Segmentation methods using global image statistics are known to give unsatisfactory results on such data. In the last decade, there has been a reinvestigation of the use of local statistics by the image segmentation community in a variational framework. These studies show improved performance of local models on images with strong intensity inhomogeneities.Thus local segmentation models have become very popular. Locality is generally defined by means of an isotropic spatial kernel. Very little work, however, has been carried out to address the problem of the choice of the local kernel's scale (or bandwidth). We investigate the problem of the estimation of a pixel-dependent and pixel-independent local scale in the context of local parametric region segmentation models. Two main strategies will be presented. The first one is statistical and is based on a bias-variance trade-off principle. The second one is a variational approach and we believe to be more generic. Therefore, it may also profit alternative image processing problems. All contributions are demonstrated on synthetic and realistic simulations of ultrasound images with intensity inhomogeneities of a variable strength.",Opposite meaning
